,Model,Parameters,validation_Threshold,validation_avg_precision,validation_F2,validation_Recall,validation_Precision,validation_roc_auc,validation_brier_score
0,LogReg_L2,"{'memory': None, 'steps': [('preprocessor', ColumnTransformer(transformers=[('numeric_feature_pipeline',
                                 Pipeline(steps=[('imputer',
                                                  SimpleImputer(strategy='median')),
                                                 ('scale', StandardScaler())]),
                                 ['WND_direction_angle', 'WND_speed_rate',
                                  'CIG_ceiling_height', 'VIS_distance',
                                  'TMP_air_temperature', 'DEW_dew_point',
                                  'SLP_sea_level_pressure']),
                                ('binary_pipeline',
                                 Pipeline(steps=[('binary',
                                                  FunctionTransf...unction encode_binary at 0x19ba59b20>))]),
                                 ['CIG_cavok_code', 'VIS_variability_code']),
                                ('nominal_pipeline',
                                 Pipeline(steps=[('nominal',
                                                  OneHotEncoder(drop='first',
                                                                handle_unknown='ignore',
                                                                sparse_output=False))]),
                                 ['WND_type_code']),
                                ('passthrough_features', 'passthrough',
                                 ['WND_direction_angle_variable_wind_direction_flag']),
                                ('drop_features', 'drop', ['DATE'])])), ('classifier', LogisticRegression(random_state=42, solver='saga'))], 'transform_input': None, 'verbose': False, 'preprocessor': ColumnTransformer(transformers=[('numeric_feature_pipeline',
                                 Pipeline(steps=[('imputer',
                                                  SimpleImputer(strategy='median')),
                                                 ('scale', StandardScaler())]),
                                 ['WND_direction_angle', 'WND_speed_rate',
                                  'CIG_ceiling_height', 'VIS_distance',
                                  'TMP_air_temperature', 'DEW_dew_point',
                                  'SLP_sea_level_pressure']),
                                ('binary_pipeline',
                                 Pipeline(steps=[('binary',
                                                  FunctionTransf...unction encode_binary at 0x19ba59b20>))]),
                                 ['CIG_cavok_code', 'VIS_variability_code']),
                                ('nominal_pipeline',
                                 Pipeline(steps=[('nominal',
                                                  OneHotEncoder(drop='first',
                                                                handle_unknown='ignore',
                                                                sparse_output=False))]),
                                 ['WND_type_code']),
                                ('passthrough_features', 'passthrough',
                                 ['WND_direction_angle_variable_wind_direction_flag']),
                                ('drop_features', 'drop', ['DATE'])]), 'classifier': LogisticRegression(random_state=42, solver='saga'), 'preprocessor__force_int_remainder_cols': 'deprecated', 'preprocessor__n_jobs': None, 'preprocessor__remainder': 'drop', 'preprocessor__sparse_threshold': 0.3, 'preprocessor__transformer_weights': None, 'preprocessor__transformers': [('numeric_feature_pipeline', Pipeline(steps=[('imputer', SimpleImputer(strategy='median')),
                ('scale', StandardScaler())]), ['WND_direction_angle', 'WND_speed_rate', 'CIG_ceiling_height', 'VIS_distance', 'TMP_air_temperature', 'DEW_dew_point', 'SLP_sea_level_pressure']), ('binary_pipeline', Pipeline(steps=[('binary',
                 FunctionTransformer(func=<function encode_binary at 0x19ba59b20>))]), ['CIG_cavok_code', 'VIS_variability_code']), ('nominal_pipeline', Pipeline(steps=[('nominal',
                 OneHotEncoder(drop='first', handle_unknown='ignore',
                               sparse_output=False))]), ['WND_type_code']), ('passthrough_features', 'passthrough', ['WND_direction_angle_variable_wind_direction_flag']), ('drop_features', 'drop', ['DATE'])], 'preprocessor__verbose': False, 'preprocessor__verbose_feature_names_out': True, 'preprocessor__numeric_feature_pipeline': Pipeline(steps=[('imputer', SimpleImputer(strategy='median')),
                ('scale', StandardScaler())]), 'preprocessor__binary_pipeline': Pipeline(steps=[('binary',
                 FunctionTransformer(func=<function encode_binary at 0x19ba59b20>))]), 'preprocessor__nominal_pipeline': Pipeline(steps=[('nominal',
                 OneHotEncoder(drop='first', handle_unknown='ignore',
                               sparse_output=False))]), 'preprocessor__passthrough_features': 'passthrough', 'preprocessor__drop_features': 'drop', 'preprocessor__numeric_feature_pipeline__memory': None, 'preprocessor__numeric_feature_pipeline__steps': [('imputer', SimpleImputer(strategy='median')), ('scale', StandardScaler())], 'preprocessor__numeric_feature_pipeline__transform_input': None, 'preprocessor__numeric_feature_pipeline__verbose': False, 'preprocessor__numeric_feature_pipeline__imputer': SimpleImputer(strategy='median'), 'preprocessor__numeric_feature_pipeline__scale': StandardScaler(), 'preprocessor__numeric_feature_pipeline__imputer__add_indicator': False, 'preprocessor__numeric_feature_pipeline__imputer__copy': True, 'preprocessor__numeric_feature_pipeline__imputer__fill_value': None, 'preprocessor__numeric_feature_pipeline__imputer__keep_empty_features': False, 'preprocessor__numeric_feature_pipeline__imputer__missing_values': nan, 'preprocessor__numeric_feature_pipeline__imputer__strategy': 'median', 'preprocessor__numeric_feature_pipeline__scale__copy': True, 'preprocessor__numeric_feature_pipeline__scale__with_mean': True, 'preprocessor__numeric_feature_pipeline__scale__with_std': True, 'preprocessor__binary_pipeline__memory': None, 'preprocessor__binary_pipeline__steps': [('binary', FunctionTransformer(func=<function encode_binary at 0x19ba59b20>))], 'preprocessor__binary_pipeline__transform_input': None, 'preprocessor__binary_pipeline__verbose': False, 'preprocessor__binary_pipeline__binary': FunctionTransformer(func=<function encode_binary at 0x19ba59b20>), 'preprocessor__binary_pipeline__binary__accept_sparse': False, 'preprocessor__binary_pipeline__binary__check_inverse': True, 'preprocessor__binary_pipeline__binary__feature_names_out': None, 'preprocessor__binary_pipeline__binary__func': <function encode_binary at 0x19ba59b20>, 'preprocessor__binary_pipeline__binary__inv_kw_args': None, 'preprocessor__binary_pipeline__binary__inverse_func': None, 'preprocessor__binary_pipeline__binary__kw_args': None, 'preprocessor__binary_pipeline__binary__validate': False, 'preprocessor__nominal_pipeline__memory': None, 'preprocessor__nominal_pipeline__steps': [('nominal', OneHotEncoder(drop='first', handle_unknown='ignore', sparse_output=False))], 'preprocessor__nominal_pipeline__transform_input': None, 'preprocessor__nominal_pipeline__verbose': False, 'preprocessor__nominal_pipeline__nominal': OneHotEncoder(drop='first', handle_unknown='ignore', sparse_output=False), 'preprocessor__nominal_pipeline__nominal__categories': 'auto', 'preprocessor__nominal_pipeline__nominal__drop': 'first', 'preprocessor__nominal_pipeline__nominal__dtype': <class 'numpy.float64'>, 'preprocessor__nominal_pipeline__nominal__feature_name_combiner': 'concat', 'preprocessor__nominal_pipeline__nominal__handle_unknown': 'ignore', 'preprocessor__nominal_pipeline__nominal__max_categories': None, 'preprocessor__nominal_pipeline__nominal__min_frequency': None, 'preprocessor__nominal_pipeline__nominal__sparse_output': False, 'classifier__C': 1.0, 'classifier__class_weight': None, 'classifier__dual': False, 'classifier__fit_intercept': True, 'classifier__intercept_scaling': 1, 'classifier__l1_ratio': None, 'classifier__max_iter': 100, 'classifier__multi_class': 'deprecated', 'classifier__n_jobs': None, 'classifier__penalty': 'l2', 'classifier__random_state': 42, 'classifier__solver': 'saga', 'classifier__tol': 0.0001, 'classifier__verbose': 0, 'classifier__warm_start': False}",0.01343428065827844,0.013074649596414228,0.055286800276434005,0.13675213675213677,0.01634320735444331,0.8910676163626567,0.002171615353248782
1,LogReg_L1,"{'memory': None, 'steps': [('preprocessor', ColumnTransformer(transformers=[('numeric_feature_pipeline',
                                 Pipeline(steps=[('imputer',
                                                  SimpleImputer(strategy='median')),
                                                 ('scale', StandardScaler())]),
                                 ['WND_direction_angle', 'WND_speed_rate',
                                  'CIG_ceiling_height', 'VIS_distance',
                                  'TMP_air_temperature', 'DEW_dew_point',
                                  'SLP_sea_level_pressure']),
                                ('binary_pipeline',
                                 Pipeline(steps=[('binary',
                                                  FunctionTransf...unction encode_binary at 0x19ba59b20>))]),
                                 ['CIG_cavok_code', 'VIS_variability_code']),
                                ('nominal_pipeline',
                                 Pipeline(steps=[('nominal',
                                                  OneHotEncoder(drop='first',
                                                                handle_unknown='ignore',
                                                                sparse_output=False))]),
                                 ['WND_type_code']),
                                ('passthrough_features', 'passthrough',
                                 ['WND_direction_angle_variable_wind_direction_flag']),
                                ('drop_features', 'drop', ['DATE'])])), ('classifier', LogisticRegression(penalty='l1', random_state=42, solver='saga'))], 'transform_input': None, 'verbose': False, 'preprocessor': ColumnTransformer(transformers=[('numeric_feature_pipeline',
                                 Pipeline(steps=[('imputer',
                                                  SimpleImputer(strategy='median')),
                                                 ('scale', StandardScaler())]),
                                 ['WND_direction_angle', 'WND_speed_rate',
                                  'CIG_ceiling_height', 'VIS_distance',
                                  'TMP_air_temperature', 'DEW_dew_point',
                                  'SLP_sea_level_pressure']),
                                ('binary_pipeline',
                                 Pipeline(steps=[('binary',
                                                  FunctionTransf...unction encode_binary at 0x19ba59b20>))]),
                                 ['CIG_cavok_code', 'VIS_variability_code']),
                                ('nominal_pipeline',
                                 Pipeline(steps=[('nominal',
                                                  OneHotEncoder(drop='first',
                                                                handle_unknown='ignore',
                                                                sparse_output=False))]),
                                 ['WND_type_code']),
                                ('passthrough_features', 'passthrough',
                                 ['WND_direction_angle_variable_wind_direction_flag']),
                                ('drop_features', 'drop', ['DATE'])]), 'classifier': LogisticRegression(penalty='l1', random_state=42, solver='saga'), 'preprocessor__force_int_remainder_cols': 'deprecated', 'preprocessor__n_jobs': None, 'preprocessor__remainder': 'drop', 'preprocessor__sparse_threshold': 0.3, 'preprocessor__transformer_weights': None, 'preprocessor__transformers': [('numeric_feature_pipeline', Pipeline(steps=[('imputer', SimpleImputer(strategy='median')),
                ('scale', StandardScaler())]), ['WND_direction_angle', 'WND_speed_rate', 'CIG_ceiling_height', 'VIS_distance', 'TMP_air_temperature', 'DEW_dew_point', 'SLP_sea_level_pressure']), ('binary_pipeline', Pipeline(steps=[('binary',
                 FunctionTransformer(func=<function encode_binary at 0x19ba59b20>))]), ['CIG_cavok_code', 'VIS_variability_code']), ('nominal_pipeline', Pipeline(steps=[('nominal',
                 OneHotEncoder(drop='first', handle_unknown='ignore',
                               sparse_output=False))]), ['WND_type_code']), ('passthrough_features', 'passthrough', ['WND_direction_angle_variable_wind_direction_flag']), ('drop_features', 'drop', ['DATE'])], 'preprocessor__verbose': False, 'preprocessor__verbose_feature_names_out': True, 'preprocessor__numeric_feature_pipeline': Pipeline(steps=[('imputer', SimpleImputer(strategy='median')),
                ('scale', StandardScaler())]), 'preprocessor__binary_pipeline': Pipeline(steps=[('binary',
                 FunctionTransformer(func=<function encode_binary at 0x19ba59b20>))]), 'preprocessor__nominal_pipeline': Pipeline(steps=[('nominal',
                 OneHotEncoder(drop='first', handle_unknown='ignore',
                               sparse_output=False))]), 'preprocessor__passthrough_features': 'passthrough', 'preprocessor__drop_features': 'drop', 'preprocessor__numeric_feature_pipeline__memory': None, 'preprocessor__numeric_feature_pipeline__steps': [('imputer', SimpleImputer(strategy='median')), ('scale', StandardScaler())], 'preprocessor__numeric_feature_pipeline__transform_input': None, 'preprocessor__numeric_feature_pipeline__verbose': False, 'preprocessor__numeric_feature_pipeline__imputer': SimpleImputer(strategy='median'), 'preprocessor__numeric_feature_pipeline__scale': StandardScaler(), 'preprocessor__numeric_feature_pipeline__imputer__add_indicator': False, 'preprocessor__numeric_feature_pipeline__imputer__copy': True, 'preprocessor__numeric_feature_pipeline__imputer__fill_value': None, 'preprocessor__numeric_feature_pipeline__imputer__keep_empty_features': False, 'preprocessor__numeric_feature_pipeline__imputer__missing_values': nan, 'preprocessor__numeric_feature_pipeline__imputer__strategy': 'median', 'preprocessor__numeric_feature_pipeline__scale__copy': True, 'preprocessor__numeric_feature_pipeline__scale__with_mean': True, 'preprocessor__numeric_feature_pipeline__scale__with_std': True, 'preprocessor__binary_pipeline__memory': None, 'preprocessor__binary_pipeline__steps': [('binary', FunctionTransformer(func=<function encode_binary at 0x19ba59b20>))], 'preprocessor__binary_pipeline__transform_input': None, 'preprocessor__binary_pipeline__verbose': False, 'preprocessor__binary_pipeline__binary': FunctionTransformer(func=<function encode_binary at 0x19ba59b20>), 'preprocessor__binary_pipeline__binary__accept_sparse': False, 'preprocessor__binary_pipeline__binary__check_inverse': True, 'preprocessor__binary_pipeline__binary__feature_names_out': None, 'preprocessor__binary_pipeline__binary__func': <function encode_binary at 0x19ba59b20>, 'preprocessor__binary_pipeline__binary__inv_kw_args': None, 'preprocessor__binary_pipeline__binary__inverse_func': None, 'preprocessor__binary_pipeline__binary__kw_args': None, 'preprocessor__binary_pipeline__binary__validate': False, 'preprocessor__nominal_pipeline__memory': None, 'preprocessor__nominal_pipeline__steps': [('nominal', OneHotEncoder(drop='first', handle_unknown='ignore', sparse_output=False))], 'preprocessor__nominal_pipeline__transform_input': None, 'preprocessor__nominal_pipeline__verbose': False, 'preprocessor__nominal_pipeline__nominal': OneHotEncoder(drop='first', handle_unknown='ignore', sparse_output=False), 'preprocessor__nominal_pipeline__nominal__categories': 'auto', 'preprocessor__nominal_pipeline__nominal__drop': 'first', 'preprocessor__nominal_pipeline__nominal__dtype': <class 'numpy.float64'>, 'preprocessor__nominal_pipeline__nominal__feature_name_combiner': 'concat', 'preprocessor__nominal_pipeline__nominal__handle_unknown': 'ignore', 'preprocessor__nominal_pipeline__nominal__max_categories': None, 'preprocessor__nominal_pipeline__nominal__min_frequency': None, 'preprocessor__nominal_pipeline__nominal__sparse_output': False, 'classifier__C': 1.0, 'classifier__class_weight': None, 'classifier__dual': False, 'classifier__fit_intercept': True, 'classifier__intercept_scaling': 1, 'classifier__l1_ratio': None, 'classifier__max_iter': 100, 'classifier__multi_class': 'deprecated', 'classifier__n_jobs': None, 'classifier__penalty': 'l1', 'classifier__random_state': 42, 'classifier__solver': 'saga', 'classifier__tol': 0.0001, 'classifier__verbose': 0, 'classifier__warm_start': False}",0.013561721021554025,0.013055209702648039,0.052083333333333336,0.1282051282051282,0.015432098765432098,0.8911764649552221,0.0021715659836441734
2,DecisionTree,"{'memory': None, 'steps': [('preprocessor', ColumnTransformer(transformers=[('numeric_feature_pipeline',
                                 Pipeline(steps=[('imputer',
                                                  SimpleImputer(strategy='median')),
                                                 ('scale', StandardScaler())]),
                                 ['WND_direction_angle', 'WND_speed_rate',
                                  'CIG_ceiling_height', 'VIS_distance',
                                  'TMP_air_temperature', 'DEW_dew_point',
                                  'SLP_sea_level_pressure']),
                                ('binary_pipeline',
                                 Pipeline(steps=[('binary',
                                                  FunctionTransf...unction encode_binary at 0x19ba59b20>))]),
                                 ['CIG_cavok_code', 'VIS_variability_code']),
                                ('nominal_pipeline',
                                 Pipeline(steps=[('nominal',
                                                  OneHotEncoder(drop='first',
                                                                handle_unknown='ignore',
                                                                sparse_output=False))]),
                                 ['WND_type_code']),
                                ('passthrough_features', 'passthrough',
                                 ['WND_direction_angle_variable_wind_direction_flag']),
                                ('drop_features', 'drop', ['DATE'])])), ('classifier', DecisionTreeClassifier(max_depth=10, min_samples_leaf=20, min_samples_split=50,
                       random_state=42))], 'transform_input': None, 'verbose': False, 'preprocessor': ColumnTransformer(transformers=[('numeric_feature_pipeline',
                                 Pipeline(steps=[('imputer',
                                                  SimpleImputer(strategy='median')),
                                                 ('scale', StandardScaler())]),
                                 ['WND_direction_angle', 'WND_speed_rate',
                                  'CIG_ceiling_height', 'VIS_distance',
                                  'TMP_air_temperature', 'DEW_dew_point',
                                  'SLP_sea_level_pressure']),
                                ('binary_pipeline',
                                 Pipeline(steps=[('binary',
                                                  FunctionTransf...unction encode_binary at 0x19ba59b20>))]),
                                 ['CIG_cavok_code', 'VIS_variability_code']),
                                ('nominal_pipeline',
                                 Pipeline(steps=[('nominal',
                                                  OneHotEncoder(drop='first',
                                                                handle_unknown='ignore',
                                                                sparse_output=False))]),
                                 ['WND_type_code']),
                                ('passthrough_features', 'passthrough',
                                 ['WND_direction_angle_variable_wind_direction_flag']),
                                ('drop_features', 'drop', ['DATE'])]), 'classifier': DecisionTreeClassifier(max_depth=10, min_samples_leaf=20, min_samples_split=50,
                       random_state=42), 'preprocessor__force_int_remainder_cols': 'deprecated', 'preprocessor__n_jobs': None, 'preprocessor__remainder': 'drop', 'preprocessor__sparse_threshold': 0.3, 'preprocessor__transformer_weights': None, 'preprocessor__transformers': [('numeric_feature_pipeline', Pipeline(steps=[('imputer', SimpleImputer(strategy='median')),
                ('scale', StandardScaler())]), ['WND_direction_angle', 'WND_speed_rate', 'CIG_ceiling_height', 'VIS_distance', 'TMP_air_temperature', 'DEW_dew_point', 'SLP_sea_level_pressure']), ('binary_pipeline', Pipeline(steps=[('binary',
                 FunctionTransformer(func=<function encode_binary at 0x19ba59b20>))]), ['CIG_cavok_code', 'VIS_variability_code']), ('nominal_pipeline', Pipeline(steps=[('nominal',
                 OneHotEncoder(drop='first', handle_unknown='ignore',
                               sparse_output=False))]), ['WND_type_code']), ('passthrough_features', 'passthrough', ['WND_direction_angle_variable_wind_direction_flag']), ('drop_features', 'drop', ['DATE'])], 'preprocessor__verbose': False, 'preprocessor__verbose_feature_names_out': True, 'preprocessor__numeric_feature_pipeline': Pipeline(steps=[('imputer', SimpleImputer(strategy='median')),
                ('scale', StandardScaler())]), 'preprocessor__binary_pipeline': Pipeline(steps=[('binary',
                 FunctionTransformer(func=<function encode_binary at 0x19ba59b20>))]), 'preprocessor__nominal_pipeline': Pipeline(steps=[('nominal',
                 OneHotEncoder(drop='first', handle_unknown='ignore',
                               sparse_output=False))]), 'preprocessor__passthrough_features': 'passthrough', 'preprocessor__drop_features': 'drop', 'preprocessor__numeric_feature_pipeline__memory': None, 'preprocessor__numeric_feature_pipeline__steps': [('imputer', SimpleImputer(strategy='median')), ('scale', StandardScaler())], 'preprocessor__numeric_feature_pipeline__transform_input': None, 'preprocessor__numeric_feature_pipeline__verbose': False, 'preprocessor__numeric_feature_pipeline__imputer': SimpleImputer(strategy='median'), 'preprocessor__numeric_feature_pipeline__scale': StandardScaler(), 'preprocessor__numeric_feature_pipeline__imputer__add_indicator': False, 'preprocessor__numeric_feature_pipeline__imputer__copy': True, 'preprocessor__numeric_feature_pipeline__imputer__fill_value': None, 'preprocessor__numeric_feature_pipeline__imputer__keep_empty_features': False, 'preprocessor__numeric_feature_pipeline__imputer__missing_values': nan, 'preprocessor__numeric_feature_pipeline__imputer__strategy': 'median', 'preprocessor__numeric_feature_pipeline__scale__copy': True, 'preprocessor__numeric_feature_pipeline__scale__with_mean': True, 'preprocessor__numeric_feature_pipeline__scale__with_std': True, 'preprocessor__binary_pipeline__memory': None, 'preprocessor__binary_pipeline__steps': [('binary', FunctionTransformer(func=<function encode_binary at 0x19ba59b20>))], 'preprocessor__binary_pipeline__transform_input': None, 'preprocessor__binary_pipeline__verbose': False, 'preprocessor__binary_pipeline__binary': FunctionTransformer(func=<function encode_binary at 0x19ba59b20>), 'preprocessor__binary_pipeline__binary__accept_sparse': False, 'preprocessor__binary_pipeline__binary__check_inverse': True, 'preprocessor__binary_pipeline__binary__feature_names_out': None, 'preprocessor__binary_pipeline__binary__func': <function encode_binary at 0x19ba59b20>, 'preprocessor__binary_pipeline__binary__inv_kw_args': None, 'preprocessor__binary_pipeline__binary__inverse_func': None, 'preprocessor__binary_pipeline__binary__kw_args': None, 'preprocessor__binary_pipeline__binary__validate': False, 'preprocessor__nominal_pipeline__memory': None, 'preprocessor__nominal_pipeline__steps': [('nominal', OneHotEncoder(drop='first', handle_unknown='ignore', sparse_output=False))], 'preprocessor__nominal_pipeline__transform_input': None, 'preprocessor__nominal_pipeline__verbose': False, 'preprocessor__nominal_pipeline__nominal': OneHotEncoder(drop='first', handle_unknown='ignore', sparse_output=False), 'preprocessor__nominal_pipeline__nominal__categories': 'auto', 'preprocessor__nominal_pipeline__nominal__drop': 'first', 'preprocessor__nominal_pipeline__nominal__dtype': <class 'numpy.float64'>, 'preprocessor__nominal_pipeline__nominal__feature_name_combiner': 'concat', 'preprocessor__nominal_pipeline__nominal__handle_unknown': 'ignore', 'preprocessor__nominal_pipeline__nominal__max_categories': None, 'preprocessor__nominal_pipeline__nominal__min_frequency': None, 'preprocessor__nominal_pipeline__nominal__sparse_output': False, 'classifier__ccp_alpha': 0.0, 'classifier__class_weight': None, 'classifier__criterion': 'gini', 'classifier__max_depth': 10, 'classifier__max_features': None, 'classifier__max_leaf_nodes': None, 'classifier__min_impurity_decrease': 0.0, 'classifier__min_samples_leaf': 20, 'classifier__min_samples_split': 50, 'classifier__min_weight_fraction_leaf': 0.0, 'classifier__monotonic_cst': None, 'classifier__random_state': 42, 'classifier__splitter': 'best'}",0.06896551724137931,0.010702104154733393,0.01297016861219196,0.017094017094017096,0.006600660066006601,0.6927059792032155,0.0023152650757521224
3,DecisionTree_Balanced,"{'cv': YearlyTemporalWindowSplit(end_year=2017, start_year=2002, val_window_size=2), 'ensemble': 'auto', 'estimator__memory': None, 'estimator__steps': [('preprocessor', ColumnTransformer(transformers=[('numeric_feature_pipeline',
                                 Pipeline(steps=[('imputer',
                                                  SimpleImputer(strategy='median')),
                                                 ('scale', StandardScaler())]),
                                 ['WND_direction_angle', 'WND_speed_rate',
                                  'CIG_ceiling_height', 'VIS_distance',
                                  'TMP_air_temperature', 'DEW_dew_point',
                                  'SLP_sea_level_pressure']),
                                ('binary_pipeline',
                                 Pipeline(steps=[('binary',
                                                  FunctionTransf...unction encode_binary at 0x19ba59b20>))]),
                                 ['CIG_cavok_code', 'VIS_variability_code']),
                                ('nominal_pipeline',
                                 Pipeline(steps=[('nominal',
                                                  OneHotEncoder(drop='first',
                                                                handle_unknown='ignore',
                                                                sparse_output=False))]),
                                 ['WND_type_code']),
                                ('passthrough_features', 'passthrough',
                                 ['WND_direction_angle_variable_wind_direction_flag']),
                                ('drop_features', 'drop', ['DATE'])])), ('classifier', DecisionTreeClassifier(class_weight='balanced', max_depth=10,
                       min_samples_leaf=20, min_samples_split=50,
                       random_state=42))], 'estimator__transform_input': None, 'estimator__verbose': False, 'estimator__preprocessor': ColumnTransformer(transformers=[('numeric_feature_pipeline',
                                 Pipeline(steps=[('imputer',
                                                  SimpleImputer(strategy='median')),
                                                 ('scale', StandardScaler())]),
                                 ['WND_direction_angle', 'WND_speed_rate',
                                  'CIG_ceiling_height', 'VIS_distance',
                                  'TMP_air_temperature', 'DEW_dew_point',
                                  'SLP_sea_level_pressure']),
                                ('binary_pipeline',
                                 Pipeline(steps=[('binary',
                                                  FunctionTransf...unction encode_binary at 0x19ba59b20>))]),
                                 ['CIG_cavok_code', 'VIS_variability_code']),
                                ('nominal_pipeline',
                                 Pipeline(steps=[('nominal',
                                                  OneHotEncoder(drop='first',
                                                                handle_unknown='ignore',
                                                                sparse_output=False))]),
                                 ['WND_type_code']),
                                ('passthrough_features', 'passthrough',
                                 ['WND_direction_angle_variable_wind_direction_flag']),
                                ('drop_features', 'drop', ['DATE'])]), 'estimator__classifier': DecisionTreeClassifier(class_weight='balanced', max_depth=10,
                       min_samples_leaf=20, min_samples_split=50,
                       random_state=42), 'estimator__preprocessor__force_int_remainder_cols': 'deprecated', 'estimator__preprocessor__n_jobs': None, 'estimator__preprocessor__remainder': 'drop', 'estimator__preprocessor__sparse_threshold': 0.3, 'estimator__preprocessor__transformer_weights': None, 'estimator__preprocessor__transformers': [('numeric_feature_pipeline', Pipeline(steps=[('imputer', SimpleImputer(strategy='median')),
                ('scale', StandardScaler())]), ['WND_direction_angle', 'WND_speed_rate', 'CIG_ceiling_height', 'VIS_distance', 'TMP_air_temperature', 'DEW_dew_point', 'SLP_sea_level_pressure']), ('binary_pipeline', Pipeline(steps=[('binary',
                 FunctionTransformer(func=<function encode_binary at 0x19ba59b20>))]), ['CIG_cavok_code', 'VIS_variability_code']), ('nominal_pipeline', Pipeline(steps=[('nominal',
                 OneHotEncoder(drop='first', handle_unknown='ignore',
                               sparse_output=False))]), ['WND_type_code']), ('passthrough_features', 'passthrough', ['WND_direction_angle_variable_wind_direction_flag']), ('drop_features', 'drop', ['DATE'])], 'estimator__preprocessor__verbose': False, 'estimator__preprocessor__verbose_feature_names_out': True, 'estimator__preprocessor__numeric_feature_pipeline': Pipeline(steps=[('imputer', SimpleImputer(strategy='median')),
                ('scale', StandardScaler())]), 'estimator__preprocessor__binary_pipeline': Pipeline(steps=[('binary',
                 FunctionTransformer(func=<function encode_binary at 0x19ba59b20>))]), 'estimator__preprocessor__nominal_pipeline': Pipeline(steps=[('nominal',
                 OneHotEncoder(drop='first', handle_unknown='ignore',
                               sparse_output=False))]), 'estimator__preprocessor__passthrough_features': 'passthrough', 'estimator__preprocessor__drop_features': 'drop', 'estimator__preprocessor__numeric_feature_pipeline__memory': None, 'estimator__preprocessor__numeric_feature_pipeline__steps': [('imputer', SimpleImputer(strategy='median')), ('scale', StandardScaler())], 'estimator__preprocessor__numeric_feature_pipeline__transform_input': None, 'estimator__preprocessor__numeric_feature_pipeline__verbose': False, 'estimator__preprocessor__numeric_feature_pipeline__imputer': SimpleImputer(strategy='median'), 'estimator__preprocessor__numeric_feature_pipeline__scale': StandardScaler(), 'estimator__preprocessor__numeric_feature_pipeline__imputer__add_indicator': False, 'estimator__preprocessor__numeric_feature_pipeline__imputer__copy': True, 'estimator__preprocessor__numeric_feature_pipeline__imputer__fill_value': None, 'estimator__preprocessor__numeric_feature_pipeline__imputer__keep_empty_features': False, 'estimator__preprocessor__numeric_feature_pipeline__imputer__missing_values': nan, 'estimator__preprocessor__numeric_feature_pipeline__imputer__strategy': 'median', 'estimator__preprocessor__numeric_feature_pipeline__scale__copy': True, 'estimator__preprocessor__numeric_feature_pipeline__scale__with_mean': True, 'estimator__preprocessor__numeric_feature_pipeline__scale__with_std': True, 'estimator__preprocessor__binary_pipeline__memory': None, 'estimator__preprocessor__binary_pipeline__steps': [('binary', FunctionTransformer(func=<function encode_binary at 0x19ba59b20>))], 'estimator__preprocessor__binary_pipeline__transform_input': None, 'estimator__preprocessor__binary_pipeline__verbose': False, 'estimator__preprocessor__binary_pipeline__binary': FunctionTransformer(func=<function encode_binary at 0x19ba59b20>), 'estimator__preprocessor__binary_pipeline__binary__accept_sparse': False, 'estimator__preprocessor__binary_pipeline__binary__check_inverse': True, 'estimator__preprocessor__binary_pipeline__binary__feature_names_out': None, 'estimator__preprocessor__binary_pipeline__binary__func': <function encode_binary at 0x19ba59b20>, 'estimator__preprocessor__binary_pipeline__binary__inv_kw_args': None, 'estimator__preprocessor__binary_pipeline__binary__inverse_func': None, 'estimator__preprocessor__binary_pipeline__binary__kw_args': None, 'estimator__preprocessor__binary_pipeline__binary__validate': False, 'estimator__preprocessor__nominal_pipeline__memory': None, 'estimator__preprocessor__nominal_pipeline__steps': [('nominal', OneHotEncoder(drop='first', handle_unknown='ignore', sparse_output=False))], 'estimator__preprocessor__nominal_pipeline__transform_input': None, 'estimator__preprocessor__nominal_pipeline__verbose': False, 'estimator__preprocessor__nominal_pipeline__nominal': OneHotEncoder(drop='first', handle_unknown='ignore', sparse_output=False), 'estimator__preprocessor__nominal_pipeline__nominal__categories': 'auto', 'estimator__preprocessor__nominal_pipeline__nominal__drop': 'first', 'estimator__preprocessor__nominal_pipeline__nominal__dtype': <class 'numpy.float64'>, 'estimator__preprocessor__nominal_pipeline__nominal__feature_name_combiner': 'concat', 'estimator__preprocessor__nominal_pipeline__nominal__handle_unknown': 'ignore', 'estimator__preprocessor__nominal_pipeline__nominal__max_categories': None, 'estimator__preprocessor__nominal_pipeline__nominal__min_frequency': None, 'estimator__preprocessor__nominal_pipeline__nominal__sparse_output': False, 'estimator__classifier__ccp_alpha': 0.0, 'estimator__classifier__class_weight': 'balanced', 'estimator__classifier__criterion': 'gini', 'estimator__classifier__max_depth': 10, 'estimator__classifier__max_features': None, 'estimator__classifier__max_leaf_nodes': None, 'estimator__classifier__min_impurity_decrease': 0.0, 'estimator__classifier__min_samples_leaf': 20, 'estimator__classifier__min_samples_split': 50, 'estimator__classifier__min_weight_fraction_leaf': 0.0, 'estimator__classifier__monotonic_cst': None, 'estimator__classifier__random_state': 42, 'estimator__classifier__splitter': 'best', 'estimator': Pipeline(steps=[('preprocessor',
                 ColumnTransformer(transformers=[('numeric_feature_pipeline',
                                                  Pipeline(steps=[('imputer',
                                                                   SimpleImputer(strategy='median')),
                                                                  ('scale',
                                                                   StandardScaler())]),
                                                  ['WND_direction_angle',
                                                   'WND_speed_rate',
                                                   'CIG_ceiling_height',
                                                   'VIS_distance',
                                                   'TMP_air_temperature',
                                                   'DEW_dew_point',
                                                   'SLP_sea_level_pressure']),
                                                 ('binary_pipeline',
                                                  Pipeline...
                                                                   OneHotEncoder(drop='first',
                                                                                 handle_unknown='ignore',
                                                                                 sparse_output=False))]),
                                                  ['WND_type_code']),
                                                 ('passthrough_features',
                                                  'passthrough',
                                                  ['WND_direction_angle_variable_wind_direction_flag']),
                                                 ('drop_features', 'drop',
                                                  ['DATE'])])),
                ('classifier',
                 DecisionTreeClassifier(class_weight='balanced', max_depth=10,
                                        min_samples_leaf=20,
                                        min_samples_split=50,
                                        random_state=42))]), 'method': 'isotonic', 'n_jobs': None}",0.014447606030933698,0.01731537727750556,0.027586206896551724,0.03418803418803419,0.01556420233463035,0.8136532843546588,0.0021636801630911112
4,RandomForest_Balanced,"{'cv': YearlyTemporalWindowSplit(end_year=2017, start_year=2002, val_window_size=2), 'ensemble': 'auto', 'estimator__memory': None, 'estimator__steps': [('preprocessor', ColumnTransformer(transformers=[('numeric_feature_pipeline',
                                 Pipeline(steps=[('imputer',
                                                  SimpleImputer(strategy='median')),
                                                 ('scale', StandardScaler())]),
                                 ['WND_direction_angle', 'WND_speed_rate',
                                  'CIG_ceiling_height', 'VIS_distance',
                                  'TMP_air_temperature', 'DEW_dew_point',
                                  'SLP_sea_level_pressure']),
                                ('binary_pipeline',
                                 Pipeline(steps=[('binary',
                                                  FunctionTransf...unction encode_binary at 0x19ba59b20>))]),
                                 ['CIG_cavok_code', 'VIS_variability_code']),
                                ('nominal_pipeline',
                                 Pipeline(steps=[('nominal',
                                                  OneHotEncoder(drop='first',
                                                                handle_unknown='ignore',
                                                                sparse_output=False))]),
                                 ['WND_type_code']),
                                ('passthrough_features', 'passthrough',
                                 ['WND_direction_angle_variable_wind_direction_flag']),
                                ('drop_features', 'drop', ['DATE'])])), ('classifier', RandomForestClassifier(class_weight='balanced', max_depth=10,
                       min_samples_leaf=20, min_samples_split=50, n_jobs=-1,
                       random_state=42))], 'estimator__transform_input': None, 'estimator__verbose': False, 'estimator__preprocessor': ColumnTransformer(transformers=[('numeric_feature_pipeline',
                                 Pipeline(steps=[('imputer',
                                                  SimpleImputer(strategy='median')),
                                                 ('scale', StandardScaler())]),
                                 ['WND_direction_angle', 'WND_speed_rate',
                                  'CIG_ceiling_height', 'VIS_distance',
                                  'TMP_air_temperature', 'DEW_dew_point',
                                  'SLP_sea_level_pressure']),
                                ('binary_pipeline',
                                 Pipeline(steps=[('binary',
                                                  FunctionTransf...unction encode_binary at 0x19ba59b20>))]),
                                 ['CIG_cavok_code', 'VIS_variability_code']),
                                ('nominal_pipeline',
                                 Pipeline(steps=[('nominal',
                                                  OneHotEncoder(drop='first',
                                                                handle_unknown='ignore',
                                                                sparse_output=False))]),
                                 ['WND_type_code']),
                                ('passthrough_features', 'passthrough',
                                 ['WND_direction_angle_variable_wind_direction_flag']),
                                ('drop_features', 'drop', ['DATE'])]), 'estimator__classifier': RandomForestClassifier(class_weight='balanced', max_depth=10,
                       min_samples_leaf=20, min_samples_split=50, n_jobs=-1,
                       random_state=42), 'estimator__preprocessor__force_int_remainder_cols': 'deprecated', 'estimator__preprocessor__n_jobs': None, 'estimator__preprocessor__remainder': 'drop', 'estimator__preprocessor__sparse_threshold': 0.3, 'estimator__preprocessor__transformer_weights': None, 'estimator__preprocessor__transformers': [('numeric_feature_pipeline', Pipeline(steps=[('imputer', SimpleImputer(strategy='median')),
                ('scale', StandardScaler())]), ['WND_direction_angle', 'WND_speed_rate', 'CIG_ceiling_height', 'VIS_distance', 'TMP_air_temperature', 'DEW_dew_point', 'SLP_sea_level_pressure']), ('binary_pipeline', Pipeline(steps=[('binary',
                 FunctionTransformer(func=<function encode_binary at 0x19ba59b20>))]), ['CIG_cavok_code', 'VIS_variability_code']), ('nominal_pipeline', Pipeline(steps=[('nominal',
                 OneHotEncoder(drop='first', handle_unknown='ignore',
                               sparse_output=False))]), ['WND_type_code']), ('passthrough_features', 'passthrough', ['WND_direction_angle_variable_wind_direction_flag']), ('drop_features', 'drop', ['DATE'])], 'estimator__preprocessor__verbose': False, 'estimator__preprocessor__verbose_feature_names_out': True, 'estimator__preprocessor__numeric_feature_pipeline': Pipeline(steps=[('imputer', SimpleImputer(strategy='median')),
                ('scale', StandardScaler())]), 'estimator__preprocessor__binary_pipeline': Pipeline(steps=[('binary',
                 FunctionTransformer(func=<function encode_binary at 0x19ba59b20>))]), 'estimator__preprocessor__nominal_pipeline': Pipeline(steps=[('nominal',
                 OneHotEncoder(drop='first', handle_unknown='ignore',
                               sparse_output=False))]), 'estimator__preprocessor__passthrough_features': 'passthrough', 'estimator__preprocessor__drop_features': 'drop', 'estimator__preprocessor__numeric_feature_pipeline__memory': None, 'estimator__preprocessor__numeric_feature_pipeline__steps': [('imputer', SimpleImputer(strategy='median')), ('scale', StandardScaler())], 'estimator__preprocessor__numeric_feature_pipeline__transform_input': None, 'estimator__preprocessor__numeric_feature_pipeline__verbose': False, 'estimator__preprocessor__numeric_feature_pipeline__imputer': SimpleImputer(strategy='median'), 'estimator__preprocessor__numeric_feature_pipeline__scale': StandardScaler(), 'estimator__preprocessor__numeric_feature_pipeline__imputer__add_indicator': False, 'estimator__preprocessor__numeric_feature_pipeline__imputer__copy': True, 'estimator__preprocessor__numeric_feature_pipeline__imputer__fill_value': None, 'estimator__preprocessor__numeric_feature_pipeline__imputer__keep_empty_features': False, 'estimator__preprocessor__numeric_feature_pipeline__imputer__missing_values': nan, 'estimator__preprocessor__numeric_feature_pipeline__imputer__strategy': 'median', 'estimator__preprocessor__numeric_feature_pipeline__scale__copy': True, 'estimator__preprocessor__numeric_feature_pipeline__scale__with_mean': True, 'estimator__preprocessor__numeric_feature_pipeline__scale__with_std': True, 'estimator__preprocessor__binary_pipeline__memory': None, 'estimator__preprocessor__binary_pipeline__steps': [('binary', FunctionTransformer(func=<function encode_binary at 0x19ba59b20>))], 'estimator__preprocessor__binary_pipeline__transform_input': None, 'estimator__preprocessor__binary_pipeline__verbose': False, 'estimator__preprocessor__binary_pipeline__binary': FunctionTransformer(func=<function encode_binary at 0x19ba59b20>), 'estimator__preprocessor__binary_pipeline__binary__accept_sparse': False, 'estimator__preprocessor__binary_pipeline__binary__check_inverse': True, 'estimator__preprocessor__binary_pipeline__binary__feature_names_out': None, 'estimator__preprocessor__binary_pipeline__binary__func': <function encode_binary at 0x19ba59b20>, 'estimator__preprocessor__binary_pipeline__binary__inv_kw_args': None, 'estimator__preprocessor__binary_pipeline__binary__inverse_func': None, 'estimator__preprocessor__binary_pipeline__binary__kw_args': None, 'estimator__preprocessor__binary_pipeline__binary__validate': False, 'estimator__preprocessor__nominal_pipeline__memory': None, 'estimator__preprocessor__nominal_pipeline__steps': [('nominal', OneHotEncoder(drop='first', handle_unknown='ignore', sparse_output=False))], 'estimator__preprocessor__nominal_pipeline__transform_input': None, 'estimator__preprocessor__nominal_pipeline__verbose': False, 'estimator__preprocessor__nominal_pipeline__nominal': OneHotEncoder(drop='first', handle_unknown='ignore', sparse_output=False), 'estimator__preprocessor__nominal_pipeline__nominal__categories': 'auto', 'estimator__preprocessor__nominal_pipeline__nominal__drop': 'first', 'estimator__preprocessor__nominal_pipeline__nominal__dtype': <class 'numpy.float64'>, 'estimator__preprocessor__nominal_pipeline__nominal__feature_name_combiner': 'concat', 'estimator__preprocessor__nominal_pipeline__nominal__handle_unknown': 'ignore', 'estimator__preprocessor__nominal_pipeline__nominal__max_categories': None, 'estimator__preprocessor__nominal_pipeline__nominal__min_frequency': None, 'estimator__preprocessor__nominal_pipeline__nominal__sparse_output': False, 'estimator__classifier__bootstrap': True, 'estimator__classifier__ccp_alpha': 0.0, 'estimator__classifier__class_weight': 'balanced', 'estimator__classifier__criterion': 'gini', 'estimator__classifier__max_depth': 10, 'estimator__classifier__max_features': 'sqrt', 'estimator__classifier__max_leaf_nodes': None, 'estimator__classifier__max_samples': None, 'estimator__classifier__min_impurity_decrease': 0.0, 'estimator__classifier__min_samples_leaf': 20, 'estimator__classifier__min_samples_split': 50, 'estimator__classifier__min_weight_fraction_leaf': 0.0, 'estimator__classifier__monotonic_cst': None, 'estimator__classifier__n_estimators': 100, 'estimator__classifier__n_jobs': -1, 'estimator__classifier__oob_score': False, 'estimator__classifier__random_state': 42, 'estimator__classifier__verbose': 0, 'estimator__classifier__warm_start': False, 'estimator': Pipeline(steps=[('preprocessor',
                 ColumnTransformer(transformers=[('numeric_feature_pipeline',
                                                  Pipeline(steps=[('imputer',
                                                                   SimpleImputer(strategy='median')),
                                                                  ('scale',
                                                                   StandardScaler())]),
                                                  ['WND_direction_angle',
                                                   'WND_speed_rate',
                                                   'CIG_ceiling_height',
                                                   'VIS_distance',
                                                   'TMP_air_temperature',
                                                   'DEW_dew_point',
                                                   'SLP_sea_level_pressure']),
                                                 ('binary_pipeline',
                                                  Pipeline...
                                                                   OneHotEncoder(drop='first',
                                                                                 handle_unknown='ignore',
                                                                                 sparse_output=False))]),
                                                  ['WND_type_code']),
                                                 ('passthrough_features',
                                                  'passthrough',
                                                  ['WND_direction_angle_variable_wind_direction_flag']),
                                                 ('drop_features', 'drop',
                                                  ['DATE'])])),
                ('classifier',
                 RandomForestClassifier(class_weight='balanced', max_depth=10,
                                        min_samples_leaf=20,
                                        min_samples_split=50, n_jobs=-1,
                                        random_state=42))]), 'method': 'isotonic', 'n_jobs': None}",0.026917466576517876,0.01662435984317042,0.014684287812041116,0.017094017094017096,0.009389671361502348,0.890377896138652,0.0021613153368736366
5,XGBoost_Conservative,"{'cv': YearlyTemporalWindowSplit(end_year=2017, start_year=2002, val_window_size=2), 'ensemble': 'auto', 'estimator__memory': None, 'estimator__steps': [('preprocessor', ColumnTransformer(transformers=[('numeric_feature_pipeline',
                                 Pipeline(steps=[('imputer',
                                                  SimpleImputer(strategy='median')),
                                                 ('scale', StandardScaler())]),
                                 ['WND_direction_angle', 'WND_speed_rate',
                                  'CIG_ceiling_height', 'VIS_distance',
                                  'TMP_air_temperature', 'DEW_dew_point',
                                  'SLP_sea_level_pressure']),
                                ('binary_pipeline',
                                 Pipeline(steps=[('binary',
                                                  FunctionTransf...unction encode_binary at 0x19ba59b20>))]),
                                 ['CIG_cavok_code', 'VIS_variability_code']),
                                ('nominal_pipeline',
                                 Pipeline(steps=[('nominal',
                                                  OneHotEncoder(drop='first',
                                                                handle_unknown='ignore',
                                                                sparse_output=False))]),
                                 ['WND_type_code']),
                                ('passthrough_features', 'passthrough',
                                 ['WND_direction_angle_variable_wind_direction_flag']),
                                ('drop_features', 'drop', ['DATE'])])), ('classifier', XGBClassifier(base_score=None, booster=None, callbacks=None,
              colsample_bylevel=None, colsample_bynode=None,
              colsample_bytree=0.8, device=None, early_stopping_rounds=None,
              enable_categorical=False, eval_metric='aucpr', feature_types=None,
              gamma=0.1, grow_policy=None, importance_type=None,
              interaction_constraints=None, learning_rate=0.01, max_bin=None,
              max_cat_threshold=None, max_cat_to_onehot=None,
              max_delta_step=None, max_depth=6, max_leaves=None,
              min_child_weight=5, missing=nan, monotone_constraints=None,
              multi_strategy=None, n_estimators=500, n_jobs=None,
              num_parallel_tree=None, random_state=42, ...))], 'estimator__transform_input': None, 'estimator__verbose': False, 'estimator__preprocessor': ColumnTransformer(transformers=[('numeric_feature_pipeline',
                                 Pipeline(steps=[('imputer',
                                                  SimpleImputer(strategy='median')),
                                                 ('scale', StandardScaler())]),
                                 ['WND_direction_angle', 'WND_speed_rate',
                                  'CIG_ceiling_height', 'VIS_distance',
                                  'TMP_air_temperature', 'DEW_dew_point',
                                  'SLP_sea_level_pressure']),
                                ('binary_pipeline',
                                 Pipeline(steps=[('binary',
                                                  FunctionTransf...unction encode_binary at 0x19ba59b20>))]),
                                 ['CIG_cavok_code', 'VIS_variability_code']),
                                ('nominal_pipeline',
                                 Pipeline(steps=[('nominal',
                                                  OneHotEncoder(drop='first',
                                                                handle_unknown='ignore',
                                                                sparse_output=False))]),
                                 ['WND_type_code']),
                                ('passthrough_features', 'passthrough',
                                 ['WND_direction_angle_variable_wind_direction_flag']),
                                ('drop_features', 'drop', ['DATE'])]), 'estimator__classifier': XGBClassifier(base_score=None, booster=None, callbacks=None,
              colsample_bylevel=None, colsample_bynode=None,
              colsample_bytree=0.8, device=None, early_stopping_rounds=None,
              enable_categorical=False, eval_metric='aucpr', feature_types=None,
              gamma=0.1, grow_policy=None, importance_type=None,
              interaction_constraints=None, learning_rate=0.01, max_bin=None,
              max_cat_threshold=None, max_cat_to_onehot=None,
              max_delta_step=None, max_depth=6, max_leaves=None,
              min_child_weight=5, missing=nan, monotone_constraints=None,
              multi_strategy=None, n_estimators=500, n_jobs=None,
              num_parallel_tree=None, random_state=42, ...), 'estimator__preprocessor__force_int_remainder_cols': 'deprecated', 'estimator__preprocessor__n_jobs': None, 'estimator__preprocessor__remainder': 'drop', 'estimator__preprocessor__sparse_threshold': 0.3, 'estimator__preprocessor__transformer_weights': None, 'estimator__preprocessor__transformers': [('numeric_feature_pipeline', Pipeline(steps=[('imputer', SimpleImputer(strategy='median')),
                ('scale', StandardScaler())]), ['WND_direction_angle', 'WND_speed_rate', 'CIG_ceiling_height', 'VIS_distance', 'TMP_air_temperature', 'DEW_dew_point', 'SLP_sea_level_pressure']), ('binary_pipeline', Pipeline(steps=[('binary',
                 FunctionTransformer(func=<function encode_binary at 0x19ba59b20>))]), ['CIG_cavok_code', 'VIS_variability_code']), ('nominal_pipeline', Pipeline(steps=[('nominal',
                 OneHotEncoder(drop='first', handle_unknown='ignore',
                               sparse_output=False))]), ['WND_type_code']), ('passthrough_features', 'passthrough', ['WND_direction_angle_variable_wind_direction_flag']), ('drop_features', 'drop', ['DATE'])], 'estimator__preprocessor__verbose': False, 'estimator__preprocessor__verbose_feature_names_out': True, 'estimator__preprocessor__numeric_feature_pipeline': Pipeline(steps=[('imputer', SimpleImputer(strategy='median')),
                ('scale', StandardScaler())]), 'estimator__preprocessor__binary_pipeline': Pipeline(steps=[('binary',
                 FunctionTransformer(func=<function encode_binary at 0x19ba59b20>))]), 'estimator__preprocessor__nominal_pipeline': Pipeline(steps=[('nominal',
                 OneHotEncoder(drop='first', handle_unknown='ignore',
                               sparse_output=False))]), 'estimator__preprocessor__passthrough_features': 'passthrough', 'estimator__preprocessor__drop_features': 'drop', 'estimator__preprocessor__numeric_feature_pipeline__memory': None, 'estimator__preprocessor__numeric_feature_pipeline__steps': [('imputer', SimpleImputer(strategy='median')), ('scale', StandardScaler())], 'estimator__preprocessor__numeric_feature_pipeline__transform_input': None, 'estimator__preprocessor__numeric_feature_pipeline__verbose': False, 'estimator__preprocessor__numeric_feature_pipeline__imputer': SimpleImputer(strategy='median'), 'estimator__preprocessor__numeric_feature_pipeline__scale': StandardScaler(), 'estimator__preprocessor__numeric_feature_pipeline__imputer__add_indicator': False, 'estimator__preprocessor__numeric_feature_pipeline__imputer__copy': True, 'estimator__preprocessor__numeric_feature_pipeline__imputer__fill_value': None, 'estimator__preprocessor__numeric_feature_pipeline__imputer__keep_empty_features': False, 'estimator__preprocessor__numeric_feature_pipeline__imputer__missing_values': nan, 'estimator__preprocessor__numeric_feature_pipeline__imputer__strategy': 'median', 'estimator__preprocessor__numeric_feature_pipeline__scale__copy': True, 'estimator__preprocessor__numeric_feature_pipeline__scale__with_mean': True, 'estimator__preprocessor__numeric_feature_pipeline__scale__with_std': True, 'estimator__preprocessor__binary_pipeline__memory': None, 'estimator__preprocessor__binary_pipeline__steps': [('binary', FunctionTransformer(func=<function encode_binary at 0x19ba59b20>))], 'estimator__preprocessor__binary_pipeline__transform_input': None, 'estimator__preprocessor__binary_pipeline__verbose': False, 'estimator__preprocessor__binary_pipeline__binary': FunctionTransformer(func=<function encode_binary at 0x19ba59b20>), 'estimator__preprocessor__binary_pipeline__binary__accept_sparse': False, 'estimator__preprocessor__binary_pipeline__binary__check_inverse': True, 'estimator__preprocessor__binary_pipeline__binary__feature_names_out': None, 'estimator__preprocessor__binary_pipeline__binary__func': <function encode_binary at 0x19ba59b20>, 'estimator__preprocessor__binary_pipeline__binary__inv_kw_args': None, 'estimator__preprocessor__binary_pipeline__binary__inverse_func': None, 'estimator__preprocessor__binary_pipeline__binary__kw_args': None, 'estimator__preprocessor__binary_pipeline__binary__validate': False, 'estimator__preprocessor__nominal_pipeline__memory': None, 'estimator__preprocessor__nominal_pipeline__steps': [('nominal', OneHotEncoder(drop='first', handle_unknown='ignore', sparse_output=False))], 'estimator__preprocessor__nominal_pipeline__transform_input': None, 'estimator__preprocessor__nominal_pipeline__verbose': False, 'estimator__preprocessor__nominal_pipeline__nominal': OneHotEncoder(drop='first', handle_unknown='ignore', sparse_output=False), 'estimator__preprocessor__nominal_pipeline__nominal__categories': 'auto', 'estimator__preprocessor__nominal_pipeline__nominal__drop': 'first', 'estimator__preprocessor__nominal_pipeline__nominal__dtype': <class 'numpy.float64'>, 'estimator__preprocessor__nominal_pipeline__nominal__feature_name_combiner': 'concat', 'estimator__preprocessor__nominal_pipeline__nominal__handle_unknown': 'ignore', 'estimator__preprocessor__nominal_pipeline__nominal__max_categories': None, 'estimator__preprocessor__nominal_pipeline__nominal__min_frequency': None, 'estimator__preprocessor__nominal_pipeline__nominal__sparse_output': False, 'estimator__classifier__objective': 'binary:logistic', 'estimator__classifier__base_score': None, 'estimator__classifier__booster': None, 'estimator__classifier__callbacks': None, 'estimator__classifier__colsample_bylevel': None, 'estimator__classifier__colsample_bynode': None, 'estimator__classifier__colsample_bytree': 0.8, 'estimator__classifier__device': None, 'estimator__classifier__early_stopping_rounds': None, 'estimator__classifier__enable_categorical': False, 'estimator__classifier__eval_metric': 'aucpr', 'estimator__classifier__feature_types': None, 'estimator__classifier__gamma': 0.1, 'estimator__classifier__grow_policy': None, 'estimator__classifier__importance_type': None, 'estimator__classifier__interaction_constraints': None, 'estimator__classifier__learning_rate': 0.01, 'estimator__classifier__max_bin': None, 'estimator__classifier__max_cat_threshold': None, 'estimator__classifier__max_cat_to_onehot': None, 'estimator__classifier__max_delta_step': None, 'estimator__classifier__max_depth': 6, 'estimator__classifier__max_leaves': None, 'estimator__classifier__min_child_weight': 5, 'estimator__classifier__missing': nan, 'estimator__classifier__monotone_constraints': None, 'estimator__classifier__multi_strategy': None, 'estimator__classifier__n_estimators': 500, 'estimator__classifier__n_jobs': None, 'estimator__classifier__num_parallel_tree': None, 'estimator__classifier__random_state': 42, 'estimator__classifier__reg_alpha': None, 'estimator__classifier__reg_lambda': None, 'estimator__classifier__sampling_method': None, 'estimator__classifier__scale_pos_weight': np.float64(674.5490716180371), 'estimator__classifier__subsample': 0.8, 'estimator__classifier__tree_method': None, 'estimator__classifier__validate_parameters': None, 'estimator__classifier__verbosity': None, 'estimator': Pipeline(steps=[('preprocessor',
                 ColumnTransformer(transformers=[('numeric_feature_pipeline',
                                                  Pipeline(steps=[('imputer',
                                                                   SimpleImputer(strategy='median')),
                                                                  ('scale',
                                                                   StandardScaler())]),
                                                  ['WND_direction_angle',
                                                   'WND_speed_rate',
                                                   'CIG_ceiling_height',
                                                   'VIS_distance',
                                                   'TMP_air_temperature',
                                                   'DEW_dew_point',
                                                   'SLP_sea_level_pressure']),
                                                 ('binary_pipeline',
                                                  Pipeline...
                               feature_types=None, gamma=0.1, grow_policy=None,
                               importance_type=None,
                               interaction_constraints=None, learning_rate=0.01,
                               max_bin=None, max_cat_threshold=None,
                               max_cat_to_onehot=None, max_delta_step=None,
                               max_depth=6, max_leaves=None, min_child_weight=5,
                               missing=nan, monotone_constraints=None,
                               multi_strategy=None, n_estimators=500,
                               n_jobs=None, num_parallel_tree=None,
                               random_state=42, ...))]), 'method': 'isotonic', 'n_jobs': None}",0.02887848683167249,0.020201100535888236,0.0353356890459364,0.03418803418803419,0.04081632653061224,0.8794794707085565,0.002157268793991672
6,XGBoost_Aggressive,"{'cv': YearlyTemporalWindowSplit(end_year=2017, start_year=2002, val_window_size=2), 'ensemble': 'auto', 'estimator__memory': None, 'estimator__steps': [('preprocessor', ColumnTransformer(transformers=[('numeric_feature_pipeline',
                                 Pipeline(steps=[('imputer',
                                                  SimpleImputer(strategy='median')),
                                                 ('scale', StandardScaler())]),
                                 ['WND_direction_angle', 'WND_speed_rate',
                                  'CIG_ceiling_height', 'VIS_distance',
                                  'TMP_air_temperature', 'DEW_dew_point',
                                  'SLP_sea_level_pressure']),
                                ('binary_pipeline',
                                 Pipeline(steps=[('binary',
                                                  FunctionTransf...unction encode_binary at 0x19ba59b20>))]),
                                 ['CIG_cavok_code', 'VIS_variability_code']),
                                ('nominal_pipeline',
                                 Pipeline(steps=[('nominal',
                                                  OneHotEncoder(drop='first',
                                                                handle_unknown='ignore',
                                                                sparse_output=False))]),
                                 ['WND_type_code']),
                                ('passthrough_features', 'passthrough',
                                 ['WND_direction_angle_variable_wind_direction_flag']),
                                ('drop_features', 'drop', ['DATE'])])), ('classifier', XGBClassifier(base_score=None, booster=None, callbacks=None,
              colsample_bylevel=None, colsample_bynode=None,
              colsample_bytree=0.8, device=None, early_stopping_rounds=None,
              enable_categorical=False, eval_metric='logloss',
              feature_types=None, gamma=0, grow_policy=None,
              importance_type=None, interaction_constraints=None,
              learning_rate=0.05, max_bin=None, max_cat_threshold=None,
              max_cat_to_onehot=None, max_delta_step=None, max_depth=8,
              max_leaves=None, min_child_weight=1, missing=nan,
              monotone_constraints=None, multi_strategy=None, n_estimators=200,
              n_jobs=None, num_parallel_tree=None, random_state=42, ...))], 'estimator__transform_input': None, 'estimator__verbose': False, 'estimator__preprocessor': ColumnTransformer(transformers=[('numeric_feature_pipeline',
                                 Pipeline(steps=[('imputer',
                                                  SimpleImputer(strategy='median')),
                                                 ('scale', StandardScaler())]),
                                 ['WND_direction_angle', 'WND_speed_rate',
                                  'CIG_ceiling_height', 'VIS_distance',
                                  'TMP_air_temperature', 'DEW_dew_point',
                                  'SLP_sea_level_pressure']),
                                ('binary_pipeline',
                                 Pipeline(steps=[('binary',
                                                  FunctionTransf...unction encode_binary at 0x19ba59b20>))]),
                                 ['CIG_cavok_code', 'VIS_variability_code']),
                                ('nominal_pipeline',
                                 Pipeline(steps=[('nominal',
                                                  OneHotEncoder(drop='first',
                                                                handle_unknown='ignore',
                                                                sparse_output=False))]),
                                 ['WND_type_code']),
                                ('passthrough_features', 'passthrough',
                                 ['WND_direction_angle_variable_wind_direction_flag']),
                                ('drop_features', 'drop', ['DATE'])]), 'estimator__classifier': XGBClassifier(base_score=None, booster=None, callbacks=None,
              colsample_bylevel=None, colsample_bynode=None,
              colsample_bytree=0.8, device=None, early_stopping_rounds=None,
              enable_categorical=False, eval_metric='logloss',
              feature_types=None, gamma=0, grow_policy=None,
              importance_type=None, interaction_constraints=None,
              learning_rate=0.05, max_bin=None, max_cat_threshold=None,
              max_cat_to_onehot=None, max_delta_step=None, max_depth=8,
              max_leaves=None, min_child_weight=1, missing=nan,
              monotone_constraints=None, multi_strategy=None, n_estimators=200,
              n_jobs=None, num_parallel_tree=None, random_state=42, ...), 'estimator__preprocessor__force_int_remainder_cols': 'deprecated', 'estimator__preprocessor__n_jobs': None, 'estimator__preprocessor__remainder': 'drop', 'estimator__preprocessor__sparse_threshold': 0.3, 'estimator__preprocessor__transformer_weights': None, 'estimator__preprocessor__transformers': [('numeric_feature_pipeline', Pipeline(steps=[('imputer', SimpleImputer(strategy='median')),
                ('scale', StandardScaler())]), ['WND_direction_angle', 'WND_speed_rate', 'CIG_ceiling_height', 'VIS_distance', 'TMP_air_temperature', 'DEW_dew_point', 'SLP_sea_level_pressure']), ('binary_pipeline', Pipeline(steps=[('binary',
                 FunctionTransformer(func=<function encode_binary at 0x19ba59b20>))]), ['CIG_cavok_code', 'VIS_variability_code']), ('nominal_pipeline', Pipeline(steps=[('nominal',
                 OneHotEncoder(drop='first', handle_unknown='ignore',
                               sparse_output=False))]), ['WND_type_code']), ('passthrough_features', 'passthrough', ['WND_direction_angle_variable_wind_direction_flag']), ('drop_features', 'drop', ['DATE'])], 'estimator__preprocessor__verbose': False, 'estimator__preprocessor__verbose_feature_names_out': True, 'estimator__preprocessor__numeric_feature_pipeline': Pipeline(steps=[('imputer', SimpleImputer(strategy='median')),
                ('scale', StandardScaler())]), 'estimator__preprocessor__binary_pipeline': Pipeline(steps=[('binary',
                 FunctionTransformer(func=<function encode_binary at 0x19ba59b20>))]), 'estimator__preprocessor__nominal_pipeline': Pipeline(steps=[('nominal',
                 OneHotEncoder(drop='first', handle_unknown='ignore',
                               sparse_output=False))]), 'estimator__preprocessor__passthrough_features': 'passthrough', 'estimator__preprocessor__drop_features': 'drop', 'estimator__preprocessor__numeric_feature_pipeline__memory': None, 'estimator__preprocessor__numeric_feature_pipeline__steps': [('imputer', SimpleImputer(strategy='median')), ('scale', StandardScaler())], 'estimator__preprocessor__numeric_feature_pipeline__transform_input': None, 'estimator__preprocessor__numeric_feature_pipeline__verbose': False, 'estimator__preprocessor__numeric_feature_pipeline__imputer': SimpleImputer(strategy='median'), 'estimator__preprocessor__numeric_feature_pipeline__scale': StandardScaler(), 'estimator__preprocessor__numeric_feature_pipeline__imputer__add_indicator': False, 'estimator__preprocessor__numeric_feature_pipeline__imputer__copy': True, 'estimator__preprocessor__numeric_feature_pipeline__imputer__fill_value': None, 'estimator__preprocessor__numeric_feature_pipeline__imputer__keep_empty_features': False, 'estimator__preprocessor__numeric_feature_pipeline__imputer__missing_values': nan, 'estimator__preprocessor__numeric_feature_pipeline__imputer__strategy': 'median', 'estimator__preprocessor__numeric_feature_pipeline__scale__copy': True, 'estimator__preprocessor__numeric_feature_pipeline__scale__with_mean': True, 'estimator__preprocessor__numeric_feature_pipeline__scale__with_std': True, 'estimator__preprocessor__binary_pipeline__memory': None, 'estimator__preprocessor__binary_pipeline__steps': [('binary', FunctionTransformer(func=<function encode_binary at 0x19ba59b20>))], 'estimator__preprocessor__binary_pipeline__transform_input': None, 'estimator__preprocessor__binary_pipeline__verbose': False, 'estimator__preprocessor__binary_pipeline__binary': FunctionTransformer(func=<function encode_binary at 0x19ba59b20>), 'estimator__preprocessor__binary_pipeline__binary__accept_sparse': False, 'estimator__preprocessor__binary_pipeline__binary__check_inverse': True, 'estimator__preprocessor__binary_pipeline__binary__feature_names_out': None, 'estimator__preprocessor__binary_pipeline__binary__func': <function encode_binary at 0x19ba59b20>, 'estimator__preprocessor__binary_pipeline__binary__inv_kw_args': None, 'estimator__preprocessor__binary_pipeline__binary__inverse_func': None, 'estimator__preprocessor__binary_pipeline__binary__kw_args': None, 'estimator__preprocessor__binary_pipeline__binary__validate': False, 'estimator__preprocessor__nominal_pipeline__memory': None, 'estimator__preprocessor__nominal_pipeline__steps': [('nominal', OneHotEncoder(drop='first', handle_unknown='ignore', sparse_output=False))], 'estimator__preprocessor__nominal_pipeline__transform_input': None, 'estimator__preprocessor__nominal_pipeline__verbose': False, 'estimator__preprocessor__nominal_pipeline__nominal': OneHotEncoder(drop='first', handle_unknown='ignore', sparse_output=False), 'estimator__preprocessor__nominal_pipeline__nominal__categories': 'auto', 'estimator__preprocessor__nominal_pipeline__nominal__drop': 'first', 'estimator__preprocessor__nominal_pipeline__nominal__dtype': <class 'numpy.float64'>, 'estimator__preprocessor__nominal_pipeline__nominal__feature_name_combiner': 'concat', 'estimator__preprocessor__nominal_pipeline__nominal__handle_unknown': 'ignore', 'estimator__preprocessor__nominal_pipeline__nominal__max_categories': None, 'estimator__preprocessor__nominal_pipeline__nominal__min_frequency': None, 'estimator__preprocessor__nominal_pipeline__nominal__sparse_output': False, 'estimator__classifier__objective': 'binary:logistic', 'estimator__classifier__base_score': None, 'estimator__classifier__booster': None, 'estimator__classifier__callbacks': None, 'estimator__classifier__colsample_bylevel': None, 'estimator__classifier__colsample_bynode': None, 'estimator__classifier__colsample_bytree': 0.8, 'estimator__classifier__device': None, 'estimator__classifier__early_stopping_rounds': None, 'estimator__classifier__enable_categorical': False, 'estimator__classifier__eval_metric': 'logloss', 'estimator__classifier__feature_types': None, 'estimator__classifier__gamma': 0, 'estimator__classifier__grow_policy': None, 'estimator__classifier__importance_type': None, 'estimator__classifier__interaction_constraints': None, 'estimator__classifier__learning_rate': 0.05, 'estimator__classifier__max_bin': None, 'estimator__classifier__max_cat_threshold': None, 'estimator__classifier__max_cat_to_onehot': None, 'estimator__classifier__max_delta_step': None, 'estimator__classifier__max_depth': 8, 'estimator__classifier__max_leaves': None, 'estimator__classifier__min_child_weight': 1, 'estimator__classifier__missing': nan, 'estimator__classifier__monotone_constraints': None, 'estimator__classifier__multi_strategy': None, 'estimator__classifier__n_estimators': 200, 'estimator__classifier__n_jobs': None, 'estimator__classifier__num_parallel_tree': None, 'estimator__classifier__random_state': 42, 'estimator__classifier__reg_alpha': None, 'estimator__classifier__reg_lambda': None, 'estimator__classifier__sampling_method': None, 'estimator__classifier__scale_pos_weight': np.float64(674.5490716180371), 'estimator__classifier__subsample': 0.8, 'estimator__classifier__tree_method': None, 'estimator__classifier__validate_parameters': None, 'estimator__classifier__verbosity': None, 'estimator': Pipeline(steps=[('preprocessor',
                 ColumnTransformer(transformers=[('numeric_feature_pipeline',
                                                  Pipeline(steps=[('imputer',
                                                                   SimpleImputer(strategy='median')),
                                                                  ('scale',
                                                                   StandardScaler())]),
                                                  ['WND_direction_angle',
                                                   'WND_speed_rate',
                                                   'CIG_ceiling_height',
                                                   'VIS_distance',
                                                   'TMP_air_temperature',
                                                   'DEW_dew_point',
                                                   'SLP_sea_level_pressure']),
                                                 ('binary_pipeline',
                                                  Pipeline...
                               feature_types=None, gamma=0, grow_policy=None,
                               importance_type=None,
                               interaction_constraints=None, learning_rate=0.05,
                               max_bin=None, max_cat_threshold=None,
                               max_cat_to_onehot=None, max_delta_step=None,
                               max_depth=8, max_leaves=None, min_child_weight=1,
                               missing=nan, monotone_constraints=None,
                               multi_strategy=None, n_estimators=200,
                               n_jobs=None, num_parallel_tree=None,
                               random_state=42, ...))]), 'method': 'isotonic', 'n_jobs': None}",0.029235583691843203,0.01846827555124894,0.01949317738791423,0.017094017094017096,0.044444444444444446,0.8529499405003588,0.0021606392655546813
7,RF_ROS,"{'cv': YearlyTemporalWindowSplit(end_year=2017, start_year=2002, val_window_size=2), 'ensemble': 'auto', 'estimator__memory': None, 'estimator__steps': [('preprocessor', ColumnTransformer(transformers=[('numeric_feature_pipeline',
                                 Pipeline(steps=[('imputer',
                                                  SimpleImputer(strategy='median')),
                                                 ('scale', StandardScaler())]),
                                 ['WND_direction_angle', 'WND_speed_rate',
                                  'CIG_ceiling_height', 'VIS_distance',
                                  'TMP_air_temperature', 'DEW_dew_point',
                                  'SLP_sea_level_pressure']),
                                ('binary_pipeline',
                                 Pipeline(steps=[('binary',
                                                  FunctionTransf...unction encode_binary at 0x19ba59b20>))]),
                                 ['CIG_cavok_code', 'VIS_variability_code']),
                                ('nominal_pipeline',
                                 Pipeline(steps=[('nominal',
                                                  OneHotEncoder(drop='first',
                                                                handle_unknown='ignore',
                                                                sparse_output=False))]),
                                 ['WND_type_code']),
                                ('passthrough_features', 'passthrough',
                                 ['WND_direction_angle_variable_wind_direction_flag']),
                                ('drop_features', 'drop', ['DATE'])])), ('over_random', RandomOverSampler(random_state=42)), ('classifier', RandomForestClassifier(max_depth=10, min_samples_leaf=20, min_samples_split=50,
                       n_jobs=-1, random_state=42))], 'estimator__transform_input': None, 'estimator__verbose': False, 'estimator__preprocessor': ColumnTransformer(transformers=[('numeric_feature_pipeline',
                                 Pipeline(steps=[('imputer',
                                                  SimpleImputer(strategy='median')),
                                                 ('scale', StandardScaler())]),
                                 ['WND_direction_angle', 'WND_speed_rate',
                                  'CIG_ceiling_height', 'VIS_distance',
                                  'TMP_air_temperature', 'DEW_dew_point',
                                  'SLP_sea_level_pressure']),
                                ('binary_pipeline',
                                 Pipeline(steps=[('binary',
                                                  FunctionTransf...unction encode_binary at 0x19ba59b20>))]),
                                 ['CIG_cavok_code', 'VIS_variability_code']),
                                ('nominal_pipeline',
                                 Pipeline(steps=[('nominal',
                                                  OneHotEncoder(drop='first',
                                                                handle_unknown='ignore',
                                                                sparse_output=False))]),
                                 ['WND_type_code']),
                                ('passthrough_features', 'passthrough',
                                 ['WND_direction_angle_variable_wind_direction_flag']),
                                ('drop_features', 'drop', ['DATE'])]), 'estimator__over_random': RandomOverSampler(random_state=42), 'estimator__classifier': RandomForestClassifier(max_depth=10, min_samples_leaf=20, min_samples_split=50,
                       n_jobs=-1, random_state=42), 'estimator__preprocessor__force_int_remainder_cols': 'deprecated', 'estimator__preprocessor__n_jobs': None, 'estimator__preprocessor__remainder': 'drop', 'estimator__preprocessor__sparse_threshold': 0.3, 'estimator__preprocessor__transformer_weights': None, 'estimator__preprocessor__transformers': [('numeric_feature_pipeline', Pipeline(steps=[('imputer', SimpleImputer(strategy='median')),
                ('scale', StandardScaler())]), ['WND_direction_angle', 'WND_speed_rate', 'CIG_ceiling_height', 'VIS_distance', 'TMP_air_temperature', 'DEW_dew_point', 'SLP_sea_level_pressure']), ('binary_pipeline', Pipeline(steps=[('binary',
                 FunctionTransformer(func=<function encode_binary at 0x19ba59b20>))]), ['CIG_cavok_code', 'VIS_variability_code']), ('nominal_pipeline', Pipeline(steps=[('nominal',
                 OneHotEncoder(drop='first', handle_unknown='ignore',
                               sparse_output=False))]), ['WND_type_code']), ('passthrough_features', 'passthrough', ['WND_direction_angle_variable_wind_direction_flag']), ('drop_features', 'drop', ['DATE'])], 'estimator__preprocessor__verbose': False, 'estimator__preprocessor__verbose_feature_names_out': True, 'estimator__preprocessor__numeric_feature_pipeline': Pipeline(steps=[('imputer', SimpleImputer(strategy='median')),
                ('scale', StandardScaler())]), 'estimator__preprocessor__binary_pipeline': Pipeline(steps=[('binary',
                 FunctionTransformer(func=<function encode_binary at 0x19ba59b20>))]), 'estimator__preprocessor__nominal_pipeline': Pipeline(steps=[('nominal',
                 OneHotEncoder(drop='first', handle_unknown='ignore',
                               sparse_output=False))]), 'estimator__preprocessor__passthrough_features': 'passthrough', 'estimator__preprocessor__drop_features': 'drop', 'estimator__preprocessor__numeric_feature_pipeline__memory': None, 'estimator__preprocessor__numeric_feature_pipeline__steps': [('imputer', SimpleImputer(strategy='median')), ('scale', StandardScaler())], 'estimator__preprocessor__numeric_feature_pipeline__transform_input': None, 'estimator__preprocessor__numeric_feature_pipeline__verbose': False, 'estimator__preprocessor__numeric_feature_pipeline__imputer': SimpleImputer(strategy='median'), 'estimator__preprocessor__numeric_feature_pipeline__scale': StandardScaler(), 'estimator__preprocessor__numeric_feature_pipeline__imputer__add_indicator': False, 'estimator__preprocessor__numeric_feature_pipeline__imputer__copy': True, 'estimator__preprocessor__numeric_feature_pipeline__imputer__fill_value': None, 'estimator__preprocessor__numeric_feature_pipeline__imputer__keep_empty_features': False, 'estimator__preprocessor__numeric_feature_pipeline__imputer__missing_values': nan, 'estimator__preprocessor__numeric_feature_pipeline__imputer__strategy': 'median', 'estimator__preprocessor__numeric_feature_pipeline__scale__copy': True, 'estimator__preprocessor__numeric_feature_pipeline__scale__with_mean': True, 'estimator__preprocessor__numeric_feature_pipeline__scale__with_std': True, 'estimator__preprocessor__binary_pipeline__memory': None, 'estimator__preprocessor__binary_pipeline__steps': [('binary', FunctionTransformer(func=<function encode_binary at 0x19ba59b20>))], 'estimator__preprocessor__binary_pipeline__transform_input': None, 'estimator__preprocessor__binary_pipeline__verbose': False, 'estimator__preprocessor__binary_pipeline__binary': FunctionTransformer(func=<function encode_binary at 0x19ba59b20>), 'estimator__preprocessor__binary_pipeline__binary__accept_sparse': False, 'estimator__preprocessor__binary_pipeline__binary__check_inverse': True, 'estimator__preprocessor__binary_pipeline__binary__feature_names_out': None, 'estimator__preprocessor__binary_pipeline__binary__func': <function encode_binary at 0x19ba59b20>, 'estimator__preprocessor__binary_pipeline__binary__inv_kw_args': None, 'estimator__preprocessor__binary_pipeline__binary__inverse_func': None, 'estimator__preprocessor__binary_pipeline__binary__kw_args': None, 'estimator__preprocessor__binary_pipeline__binary__validate': False, 'estimator__preprocessor__nominal_pipeline__memory': None, 'estimator__preprocessor__nominal_pipeline__steps': [('nominal', OneHotEncoder(drop='first', handle_unknown='ignore', sparse_output=False))], 'estimator__preprocessor__nominal_pipeline__transform_input': None, 'estimator__preprocessor__nominal_pipeline__verbose': False, 'estimator__preprocessor__nominal_pipeline__nominal': OneHotEncoder(drop='first', handle_unknown='ignore', sparse_output=False), 'estimator__preprocessor__nominal_pipeline__nominal__categories': 'auto', 'estimator__preprocessor__nominal_pipeline__nominal__drop': 'first', 'estimator__preprocessor__nominal_pipeline__nominal__dtype': <class 'numpy.float64'>, 'estimator__preprocessor__nominal_pipeline__nominal__feature_name_combiner': 'concat', 'estimator__preprocessor__nominal_pipeline__nominal__handle_unknown': 'ignore', 'estimator__preprocessor__nominal_pipeline__nominal__max_categories': None, 'estimator__preprocessor__nominal_pipeline__nominal__min_frequency': None, 'estimator__preprocessor__nominal_pipeline__nominal__sparse_output': False, 'estimator__over_random__random_state': 42, 'estimator__over_random__sampling_strategy': 'auto', 'estimator__over_random__shrinkage': None, 'estimator__classifier__bootstrap': True, 'estimator__classifier__ccp_alpha': 0.0, 'estimator__classifier__class_weight': None, 'estimator__classifier__criterion': 'gini', 'estimator__classifier__max_depth': 10, 'estimator__classifier__max_features': 'sqrt', 'estimator__classifier__max_leaf_nodes': None, 'estimator__classifier__max_samples': None, 'estimator__classifier__min_impurity_decrease': 0.0, 'estimator__classifier__min_samples_leaf': 20, 'estimator__classifier__min_samples_split': 50, 'estimator__classifier__min_weight_fraction_leaf': 0.0, 'estimator__classifier__monotonic_cst': None, 'estimator__classifier__n_estimators': 100, 'estimator__classifier__n_jobs': -1, 'estimator__classifier__oob_score': False, 'estimator__classifier__random_state': 42, 'estimator__classifier__verbose': 0, 'estimator__classifier__warm_start': False, 'estimator': Pipeline(steps=[('preprocessor',
                 ColumnTransformer(transformers=[('numeric_feature_pipeline',
                                                  Pipeline(steps=[('imputer',
                                                                   SimpleImputer(strategy='median')),
                                                                  ('scale',
                                                                   StandardScaler())]),
                                                  ['WND_direction_angle',
                                                   'WND_speed_rate',
                                                   'CIG_ceiling_height',
                                                   'VIS_distance',
                                                   'TMP_air_temperature',
                                                   'DEW_dew_point',
                                                   'SLP_sea_level_pressure']),
                                                 ('binary_pipeline',
                                                  Pipeline...
                                                                                 handle_unknown='ignore',
                                                                                 sparse_output=False))]),
                                                  ['WND_type_code']),
                                                 ('passthrough_features',
                                                  'passthrough',
                                                  ['WND_direction_angle_variable_wind_direction_flag']),
                                                 ('drop_features', 'drop',
                                                  ['DATE'])])),
                ('over_random', RandomOverSampler(random_state=42)),
                ('classifier',
                 RandomForestClassifier(max_depth=10, min_samples_leaf=20,
                                        min_samples_split=50, n_jobs=-1,
                                        random_state=42))]), 'method': 'isotonic', 'n_jobs': None}",0.032078289244561554,0.01892977691604474,0.008771929824561403,0.008547008547008548,0.00980392156862745,0.883368014857035,0.0021600011543913998
8,XGBoost_ROS,"{'cv': YearlyTemporalWindowSplit(end_year=2017, start_year=2002, val_window_size=2), 'ensemble': 'auto', 'estimator__memory': None, 'estimator__steps': [('preprocessor', ColumnTransformer(transformers=[('numeric_feature_pipeline',
                                 Pipeline(steps=[('imputer',
                                                  SimpleImputer(strategy='median')),
                                                 ('scale', StandardScaler())]),
                                 ['WND_direction_angle', 'WND_speed_rate',
                                  'CIG_ceiling_height', 'VIS_distance',
                                  'TMP_air_temperature', 'DEW_dew_point',
                                  'SLP_sea_level_pressure']),
                                ('binary_pipeline',
                                 Pipeline(steps=[('binary',
                                                  FunctionTransf...unction encode_binary at 0x19ba59b20>))]),
                                 ['CIG_cavok_code', 'VIS_variability_code']),
                                ('nominal_pipeline',
                                 Pipeline(steps=[('nominal',
                                                  OneHotEncoder(drop='first',
                                                                handle_unknown='ignore',
                                                                sparse_output=False))]),
                                 ['WND_type_code']),
                                ('passthrough_features', 'passthrough',
                                 ['WND_direction_angle_variable_wind_direction_flag']),
                                ('drop_features', 'drop', ['DATE'])])), ('over_random', RandomOverSampler(random_state=42)), ('classifier', XGBClassifier(base_score=None, booster=None, callbacks=None,
              colsample_bylevel=None, colsample_bynode=None,
              colsample_bytree=0.8, device=None, early_stopping_rounds=None,
              enable_categorical=False, eval_metric='logloss',
              feature_types=None, gamma=None, grow_policy=None,
              importance_type=None, interaction_constraints=None,
              learning_rate=0.05, max_bin=None, max_cat_threshold=None,
              max_cat_to_onehot=None, max_delta_step=None, max_depth=6,
              max_leaves=None, min_child_weight=None, missing=nan,
              monotone_constraints=None, multi_strategy=None, n_estimators=200,
              n_jobs=None, num_parallel_tree=None, random_state=42, ...))], 'estimator__transform_input': None, 'estimator__verbose': False, 'estimator__preprocessor': ColumnTransformer(transformers=[('numeric_feature_pipeline',
                                 Pipeline(steps=[('imputer',
                                                  SimpleImputer(strategy='median')),
                                                 ('scale', StandardScaler())]),
                                 ['WND_direction_angle', 'WND_speed_rate',
                                  'CIG_ceiling_height', 'VIS_distance',
                                  'TMP_air_temperature', 'DEW_dew_point',
                                  'SLP_sea_level_pressure']),
                                ('binary_pipeline',
                                 Pipeline(steps=[('binary',
                                                  FunctionTransf...unction encode_binary at 0x19ba59b20>))]),
                                 ['CIG_cavok_code', 'VIS_variability_code']),
                                ('nominal_pipeline',
                                 Pipeline(steps=[('nominal',
                                                  OneHotEncoder(drop='first',
                                                                handle_unknown='ignore',
                                                                sparse_output=False))]),
                                 ['WND_type_code']),
                                ('passthrough_features', 'passthrough',
                                 ['WND_direction_angle_variable_wind_direction_flag']),
                                ('drop_features', 'drop', ['DATE'])]), 'estimator__over_random': RandomOverSampler(random_state=42), 'estimator__classifier': XGBClassifier(base_score=None, booster=None, callbacks=None,
              colsample_bylevel=None, colsample_bynode=None,
              colsample_bytree=0.8, device=None, early_stopping_rounds=None,
              enable_categorical=False, eval_metric='logloss',
              feature_types=None, gamma=None, grow_policy=None,
              importance_type=None, interaction_constraints=None,
              learning_rate=0.05, max_bin=None, max_cat_threshold=None,
              max_cat_to_onehot=None, max_delta_step=None, max_depth=6,
              max_leaves=None, min_child_weight=None, missing=nan,
              monotone_constraints=None, multi_strategy=None, n_estimators=200,
              n_jobs=None, num_parallel_tree=None, random_state=42, ...), 'estimator__preprocessor__force_int_remainder_cols': 'deprecated', 'estimator__preprocessor__n_jobs': None, 'estimator__preprocessor__remainder': 'drop', 'estimator__preprocessor__sparse_threshold': 0.3, 'estimator__preprocessor__transformer_weights': None, 'estimator__preprocessor__transformers': [('numeric_feature_pipeline', Pipeline(steps=[('imputer', SimpleImputer(strategy='median')),
                ('scale', StandardScaler())]), ['WND_direction_angle', 'WND_speed_rate', 'CIG_ceiling_height', 'VIS_distance', 'TMP_air_temperature', 'DEW_dew_point', 'SLP_sea_level_pressure']), ('binary_pipeline', Pipeline(steps=[('binary',
                 FunctionTransformer(func=<function encode_binary at 0x19ba59b20>))]), ['CIG_cavok_code', 'VIS_variability_code']), ('nominal_pipeline', Pipeline(steps=[('nominal',
                 OneHotEncoder(drop='first', handle_unknown='ignore',
                               sparse_output=False))]), ['WND_type_code']), ('passthrough_features', 'passthrough', ['WND_direction_angle_variable_wind_direction_flag']), ('drop_features', 'drop', ['DATE'])], 'estimator__preprocessor__verbose': False, 'estimator__preprocessor__verbose_feature_names_out': True, 'estimator__preprocessor__numeric_feature_pipeline': Pipeline(steps=[('imputer', SimpleImputer(strategy='median')),
                ('scale', StandardScaler())]), 'estimator__preprocessor__binary_pipeline': Pipeline(steps=[('binary',
                 FunctionTransformer(func=<function encode_binary at 0x19ba59b20>))]), 'estimator__preprocessor__nominal_pipeline': Pipeline(steps=[('nominal',
                 OneHotEncoder(drop='first', handle_unknown='ignore',
                               sparse_output=False))]), 'estimator__preprocessor__passthrough_features': 'passthrough', 'estimator__preprocessor__drop_features': 'drop', 'estimator__preprocessor__numeric_feature_pipeline__memory': None, 'estimator__preprocessor__numeric_feature_pipeline__steps': [('imputer', SimpleImputer(strategy='median')), ('scale', StandardScaler())], 'estimator__preprocessor__numeric_feature_pipeline__transform_input': None, 'estimator__preprocessor__numeric_feature_pipeline__verbose': False, 'estimator__preprocessor__numeric_feature_pipeline__imputer': SimpleImputer(strategy='median'), 'estimator__preprocessor__numeric_feature_pipeline__scale': StandardScaler(), 'estimator__preprocessor__numeric_feature_pipeline__imputer__add_indicator': False, 'estimator__preprocessor__numeric_feature_pipeline__imputer__copy': True, 'estimator__preprocessor__numeric_feature_pipeline__imputer__fill_value': None, 'estimator__preprocessor__numeric_feature_pipeline__imputer__keep_empty_features': False, 'estimator__preprocessor__numeric_feature_pipeline__imputer__missing_values': nan, 'estimator__preprocessor__numeric_feature_pipeline__imputer__strategy': 'median', 'estimator__preprocessor__numeric_feature_pipeline__scale__copy': True, 'estimator__preprocessor__numeric_feature_pipeline__scale__with_mean': True, 'estimator__preprocessor__numeric_feature_pipeline__scale__with_std': True, 'estimator__preprocessor__binary_pipeline__memory': None, 'estimator__preprocessor__binary_pipeline__steps': [('binary', FunctionTransformer(func=<function encode_binary at 0x19ba59b20>))], 'estimator__preprocessor__binary_pipeline__transform_input': None, 'estimator__preprocessor__binary_pipeline__verbose': False, 'estimator__preprocessor__binary_pipeline__binary': FunctionTransformer(func=<function encode_binary at 0x19ba59b20>), 'estimator__preprocessor__binary_pipeline__binary__accept_sparse': False, 'estimator__preprocessor__binary_pipeline__binary__check_inverse': True, 'estimator__preprocessor__binary_pipeline__binary__feature_names_out': None, 'estimator__preprocessor__binary_pipeline__binary__func': <function encode_binary at 0x19ba59b20>, 'estimator__preprocessor__binary_pipeline__binary__inv_kw_args': None, 'estimator__preprocessor__binary_pipeline__binary__inverse_func': None, 'estimator__preprocessor__binary_pipeline__binary__kw_args': None, 'estimator__preprocessor__binary_pipeline__binary__validate': False, 'estimator__preprocessor__nominal_pipeline__memory': None, 'estimator__preprocessor__nominal_pipeline__steps': [('nominal', OneHotEncoder(drop='first', handle_unknown='ignore', sparse_output=False))], 'estimator__preprocessor__nominal_pipeline__transform_input': None, 'estimator__preprocessor__nominal_pipeline__verbose': False, 'estimator__preprocessor__nominal_pipeline__nominal': OneHotEncoder(drop='first', handle_unknown='ignore', sparse_output=False), 'estimator__preprocessor__nominal_pipeline__nominal__categories': 'auto', 'estimator__preprocessor__nominal_pipeline__nominal__drop': 'first', 'estimator__preprocessor__nominal_pipeline__nominal__dtype': <class 'numpy.float64'>, 'estimator__preprocessor__nominal_pipeline__nominal__feature_name_combiner': 'concat', 'estimator__preprocessor__nominal_pipeline__nominal__handle_unknown': 'ignore', 'estimator__preprocessor__nominal_pipeline__nominal__max_categories': None, 'estimator__preprocessor__nominal_pipeline__nominal__min_frequency': None, 'estimator__preprocessor__nominal_pipeline__nominal__sparse_output': False, 'estimator__over_random__random_state': 42, 'estimator__over_random__sampling_strategy': 'auto', 'estimator__over_random__shrinkage': None, 'estimator__classifier__objective': 'binary:logistic', 'estimator__classifier__base_score': None, 'estimator__classifier__booster': None, 'estimator__classifier__callbacks': None, 'estimator__classifier__colsample_bylevel': None, 'estimator__classifier__colsample_bynode': None, 'estimator__classifier__colsample_bytree': 0.8, 'estimator__classifier__device': None, 'estimator__classifier__early_stopping_rounds': None, 'estimator__classifier__enable_categorical': False, 'estimator__classifier__eval_metric': 'logloss', 'estimator__classifier__feature_types': None, 'estimator__classifier__gamma': None, 'estimator__classifier__grow_policy': None, 'estimator__classifier__importance_type': None, 'estimator__classifier__interaction_constraints': None, 'estimator__classifier__learning_rate': 0.05, 'estimator__classifier__max_bin': None, 'estimator__classifier__max_cat_threshold': None, 'estimator__classifier__max_cat_to_onehot': None, 'estimator__classifier__max_delta_step': None, 'estimator__classifier__max_depth': 6, 'estimator__classifier__max_leaves': None, 'estimator__classifier__min_child_weight': None, 'estimator__classifier__missing': nan, 'estimator__classifier__monotone_constraints': None, 'estimator__classifier__multi_strategy': None, 'estimator__classifier__n_estimators': 200, 'estimator__classifier__n_jobs': None, 'estimator__classifier__num_parallel_tree': None, 'estimator__classifier__random_state': 42, 'estimator__classifier__reg_alpha': None, 'estimator__classifier__reg_lambda': None, 'estimator__classifier__sampling_method': None, 'estimator__classifier__scale_pos_weight': None, 'estimator__classifier__subsample': 0.8, 'estimator__classifier__tree_method': None, 'estimator__classifier__validate_parameters': None, 'estimator__classifier__verbosity': None, 'estimator': Pipeline(steps=[('preprocessor',
                 ColumnTransformer(transformers=[('numeric_feature_pipeline',
                                                  Pipeline(steps=[('imputer',
                                                                   SimpleImputer(strategy='median')),
                                                                  ('scale',
                                                                   StandardScaler())]),
                                                  ['WND_direction_angle',
                                                   'WND_speed_rate',
                                                   'CIG_ceiling_height',
                                                   'VIS_distance',
                                                   'TMP_air_temperature',
                                                   'DEW_dew_point',
                                                   'SLP_sea_level_pressure']),
                                                 ('binary_pipeline',
                                                  Pipeline...
                               feature_types=None, gamma=None, grow_policy=None,
                               importance_type=None,
                               interaction_constraints=None, learning_rate=0.05,
                               max_bin=None, max_cat_threshold=None,
                               max_cat_to_onehot=None, max_delta_step=None,
                               max_depth=6, max_leaves=None,
                               min_child_weight=None, missing=nan,
                               monotone_constraints=None, multi_strategy=None,
                               n_estimators=200, n_jobs=None,
                               num_parallel_tree=None, random_state=42, ...))]), 'method': 'isotonic', 'n_jobs': None}",0.020935857559379656,0.02637943872408135,0.10302197802197802,0.1282051282051282,0.057692307692307696,0.8681354363775189,0.0021566220350831803
9,RF_SMOTE,"{'cv': YearlyTemporalWindowSplit(end_year=2017, start_year=2002, val_window_size=2), 'ensemble': 'auto', 'estimator__memory': None, 'estimator__steps': [('preprocessor', ColumnTransformer(transformers=[('numeric_feature_pipeline',
                                 Pipeline(steps=[('imputer',
                                                  SimpleImputer(strategy='median')),
                                                 ('scale', StandardScaler())]),
                                 ['WND_direction_angle', 'WND_speed_rate',
                                  'CIG_ceiling_height', 'VIS_distance',
                                  'TMP_air_temperature', 'DEW_dew_point',
                                  'SLP_sea_level_pressure']),
                                ('binary_pipeline',
                                 Pipeline(steps=[('binary',
                                                  FunctionTransf...unction encode_binary at 0x19ba59b20>))]),
                                 ['CIG_cavok_code', 'VIS_variability_code']),
                                ('nominal_pipeline',
                                 Pipeline(steps=[('nominal',
                                                  OneHotEncoder(drop='first',
                                                                handle_unknown='ignore',
                                                                sparse_output=False))]),
                                 ['WND_type_code']),
                                ('passthrough_features', 'passthrough',
                                 ['WND_direction_angle_variable_wind_direction_flag']),
                                ('drop_features', 'drop', ['DATE'])])), ('smote', SMOTE(random_state=42, sampling_strategy=0.3)), ('classifier', RandomForestClassifier(max_depth=10, min_samples_leaf=20, min_samples_split=50,
                       n_jobs=-1, random_state=42))], 'estimator__transform_input': None, 'estimator__verbose': False, 'estimator__preprocessor': ColumnTransformer(transformers=[('numeric_feature_pipeline',
                                 Pipeline(steps=[('imputer',
                                                  SimpleImputer(strategy='median')),
                                                 ('scale', StandardScaler())]),
                                 ['WND_direction_angle', 'WND_speed_rate',
                                  'CIG_ceiling_height', 'VIS_distance',
                                  'TMP_air_temperature', 'DEW_dew_point',
                                  'SLP_sea_level_pressure']),
                                ('binary_pipeline',
                                 Pipeline(steps=[('binary',
                                                  FunctionTransf...unction encode_binary at 0x19ba59b20>))]),
                                 ['CIG_cavok_code', 'VIS_variability_code']),
                                ('nominal_pipeline',
                                 Pipeline(steps=[('nominal',
                                                  OneHotEncoder(drop='first',
                                                                handle_unknown='ignore',
                                                                sparse_output=False))]),
                                 ['WND_type_code']),
                                ('passthrough_features', 'passthrough',
                                 ['WND_direction_angle_variable_wind_direction_flag']),
                                ('drop_features', 'drop', ['DATE'])]), 'estimator__smote': SMOTE(random_state=42, sampling_strategy=0.3), 'estimator__classifier': RandomForestClassifier(max_depth=10, min_samples_leaf=20, min_samples_split=50,
                       n_jobs=-1, random_state=42), 'estimator__preprocessor__force_int_remainder_cols': 'deprecated', 'estimator__preprocessor__n_jobs': None, 'estimator__preprocessor__remainder': 'drop', 'estimator__preprocessor__sparse_threshold': 0.3, 'estimator__preprocessor__transformer_weights': None, 'estimator__preprocessor__transformers': [('numeric_feature_pipeline', Pipeline(steps=[('imputer', SimpleImputer(strategy='median')),
                ('scale', StandardScaler())]), ['WND_direction_angle', 'WND_speed_rate', 'CIG_ceiling_height', 'VIS_distance', 'TMP_air_temperature', 'DEW_dew_point', 'SLP_sea_level_pressure']), ('binary_pipeline', Pipeline(steps=[('binary',
                 FunctionTransformer(func=<function encode_binary at 0x19ba59b20>))]), ['CIG_cavok_code', 'VIS_variability_code']), ('nominal_pipeline', Pipeline(steps=[('nominal',
                 OneHotEncoder(drop='first', handle_unknown='ignore',
                               sparse_output=False))]), ['WND_type_code']), ('passthrough_features', 'passthrough', ['WND_direction_angle_variable_wind_direction_flag']), ('drop_features', 'drop', ['DATE'])], 'estimator__preprocessor__verbose': False, 'estimator__preprocessor__verbose_feature_names_out': True, 'estimator__preprocessor__numeric_feature_pipeline': Pipeline(steps=[('imputer', SimpleImputer(strategy='median')),
                ('scale', StandardScaler())]), 'estimator__preprocessor__binary_pipeline': Pipeline(steps=[('binary',
                 FunctionTransformer(func=<function encode_binary at 0x19ba59b20>))]), 'estimator__preprocessor__nominal_pipeline': Pipeline(steps=[('nominal',
                 OneHotEncoder(drop='first', handle_unknown='ignore',
                               sparse_output=False))]), 'estimator__preprocessor__passthrough_features': 'passthrough', 'estimator__preprocessor__drop_features': 'drop', 'estimator__preprocessor__numeric_feature_pipeline__memory': None, 'estimator__preprocessor__numeric_feature_pipeline__steps': [('imputer', SimpleImputer(strategy='median')), ('scale', StandardScaler())], 'estimator__preprocessor__numeric_feature_pipeline__transform_input': None, 'estimator__preprocessor__numeric_feature_pipeline__verbose': False, 'estimator__preprocessor__numeric_feature_pipeline__imputer': SimpleImputer(strategy='median'), 'estimator__preprocessor__numeric_feature_pipeline__scale': StandardScaler(), 'estimator__preprocessor__numeric_feature_pipeline__imputer__add_indicator': False, 'estimator__preprocessor__numeric_feature_pipeline__imputer__copy': True, 'estimator__preprocessor__numeric_feature_pipeline__imputer__fill_value': None, 'estimator__preprocessor__numeric_feature_pipeline__imputer__keep_empty_features': False, 'estimator__preprocessor__numeric_feature_pipeline__imputer__missing_values': nan, 'estimator__preprocessor__numeric_feature_pipeline__imputer__strategy': 'median', 'estimator__preprocessor__numeric_feature_pipeline__scale__copy': True, 'estimator__preprocessor__numeric_feature_pipeline__scale__with_mean': True, 'estimator__preprocessor__numeric_feature_pipeline__scale__with_std': True, 'estimator__preprocessor__binary_pipeline__memory': None, 'estimator__preprocessor__binary_pipeline__steps': [('binary', FunctionTransformer(func=<function encode_binary at 0x19ba59b20>))], 'estimator__preprocessor__binary_pipeline__transform_input': None, 'estimator__preprocessor__binary_pipeline__verbose': False, 'estimator__preprocessor__binary_pipeline__binary': FunctionTransformer(func=<function encode_binary at 0x19ba59b20>), 'estimator__preprocessor__binary_pipeline__binary__accept_sparse': False, 'estimator__preprocessor__binary_pipeline__binary__check_inverse': True, 'estimator__preprocessor__binary_pipeline__binary__feature_names_out': None, 'estimator__preprocessor__binary_pipeline__binary__func': <function encode_binary at 0x19ba59b20>, 'estimator__preprocessor__binary_pipeline__binary__inv_kw_args': None, 'estimator__preprocessor__binary_pipeline__binary__inverse_func': None, 'estimator__preprocessor__binary_pipeline__binary__kw_args': None, 'estimator__preprocessor__binary_pipeline__binary__validate': False, 'estimator__preprocessor__nominal_pipeline__memory': None, 'estimator__preprocessor__nominal_pipeline__steps': [('nominal', OneHotEncoder(drop='first', handle_unknown='ignore', sparse_output=False))], 'estimator__preprocessor__nominal_pipeline__transform_input': None, 'estimator__preprocessor__nominal_pipeline__verbose': False, 'estimator__preprocessor__nominal_pipeline__nominal': OneHotEncoder(drop='first', handle_unknown='ignore', sparse_output=False), 'estimator__preprocessor__nominal_pipeline__nominal__categories': 'auto', 'estimator__preprocessor__nominal_pipeline__nominal__drop': 'first', 'estimator__preprocessor__nominal_pipeline__nominal__dtype': <class 'numpy.float64'>, 'estimator__preprocessor__nominal_pipeline__nominal__feature_name_combiner': 'concat', 'estimator__preprocessor__nominal_pipeline__nominal__handle_unknown': 'ignore', 'estimator__preprocessor__nominal_pipeline__nominal__max_categories': None, 'estimator__preprocessor__nominal_pipeline__nominal__min_frequency': None, 'estimator__preprocessor__nominal_pipeline__nominal__sparse_output': False, 'estimator__smote__k_neighbors': 5, 'estimator__smote__random_state': 42, 'estimator__smote__sampling_strategy': 0.3, 'estimator__classifier__bootstrap': True, 'estimator__classifier__ccp_alpha': 0.0, 'estimator__classifier__class_weight': None, 'estimator__classifier__criterion': 'gini', 'estimator__classifier__max_depth': 10, 'estimator__classifier__max_features': 'sqrt', 'estimator__classifier__max_leaf_nodes': None, 'estimator__classifier__max_samples': None, 'estimator__classifier__min_impurity_decrease': 0.0, 'estimator__classifier__min_samples_leaf': 20, 'estimator__classifier__min_samples_split': 50, 'estimator__classifier__min_weight_fraction_leaf': 0.0, 'estimator__classifier__monotonic_cst': None, 'estimator__classifier__n_estimators': 100, 'estimator__classifier__n_jobs': -1, 'estimator__classifier__oob_score': False, 'estimator__classifier__random_state': 42, 'estimator__classifier__verbose': 0, 'estimator__classifier__warm_start': False, 'estimator': Pipeline(steps=[('preprocessor',
                 ColumnTransformer(transformers=[('numeric_feature_pipeline',
                                                  Pipeline(steps=[('imputer',
                                                                   SimpleImputer(strategy='median')),
                                                                  ('scale',
                                                                   StandardScaler())]),
                                                  ['WND_direction_angle',
                                                   'WND_speed_rate',
                                                   'CIG_ceiling_height',
                                                   'VIS_distance',
                                                   'TMP_air_temperature',
                                                   'DEW_dew_point',
                                                   'SLP_sea_level_pressure']),
                                                 ('binary_pipeline',
                                                  Pipeline...
                                                                                 handle_unknown='ignore',
                                                                                 sparse_output=False))]),
                                                  ['WND_type_code']),
                                                 ('passthrough_features',
                                                  'passthrough',
                                                  ['WND_direction_angle_variable_wind_direction_flag']),
                                                 ('drop_features', 'drop',
                                                  ['DATE'])])),
                ('smote', SMOTE(random_state=42, sampling_strategy=0.3)),
                ('classifier',
                 RandomForestClassifier(max_depth=10, min_samples_leaf=20,
                                        min_samples_split=50, n_jobs=-1,
                                        random_state=42))]), 'method': 'isotonic', 'n_jobs': None}",0.022390857124068343,0.021322139808492725,0.04922644163150492,0.05982905982905983,0.02880658436213992,0.9065638574153663,0.0021566277635555703
10,XGBoost_SMOTE,"{'cv': YearlyTemporalWindowSplit(end_year=2017, start_year=2002, val_window_size=2), 'ensemble': 'auto', 'estimator__memory': None, 'estimator__steps': [('preprocessor', ColumnTransformer(transformers=[('numeric_feature_pipeline',
                                 Pipeline(steps=[('imputer',
                                                  SimpleImputer(strategy='median')),
                                                 ('scale', StandardScaler())]),
                                 ['WND_direction_angle', 'WND_speed_rate',
                                  'CIG_ceiling_height', 'VIS_distance',
                                  'TMP_air_temperature', 'DEW_dew_point',
                                  'SLP_sea_level_pressure']),
                                ('binary_pipeline',
                                 Pipeline(steps=[('binary',
                                                  FunctionTransf...unction encode_binary at 0x19ba59b20>))]),
                                 ['CIG_cavok_code', 'VIS_variability_code']),
                                ('nominal_pipeline',
                                 Pipeline(steps=[('nominal',
                                                  OneHotEncoder(drop='first',
                                                                handle_unknown='ignore',
                                                                sparse_output=False))]),
                                 ['WND_type_code']),
                                ('passthrough_features', 'passthrough',
                                 ['WND_direction_angle_variable_wind_direction_flag']),
                                ('drop_features', 'drop', ['DATE'])])), ('smote', SMOTE(random_state=42, sampling_strategy=0.3)), ('classifier', XGBClassifier(base_score=None, booster=None, callbacks=None,
              colsample_bylevel=None, colsample_bynode=None,
              colsample_bytree=0.8, device=None, early_stopping_rounds=None,
              enable_categorical=False, eval_metric='aucpr', feature_types=None,
              gamma=None, grow_policy=None, importance_type=None,
              interaction_constraints=None, learning_rate=0.05, max_bin=None,
              max_cat_threshold=None, max_cat_to_onehot=None,
              max_delta_step=None, max_depth=6, max_leaves=None,
              min_child_weight=None, missing=nan, monotone_constraints=None,
              multi_strategy=None, n_estimators=200, n_jobs=None,
              num_parallel_tree=None, random_state=42, ...))], 'estimator__transform_input': None, 'estimator__verbose': False, 'estimator__preprocessor': ColumnTransformer(transformers=[('numeric_feature_pipeline',
                                 Pipeline(steps=[('imputer',
                                                  SimpleImputer(strategy='median')),
                                                 ('scale', StandardScaler())]),
                                 ['WND_direction_angle', 'WND_speed_rate',
                                  'CIG_ceiling_height', 'VIS_distance',
                                  'TMP_air_temperature', 'DEW_dew_point',
                                  'SLP_sea_level_pressure']),
                                ('binary_pipeline',
                                 Pipeline(steps=[('binary',
                                                  FunctionTransf...unction encode_binary at 0x19ba59b20>))]),
                                 ['CIG_cavok_code', 'VIS_variability_code']),
                                ('nominal_pipeline',
                                 Pipeline(steps=[('nominal',
                                                  OneHotEncoder(drop='first',
                                                                handle_unknown='ignore',
                                                                sparse_output=False))]),
                                 ['WND_type_code']),
                                ('passthrough_features', 'passthrough',
                                 ['WND_direction_angle_variable_wind_direction_flag']),
                                ('drop_features', 'drop', ['DATE'])]), 'estimator__smote': SMOTE(random_state=42, sampling_strategy=0.3), 'estimator__classifier': XGBClassifier(base_score=None, booster=None, callbacks=None,
              colsample_bylevel=None, colsample_bynode=None,
              colsample_bytree=0.8, device=None, early_stopping_rounds=None,
              enable_categorical=False, eval_metric='aucpr', feature_types=None,
              gamma=None, grow_policy=None, importance_type=None,
              interaction_constraints=None, learning_rate=0.05, max_bin=None,
              max_cat_threshold=None, max_cat_to_onehot=None,
              max_delta_step=None, max_depth=6, max_leaves=None,
              min_child_weight=None, missing=nan, monotone_constraints=None,
              multi_strategy=None, n_estimators=200, n_jobs=None,
              num_parallel_tree=None, random_state=42, ...), 'estimator__preprocessor__force_int_remainder_cols': 'deprecated', 'estimator__preprocessor__n_jobs': None, 'estimator__preprocessor__remainder': 'drop', 'estimator__preprocessor__sparse_threshold': 0.3, 'estimator__preprocessor__transformer_weights': None, 'estimator__preprocessor__transformers': [('numeric_feature_pipeline', Pipeline(steps=[('imputer', SimpleImputer(strategy='median')),
                ('scale', StandardScaler())]), ['WND_direction_angle', 'WND_speed_rate', 'CIG_ceiling_height', 'VIS_distance', 'TMP_air_temperature', 'DEW_dew_point', 'SLP_sea_level_pressure']), ('binary_pipeline', Pipeline(steps=[('binary',
                 FunctionTransformer(func=<function encode_binary at 0x19ba59b20>))]), ['CIG_cavok_code', 'VIS_variability_code']), ('nominal_pipeline', Pipeline(steps=[('nominal',
                 OneHotEncoder(drop='first', handle_unknown='ignore',
                               sparse_output=False))]), ['WND_type_code']), ('passthrough_features', 'passthrough', ['WND_direction_angle_variable_wind_direction_flag']), ('drop_features', 'drop', ['DATE'])], 'estimator__preprocessor__verbose': False, 'estimator__preprocessor__verbose_feature_names_out': True, 'estimator__preprocessor__numeric_feature_pipeline': Pipeline(steps=[('imputer', SimpleImputer(strategy='median')),
                ('scale', StandardScaler())]), 'estimator__preprocessor__binary_pipeline': Pipeline(steps=[('binary',
                 FunctionTransformer(func=<function encode_binary at 0x19ba59b20>))]), 'estimator__preprocessor__nominal_pipeline': Pipeline(steps=[('nominal',
                 OneHotEncoder(drop='first', handle_unknown='ignore',
                               sparse_output=False))]), 'estimator__preprocessor__passthrough_features': 'passthrough', 'estimator__preprocessor__drop_features': 'drop', 'estimator__preprocessor__numeric_feature_pipeline__memory': None, 'estimator__preprocessor__numeric_feature_pipeline__steps': [('imputer', SimpleImputer(strategy='median')), ('scale', StandardScaler())], 'estimator__preprocessor__numeric_feature_pipeline__transform_input': None, 'estimator__preprocessor__numeric_feature_pipeline__verbose': False, 'estimator__preprocessor__numeric_feature_pipeline__imputer': SimpleImputer(strategy='median'), 'estimator__preprocessor__numeric_feature_pipeline__scale': StandardScaler(), 'estimator__preprocessor__numeric_feature_pipeline__imputer__add_indicator': False, 'estimator__preprocessor__numeric_feature_pipeline__imputer__copy': True, 'estimator__preprocessor__numeric_feature_pipeline__imputer__fill_value': None, 'estimator__preprocessor__numeric_feature_pipeline__imputer__keep_empty_features': False, 'estimator__preprocessor__numeric_feature_pipeline__imputer__missing_values': nan, 'estimator__preprocessor__numeric_feature_pipeline__imputer__strategy': 'median', 'estimator__preprocessor__numeric_feature_pipeline__scale__copy': True, 'estimator__preprocessor__numeric_feature_pipeline__scale__with_mean': True, 'estimator__preprocessor__numeric_feature_pipeline__scale__with_std': True, 'estimator__preprocessor__binary_pipeline__memory': None, 'estimator__preprocessor__binary_pipeline__steps': [('binary', FunctionTransformer(func=<function encode_binary at 0x19ba59b20>))], 'estimator__preprocessor__binary_pipeline__transform_input': None, 'estimator__preprocessor__binary_pipeline__verbose': False, 'estimator__preprocessor__binary_pipeline__binary': FunctionTransformer(func=<function encode_binary at 0x19ba59b20>), 'estimator__preprocessor__binary_pipeline__binary__accept_sparse': False, 'estimator__preprocessor__binary_pipeline__binary__check_inverse': True, 'estimator__preprocessor__binary_pipeline__binary__feature_names_out': None, 'estimator__preprocessor__binary_pipeline__binary__func': <function encode_binary at 0x19ba59b20>, 'estimator__preprocessor__binary_pipeline__binary__inv_kw_args': None, 'estimator__preprocessor__binary_pipeline__binary__inverse_func': None, 'estimator__preprocessor__binary_pipeline__binary__kw_args': None, 'estimator__preprocessor__binary_pipeline__binary__validate': False, 'estimator__preprocessor__nominal_pipeline__memory': None, 'estimator__preprocessor__nominal_pipeline__steps': [('nominal', OneHotEncoder(drop='first', handle_unknown='ignore', sparse_output=False))], 'estimator__preprocessor__nominal_pipeline__transform_input': None, 'estimator__preprocessor__nominal_pipeline__verbose': False, 'estimator__preprocessor__nominal_pipeline__nominal': OneHotEncoder(drop='first', handle_unknown='ignore', sparse_output=False), 'estimator__preprocessor__nominal_pipeline__nominal__categories': 'auto', 'estimator__preprocessor__nominal_pipeline__nominal__drop': 'first', 'estimator__preprocessor__nominal_pipeline__nominal__dtype': <class 'numpy.float64'>, 'estimator__preprocessor__nominal_pipeline__nominal__feature_name_combiner': 'concat', 'estimator__preprocessor__nominal_pipeline__nominal__handle_unknown': 'ignore', 'estimator__preprocessor__nominal_pipeline__nominal__max_categories': None, 'estimator__preprocessor__nominal_pipeline__nominal__min_frequency': None, 'estimator__preprocessor__nominal_pipeline__nominal__sparse_output': False, 'estimator__smote__k_neighbors': 5, 'estimator__smote__random_state': 42, 'estimator__smote__sampling_strategy': 0.3, 'estimator__classifier__objective': 'binary:logistic', 'estimator__classifier__base_score': None, 'estimator__classifier__booster': None, 'estimator__classifier__callbacks': None, 'estimator__classifier__colsample_bylevel': None, 'estimator__classifier__colsample_bynode': None, 'estimator__classifier__colsample_bytree': 0.8, 'estimator__classifier__device': None, 'estimator__classifier__early_stopping_rounds': None, 'estimator__classifier__enable_categorical': False, 'estimator__classifier__eval_metric': 'aucpr', 'estimator__classifier__feature_types': None, 'estimator__classifier__gamma': None, 'estimator__classifier__grow_policy': None, 'estimator__classifier__importance_type': None, 'estimator__classifier__interaction_constraints': None, 'estimator__classifier__learning_rate': 0.05, 'estimator__classifier__max_bin': None, 'estimator__classifier__max_cat_threshold': None, 'estimator__classifier__max_cat_to_onehot': None, 'estimator__classifier__max_delta_step': None, 'estimator__classifier__max_depth': 6, 'estimator__classifier__max_leaves': None, 'estimator__classifier__min_child_weight': None, 'estimator__classifier__missing': nan, 'estimator__classifier__monotone_constraints': None, 'estimator__classifier__multi_strategy': None, 'estimator__classifier__n_estimators': 200, 'estimator__classifier__n_jobs': None, 'estimator__classifier__num_parallel_tree': None, 'estimator__classifier__random_state': 42, 'estimator__classifier__reg_alpha': None, 'estimator__classifier__reg_lambda': None, 'estimator__classifier__sampling_method': None, 'estimator__classifier__scale_pos_weight': None, 'estimator__classifier__subsample': 0.8, 'estimator__classifier__tree_method': None, 'estimator__classifier__validate_parameters': None, 'estimator__classifier__verbosity': None, 'estimator': Pipeline(steps=[('preprocessor',
                 ColumnTransformer(transformers=[('numeric_feature_pipeline',
                                                  Pipeline(steps=[('imputer',
                                                                   SimpleImputer(strategy='median')),
                                                                  ('scale',
                                                                   StandardScaler())]),
                                                  ['WND_direction_angle',
                                                   'WND_speed_rate',
                                                   'CIG_ceiling_height',
                                                   'VIS_distance',
                                                   'TMP_air_temperature',
                                                   'DEW_dew_point',
                                                   'SLP_sea_level_pressure']),
                                                 ('binary_pipeline',
                                                  Pipeline...
                               feature_types=None, gamma=None, grow_policy=None,
                               importance_type=None,
                               interaction_constraints=None, learning_rate=0.05,
                               max_bin=None, max_cat_threshold=None,
                               max_cat_to_onehot=None, max_delta_step=None,
                               max_depth=6, max_leaves=None,
                               min_child_weight=None, missing=nan,
                               monotone_constraints=None, multi_strategy=None,
                               n_estimators=200, n_jobs=None,
                               num_parallel_tree=None, random_state=42, ...))]), 'method': 'isotonic', 'n_jobs': None}",0.020142235967796296,0.019554007214363216,0.07451564828614009,0.08547008547008547,0.04926108374384237,0.8741394257901578,0.002158568131690761
