STATION,LATITUDE,LONGITUDE,ELEVATION,DATE,WND_direction_angle,WND_direction_quality_code,WND_type_code,WND_speed_rate,WND_speed_quality_code,CIG_ceiling_height,CIG_ceiling_quality_code,CIG_ceiling_determination_code,CIG_cavok_code,VIS_distance,VIS_distance_quality_code,VIS_variability_code,VIS_variability_quality_code,TMP_air_temperature,TMP_air_temperature_quality_code,DEW_dew_point,DEW_dew_point_quality_code,SLP_sea_level_pressure,SLP_sea_level_pressure_quality_code,TORNADO_OCCURRENCE,TORNADO_BEGIN_DATE_TIME
99999903948,35.25,-97.46667,360.3,2002-09-02 05:59:00,999,9,9,9999,9,99999,9,9,9,999999,9,9,9,9999,9,9999,9,99999,9,False,
99999903948,35.25,-97.46667,360.3,2002-09-03 05:59:00,999,9,9,9999,9,99999,9,9,9,999999,9,9,9,9999,9,9999,9,99999,9,False,
99999903948,35.25,-97.46667,360.3,2002-09-04 05:59:00,999,9,9,9999,9,99999,9,9,9,999999,9,9,9,9999,9,9999,9,99999,9,False,
99999903948,35.25,-97.46667,360.3,2002-09-05 05:59:00,999,9,9,9999,9,99999,9,9,9,999999,9,9,9,9999,9,9999,9,99999,9,False,
99999903948,35.25,-97.46667,360.3,2002-09-06 05:59:00,999,9,9,9999,9,99999,9,9,9,999999,9,9,9,9999,9,9999,9,99999,9,False,
99999903948,35.25,-97.46667,360.3,2002-09-07 05:59:00,999,9,9,9999,9,99999,9,9,9,999999,9,9,9,9999,9,9999,9,99999,9,False,
99999903948,35.25,-97.46667,360.3,2002-09-08 05:59:00,999,9,9,9999,9,99999,9,9,9,999999,9,9,9,9999,9,9999,9,99999,9,False,
99999903948,35.25,-97.46667,360.3,2002-09-09 05:59:00,999,9,9,9999,9,99999,9,9,9,999999,9,9,9,9999,9,9999,9,99999,9,False,
99999903948,35.25,-97.46667,360.3,2002-09-10 05:59:00,999,9,9,9999,9,99999,9,9,9,999999,9,9,9,9999,9,9999,9,99999,9,False,
99999903948,35.25,-97.46667,360.3,2002-09-11 05:59:00,999,9,9,9999,9,99999,9,9,9,999999,9,9,9,9999,9,9999,9,99999,9,False,
99999903948,35.25,-97.46667,360.3,2002-09-12 05:59:00,999,9,9,9999,9,99999,9,9,9,999999,9,9,9,9999,9,9999,9,99999,9,False,
99999903948,35.25,-97.46667,360.3,2002-09-13 05:59:00,999,9,9,9999,9,99999,9,9,9,999999,9,9,9,9999,9,9999,9,99999,9,False,
99999903948,35.25,-97.46667,360.3,2002-09-14 05:59:00,999,9,9,9999,9,99999,9,9,9,999999,9,9,9,9999,9,9999,9,99999,9,False,
99999903948,35.25,-97.46667,360.3,2002-09-15 05:59:00,999,9,9,9999,9,99999,9,9,9,999999,9,9,9,9999,9,9999,9,99999,9,False,
99999903948,35.25,-97.46667,360.3,2002-09-16 05:59:00,999,9,9,9999,9,99999,9,9,9,999999,9,9,9,9999,9,9999,9,99999,9,False,
99999903948,35.25,-97.46667,360.3,2002-09-17 05:59:00,999,9,9,9999,9,99999,9,9,9,999999,9,9,9,9999,9,9999,9,99999,9,False,
99999903948,35.25,-97.46667,360.3,2002-09-18 05:59:00,999,9,9,9999,9,99999,9,9,9,999999,9,9,9,9999,9,9999,9,99999,9,False,
99999903948,35.25,-97.46667,360.3,2002-09-19 05:59:00,999,9,9,9999,9,99999,9,9,9,999999,9,9,9,9999,9,9999,9,99999,9,False,
99999903948,35.25,-97.46667,360.3,2002-09-20 05:59:00,999,9,9,9999,9,99999,9,9,9,999999,9,9,9,9999,9,9999,9,99999,9,False,
99999903948,35.25,-97.46667,360.3,2002-09-21 05:59:00,999,9,9,9999,9,99999,9,9,9,999999,9,9,9,9999,9,9999,9,99999,9,False,
99999903948,35.25,-97.46667,360.3,2002-09-22 05:59:00,999,9,9,9999,9,99999,9,9,9,999999,9,9,9,9999,9,9999,9,99999,9,False,
99999903948,35.25,-97.46667,360.3,2002-09-23 05:59:00,999,9,9,9999,9,99999,9,9,9,999999,9,9,9,9999,9,9999,9,99999,9,False,
99999903948,35.25,-97.46667,360.3,2002-09-24 05:59:00,999,9,9,9999,9,99999,9,9,9,999999,9,9,9,9999,9,9999,9,99999,9,False,
99999903948,35.25,-97.46667,360.3,2002-09-25 05:59:00,999,9,9,9999,9,99999,9,9,9,999999,9,9,9,9999,9,9999,9,99999,9,False,
99999903948,35.25,-97.46667,360.3,2002-09-26 05:59:00,999,9,9,9999,9,99999,9,9,9,999999,9,9,9,9999,9,9999,9,99999,9,False,
99999903948,35.25,-97.46667,360.3,2002-09-27 05:59:00,999,9,9,9999,9,99999,9,9,9,999999,9,9,9,9999,9,9999,9,99999,9,False,
99999903948,35.25,-97.46667,360.3,2002-09-28 05:59:00,999,9,9,9999,9,99999,9,9,9,999999,9,9,9,9999,9,9999,9,99999,9,False,
99999903948,35.25,-97.46667,360.3,2002-09-29 05:59:00,999,9,9,9999,9,99999,9,9,9,999999,9,9,9,9999,9,9999,9,99999,9,False,
99999903948,35.25,-97.46667,360.3,2002-09-30 05:59:00,999,9,9,9999,9,99999,9,9,9,999999,9,9,9,9999,9,9999,9,99999,9,False,
99999903948,35.25,-97.46667,360.3,2002-10-01 05:59:00,999,9,9,9999,9,99999,9,9,9,999999,9,9,9,9999,9,9999,9,99999,9,False,
99999903948,35.25,-97.46667,360.3,2002-10-01 05:59:00,999,9,9,9999,9,99999,9,9,9,999999,9,9,9,9999,9,9999,9,99999,9,False,
99999903948,35.25,-97.46667,360.3,2002-10-02 05:59:00,999,9,9,9999,9,99999,9,9,9,999999,9,9,9,9999,9,9999,9,99999,9,False,
99999903948,35.25,-97.46667,360.3,2002-10-03 05:59:00,999,9,9,9999,9,99999,9,9,9,999999,9,9,9,9999,9,9999,9,99999,9,False,
99999903948,35.25,-97.46667,360.3,2002-10-04 05:59:00,999,9,9,9999,9,99999,9,9,9,999999,9,9,9,9999,9,9999,9,99999,9,False,
99999903948,35.25,-97.46667,360.3,2002-10-05 05:59:00,999,9,9,9999,9,99999,9,9,9,999999,9,9,9,9999,9,9999,9,99999,9,False,
99999903948,35.25,-97.46667,360.3,2002-10-06 05:59:00,999,9,9,9999,9,99999,9,9,9,999999,9,9,9,9999,9,9999,9,99999,9,False,
99999903948,35.25,-97.46667,360.3,2002-10-07 05:59:00,999,9,9,9999,9,99999,9,9,9,999999,9,9,9,9999,9,9999,9,99999,9,False,
99999903948,35.25,-97.46667,360.3,2002-10-08 05:59:00,999,9,9,9999,9,99999,9,9,9,999999,9,9,9,9999,9,9999,9,99999,9,False,
99999903948,35.25,-97.46667,360.3,2002-10-09 05:59:00,999,9,9,9999,9,99999,9,9,9,999999,9,9,9,9999,9,9999,9,99999,9,False,
99999903948,35.25,-97.46667,360.3,2002-10-10 05:59:00,999,9,9,9999,9,99999,9,9,9,999999,9,9,9,9999,9,9999,9,99999,9,False,
99999903948,35.25,-97.46667,360.3,2002-10-11 05:59:00,999,9,9,9999,9,99999,9,9,9,999999,9,9,9,9999,9,9999,9,99999,9,False,
99999903948,35.25,-97.46667,360.3,2002-10-12 05:59:00,999,9,9,9999,9,99999,9,9,9,999999,9,9,9,9999,9,9999,9,99999,9,False,
99999903948,35.25,-97.46667,360.3,2002-10-13 05:59:00,999,9,9,9999,9,99999,9,9,9,999999,9,9,9,9999,9,9999,9,99999,9,False,
99999903948,35.25,-97.46667,360.3,2002-10-14 05:59:00,999,9,9,9999,9,99999,9,9,9,999999,9,9,9,9999,9,9999,9,99999,9,False,
99999903948,35.25,-97.46667,360.3,2002-10-15 05:59:00,999,9,9,9999,9,99999,9,9,9,999999,9,9,9,9999,9,9999,9,99999,9,False,
99999903948,35.25,-97.46667,360.3,2002-10-16 05:59:00,999,9,9,9999,9,99999,9,9,9,999999,9,9,9,9999,9,9999,9,99999,9,False,
99999903948,35.25,-97.46667,360.3,2002-10-17 05:59:00,999,9,9,9999,9,99999,9,9,9,999999,9,9,9,9999,9,9999,9,99999,9,False,
99999903948,35.25,-97.46667,360.3,2002-10-18 05:59:00,999,9,9,9999,9,99999,9,9,9,999999,9,9,9,9999,9,9999,9,99999,9,False,
99999903948,35.25,-97.46667,360.3,2002-10-19 05:59:00,999,9,9,9999,9,99999,9,9,9,999999,9,9,9,9999,9,9999,9,99999,9,False,
99999903948,35.25,-97.46667,360.3,2002-10-20 05:59:00,999,9,9,9999,9,99999,9,9,9,999999,9,9,9,9999,9,9999,9,99999,9,False,
99999903948,35.25,-97.46667,360.3,2002-10-21 05:59:00,999,9,9,9999,9,99999,9,9,9,999999,9,9,9,9999,9,9999,9,99999,9,False,
99999903948,35.25,-97.46667,360.3,2002-10-22 05:59:00,999,9,9,9999,9,99999,9,9,9,999999,9,9,9,9999,9,9999,9,99999,9,False,
99999903948,35.25,-97.46667,360.3,2002-10-23 05:59:00,999,9,9,9999,9,99999,9,9,9,999999,9,9,9,9999,9,9999,9,99999,9,False,
99999903948,35.25,-97.46667,360.3,2002-10-24 05:59:00,999,9,9,9999,9,99999,9,9,9,999999,9,9,9,9999,9,9999,9,99999,9,False,
99999903948,35.25,-97.46667,360.3,2002-10-25 05:59:00,999,9,9,9999,9,99999,9,9,9,999999,9,9,9,9999,9,9999,9,99999,9,False,
99999903948,35.25,-97.46667,360.3,2002-10-26 05:59:00,999,9,9,9999,9,99999,9,9,9,999999,9,9,9,9999,9,9999,9,99999,9,False,
99999903948,35.25,-97.46667,360.3,2002-10-27 05:59:00,999,9,9,9999,9,99999,9,9,9,999999,9,9,9,9999,9,9999,9,99999,9,False,
99999903948,35.25,-97.46667,360.3,2002-10-28 05:59:00,999,9,9,9999,9,99999,9,9,9,999999,9,9,9,9999,9,9999,9,99999,9,False,
99999903948,35.25,-97.46667,360.3,2002-10-29 05:59:00,999,9,9,9999,9,99999,9,9,9,999999,9,9,9,9999,9,9999,9,99999,9,False,
99999903948,35.25,-97.46667,360.3,2002-10-30 05:59:00,999,9,9,9999,9,99999,9,9,9,999999,9,9,9,9999,9,9999,9,99999,9,False,
99999903948,35.25,-97.46667,360.3,2002-10-31 05:59:00,999,9,9,9999,9,99999,9,9,9,999999,9,9,9,9999,9,9999,9,99999,9,False,
99999903948,35.25,-97.46667,360.3,2002-11-01 05:59:00,999,9,9,9999,9,99999,9,9,9,999999,9,9,9,9999,9,9999,9,99999,9,False,
99999903948,35.25,-97.46667,360.3,2002-11-01 05:59:00,999,9,9,9999,9,99999,9,9,9,999999,9,9,9,9999,9,9999,9,99999,9,False,
99999903948,35.25,-97.46667,360.3,2002-11-02 05:59:00,999,9,9,9999,9,99999,9,9,9,999999,9,9,9,9999,9,9999,9,99999,9,False,
99999903948,35.25,-97.46667,360.3,2002-11-03 05:59:00,999,9,9,9999,9,99999,9,9,9,999999,9,9,9,9999,9,9999,9,99999,9,False,
99999903948,35.25,-97.46667,360.3,2002-11-04 05:59:00,999,9,9,9999,9,99999,9,9,9,999999,9,9,9,9999,9,9999,9,99999,9,False,
99999903948,35.25,-97.46667,360.3,2002-11-05 05:59:00,999,9,9,9999,9,99999,9,9,9,999999,9,9,9,9999,9,9999,9,99999,9,False,
99999903948,35.25,-97.46667,360.3,2002-11-06 05:59:00,999,9,9,9999,9,99999,9,9,9,999999,9,9,9,9999,9,9999,9,99999,9,False,
99999903948,35.25,-97.46667,360.3,2002-11-07 05:59:00,999,9,9,9999,9,99999,9,9,9,999999,9,9,9,9999,9,9999,9,99999,9,False,
99999903948,35.25,-97.46667,360.3,2002-11-08 05:59:00,999,9,9,9999,9,99999,9,9,9,999999,9,9,9,9999,9,9999,9,99999,9,False,
99999903948,35.25,-97.46667,360.3,2002-11-09 05:59:00,999,9,9,9999,9,99999,9,9,9,999999,9,9,9,9999,9,9999,9,99999,9,False,
99999903948,35.25,-97.46667,360.3,2002-11-10 05:59:00,999,9,9,9999,9,99999,9,9,9,999999,9,9,9,9999,9,9999,9,99999,9,False,
99999903948,35.25,-97.46667,360.3,2002-11-11 05:59:00,999,9,9,9999,9,99999,9,9,9,999999,9,9,9,9999,9,9999,9,99999,9,False,
99999903948,35.25,-97.46667,360.3,2002-11-12 05:59:00,999,9,9,9999,9,99999,9,9,9,999999,9,9,9,9999,9,9999,9,99999,9,False,
99999903948,35.25,-97.46667,360.3,2002-11-13 05:59:00,999,9,9,9999,9,99999,9,9,9,999999,9,9,9,9999,9,9999,9,99999,9,False,
99999903948,35.25,-97.46667,360.3,2002-11-14 05:59:00,999,9,9,9999,9,99999,9,9,9,999999,9,9,9,9999,9,9999,9,99999,9,False,
99999903948,35.25,-97.46667,360.3,2002-11-15 05:59:00,999,9,9,9999,9,99999,9,9,9,999999,9,9,9,9999,9,9999,9,99999,9,False,
99999903948,35.25,-97.46667,360.3,2002-11-16 05:59:00,999,9,9,9999,9,99999,9,9,9,999999,9,9,9,9999,9,9999,9,99999,9,False,
99999903948,35.25,-97.46667,360.3,2002-11-17 05:59:00,999,9,9,9999,9,99999,9,9,9,999999,9,9,9,9999,9,9999,9,99999,9,False,
99999903948,35.25,-97.46667,360.3,2002-11-18 05:59:00,999,9,9,9999,9,99999,9,9,9,999999,9,9,9,9999,9,9999,9,99999,9,False,
99999903948,35.25,-97.46667,360.3,2002-11-19 05:59:00,999,9,9,9999,9,99999,9,9,9,999999,9,9,9,9999,9,9999,9,99999,9,False,
99999903948,35.25,-97.46667,360.3,2002-11-20 05:59:00,999,9,9,9999,9,99999,9,9,9,999999,9,9,9,9999,9,9999,9,99999,9,False,
99999903948,35.25,-97.46667,360.3,2002-11-21 05:59:00,999,9,9,9999,9,99999,9,9,9,999999,9,9,9,9999,9,9999,9,99999,9,False,
99999903948,35.25,-97.46667,360.3,2002-11-22 05:59:00,999,9,9,9999,9,99999,9,9,9,999999,9,9,9,9999,9,9999,9,99999,9,False,
99999903948,35.25,-97.46667,360.3,2002-11-23 05:59:00,999,9,9,9999,9,99999,9,9,9,999999,9,9,9,9999,9,9999,9,99999,9,False,
99999903948,35.25,-97.46667,360.3,2002-11-24 05:59:00,999,9,9,9999,9,99999,9,9,9,999999,9,9,9,9999,9,9999,9,99999,9,False,
99999903948,35.25,-97.46667,360.3,2002-11-25 05:59:00,999,9,9,9999,9,99999,9,9,9,999999,9,9,9,9999,9,9999,9,99999,9,False,
99999903948,35.25,-97.46667,360.3,2002-11-26 05:59:00,999,9,9,9999,9,99999,9,9,9,999999,9,9,9,9999,9,9999,9,99999,9,False,
99999903948,35.25,-97.46667,360.3,2002-11-27 05:59:00,999,9,9,9999,9,99999,9,9,9,999999,9,9,9,9999,9,9999,9,99999,9,False,
99999903948,35.25,-97.46667,360.3,2002-11-28 05:59:00,999,9,9,9999,9,99999,9,9,9,999999,9,9,9,9999,9,9999,9,99999,9,False,
99999903948,35.25,-97.46667,360.3,2002-11-29 05:59:00,999,9,9,9999,9,99999,9,9,9,999999,9,9,9,9999,9,9999,9,99999,9,False,
99999903948,35.25,-97.46667,360.3,2002-11-30 05:59:00,999,9,9,9999,9,99999,9,9,9,999999,9,9,9,9999,9,9999,9,99999,9,False,
99999903948,35.25,-97.46667,360.3,2002-12-01 05:59:00,999,9,9,9999,9,99999,9,9,9,999999,9,9,9,9999,9,9999,9,99999,9,False,
99999903948,35.25,-97.46667,360.3,2002-12-01 05:59:00,999,9,9,9999,9,99999,9,9,9,999999,9,9,9,9999,9,9999,9,99999,9,False,
99999903948,35.25,-97.46667,360.3,2004-01-02 05:59:00,999,9,9,9999,9,99999,9,9,9,999999,9,9,9,9999,9,9999,9,99999,9,False,
99999903948,35.25,-97.46667,360.3,2004-01-03 05:59:00,999,9,9,9999,9,99999,9,9,9,999999,9,9,9,9999,9,9999,9,99999,9,False,
99999903948,35.25,-97.46667,360.3,2004-01-04 05:59:00,999,9,9,9999,9,99999,9,9,9,999999,9,9,9,9999,9,9999,9,99999,9,False,
99999903948,35.25,-97.46667,360.3,2004-01-05 05:59:00,999,9,9,9999,9,99999,9,9,9,999999,9,9,9,9999,9,9999,9,99999,9,False,
99999903948,35.25,-97.46667,360.3,2004-01-06 05:59:00,999,9,9,9999,9,99999,9,9,9,999999,9,9,9,9999,9,9999,9,99999,9,False,
99999903948,35.25,-97.46667,360.3,2004-01-07 05:59:00,999,9,9,9999,9,99999,9,9,9,999999,9,9,9,9999,9,9999,9,99999,9,False,
99999903948,35.25,-97.46667,360.3,2004-01-08 05:59:00,999,9,9,9999,9,99999,9,9,9,999999,9,9,9,9999,9,9999,9,99999,9,False,
99999903948,35.25,-97.46667,360.3,2004-01-09 05:59:00,999,9,9,9999,9,99999,9,9,9,999999,9,9,9,9999,9,9999,9,99999,9,False,
99999903948,35.25,-97.46667,360.3,2004-01-10 05:59:00,999,9,9,9999,9,99999,9,9,9,999999,9,9,9,9999,9,9999,9,99999,9,False,
99999903948,35.25,-97.46667,360.3,2004-01-11 05:59:00,999,9,9,9999,9,99999,9,9,9,999999,9,9,9,9999,9,9999,9,99999,9,False,
99999903948,35.25,-97.46667,360.3,2004-01-12 05:59:00,999,9,9,9999,9,99999,9,9,9,999999,9,9,9,9999,9,9999,9,99999,9,False,
99999903948,35.25,-97.46667,360.3,2004-01-13 05:59:00,999,9,9,9999,9,99999,9,9,9,999999,9,9,9,9999,9,9999,9,99999,9,False,
99999903948,35.25,-97.46667,360.3,2004-01-14 05:59:00,999,9,9,9999,9,99999,9,9,9,999999,9,9,9,9999,9,9999,9,99999,9,False,
99999903948,35.25,-97.46667,360.3,2004-01-15 05:59:00,999,9,9,9999,9,99999,9,9,9,999999,9,9,9,9999,9,9999,9,99999,9,False,
99999903948,35.25,-97.46667,360.3,2004-01-16 05:59:00,999,9,9,9999,9,99999,9,9,9,999999,9,9,9,9999,9,9999,9,99999,9,False,
99999903948,35.25,-97.46667,360.3,2004-01-17 05:59:00,999,9,9,9999,9,99999,9,9,9,999999,9,9,9,9999,9,9999,9,99999,9,False,
99999903948,35.25,-97.46667,360.3,2004-01-18 05:59:00,999,9,9,9999,9,99999,9,9,9,999999,9,9,9,9999,9,9999,9,99999,9,False,
99999903948,35.25,-97.46667,360.3,2004-01-19 05:59:00,999,9,9,9999,9,99999,9,9,9,999999,9,9,9,9999,9,9999,9,99999,9,False,
99999903948,35.25,-97.46667,360.3,2004-01-20 05:59:00,999,9,9,9999,9,99999,9,9,9,999999,9,9,9,9999,9,9999,9,99999,9,False,
99999903948,35.25,-97.46667,360.3,2004-01-21 05:59:00,999,9,9,9999,9,99999,9,9,9,999999,9,9,9,9999,9,9999,9,99999,9,False,
99999903948,35.25,-97.46667,360.3,2004-01-22 05:59:00,999,9,9,9999,9,99999,9,9,9,999999,9,9,9,9999,9,9999,9,99999,9,False,
99999903948,35.25,-97.46667,360.3,2004-01-23 05:59:00,999,9,9,9999,9,99999,9,9,9,999999,9,9,9,9999,9,9999,9,99999,9,False,
99999903948,35.25,-97.46667,360.3,2004-01-24 05:59:00,999,9,9,9999,9,99999,9,9,9,999999,9,9,9,9999,9,9999,9,99999,9,False,
99999903948,35.25,-97.46667,360.3,2004-01-25 05:59:00,999,9,9,9999,9,99999,9,9,9,999999,9,9,9,9999,9,9999,9,99999,9,False,
99999903948,35.25,-97.46667,360.3,2004-01-26 05:59:00,999,9,9,9999,9,99999,9,9,9,999999,9,9,9,9999,9,9999,9,99999,9,False,
99999903948,35.25,-97.46667,360.3,2004-01-27 05:59:00,999,9,9,9999,9,99999,9,9,9,999999,9,9,9,9999,9,9999,9,99999,9,False,
99999903948,35.25,-97.46667,360.3,2004-01-28 05:59:00,999,9,9,9999,9,99999,9,9,9,999999,9,9,9,9999,9,9999,9,99999,9,False,
99999903948,35.25,-97.46667,360.3,2004-01-29 05:59:00,999,9,9,9999,9,99999,9,9,9,999999,9,9,9,9999,9,9999,9,99999,9,False,
99999903948,35.25,-97.46667,360.3,2004-01-30 05:59:00,999,9,9,9999,9,99999,9,9,9,999999,9,9,9,9999,9,9999,9,99999,9,False,
99999903948,35.25,-97.46667,360.3,2004-01-31 05:59:00,999,9,9,9999,9,99999,9,9,9,999999,9,9,9,9999,9,9999,9,99999,9,False,
99999903948,35.25,-97.46667,360.3,2004-02-01 05:59:00,999,9,9,9999,9,99999,9,9,9,999999,9,9,9,9999,9,9999,9,99999,9,False,
99999903948,35.25,-97.46667,360.3,2004-02-01 05:59:00,999,9,9,9999,9,99999,9,9,9,999999,9,9,9,9999,9,9999,9,99999,9,False,
99999903948,35.25,-97.46667,360.3,2004-02-02 05:59:00,999,9,9,9999,9,99999,9,9,9,999999,9,9,9,9999,9,9999,9,99999,9,False,
99999903948,35.25,-97.46667,360.3,2004-02-03 05:59:00,999,9,9,9999,9,99999,9,9,9,999999,9,9,9,9999,9,9999,9,99999,9,False,
99999903948,35.25,-97.46667,360.3,2004-02-04 05:59:00,999,9,9,9999,9,99999,9,9,9,999999,9,9,9,9999,9,9999,9,99999,9,False,
99999903948,35.25,-97.46667,360.3,2004-02-05 05:59:00,999,9,9,9999,9,99999,9,9,9,999999,9,9,9,9999,9,9999,9,99999,9,False,
99999903948,35.25,-97.46667,360.3,2004-02-06 05:59:00,999,9,9,9999,9,99999,9,9,9,999999,9,9,9,9999,9,9999,9,99999,9,False,
99999903948,35.25,-97.46667,360.3,2004-02-07 05:59:00,999,9,9,9999,9,99999,9,9,9,999999,9,9,9,9999,9,9999,9,99999,9,False,
99999903948,35.25,-97.46667,360.3,2004-02-08 05:59:00,999,9,9,9999,9,99999,9,9,9,999999,9,9,9,9999,9,9999,9,99999,9,False,
99999903948,35.25,-97.46667,360.3,2004-02-09 05:59:00,999,9,9,9999,9,99999,9,9,9,999999,9,9,9,9999,9,9999,9,99999,9,False,
99999903948,35.25,-97.46667,360.3,2004-02-10 05:59:00,999,9,9,9999,9,99999,9,9,9,999999,9,9,9,9999,9,9999,9,99999,9,False,
99999903948,35.25,-97.46667,360.3,2004-02-11 05:59:00,999,9,9,9999,9,99999,9,9,9,999999,9,9,9,9999,9,9999,9,99999,9,False,
99999903948,35.25,-97.46667,360.3,2004-02-12 05:59:00,999,9,9,9999,9,99999,9,9,9,999999,9,9,9,9999,9,9999,9,99999,9,False,
99999903948,35.25,-97.46667,360.3,2004-02-13 05:59:00,999,9,9,9999,9,99999,9,9,9,999999,9,9,9,9999,9,9999,9,99999,9,False,
99999903948,35.25,-97.46667,360.3,2004-02-14 05:59:00,999,9,9,9999,9,99999,9,9,9,999999,9,9,9,9999,9,9999,9,99999,9,False,
99999903948,35.25,-97.46667,360.3,2004-02-15 05:59:00,999,9,9,9999,9,99999,9,9,9,999999,9,9,9,9999,9,9999,9,99999,9,False,
99999903948,35.25,-97.46667,360.3,2004-02-16 05:59:00,999,9,9,9999,9,99999,9,9,9,999999,9,9,9,9999,9,9999,9,99999,9,False,
99999903948,35.25,-97.46667,360.3,2004-02-17 05:59:00,999,9,9,9999,9,99999,9,9,9,999999,9,9,9,9999,9,9999,9,99999,9,False,
99999903948,35.25,-97.46667,360.3,2004-02-18 05:59:00,999,9,9,9999,9,99999,9,9,9,999999,9,9,9,9999,9,9999,9,99999,9,False,
99999903948,35.25,-97.46667,360.3,2004-02-19 05:59:00,999,9,9,9999,9,99999,9,9,9,999999,9,9,9,9999,9,9999,9,99999,9,False,
99999903948,35.25,-97.46667,360.3,2004-02-20 05:59:00,999,9,9,9999,9,99999,9,9,9,999999,9,9,9,9999,9,9999,9,99999,9,False,
99999903948,35.25,-97.46667,360.3,2004-02-21 05:59:00,999,9,9,9999,9,99999,9,9,9,999999,9,9,9,9999,9,9999,9,99999,9,False,
99999903948,35.25,-97.46667,360.3,2004-02-22 05:59:00,999,9,9,9999,9,99999,9,9,9,999999,9,9,9,9999,9,9999,9,99999,9,False,
99999903948,35.25,-97.46667,360.3,2004-02-23 05:59:00,999,9,9,9999,9,99999,9,9,9,999999,9,9,9,9999,9,9999,9,99999,9,False,
99999903948,35.25,-97.46667,360.3,2004-02-24 05:59:00,999,9,9,9999,9,99999,9,9,9,999999,9,9,9,9999,9,9999,9,99999,9,False,
99999903948,35.25,-97.46667,360.3,2004-02-25 05:59:00,999,9,9,9999,9,99999,9,9,9,999999,9,9,9,9999,9,9999,9,99999,9,False,
99999903948,35.25,-97.46667,360.3,2004-02-26 05:59:00,999,9,9,9999,9,99999,9,9,9,999999,9,9,9,9999,9,9999,9,99999,9,False,
99999903948,35.25,-97.46667,360.3,2004-02-27 05:59:00,999,9,9,9999,9,99999,9,9,9,999999,9,9,9,9999,9,9999,9,99999,9,False,
99999903948,35.25,-97.46667,360.3,2004-02-28 05:59:00,999,9,9,9999,9,99999,9,9,9,999999,9,9,9,9999,9,9999,9,99999,9,False,
99999903948,35.25,-97.46667,360.3,2004-03-01 05:59:00,999,9,9,9999,9,99999,9,9,9,999999,9,9,9,9999,9,9999,9,99999,9,False,
99999903948,35.25,-97.46667,360.3,2004-03-01 05:59:00,999,9,9,9999,9,99999,9,9,9,999999,9,9,9,9999,9,9999,9,99999,9,False,
99999903948,35.25,-97.46667,360.3,2004-03-02 05:59:00,999,9,9,9999,9,99999,9,9,9,999999,9,9,9,9999,9,9999,9,99999,9,False,
99999903948,35.25,-97.46667,360.3,2004-03-03 05:59:00,999,9,9,9999,9,99999,9,9,9,999999,9,9,9,9999,9,9999,9,99999,9,False,
99999903948,35.25,-97.46667,360.3,2004-03-04 05:59:00,999,9,9,9999,9,99999,9,9,9,999999,9,9,9,9999,9,9999,9,99999,9,False,
99999903948,35.25,-97.46667,360.3,2004-03-05 05:59:00,999,9,9,9999,9,99999,9,9,9,999999,9,9,9,9999,9,9999,9,99999,9,False,
99999903948,35.25,-97.46667,360.3,2004-03-06 05:59:00,999,9,9,9999,9,99999,9,9,9,999999,9,9,9,9999,9,9999,9,99999,9,False,
99999903948,35.25,-97.46667,360.3,2004-03-07 05:59:00,999,9,9,9999,9,99999,9,9,9,999999,9,9,9,9999,9,9999,9,99999,9,False,
99999903948,35.25,-97.46667,360.3,2004-03-08 05:59:00,999,9,9,9999,9,99999,9,9,9,999999,9,9,9,9999,9,9999,9,99999,9,False,
99999903948,35.25,-97.46667,360.3,2004-03-09 05:59:00,999,9,9,9999,9,99999,9,9,9,999999,9,9,9,9999,9,9999,9,99999,9,False,
99999903948,35.25,-97.46667,360.3,2004-03-10 05:59:00,999,9,9,9999,9,99999,9,9,9,999999,9,9,9,9999,9,9999,9,99999,9,False,
99999903948,35.25,-97.46667,360.3,2004-03-11 05:59:00,999,9,9,9999,9,99999,9,9,9,999999,9,9,9,9999,9,9999,9,99999,9,False,
99999903948,35.25,-97.46667,360.3,2004-03-12 05:59:00,999,9,9,9999,9,99999,9,9,9,999999,9,9,9,9999,9,9999,9,99999,9,False,
99999903948,35.25,-97.46667,360.3,2004-03-13 05:59:00,999,9,9,9999,9,99999,9,9,9,999999,9,9,9,9999,9,9999,9,99999,9,False,
99999903948,35.25,-97.46667,360.3,2004-03-14 05:59:00,999,9,9,9999,9,99999,9,9,9,999999,9,9,9,9999,9,9999,9,99999,9,False,
99999903948,35.25,-97.46667,360.3,2004-03-15 05:59:00,999,9,9,9999,9,99999,9,9,9,999999,9,9,9,9999,9,9999,9,99999,9,False,
99999903948,35.25,-97.46667,360.3,2004-03-16 05:59:00,999,9,9,9999,9,99999,9,9,9,999999,9,9,9,9999,9,9999,9,99999,9,False,
99999903948,35.25,-97.46667,360.3,2004-03-17 05:59:00,999,9,9,9999,9,99999,9,9,9,999999,9,9,9,9999,9,9999,9,99999,9,False,
99999903948,35.25,-97.46667,360.3,2004-03-18 05:59:00,999,9,9,9999,9,99999,9,9,9,999999,9,9,9,9999,9,9999,9,99999,9,False,
99999903948,35.25,-97.46667,360.3,2004-03-19 05:59:00,999,9,9,9999,9,99999,9,9,9,999999,9,9,9,9999,9,9999,9,99999,9,False,
99999903948,35.25,-97.46667,360.3,2004-03-20 05:59:00,999,9,9,9999,9,99999,9,9,9,999999,9,9,9,9999,9,9999,9,99999,9,False,
99999903948,35.25,-97.46667,360.3,2004-03-21 05:59:00,999,9,9,9999,9,99999,9,9,9,999999,9,9,9,9999,9,9999,9,99999,9,False,
99999903948,35.25,-97.46667,360.3,2004-03-22 05:59:00,999,9,9,9999,9,99999,9,9,9,999999,9,9,9,9999,9,9999,9,99999,9,False,
99999903948,35.25,-97.46667,360.3,2004-03-23 05:59:00,999,9,9,9999,9,99999,9,9,9,999999,9,9,9,9999,9,9999,9,99999,9,False,
99999903948,35.25,-97.46667,360.3,2004-03-24 05:59:00,999,9,9,9999,9,99999,9,9,9,999999,9,9,9,9999,9,9999,9,99999,9,False,
99999903948,35.25,-97.46667,360.3,2004-03-25 05:59:00,999,9,9,9999,9,99999,9,9,9,999999,9,9,9,9999,9,9999,9,99999,9,False,
99999903948,35.25,-97.46667,360.3,2004-03-26 05:59:00,999,9,9,9999,9,99999,9,9,9,999999,9,9,9,9999,9,9999,9,99999,9,False,
99999903948,35.25,-97.46667,360.3,2004-03-27 05:59:00,999,9,9,9999,9,99999,9,9,9,999999,9,9,9,9999,9,9999,9,99999,9,False,
99999903948,35.25,-97.46667,360.3,2004-03-28 05:59:00,999,9,9,9999,9,99999,9,9,9,999999,9,9,9,9999,9,9999,9,99999,9,False,
99999903948,35.25,-97.46667,360.3,2004-03-29 05:59:00,999,9,9,9999,9,99999,9,9,9,999999,9,9,9,9999,9,9999,9,99999,9,False,
99999903948,35.25,-97.46667,360.3,2004-03-30 05:59:00,999,9,9,9999,9,99999,9,9,9,999999,9,9,9,9999,9,9999,9,99999,9,False,
99999903948,35.25,-97.46667,360.3,2004-03-31 05:59:00,999,9,9,9999,9,99999,9,9,9,999999,9,9,9,9999,9,9999,9,99999,9,False,
99999903948,35.25,-97.46667,360.3,2004-04-01 05:59:00,999,9,9,9999,9,99999,9,9,9,999999,9,9,9,9999,9,9999,9,99999,9,False,
99999903948,35.25,-97.46667,360.3,2004-04-01 05:59:00,999,9,9,9999,9,99999,9,9,9,999999,9,9,9,9999,9,9999,9,99999,9,False,
99999903948,35.25,-97.46667,360.3,2004-04-02 05:59:00,999,9,9,9999,9,99999,9,9,9,999999,9,9,9,9999,9,9999,9,99999,9,False,
99999903948,35.25,-97.46667,360.3,2004-04-03 05:59:00,999,9,9,9999,9,99999,9,9,9,999999,9,9,9,9999,9,9999,9,99999,9,False,
99999903948,35.25,-97.46667,360.3,2004-04-04 05:59:00,999,9,9,9999,9,99999,9,9,9,999999,9,9,9,9999,9,9999,9,99999,9,False,
99999903948,35.25,-97.46667,360.3,2004-04-05 05:59:00,999,9,9,9999,9,99999,9,9,9,999999,9,9,9,9999,9,9999,9,99999,9,False,
99999903948,35.25,-97.46667,360.3,2004-04-06 05:59:00,999,9,9,9999,9,99999,9,9,9,999999,9,9,9,9999,9,9999,9,99999,9,False,
99999903948,35.25,-97.46667,360.3,2004-04-07 05:59:00,999,9,9,9999,9,99999,9,9,9,999999,9,9,9,9999,9,9999,9,99999,9,False,
99999903948,35.25,-97.46667,360.3,2004-04-08 05:59:00,999,9,9,9999,9,99999,9,9,9,999999,9,9,9,9999,9,9999,9,99999,9,False,
99999903948,35.25,-97.46667,360.3,2004-04-09 05:59:00,999,9,9,9999,9,99999,9,9,9,999999,9,9,9,9999,9,9999,9,99999,9,False,
99999903948,35.25,-97.46667,360.3,2004-04-10 05:59:00,999,9,9,9999,9,99999,9,9,9,999999,9,9,9,9999,9,9999,9,99999,9,False,
99999903948,35.25,-97.46667,360.3,2004-04-11 05:59:00,999,9,9,9999,9,99999,9,9,9,999999,9,9,9,9999,9,9999,9,99999,9,False,
99999903948,35.25,-97.46667,360.3,2004-04-12 05:59:00,999,9,9,9999,9,99999,9,9,9,999999,9,9,9,9999,9,9999,9,99999,9,False,
99999903948,35.25,-97.46667,360.3,2004-04-13 05:59:00,999,9,9,9999,9,99999,9,9,9,999999,9,9,9,9999,9,9999,9,99999,9,False,
99999903948,35.25,-97.46667,360.3,2004-04-14 05:59:00,999,9,9,9999,9,99999,9,9,9,999999,9,9,9,9999,9,9999,9,99999,9,False,
99999903948,35.25,-97.46667,360.3,2004-04-15 05:59:00,999,9,9,9999,9,99999,9,9,9,999999,9,9,9,9999,9,9999,9,99999,9,False,
99999903948,35.25,-97.46667,360.3,2004-04-16 05:59:00,999,9,9,9999,9,99999,9,9,9,999999,9,9,9,9999,9,9999,9,99999,9,False,
99999903948,35.25,-97.46667,360.3,2004-04-17 05:59:00,999,9,9,9999,9,99999,9,9,9,999999,9,9,9,9999,9,9999,9,99999,9,False,
99999903948,35.25,-97.46667,360.3,2004-04-18 05:59:00,999,9,9,9999,9,99999,9,9,9,999999,9,9,9,9999,9,9999,9,99999,9,False,
99999903948,35.25,-97.46667,360.3,2004-04-19 05:59:00,999,9,9,9999,9,99999,9,9,9,999999,9,9,9,9999,9,9999,9,99999,9,False,
99999903948,35.25,-97.46667,360.3,2004-04-20 05:59:00,999,9,9,9999,9,99999,9,9,9,999999,9,9,9,9999,9,9999,9,99999,9,False,
99999903948,35.25,-97.46667,360.3,2004-04-21 05:59:00,999,9,9,9999,9,99999,9,9,9,999999,9,9,9,9999,9,9999,9,99999,9,False,
99999903948,35.25,-97.46667,360.3,2004-04-22 05:59:00,999,9,9,9999,9,99999,9,9,9,999999,9,9,9,9999,9,9999,9,99999,9,False,
99999903948,35.25,-97.46667,360.3,2004-04-23 05:59:00,999,9,9,9999,9,99999,9,9,9,999999,9,9,9,9999,9,9999,9,99999,9,False,
99999903948,35.25,-97.46667,360.3,2004-04-24 05:59:00,999,9,9,9999,9,99999,9,9,9,999999,9,9,9,9999,9,9999,9,99999,9,False,
99999903948,35.25,-97.46667,360.3,2004-04-25 05:59:00,999,9,9,9999,9,99999,9,9,9,999999,9,9,9,9999,9,9999,9,99999,9,False,
99999903948,35.25,-97.46667,360.3,2004-04-26 05:59:00,999,9,9,9999,9,99999,9,9,9,999999,9,9,9,9999,9,9999,9,99999,9,False,
99999903948,35.25,-97.46667,360.3,2004-04-27 05:59:00,999,9,9,9999,9,99999,9,9,9,999999,9,9,9,9999,9,9999,9,99999,9,False,
99999903948,35.25,-97.46667,360.3,2004-04-28 05:59:00,999,9,9,9999,9,99999,9,9,9,999999,9,9,9,9999,9,9999,9,99999,9,False,
99999903948,35.25,-97.46667,360.3,2004-04-29 05:59:00,999,9,9,9999,9,99999,9,9,9,999999,9,9,9,9999,9,9999,9,99999,9,False,
99999903948,35.25,-97.46667,360.3,2004-04-30 05:59:00,999,9,9,9999,9,99999,9,9,9,999999,9,9,9,9999,9,9999,9,99999,9,False,
99999903948,35.25,-97.46667,360.3,2004-05-01 05:59:00,999,9,9,9999,9,99999,9,9,9,999999,9,9,9,9999,9,9999,9,99999,9,False,
99999903948,35.25,-97.46667,360.3,2004-05-01 05:59:00,999,9,9,9999,9,99999,9,9,9,999999,9,9,9,9999,9,9999,9,99999,9,False,
99999903948,35.25,-97.46667,360.3,2004-05-02 05:59:00,999,9,9,9999,9,99999,9,9,9,999999,9,9,9,9999,9,9999,9,99999,9,False,
99999903948,35.25,-97.46667,360.3,2004-05-03 05:59:00,999,9,9,9999,9,99999,9,9,9,999999,9,9,9,9999,9,9999,9,99999,9,False,
99999903948,35.25,-97.46667,360.3,2004-05-04 05:59:00,999,9,9,9999,9,99999,9,9,9,999999,9,9,9,9999,9,9999,9,99999,9,False,
99999903948,35.25,-97.46667,360.3,2004-05-05 05:59:00,999,9,9,9999,9,99999,9,9,9,999999,9,9,9,9999,9,9999,9,99999,9,False,
99999903948,35.25,-97.46667,360.3,2004-05-06 05:59:00,999,9,9,9999,9,99999,9,9,9,999999,9,9,9,9999,9,9999,9,99999,9,False,
99999903948,35.25,-97.46667,360.3,2004-05-07 05:59:00,999,9,9,9999,9,99999,9,9,9,999999,9,9,9,9999,9,9999,9,99999,9,False,
99999903948,35.25,-97.46667,360.3,2004-05-08 05:59:00,999,9,9,9999,9,99999,9,9,9,999999,9,9,9,9999,9,9999,9,99999,9,False,
99999903948,35.25,-97.46667,360.3,2004-05-09 05:59:00,999,9,9,9999,9,99999,9,9,9,999999,9,9,9,9999,9,9999,9,99999,9,False,
99999903948,35.25,-97.46667,360.3,2004-05-10 05:59:00,999,9,9,9999,9,99999,9,9,9,999999,9,9,9,9999,9,9999,9,99999,9,False,
99999903948,35.25,-97.46667,360.3,2004-05-11 05:59:00,999,9,9,9999,9,99999,9,9,9,999999,9,9,9,9999,9,9999,9,99999,9,False,
99999903948,35.25,-97.46667,360.3,2004-05-12 05:59:00,999,9,9,9999,9,99999,9,9,9,999999,9,9,9,9999,9,9999,9,99999,9,False,
99999903948,35.25,-97.46667,360.3,2004-05-13 05:59:00,999,9,9,9999,9,99999,9,9,9,999999,9,9,9,9999,9,9999,9,99999,9,False,
99999903948,35.25,-97.46667,360.3,2004-05-14 05:59:00,999,9,9,9999,9,99999,9,9,9,999999,9,9,9,9999,9,9999,9,99999,9,False,
99999903948,35.25,-97.46667,360.3,2004-05-15 05:59:00,999,9,9,9999,9,99999,9,9,9,999999,9,9,9,9999,9,9999,9,99999,9,False,
99999903948,35.25,-97.46667,360.3,2004-05-16 05:59:00,999,9,9,9999,9,99999,9,9,9,999999,9,9,9,9999,9,9999,9,99999,9,False,
99999903948,35.25,-97.46667,360.3,2004-05-17 05:59:00,999,9,9,9999,9,99999,9,9,9,999999,9,9,9,9999,9,9999,9,99999,9,False,
99999903948,35.25,-97.46667,360.3,2004-05-18 05:59:00,999,9,9,9999,9,99999,9,9,9,999999,9,9,9,9999,9,9999,9,99999,9,False,
99999903948,35.25,-97.46667,360.3,2004-05-19 05:59:00,999,9,9,9999,9,99999,9,9,9,999999,9,9,9,9999,9,9999,9,99999,9,False,
99999903948,35.25,-97.46667,360.3,2004-05-20 05:59:00,999,9,9,9999,9,99999,9,9,9,999999,9,9,9,9999,9,9999,9,99999,9,False,
99999903948,35.25,-97.46667,360.3,2004-05-21 05:59:00,999,9,9,9999,9,99999,9,9,9,999999,9,9,9,9999,9,9999,9,99999,9,False,
99999903948,35.25,-97.46667,360.3,2004-05-22 05:59:00,999,9,9,9999,9,99999,9,9,9,999999,9,9,9,9999,9,9999,9,99999,9,False,
99999903948,35.25,-97.46667,360.3,2004-05-23 05:59:00,999,9,9,9999,9,99999,9,9,9,999999,9,9,9,9999,9,9999,9,99999,9,False,
99999903948,35.25,-97.46667,360.3,2004-05-24 05:59:00,999,9,9,9999,9,99999,9,9,9,999999,9,9,9,9999,9,9999,9,99999,9,False,
99999903948,35.25,-97.46667,360.3,2004-05-25 05:59:00,999,9,9,9999,9,99999,9,9,9,999999,9,9,9,9999,9,9999,9,99999,9,False,
99999903948,35.25,-97.46667,360.3,2004-05-26 05:59:00,999,9,9,9999,9,99999,9,9,9,999999,9,9,9,9999,9,9999,9,99999,9,False,
99999903948,35.25,-97.46667,360.3,2004-05-27 05:59:00,999,9,9,9999,9,99999,9,9,9,999999,9,9,9,9999,9,9999,9,99999,9,False,
99999903948,35.25,-97.46667,360.3,2004-05-28 05:59:00,999,9,9,9999,9,99999,9,9,9,999999,9,9,9,9999,9,9999,9,99999,9,False,
99999903948,35.25,-97.46667,360.3,2004-05-29 05:59:00,999,9,9,9999,9,99999,9,9,9,999999,9,9,9,9999,9,9999,9,99999,9,False,
99999903948,35.25,-97.46667,360.3,2004-05-30 05:59:00,999,9,9,9999,9,99999,9,9,9,999999,9,9,9,9999,9,9999,9,99999,9,False,
99999903948,35.25,-97.46667,360.3,2004-05-31 05:59:00,999,9,9,9999,9,99999,9,9,9,999999,9,9,9,9999,9,9999,9,99999,9,False,
99999903948,35.25,-97.46667,360.3,2004-06-01 05:59:00,999,9,9,9999,9,99999,9,9,9,999999,9,9,9,9999,9,9999,9,99999,9,False,
99999903948,35.25,-97.46667,360.3,2004-06-01 05:59:00,999,9,9,9999,9,99999,9,9,9,999999,9,9,9,9999,9,9999,9,99999,9,False,
99999903948,35.25,-97.46667,360.3,2004-06-02 05:59:00,999,9,9,9999,9,99999,9,9,9,999999,9,9,9,9999,9,9999,9,99999,9,False,
99999903948,35.25,-97.46667,360.3,2004-06-03 05:59:00,999,9,9,9999,9,99999,9,9,9,999999,9,9,9,9999,9,9999,9,99999,9,False,
99999903948,35.25,-97.46667,360.3,2004-06-04 05:59:00,999,9,9,9999,9,99999,9,9,9,999999,9,9,9,9999,9,9999,9,99999,9,False,
99999903948,35.25,-97.46667,360.3,2004-06-05 05:59:00,999,9,9,9999,9,99999,9,9,9,999999,9,9,9,9999,9,9999,9,99999,9,False,
99999903948,35.25,-97.46667,360.3,2004-06-06 05:59:00,999,9,9,9999,9,99999,9,9,9,999999,9,9,9,9999,9,9999,9,99999,9,False,
99999903948,35.25,-97.46667,360.3,2004-06-07 05:59:00,999,9,9,9999,9,99999,9,9,9,999999,9,9,9,9999,9,9999,9,99999,9,False,
99999903948,35.25,-97.46667,360.3,2004-06-08 05:59:00,999,9,9,9999,9,99999,9,9,9,999999,9,9,9,9999,9,9999,9,99999,9,False,
99999903948,35.25,-97.46667,360.3,2004-06-09 05:59:00,999,9,9,9999,9,99999,9,9,9,999999,9,9,9,9999,9,9999,9,99999,9,False,
99999903948,35.25,-97.46667,360.3,2004-06-10 05:59:00,999,9,9,9999,9,99999,9,9,9,999999,9,9,9,9999,9,9999,9,99999,9,False,
99999903948,35.25,-97.46667,360.3,2004-06-11 05:59:00,999,9,9,9999,9,99999,9,9,9,999999,9,9,9,9999,9,9999,9,99999,9,False,
99999903948,35.25,-97.46667,360.3,2004-06-12 05:59:00,999,9,9,9999,9,99999,9,9,9,999999,9,9,9,9999,9,9999,9,99999,9,False,
99999903948,35.25,-97.46667,360.3,2004-06-13 05:59:00,999,9,9,9999,9,99999,9,9,9,999999,9,9,9,9999,9,9999,9,99999,9,False,
99999903948,35.25,-97.46667,360.3,2004-06-14 05:59:00,999,9,9,9999,9,99999,9,9,9,999999,9,9,9,9999,9,9999,9,99999,9,False,
99999903948,35.25,-97.46667,360.3,2004-06-15 05:59:00,999,9,9,9999,9,99999,9,9,9,999999,9,9,9,9999,9,9999,9,99999,9,False,
99999903948,35.25,-97.46667,360.3,2004-06-16 05:59:00,999,9,9,9999,9,99999,9,9,9,999999,9,9,9,9999,9,9999,9,99999,9,False,
99999903948,35.25,-97.46667,360.3,2004-06-17 05:59:00,999,9,9,9999,9,99999,9,9,9,999999,9,9,9,9999,9,9999,9,99999,9,False,
99999903948,35.25,-97.46667,360.3,2004-06-18 05:59:00,999,9,9,9999,9,99999,9,9,9,999999,9,9,9,9999,9,9999,9,99999,9,False,
99999903948,35.25,-97.46667,360.3,2004-06-19 05:59:00,999,9,9,9999,9,99999,9,9,9,999999,9,9,9,9999,9,9999,9,99999,9,False,
99999903948,35.25,-97.46667,360.3,2004-06-20 05:59:00,999,9,9,9999,9,99999,9,9,9,999999,9,9,9,9999,9,9999,9,99999,9,False,
99999903948,35.25,-97.46667,360.3,2004-06-21 05:59:00,999,9,9,9999,9,99999,9,9,9,999999,9,9,9,9999,9,9999,9,99999,9,False,
99999903948,35.25,-97.46667,360.3,2004-06-22 05:59:00,999,9,9,9999,9,99999,9,9,9,999999,9,9,9,9999,9,9999,9,99999,9,False,
99999903948,35.25,-97.46667,360.3,2004-06-23 05:59:00,999,9,9,9999,9,99999,9,9,9,999999,9,9,9,9999,9,9999,9,99999,9,False,
99999903948,35.25,-97.46667,360.3,2004-06-24 05:59:00,999,9,9,9999,9,99999,9,9,9,999999,9,9,9,9999,9,9999,9,99999,9,False,
99999903948,35.25,-97.46667,360.3,2004-06-25 05:59:00,999,9,9,9999,9,99999,9,9,9,999999,9,9,9,9999,9,9999,9,99999,9,False,
99999903948,35.25,-97.46667,360.3,2004-06-26 05:59:00,999,9,9,9999,9,99999,9,9,9,999999,9,9,9,9999,9,9999,9,99999,9,False,
99999903948,35.25,-97.46667,360.3,2004-06-27 05:59:00,999,9,9,9999,9,99999,9,9,9,999999,9,9,9,9999,9,9999,9,99999,9,False,
99999903948,35.25,-97.46667,360.3,2004-06-28 05:59:00,999,9,9,9999,9,99999,9,9,9,999999,9,9,9,9999,9,9999,9,99999,9,False,
99999903948,35.25,-97.46667,360.3,2004-06-29 05:59:00,999,9,9,9999,9,99999,9,9,9,999999,9,9,9,9999,9,9999,9,99999,9,False,
99999903948,35.25,-97.46667,360.3,2004-06-30 05:59:00,999,9,9,9999,9,99999,9,9,9,999999,9,9,9,9999,9,9999,9,99999,9,False,
99999903948,35.25,-97.46667,360.3,2004-07-01 05:59:00,999,9,9,9999,9,99999,9,9,9,999999,9,9,9,9999,9,9999,9,99999,9,False,
99999903948,35.25,-97.46667,360.3,2004-07-01 05:59:00,999,9,9,9999,9,99999,9,9,9,999999,9,9,9,9999,9,9999,9,99999,9,False,
99999903948,35.25,-97.46667,360.3,2004-07-02 05:59:00,999,9,9,9999,9,99999,9,9,9,999999,9,9,9,9999,9,9999,9,99999,9,False,
99999903948,35.25,-97.46667,360.3,2004-07-03 05:59:00,999,9,9,9999,9,99999,9,9,9,999999,9,9,9,9999,9,9999,9,99999,9,False,
99999903948,35.25,-97.46667,360.3,2004-07-04 05:59:00,999,9,9,9999,9,99999,9,9,9,999999,9,9,9,9999,9,9999,9,99999,9,False,
99999903948,35.25,-97.46667,360.3,2004-07-05 05:59:00,999,9,9,9999,9,99999,9,9,9,999999,9,9,9,9999,9,9999,9,99999,9,False,
99999903948,35.25,-97.46667,360.3,2004-07-06 05:59:00,999,9,9,9999,9,99999,9,9,9,999999,9,9,9,9999,9,9999,9,99999,9,False,
99999903948,35.25,-97.46667,360.3,2004-07-07 05:59:00,999,9,9,9999,9,99999,9,9,9,999999,9,9,9,9999,9,9999,9,99999,9,False,
99999903948,35.25,-97.46667,360.3,2004-07-08 05:59:00,999,9,9,9999,9,99999,9,9,9,999999,9,9,9,9999,9,9999,9,99999,9,False,
99999903948,35.25,-97.46667,360.3,2004-07-09 05:59:00,999,9,9,9999,9,99999,9,9,9,999999,9,9,9,9999,9,9999,9,99999,9,False,
99999903948,35.25,-97.46667,360.3,2004-07-10 05:59:00,999,9,9,9999,9,99999,9,9,9,999999,9,9,9,9999,9,9999,9,99999,9,False,
99999903948,35.25,-97.46667,360.3,2004-07-11 05:59:00,999,9,9,9999,9,99999,9,9,9,999999,9,9,9,9999,9,9999,9,99999,9,False,
99999903948,35.25,-97.46667,360.3,2004-07-12 05:59:00,999,9,9,9999,9,99999,9,9,9,999999,9,9,9,9999,9,9999,9,99999,9,False,
99999903948,35.25,-97.46667,360.3,2004-07-13 05:59:00,999,9,9,9999,9,99999,9,9,9,999999,9,9,9,9999,9,9999,9,99999,9,False,
99999903948,35.25,-97.46667,360.3,2004-07-14 05:59:00,999,9,9,9999,9,99999,9,9,9,999999,9,9,9,9999,9,9999,9,99999,9,False,
99999903948,35.25,-97.46667,360.3,2004-07-15 05:59:00,999,9,9,9999,9,99999,9,9,9,999999,9,9,9,9999,9,9999,9,99999,9,False,
99999903948,35.25,-97.46667,360.3,2004-07-16 05:59:00,999,9,9,9999,9,99999,9,9,9,999999,9,9,9,9999,9,9999,9,99999,9,False,
99999903948,35.25,-97.46667,360.3,2004-07-17 05:59:00,999,9,9,9999,9,99999,9,9,9,999999,9,9,9,9999,9,9999,9,99999,9,False,
99999903948,35.25,-97.46667,360.3,2004-07-18 05:59:00,999,9,9,9999,9,99999,9,9,9,999999,9,9,9,9999,9,9999,9,99999,9,False,
99999903948,35.25,-97.46667,360.3,2004-07-19 05:59:00,999,9,9,9999,9,99999,9,9,9,999999,9,9,9,9999,9,9999,9,99999,9,False,
99999903948,35.25,-97.46667,360.3,2004-07-20 05:59:00,999,9,9,9999,9,99999,9,9,9,999999,9,9,9,9999,9,9999,9,99999,9,False,
99999903948,35.25,-97.46667,360.3,2004-07-21 05:59:00,999,9,9,9999,9,99999,9,9,9,999999,9,9,9,9999,9,9999,9,99999,9,False,
99999903948,35.25,-97.46667,360.3,2004-07-22 05:59:00,999,9,9,9999,9,99999,9,9,9,999999,9,9,9,9999,9,9999,9,99999,9,False,
99999903948,35.25,-97.46667,360.3,2004-07-23 05:59:00,999,9,9,9999,9,99999,9,9,9,999999,9,9,9,9999,9,9999,9,99999,9,False,
99999903948,35.25,-97.46667,360.3,2004-07-24 05:59:00,999,9,9,9999,9,99999,9,9,9,999999,9,9,9,9999,9,9999,9,99999,9,False,
99999903948,35.25,-97.46667,360.3,2004-07-25 05:59:00,999,9,9,9999,9,99999,9,9,9,999999,9,9,9,9999,9,9999,9,99999,9,False,
99999903948,35.25,-97.46667,360.3,2004-07-26 05:59:00,999,9,9,9999,9,99999,9,9,9,999999,9,9,9,9999,9,9999,9,99999,9,False,
99999903948,35.25,-97.46667,360.3,2004-07-27 05:59:00,999,9,9,9999,9,99999,9,9,9,999999,9,9,9,9999,9,9999,9,99999,9,False,
99999903948,35.25,-97.46667,360.3,2004-07-28 05:59:00,999,9,9,9999,9,99999,9,9,9,999999,9,9,9,9999,9,9999,9,99999,9,False,
99999903948,35.25,-97.46667,360.3,2004-07-29 05:59:00,999,9,9,9999,9,99999,9,9,9,999999,9,9,9,9999,9,9999,9,99999,9,False,
99999903948,35.25,-97.46667,360.3,2004-07-30 05:59:00,999,9,9,9999,9,99999,9,9,9,999999,9,9,9,9999,9,9999,9,99999,9,False,
99999903948,35.25,-97.46667,360.3,2004-07-31 05:59:00,999,9,9,9999,9,99999,9,9,9,999999,9,9,9,9999,9,9999,9,99999,9,False,
99999903948,35.25,-97.46667,360.3,2004-08-01 05:59:00,999,9,9,9999,9,99999,9,9,9,999999,9,9,9,9999,9,9999,9,99999,9,False,
99999903948,35.25,-97.46667,360.3,2004-08-01 05:59:00,999,9,9,9999,9,99999,9,9,9,999999,9,9,9,9999,9,9999,9,99999,9,False,
99999903948,35.25,-97.46667,360.3,2004-08-02 05:59:00,999,9,9,9999,9,99999,9,9,9,999999,9,9,9,9999,9,9999,9,99999,9,False,
99999903948,35.25,-97.46667,360.3,2004-08-03 05:59:00,999,9,9,9999,9,99999,9,9,9,999999,9,9,9,9999,9,9999,9,99999,9,False,
99999903948,35.25,-97.46667,360.3,2004-08-04 05:59:00,999,9,9,9999,9,99999,9,9,9,999999,9,9,9,9999,9,9999,9,99999,9,False,
99999903948,35.25,-97.46667,360.3,2004-08-05 05:59:00,999,9,9,9999,9,99999,9,9,9,999999,9,9,9,9999,9,9999,9,99999,9,False,
99999903948,35.25,-97.46667,360.3,2004-08-06 05:59:00,999,9,9,9999,9,99999,9,9,9,999999,9,9,9,9999,9,9999,9,99999,9,False,
99999903948,35.25,-97.46667,360.3,2004-08-07 05:59:00,999,9,9,9999,9,99999,9,9,9,999999,9,9,9,9999,9,9999,9,99999,9,False,
99999903948,35.25,-97.46667,360.3,2004-08-08 05:59:00,999,9,9,9999,9,99999,9,9,9,999999,9,9,9,9999,9,9999,9,99999,9,False,
99999903948,35.25,-97.46667,360.3,2004-08-09 05:59:00,999,9,9,9999,9,99999,9,9,9,999999,9,9,9,9999,9,9999,9,99999,9,False,
99999903948,35.25,-97.46667,360.3,2004-08-10 05:59:00,999,9,9,9999,9,99999,9,9,9,999999,9,9,9,9999,9,9999,9,99999,9,False,
99999903948,35.25,-97.46667,360.3,2004-08-11 05:59:00,999,9,9,9999,9,99999,9,9,9,999999,9,9,9,9999,9,9999,9,99999,9,False,
99999903948,35.25,-97.46667,360.3,2004-08-12 05:59:00,999,9,9,9999,9,99999,9,9,9,999999,9,9,9,9999,9,9999,9,99999,9,False,
99999903948,35.25,-97.46667,360.3,2004-08-13 05:59:00,999,9,9,9999,9,99999,9,9,9,999999,9,9,9,9999,9,9999,9,99999,9,False,
99999903948,35.25,-97.46667,360.3,2004-08-14 05:59:00,999,9,9,9999,9,99999,9,9,9,999999,9,9,9,9999,9,9999,9,99999,9,False,
99999903948,35.25,-97.46667,360.3,2004-08-15 05:59:00,999,9,9,9999,9,99999,9,9,9,999999,9,9,9,9999,9,9999,9,99999,9,False,
99999903948,35.25,-97.46667,360.3,2004-08-16 05:59:00,999,9,9,9999,9,99999,9,9,9,999999,9,9,9,9999,9,9999,9,99999,9,False,
99999903948,35.25,-97.46667,360.3,2004-08-17 05:59:00,999,9,9,9999,9,99999,9,9,9,999999,9,9,9,9999,9,9999,9,99999,9,False,
99999903948,35.25,-97.46667,360.3,2004-08-18 05:59:00,999,9,9,9999,9,99999,9,9,9,999999,9,9,9,9999,9,9999,9,99999,9,False,
99999903948,35.25,-97.46667,360.3,2004-08-19 05:59:00,999,9,9,9999,9,99999,9,9,9,999999,9,9,9,9999,9,9999,9,99999,9,False,
99999903948,35.25,-97.46667,360.3,2004-08-20 05:59:00,999,9,9,9999,9,99999,9,9,9,999999,9,9,9,9999,9,9999,9,99999,9,False,
99999903948,35.25,-97.46667,360.3,2004-08-21 05:59:00,999,9,9,9999,9,99999,9,9,9,999999,9,9,9,9999,9,9999,9,99999,9,False,
99999903948,35.25,-97.46667,360.3,2004-08-22 05:59:00,999,9,9,9999,9,99999,9,9,9,999999,9,9,9,9999,9,9999,9,99999,9,False,
99999903948,35.25,-97.46667,360.3,2004-08-23 05:59:00,999,9,9,9999,9,99999,9,9,9,999999,9,9,9,9999,9,9999,9,99999,9,False,
99999903948,35.25,-97.46667,360.3,2004-08-24 05:59:00,999,9,9,9999,9,99999,9,9,9,999999,9,9,9,9999,9,9999,9,99999,9,False,
99999903948,35.25,-97.46667,360.3,2004-08-25 05:59:00,999,9,9,9999,9,99999,9,9,9,999999,9,9,9,9999,9,9999,9,99999,9,False,
99999903948,35.25,-97.46667,360.3,2004-08-26 05:59:00,999,9,9,9999,9,99999,9,9,9,999999,9,9,9,9999,9,9999,9,99999,9,False,
99999903948,35.25,-97.46667,360.3,2004-08-27 05:59:00,999,9,9,9999,9,99999,9,9,9,999999,9,9,9,9999,9,9999,9,99999,9,False,
99999903948,35.25,-97.46667,360.3,2004-08-28 05:59:00,999,9,9,9999,9,99999,9,9,9,999999,9,9,9,9999,9,9999,9,99999,9,False,
99999903948,35.25,-97.46667,360.3,2004-08-29 05:59:00,999,9,9,9999,9,99999,9,9,9,999999,9,9,9,9999,9,9999,9,99999,9,False,
99999903948,35.25,-97.46667,360.3,2004-08-30 05:59:00,999,9,9,9999,9,99999,9,9,9,999999,9,9,9,9999,9,9999,9,99999,9,False,
99999903948,35.25,-97.46667,360.3,2004-08-31 05:59:00,999,9,9,9999,9,99999,9,9,9,999999,9,9,9,9999,9,9999,9,99999,9,False,
99999903948,35.25,-97.46667,360.3,2004-09-01 05:59:00,999,9,9,9999,9,99999,9,9,9,999999,9,9,9,9999,9,9999,9,99999,9,False,
99999903948,35.25,-97.46667,360.3,2004-09-01 05:59:00,999,9,9,9999,9,99999,9,9,9,999999,9,9,9,9999,9,9999,9,99999,9,False,
99999903948,35.25,-97.46667,360.3,2004-09-02 05:59:00,999,9,9,9999,9,99999,9,9,9,999999,9,9,9,9999,9,9999,9,99999,9,False,
99999903948,35.25,-97.46667,360.3,2004-09-03 05:59:00,999,9,9,9999,9,99999,9,9,9,999999,9,9,9,9999,9,9999,9,99999,9,False,
99999903948,35.25,-97.46667,360.3,2004-09-04 05:59:00,999,9,9,9999,9,99999,9,9,9,999999,9,9,9,9999,9,9999,9,99999,9,False,
99999903948,35.25,-97.46667,360.3,2004-09-05 05:59:00,999,9,9,9999,9,99999,9,9,9,999999,9,9,9,9999,9,9999,9,99999,9,False,
99999903948,35.25,-97.46667,360.3,2004-09-06 05:59:00,999,9,9,9999,9,99999,9,9,9,999999,9,9,9,9999,9,9999,9,99999,9,False,
99999903948,35.25,-97.46667,360.3,2004-09-07 05:59:00,999,9,9,9999,9,99999,9,9,9,999999,9,9,9,9999,9,9999,9,99999,9,False,
99999903948,35.25,-97.46667,360.3,2004-09-08 05:59:00,999,9,9,9999,9,99999,9,9,9,999999,9,9,9,9999,9,9999,9,99999,9,False,
99999903948,35.25,-97.46667,360.3,2004-09-09 05:59:00,999,9,9,9999,9,99999,9,9,9,999999,9,9,9,9999,9,9999,9,99999,9,False,
99999903948,35.25,-97.46667,360.3,2004-09-10 05:59:00,999,9,9,9999,9,99999,9,9,9,999999,9,9,9,9999,9,9999,9,99999,9,False,
99999903948,35.25,-97.46667,360.3,2004-09-11 05:59:00,999,9,9,9999,9,99999,9,9,9,999999,9,9,9,9999,9,9999,9,99999,9,False,
99999903948,35.25,-97.46667,360.3,2004-09-12 05:59:00,999,9,9,9999,9,99999,9,9,9,999999,9,9,9,9999,9,9999,9,99999,9,False,
99999903948,35.25,-97.46667,360.3,2004-09-13 05:59:00,999,9,9,9999,9,99999,9,9,9,999999,9,9,9,9999,9,9999,9,99999,9,False,
99999903948,35.25,-97.46667,360.3,2004-09-14 05:59:00,999,9,9,9999,9,99999,9,9,9,999999,9,9,9,9999,9,9999,9,99999,9,False,
99999903948,35.25,-97.46667,360.3,2004-09-15 05:59:00,999,9,9,9999,9,99999,9,9,9,999999,9,9,9,9999,9,9999,9,99999,9,False,
99999903948,35.25,-97.46667,360.3,2004-09-16 05:59:00,999,9,9,9999,9,99999,9,9,9,999999,9,9,9,9999,9,9999,9,99999,9,False,
99999903948,35.25,-97.46667,360.3,2004-09-17 05:59:00,999,9,9,9999,9,99999,9,9,9,999999,9,9,9,9999,9,9999,9,99999,9,False,
99999903948,35.25,-97.46667,360.3,2004-09-18 05:59:00,999,9,9,9999,9,99999,9,9,9,999999,9,9,9,9999,9,9999,9,99999,9,False,
99999903948,35.25,-97.46667,360.3,2004-09-19 05:59:00,999,9,9,9999,9,99999,9,9,9,999999,9,9,9,9999,9,9999,9,99999,9,False,
99999903948,35.25,-97.46667,360.3,2004-09-20 05:59:00,999,9,9,9999,9,99999,9,9,9,999999,9,9,9,9999,9,9999,9,99999,9,False,
99999903948,35.25,-97.46667,360.3,2004-09-21 05:59:00,999,9,9,9999,9,99999,9,9,9,999999,9,9,9,9999,9,9999,9,99999,9,False,
99999903948,35.25,-97.46667,360.3,2004-09-22 05:59:00,999,9,9,9999,9,99999,9,9,9,999999,9,9,9,9999,9,9999,9,99999,9,False,
99999903948,35.25,-97.46667,360.3,2004-09-23 05:59:00,999,9,9,9999,9,99999,9,9,9,999999,9,9,9,9999,9,9999,9,99999,9,False,
99999903948,35.25,-97.46667,360.3,2004-09-24 05:59:00,999,9,9,9999,9,99999,9,9,9,999999,9,9,9,9999,9,9999,9,99999,9,False,
99999903948,35.25,-97.46667,360.3,2004-09-25 05:59:00,999,9,9,9999,9,99999,9,9,9,999999,9,9,9,9999,9,9999,9,99999,9,False,
99999903948,35.25,-97.46667,360.3,2004-09-26 05:59:00,999,9,9,9999,9,99999,9,9,9,999999,9,9,9,9999,9,9999,9,99999,9,False,
99999903948,35.25,-97.46667,360.3,2004-09-27 05:59:00,999,9,9,9999,9,99999,9,9,9,999999,9,9,9,9999,9,9999,9,99999,9,False,
99999903948,35.25,-97.46667,360.3,2004-09-28 05:59:00,999,9,9,9999,9,99999,9,9,9,999999,9,9,9,9999,9,9999,9,99999,9,False,
99999903948,35.25,-97.46667,360.3,2004-09-29 05:59:00,999,9,9,9999,9,99999,9,9,9,999999,9,9,9,9999,9,9999,9,99999,9,False,
99999903948,35.25,-97.46667,360.3,2004-09-30 05:59:00,999,9,9,9999,9,99999,9,9,9,999999,9,9,9,9999,9,9999,9,99999,9,False,
99999903948,35.25,-97.46667,360.3,2004-10-01 05:59:00,999,9,9,9999,9,99999,9,9,9,999999,9,9,9,9999,9,9999,9,99999,9,False,
99999903948,35.25,-97.46667,360.3,2004-10-01 05:59:00,999,9,9,9999,9,99999,9,9,9,999999,9,9,9,9999,9,9999,9,99999,9,False,
99999903948,35.25,-97.46667,360.3,2004-10-02 05:59:00,999,9,9,9999,9,99999,9,9,9,999999,9,9,9,9999,9,9999,9,99999,9,False,
99999903948,35.25,-97.46667,360.3,2004-10-03 05:59:00,999,9,9,9999,9,99999,9,9,9,999999,9,9,9,9999,9,9999,9,99999,9,False,
99999903948,35.25,-97.46667,360.3,2004-10-04 05:59:00,999,9,9,9999,9,99999,9,9,9,999999,9,9,9,9999,9,9999,9,99999,9,False,
99999903948,35.25,-97.46667,360.3,2004-10-05 05:59:00,999,9,9,9999,9,99999,9,9,9,999999,9,9,9,9999,9,9999,9,99999,9,False,
99999903948,35.25,-97.46667,360.3,2004-10-06 05:59:00,999,9,9,9999,9,99999,9,9,9,999999,9,9,9,9999,9,9999,9,99999,9,False,
99999903948,35.25,-97.46667,360.3,2004-10-07 05:59:00,999,9,9,9999,9,99999,9,9,9,999999,9,9,9,9999,9,9999,9,99999,9,False,
99999903948,35.25,-97.46667,360.3,2004-10-08 05:59:00,999,9,9,9999,9,99999,9,9,9,999999,9,9,9,9999,9,9999,9,99999,9,False,
99999903948,35.25,-97.46667,360.3,2004-10-09 05:59:00,999,9,9,9999,9,99999,9,9,9,999999,9,9,9,9999,9,9999,9,99999,9,False,
99999903948,35.25,-97.46667,360.3,2004-10-10 05:59:00,999,9,9,9999,9,99999,9,9,9,999999,9,9,9,9999,9,9999,9,99999,9,False,
99999903948,35.25,-97.46667,360.3,2004-10-11 05:59:00,999,9,9,9999,9,99999,9,9,9,999999,9,9,9,9999,9,9999,9,99999,9,False,
99999903948,35.25,-97.46667,360.3,2004-10-12 05:59:00,999,9,9,9999,9,99999,9,9,9,999999,9,9,9,9999,9,9999,9,99999,9,False,
99999903948,35.25,-97.46667,360.3,2004-10-13 05:59:00,999,9,9,9999,9,99999,9,9,9,999999,9,9,9,9999,9,9999,9,99999,9,False,
99999903948,35.25,-97.46667,360.3,2004-10-14 05:59:00,999,9,9,9999,9,99999,9,9,9,999999,9,9,9,9999,9,9999,9,99999,9,False,
99999903948,35.25,-97.46667,360.3,2004-10-15 05:59:00,999,9,9,9999,9,99999,9,9,9,999999,9,9,9,9999,9,9999,9,99999,9,False,
99999903948,35.25,-97.46667,360.3,2004-10-16 05:59:00,999,9,9,9999,9,99999,9,9,9,999999,9,9,9,9999,9,9999,9,99999,9,False,
99999903948,35.25,-97.46667,360.3,2004-10-17 05:59:00,999,9,9,9999,9,99999,9,9,9,999999,9,9,9,9999,9,9999,9,99999,9,False,
99999903948,35.25,-97.46667,360.3,2004-10-18 05:59:00,999,9,9,9999,9,99999,9,9,9,999999,9,9,9,9999,9,9999,9,99999,9,False,
99999903948,35.25,-97.46667,360.3,2004-10-19 05:59:00,999,9,9,9999,9,99999,9,9,9,999999,9,9,9,9999,9,9999,9,99999,9,False,
99999903948,35.25,-97.46667,360.3,2004-10-20 05:59:00,999,9,9,9999,9,99999,9,9,9,999999,9,9,9,9999,9,9999,9,99999,9,False,
99999903948,35.25,-97.46667,360.3,2004-10-21 05:59:00,999,9,9,9999,9,99999,9,9,9,999999,9,9,9,9999,9,9999,9,99999,9,False,
99999903948,35.25,-97.46667,360.3,2004-10-22 05:59:00,999,9,9,9999,9,99999,9,9,9,999999,9,9,9,9999,9,9999,9,99999,9,False,
99999903948,35.25,-97.46667,360.3,2004-10-23 05:59:00,999,9,9,9999,9,99999,9,9,9,999999,9,9,9,9999,9,9999,9,99999,9,False,
99999903948,35.25,-97.46667,360.3,2004-10-24 05:59:00,999,9,9,9999,9,99999,9,9,9,999999,9,9,9,9999,9,9999,9,99999,9,False,
99999903948,35.25,-97.46667,360.3,2004-10-25 05:59:00,999,9,9,9999,9,99999,9,9,9,999999,9,9,9,9999,9,9999,9,99999,9,False,
99999903948,35.25,-97.46667,360.3,2004-10-26 05:59:00,999,9,9,9999,9,99999,9,9,9,999999,9,9,9,9999,9,9999,9,99999,9,False,
99999903948,35.25,-97.46667,360.3,2004-10-27 05:59:00,999,9,9,9999,9,99999,9,9,9,999999,9,9,9,9999,9,9999,9,99999,9,False,
99999903948,35.25,-97.46667,360.3,2004-10-28 05:59:00,999,9,9,9999,9,99999,9,9,9,999999,9,9,9,9999,9,9999,9,99999,9,False,
99999903948,35.25,-97.46667,360.3,2004-10-29 05:59:00,999,9,9,9999,9,99999,9,9,9,999999,9,9,9,9999,9,9999,9,99999,9,False,
99999903948,35.25,-97.46667,360.3,2004-10-30 05:59:00,999,9,9,9999,9,99999,9,9,9,999999,9,9,9,9999,9,9999,9,99999,9,False,
99999903948,35.25,-97.46667,360.3,2004-10-31 05:59:00,999,9,9,9999,9,99999,9,9,9,999999,9,9,9,9999,9,9999,9,99999,9,False,
99999903948,35.25,-97.46667,360.3,2004-11-01 05:59:00,999,9,9,9999,9,99999,9,9,9,999999,9,9,9,9999,9,9999,9,99999,9,False,
99999903948,35.25,-97.46667,360.3,2004-11-01 05:59:00,999,9,9,9999,9,99999,9,9,9,999999,9,9,9,9999,9,9999,9,99999,9,False,
99999903948,35.25,-97.46667,360.3,2004-11-02 05:59:00,999,9,9,9999,9,99999,9,9,9,999999,9,9,9,9999,9,9999,9,99999,9,False,
99999903948,35.25,-97.46667,360.3,2004-11-03 05:59:00,999,9,9,9999,9,99999,9,9,9,999999,9,9,9,9999,9,9999,9,99999,9,False,
99999903948,35.25,-97.46667,360.3,2004-11-04 05:59:00,999,9,9,9999,9,99999,9,9,9,999999,9,9,9,9999,9,9999,9,99999,9,False,
99999903948,35.25,-97.46667,360.3,2004-11-05 05:59:00,999,9,9,9999,9,99999,9,9,9,999999,9,9,9,9999,9,9999,9,99999,9,False,
99999903948,35.25,-97.46667,360.3,2004-11-06 05:59:00,999,9,9,9999,9,99999,9,9,9,999999,9,9,9,9999,9,9999,9,99999,9,False,
99999903948,35.25,-97.46667,360.3,2004-11-07 05:59:00,999,9,9,9999,9,99999,9,9,9,999999,9,9,9,9999,9,9999,9,99999,9,False,
99999903948,35.25,-97.46667,360.3,2004-11-08 05:59:00,999,9,9,9999,9,99999,9,9,9,999999,9,9,9,9999,9,9999,9,99999,9,False,
99999903948,35.25,-97.46667,360.3,2004-11-09 05:59:00,999,9,9,9999,9,99999,9,9,9,999999,9,9,9,9999,9,9999,9,99999,9,False,
99999903948,35.25,-97.46667,360.3,2004-11-10 05:59:00,999,9,9,9999,9,99999,9,9,9,999999,9,9,9,9999,9,9999,9,99999,9,False,
99999903948,35.25,-97.46667,360.3,2004-11-11 05:59:00,999,9,9,9999,9,99999,9,9,9,999999,9,9,9,9999,9,9999,9,99999,9,False,
99999903948,35.25,-97.46667,360.3,2004-11-12 05:59:00,999,9,9,9999,9,99999,9,9,9,999999,9,9,9,9999,9,9999,9,99999,9,False,
99999903948,35.25,-97.46667,360.3,2004-11-13 05:59:00,999,9,9,9999,9,99999,9,9,9,999999,9,9,9,9999,9,9999,9,99999,9,False,
99999903948,35.25,-97.46667,360.3,2004-11-14 05:59:00,999,9,9,9999,9,99999,9,9,9,999999,9,9,9,9999,9,9999,9,99999,9,False,
99999903948,35.25,-97.46667,360.3,2004-11-15 05:59:00,999,9,9,9999,9,99999,9,9,9,999999,9,9,9,9999,9,9999,9,99999,9,False,
99999903948,35.25,-97.46667,360.3,2004-11-16 05:59:00,999,9,9,9999,9,99999,9,9,9,999999,9,9,9,9999,9,9999,9,99999,9,False,
99999903948,35.25,-97.46667,360.3,2004-11-17 05:59:00,999,9,9,9999,9,99999,9,9,9,999999,9,9,9,9999,9,9999,9,99999,9,False,
99999903948,35.25,-97.46667,360.3,2004-11-18 05:59:00,999,9,9,9999,9,99999,9,9,9,999999,9,9,9,9999,9,9999,9,99999,9,False,
99999903948,35.25,-97.46667,360.3,2004-11-19 05:59:00,999,9,9,9999,9,99999,9,9,9,999999,9,9,9,9999,9,9999,9,99999,9,False,
99999903948,35.25,-97.46667,360.3,2004-11-20 05:59:00,999,9,9,9999,9,99999,9,9,9,999999,9,9,9,9999,9,9999,9,99999,9,False,
99999903948,35.25,-97.46667,360.3,2004-11-21 05:59:00,999,9,9,9999,9,99999,9,9,9,999999,9,9,9,9999,9,9999,9,99999,9,False,
99999903948,35.25,-97.46667,360.3,2004-11-22 05:59:00,999,9,9,9999,9,99999,9,9,9,999999,9,9,9,9999,9,9999,9,99999,9,False,
99999903948,35.25,-97.46667,360.3,2004-11-23 05:59:00,999,9,9,9999,9,99999,9,9,9,999999,9,9,9,9999,9,9999,9,99999,9,False,
99999903948,35.25,-97.46667,360.3,2004-11-24 05:59:00,999,9,9,9999,9,99999,9,9,9,999999,9,9,9,9999,9,9999,9,99999,9,False,
99999903948,35.25,-97.46667,360.3,2004-11-25 05:59:00,999,9,9,9999,9,99999,9,9,9,999999,9,9,9,9999,9,9999,9,99999,9,False,
99999903948,35.25,-97.46667,360.3,2004-11-26 05:59:00,999,9,9,9999,9,99999,9,9,9,999999,9,9,9,9999,9,9999,9,99999,9,False,
99999903948,35.25,-97.46667,360.3,2004-11-27 05:59:00,999,9,9,9999,9,99999,9,9,9,999999,9,9,9,9999,9,9999,9,99999,9,False,
99999903948,35.25,-97.46667,360.3,2004-11-28 05:59:00,999,9,9,9999,9,99999,9,9,9,999999,9,9,9,9999,9,9999,9,99999,9,False,
99999903948,35.25,-97.46667,360.3,2004-11-29 05:59:00,999,9,9,9999,9,99999,9,9,9,999999,9,9,9,9999,9,9999,9,99999,9,False,
99999903948,35.25,-97.46667,360.3,2004-11-30 05:59:00,999,9,9,9999,9,99999,9,9,9,999999,9,9,9,9999,9,9999,9,99999,9,False,
99999903948,35.25,-97.46667,360.3,2004-12-01 05:59:00,999,9,9,9999,9,99999,9,9,9,999999,9,9,9,9999,9,9999,9,99999,9,False,
99999903948,35.25,-97.46667,360.3,2004-12-01 05:59:00,999,9,9,9999,9,99999,9,9,9,999999,9,9,9,9999,9,9999,9,99999,9,False,
99999903948,35.25,-97.46667,360.3,2004-12-02 05:59:00,999,9,9,9999,9,99999,9,9,9,999999,9,9,9,9999,9,9999,9,99999,9,False,
99999903948,35.25,-97.46667,360.3,2004-12-03 05:59:00,999,9,9,9999,9,99999,9,9,9,999999,9,9,9,9999,9,9999,9,99999,9,False,
99999903948,35.25,-97.46667,360.3,2004-12-04 05:59:00,999,9,9,9999,9,99999,9,9,9,999999,9,9,9,9999,9,9999,9,99999,9,False,
99999903948,35.25,-97.46667,360.3,2004-12-05 05:59:00,999,9,9,9999,9,99999,9,9,9,999999,9,9,9,9999,9,9999,9,99999,9,False,
99999903948,35.25,-97.46667,360.3,2004-12-06 05:59:00,999,9,9,9999,9,99999,9,9,9,999999,9,9,9,9999,9,9999,9,99999,9,False,
99999903948,35.25,-97.46667,360.3,2004-12-07 05:59:00,999,9,9,9999,9,99999,9,9,9,999999,9,9,9,9999,9,9999,9,99999,9,False,
99999903948,35.25,-97.46667,360.3,2004-12-08 05:59:00,999,9,9,9999,9,99999,9,9,9,999999,9,9,9,9999,9,9999,9,99999,9,False,
99999903948,35.25,-97.46667,360.3,2004-12-09 05:59:00,999,9,9,9999,9,99999,9,9,9,999999,9,9,9,9999,9,9999,9,99999,9,False,
99999903948,35.25,-97.46667,360.3,2004-12-10 05:59:00,999,9,9,9999,9,99999,9,9,9,999999,9,9,9,9999,9,9999,9,99999,9,False,
99999903948,35.25,-97.46667,360.3,2004-12-11 05:59:00,999,9,9,9999,9,99999,9,9,9,999999,9,9,9,9999,9,9999,9,99999,9,False,
99999903948,35.25,-97.46667,360.3,2004-12-12 05:59:00,999,9,9,9999,9,99999,9,9,9,999999,9,9,9,9999,9,9999,9,99999,9,False,
99999903948,35.25,-97.46667,360.3,2004-12-13 05:59:00,999,9,9,9999,9,99999,9,9,9,999999,9,9,9,9999,9,9999,9,99999,9,False,
99999903948,35.25,-97.46667,360.3,2004-12-14 05:59:00,999,9,9,9999,9,99999,9,9,9,999999,9,9,9,9999,9,9999,9,99999,9,False,
99999903948,35.25,-97.46667,360.3,2004-12-15 05:59:00,999,9,9,9999,9,99999,9,9,9,999999,9,9,9,9999,9,9999,9,99999,9,False,
99999903948,35.25,-97.46667,360.3,2004-12-16 05:59:00,999,9,9,9999,9,99999,9,9,9,999999,9,9,9,9999,9,9999,9,99999,9,False,
99999903948,35.25,-97.46667,360.3,2004-12-17 05:59:00,999,9,9,9999,9,99999,9,9,9,999999,9,9,9,9999,9,9999,9,99999,9,False,
99999903948,35.25,-97.46667,360.3,2004-12-18 05:59:00,999,9,9,9999,9,99999,9,9,9,999999,9,9,9,9999,9,9999,9,99999,9,False,
99999903948,35.25,-97.46667,360.3,2004-12-19 05:59:00,999,9,9,9999,9,99999,9,9,9,999999,9,9,9,9999,9,9999,9,99999,9,False,
99999903948,35.25,-97.46667,360.3,2004-12-20 05:59:00,999,9,9,9999,9,99999,9,9,9,999999,9,9,9,9999,9,9999,9,99999,9,False,
99999903948,35.25,-97.46667,360.3,2004-12-21 05:59:00,999,9,9,9999,9,99999,9,9,9,999999,9,9,9,9999,9,9999,9,99999,9,False,
99999903948,35.25,-97.46667,360.3,2004-12-22 05:59:00,999,9,9,9999,9,99999,9,9,9,999999,9,9,9,9999,9,9999,9,99999,9,False,
99999903948,35.25,-97.46667,360.3,2004-12-23 05:59:00,999,9,9,9999,9,99999,9,9,9,999999,9,9,9,9999,9,9999,9,99999,9,False,
99999903948,35.25,-97.46667,360.3,2004-12-24 05:59:00,999,9,9,9999,9,99999,9,9,9,999999,9,9,9,9999,9,9999,9,99999,9,False,
99999903948,35.25,-97.46667,360.3,2004-12-25 05:59:00,999,9,9,9999,9,99999,9,9,9,999999,9,9,9,9999,9,9999,9,99999,9,False,
99999903948,35.25,-97.46667,360.3,2004-12-26 05:59:00,999,9,9,9999,9,99999,9,9,9,999999,9,9,9,9999,9,9999,9,99999,9,False,
99999903948,35.25,-97.46667,360.3,2004-12-27 05:59:00,999,9,9,9999,9,99999,9,9,9,999999,9,9,9,9999,9,9999,9,99999,9,False,
99999903948,35.25,-97.46667,360.3,2004-12-28 05:59:00,999,9,9,9999,9,99999,9,9,9,999999,9,9,9,9999,9,9999,9,99999,9,False,
99999903948,35.25,-97.46667,360.3,2004-12-29 05:59:00,999,9,9,9999,9,99999,9,9,9,999999,9,9,9,9999,9,9999,9,99999,9,False,
99999903948,35.25,-97.46667,360.3,2004-12-30 05:59:00,999,9,9,9999,9,99999,9,9,9,999999,9,9,9,9999,9,9999,9,99999,9,False,
99999903948,35.25,-97.46667,360.3,2004-12-31 05:59:00,999,9,9,9999,9,99999,9,9,9,999999,9,9,9,9999,9,9999,9,99999,9,False,
99999903948,35.25,-97.46667,360.3,2005-01-24 22:50:00,200,5,N,51,5,22000,5,9,N,16093,5,N,5,160,C,-20,C,99999,9,False,
99999903948,35.25,-97.46667,360.3,2005-01-24 23:50:00,999,9,C,0,5,22000,5,9,N,16093,5,N,5,130,C,-20,C,99999,9,False,
99999903948,35.25,-97.46667,360.3,2005-01-25 00:50:00,999,9,C,0,5,22000,5,9,N,16093,5,N,5,110,C,-20,C,99999,9,False,
99999903948,35.25,-97.46667,360.3,2005-01-25 01:50:00,999,9,C,0,5,22000,5,9,N,16093,5,N,5,100,C,-20,C,99999,9,False,
99999903948,35.25,-97.46667,360.3,2005-01-25 02:50:00,190,5,N,31,5,22000,5,9,N,16093,5,N,5,90,C,-10,C,99999,9,False,
99999903948,35.25,-97.46667,360.3,2005-01-25 03:54:00,180,5,N,36,5,22000,5,9,N,16093,5,N,5,100,C,-10,C,99999,9,False,
99999903948,35.25,-97.46667,360.3,2005-01-25 04:50:00,190,5,N,46,5,22000,5,9,N,16093,5,N,5,100,C,-10,C,99999,9,False,
99999903948,35.25,-97.46667,360.3,2005-01-25 05:50:00,190,5,N,51,5,22000,5,9,N,16093,5,N,5,90,C,0,C,99999,9,False,
99999903948,35.25,-97.46667,360.3,2005-01-25 06:50:00,190,5,N,51,5,22000,5,9,N,16093,5,N,5,90,C,0,C,99999,9,False,
99999903948,35.25,-97.46667,360.3,2005-01-25 07:50:00,190,5,N,41,5,22000,5,9,N,16093,5,N,5,80,C,-10,C,99999,9,False,
99999903948,35.25,-97.46667,360.3,2005-01-25 08:51:00,180,5,N,31,5,22000,5,9,N,16093,5,N,5,70,C,-10,C,99999,9,False,
99999903948,35.25,-97.46667,360.3,2005-01-25 09:50:00,190,5,N,36,5,99999,9,9,N,16093,5,N,5,60,C,-10,C,99999,9,False,
99999903948,35.25,-97.46667,360.3,2005-01-25 10:49:00,180,5,N,41,5,99999,9,9,N,16093,5,N,5,60,C,-10,C,99999,9,False,
99999903948,35.25,-97.46667,360.3,2005-01-25 11:50:00,190,5,N,36,5,22000,5,9,N,16093,5,N,5,70,C,0,C,99999,9,False,
99999903948,35.25,-97.46667,360.3,2005-01-25 12:50:00,180,5,N,15,5,22000,5,9,N,16093,5,N,5,50,C,0,C,99999,9,False,
99999903948,35.25,-97.46667,360.3,2005-01-25 13:51:00,999,9,C,0,5,22000,5,9,N,16093,5,N,5,60,C,20,C,99999,9,False,
99999903948,35.25,-97.46667,360.3,2005-01-25 14:50:00,999,9,C,0,5,22000,5,9,N,16093,5,N,5,90,C,30,C,99999,9,False,
99999903948,35.25,-97.46667,360.3,2005-01-25 15:50:00,210,5,N,62,5,22000,5,9,N,16093,5,N,5,120,C,40,C,99999,9,False,
99999903948,35.25,-97.46667,360.3,2005-01-25 16:50:00,220,5,N,15,5,22000,5,9,N,16093,5,N,5,160,C,60,C,99999,9,False,
99999903948,35.25,-97.46667,360.3,2005-01-25 22:52:00,250,5,N,26,5,22000,5,9,N,16093,5,N,5,210,C,60,C,99999,9,False,
99999903948,35.25,-97.46667,360.3,2005-01-25 23:52:00,999,9,C,0,5,22000,5,9,N,16093,5,N,5,180,C,60,C,99999,9,False,
99999903948,35.25,-97.46667,360.3,2005-01-26 00:51:00,999,9,C,0,5,22000,5,9,N,16093,5,N,5,150,C,60,C,99999,9,False,
99999903948,35.25,-97.46667,360.3,2005-01-26 01:52:00,999,9,C,0,5,22000,5,9,N,16093,5,N,5,130,C,60,C,99999,9,False,
99999903948,35.25,-97.46667,360.3,2005-01-26 02:51:00,999,9,C,0,5,22000,5,9,N,16093,5,N,5,130,C,60,C,99999,9,False,
99999903948,35.25,-97.46667,360.3,2005-01-26 03:51:00,999,9,C,0,5,22000,5,9,N,16093,5,N,5,90,C,40,C,99999,9,False,
99999903948,35.25,-97.46667,360.3,2005-01-26 04:51:00,999,9,C,0,5,22000,5,9,N,16093,5,N,5,80,C,40,C,99999,9,False,
99999903948,35.25,-97.46667,360.3,2005-01-26 05:51:00,300,5,N,41,5,22000,5,9,N,16093,5,N,5,90,C,60,C,99999,9,False,
99999903948,35.25,-97.46667,360.3,2005-01-26 06:51:00,320,5,N,31,5,22000,5,9,N,16093,5,N,5,90,C,40,C,99999,9,False,
99999903948,35.25,-97.46667,360.3,2005-01-26 07:51:00,340,5,N,36,5,22000,5,9,N,16093,5,N,5,70,C,30,C,99999,9,False,
99999903948,35.25,-97.46667,360.3,2005-01-26 08:51:00,360,5,N,62,5,22000,5,9,N,16093,5,N,5,80,C,40,C,99999,9,False,
99999903948,35.25,-97.46667,360.3,2005-01-26 09:51:00,360,5,N,51,5,22000,5,9,N,16093,5,N,5,80,C,40,C,99999,9,False,
99999903948,35.25,-97.46667,360.3,2005-01-26 10:51:00,10,5,N,46,5,22000,5,9,N,16093,5,N,5,70,C,30,C,99999,9,False,
99999903948,35.25,-97.46667,360.3,2005-01-26 11:51:00,20,5,N,51,5,22000,5,9,N,16093,5,N,5,60,C,20,C,99999,9,False,
99999903948,35.25,-97.46667,360.3,2005-01-26 12:51:00,10,5,N,46,5,22000,5,9,N,16093,5,N,5,60,C,20,C,99999,9,False,
99999903948,35.25,-97.46667,360.3,2005-01-26 13:52:00,20,5,N,31,5,22000,5,9,N,16093,5,N,5,40,C,20,C,99999,9,False,
99999903948,35.25,-97.46667,360.3,2005-01-26 14:51:00,30,5,N,62,5,22000,5,9,N,16093,5,N,5,80,C,20,C,99999,9,False,
99999903948,35.25,-97.46667,360.3,2005-01-26 15:51:00,40,5,N,67,5,22000,5,9,N,16093,5,N,5,100,C,10,C,99999,9,False,
99999903948,35.25,-97.46667,360.3,2005-01-26 16:52:00,30,5,N,62,5,22000,5,9,N,16093,5,N,5,110,C,20,C,99999,9,False,
99999903948,35.25,-97.46667,360.3,2005-01-26 17:51:00,30,5,N,62,5,22000,5,9,N,16093,5,N,5,150,C,10,C,99999,9,False,
99999903948,35.25,-97.46667,360.3,2005-01-26 18:51:00,40,5,N,57,5,22000,5,9,N,16093,5,N,5,160,C,10,C,99999,9,False,
99999903948,35.25,-97.46667,360.3,2005-01-26 19:52:00,40,5,N,46,5,22000,5,9,N,16093,5,N,5,170,C,0,C,99999,9,False,
99999903948,35.25,-97.46667,360.3,2005-01-26 20:51:00,20,5,N,46,5,22000,5,9,N,16093,5,N,5,170,C,0,C,99999,9,False,
99999903948,35.25,-97.46667,360.3,2005-01-26 21:51:00,40,5,N,36,5,22000,5,9,N,16093,5,N,5,170,C,-10,C,99999,9,False,
99999903948,35.25,-97.46667,360.3,2005-01-26 22:51:00,30,5,N,31,5,22000,5,9,N,16093,5,N,5,140,C,-10,C,99999,9,False,
99999903948,35.25,-97.46667,360.3,2005-01-26 23:51:00,40,5,N,31,5,22000,5,9,N,16093,5,N,5,110,C,-10,C,99999,9,False,
99999903948,35.25,-97.46667,360.3,2005-01-27 00:52:00,999,9,C,0,5,22000,5,9,N,16093,5,N,5,90,C,-10,C,99999,9,False,
99999903948,35.25,-97.46667,360.3,2005-01-27 01:52:00,40,5,N,41,5,22000,5,9,N,16093,5,N,5,90,C,-10,C,99999,9,False,
99999903948,35.25,-97.46667,360.3,2005-01-27 02:51:00,40,5,N,31,5,22000,5,9,N,16093,5,N,5,90,C,-10,C,99999,9,False,
99999903948,35.25,-97.46667,360.3,2005-01-27 03:52:00,999,9,C,0,5,22000,5,9,N,16093,5,N,5,70,C,-10,C,99999,9,False,
99999903948,35.25,-97.46667,360.3,2005-01-27 04:56:00,60,5,N,36,5,22000,5,9,N,16093,5,N,5,70,C,0,C,99999,9,False,
99999903948,35.25,-97.46667,360.3,2005-01-27 05:51:00,50,5,N,36,5,22000,5,9,N,16093,5,N,5,60,C,-10,C,99999,9,False,
99999903948,35.25,-97.46667,360.3,2005-01-27 06:52:00,60,5,N,46,5,22000,5,9,N,16093,5,N,5,60,C,0,C,99999,9,False,
99999903948,35.25,-97.46667,360.3,2005-01-27 07:52:00,60,5,N,57,5,22000,5,9,N,16093,5,N,5,50,C,0,C,99999,9,False,
99999903948,35.25,-97.46667,360.3,2005-01-27 08:52:00,60,5,N,36,5,22000,5,9,N,16093,5,N,5,40,C,-10,C,99999,9,False,
99999903948,35.25,-97.46667,360.3,2005-01-27 09:52:00,70,5,N,67,5,22000,5,9,N,16093,5,N,5,40,C,-10,C,99999,9,False,
99999903948,35.25,-97.46667,360.3,2005-01-27 10:51:00,70,5,N,46,5,22000,5,9,N,16093,5,N,5,30,C,-10,C,99999,9,False,
99999903948,35.25,-97.46667,360.3,2005-01-27 11:52:00,60,5,N,51,5,22000,5,9,N,16093,5,N,5,30,C,-10,C,99999,9,False,
99999903948,35.25,-97.46667,360.3,2005-01-27 12:56:00,70,5,N,46,5,22000,5,9,N,16093,5,N,5,30,C,-10,C,99999,9,False,
99999903948,35.25,-97.46667,360.3,2005-01-27 13:53:00,70,5,N,62,5,22000,5,9,N,11265,5,N,5,30,C,-10,C,99999,9,False,
99999903948,35.25,-97.46667,360.3,2005-01-27 14:51:00,100,5,N,36,5,99999,9,9,N,11265,5,N,5,30,C,-10,C,99999,9,False,
99999903948,35.25,-97.46667,360.3,2005-01-27 15:52:00,70,5,N,51,5,22000,5,9,N,16093,5,N,5,40,C,-10,C,99999,9,False,
99999903948,35.25,-97.46667,360.3,2005-01-27 16:51:00,90,5,N,41,5,22000,5,9,N,16093,5,N,5,40,C,-10,C,99999,9,False,
99999903948,35.25,-97.46667,360.3,2005-01-27 17:33:00,80,5,N,46,5,22000,5,9,N,16093,5,N,5,50,C,-10,C,99999,9,False,
99999903948,35.25,-97.46667,360.3,2005-01-27 18:51:00,90,5,N,36,5,22000,5,9,N,16093,5,N,5,60,C,-10,C,99999,9,False,
99999903948,35.25,-97.46667,360.3,2005-01-27 19:52:00,90,5,N,36,5,22000,5,9,N,16093,5,N,5,70,C,-10,C,99999,9,False,
99999903948,35.25,-97.46667,360.3,2005-01-27 20:52:00,90,5,N,46,5,22000,5,9,N,16093,5,N,5,60,C,0,C,99999,9,False,
99999903948,35.25,-97.46667,360.3,2005-01-27 21:52:00,80,5,N,36,5,2134,5,M,N,16093,5,N,5,60,C,0,C,99999,9,False,
99999903948,35.25,-97.46667,360.3,2005-01-27 22:51:00,80,5,N,41,5,1402,5,M,N,16093,5,N,5,60,C,10,C,99999,9,False,
99999903948,35.25,-97.46667,360.3,2005-01-27 23:51:00,80,5,N,41,5,1981,5,M,N,16093,5,N,5,60,C,0,C,99999,9,False,
99999903948,35.25,-97.46667,360.3,2005-01-28 00:52:00,90,5,N,51,5,1981,5,M,N,16093,5,N,5,60,C,-10,C,99999,9,False,
99999903948,35.25,-97.46667,360.3,2005-01-28 01:52:00,80,5,N,41,5,1981,5,M,N,16093,5,N,5,60,C,-10,C,99999,9,False,
99999903948,35.25,-97.46667,360.3,2005-01-28 02:51:00,100,5,N,31,5,3048,5,M,N,16093,5,N,5,50,C,-10,C,99999,9,False,
99999903948,35.25,-97.46667,360.3,2005-01-28 03:51:00,90,5,N,36,5,3048,5,M,N,16093,5,N,5,50,C,-10,C,99999,9,False,
99999903948,35.25,-97.46667,360.3,2005-01-28 04:52:00,100,5,N,41,5,2438,5,M,N,16093,5,N,5,40,C,-10,C,99999,9,False,
99999903948,35.25,-97.46667,360.3,2005-01-28 05:53:00,110,5,N,36,5,2438,5,M,N,16093,5,N,5,40,C,-10,C,99999,9,False,
99999903948,35.25,-97.46667,360.3,2005-01-28 05:59:00,999,9,9,9999,9,99999,9,9,9,999999,9,9,9,9999,9,9999,9,99999,9,False,
99999903948,35.25,-97.46667,360.3,2005-01-28 06:52:00,90,5,N,26,5,99999,9,9,N,16093,5,N,5,40,C,-10,C,99999,9,False,
99999903948,35.25,-97.46667,360.3,2005-01-28 07:53:00,110,5,N,36,5,1341,5,M,N,16093,5,N,5,40,C,-10,C,99999,9,False,
99999903948,35.25,-97.46667,360.3,2005-01-28 08:51:00,110,5,N,26,5,1494,5,M,N,16093,5,N,5,40,C,-10,C,99999,9,False,
99999903948,35.25,-97.46667,360.3,2005-01-28 09:52:00,110,5,N,31,5,610,5,M,N,16093,5,N,5,40,C,0,C,99999,9,False,
99999903948,35.25,-97.46667,360.3,2005-01-28 10:31:00,110,5,N,31,5,549,5,M,N,16093,5,N,5,40,C,0,C,99999,9,False,
99999903948,35.25,-97.46667,360.3,2005-01-28 11:52:00,130,5,N,41,5,610,5,M,N,6437,5,N,5,30,C,0,C,99999,9,False,
99999903948,35.25,-97.46667,360.3,2005-01-28 12:52:00,130,5,N,36,5,274,5,M,N,4828,5,N,5,20,C,0,C,99999,9,False,
99999903948,35.25,-97.46667,360.3,2005-01-28 13:52:00,120,5,N,41,5,213,5,M,N,2414,5,N,5,10,C,-10,C,99999,9,False,
99999903948,35.25,-97.46667,360.3,2005-01-28 14:52:00,130,5,N,31,5,61,5,M,N,402,7,N,5,10,C,-10,C,99999,9,False,
99999903948,35.25,-97.46667,360.3,2005-01-28 15:52:00,130,5,N,31,5,183,5,M,N,3219,5,N,5,10,C,0,C,99999,9,False,
99999903948,35.25,-97.46667,360.3,2005-01-28 16:51:00,130,5,N,21,5,244,5,M,N,3219,5,N,5,20,C,0,C,99999,9,False,
99999903948,35.25,-97.46667,360.3,2005-01-28 17:53:00,130,5,N,36,5,183,5,M,N,4828,5,N,5,20,C,0,C,99999,9,False,
99999903948,35.25,-97.46667,360.3,2005-01-28 18:52:00,140,5,N,41,5,183,5,M,N,4828,5,N,5,20,C,0,C,99999,9,False,
99999903948,35.25,-97.46667,360.3,2005-01-28 22:52:00,150,5,N,21,5,122,5,M,N,3219,5,N,5,20,C,10,C,99999,9,False,
99999903948,35.25,-97.46667,360.3,2005-01-29 00:12:00,999,9,C,0,5,61,5,M,N,2816,5,N,5,20,C,10,C,99999,9,False,
99999903948,35.25,-97.46667,360.3,2005-01-29 01:52:00,999,9,C,0,5,61,5,M,N,4828,5,N,5,20,C,10,C,99999,9,False,
99999903948,35.25,-97.46667,360.3,2005-01-29 02:12:00,60,5,N,26,5,122,5,M,N,3219,5,N,5,20,C,10,C,99999,9,False,
99999903948,35.25,-97.46667,360.3,2005-01-29 03:32:00,999,9,C,0,5,61,5,M,N,2012,5,N,5,20,C,10,C,99999,9,False,
99999903948,35.25,-97.46667,360.3,2005-01-29 04:51:00,999,9,C,0,5,91,5,M,N,3219,5,N,5,20,C,10,C,99999,9,False,
99999903948,35.25,-97.46667,360.3,2005-01-29 05:51:00,999,9,C,0,5,91,5,M,N,4828,5,N,5,20,C,10,C,99999,9,False,
99999903948,35.25,-97.46667,360.3,2005-01-29 05:59:00,999,9,9,9999,9,99999,9,9,9,999999,9,9,9,9999,9,9999,9,99999,9,False,
99999903948,35.25,-97.46667,360.3,2005-01-29 06:51:00,999,9,C,0,5,213,5,M,N,6437,5,N,5,20,C,10,C,99999,9,False,
99999903948,35.25,-97.46667,360.3,2005-01-29 08:52:00,310,5,N,15,5,152,5,M,N,6437,5,N,5,20,C,10,C,99999,9,False,
99999903948,35.25,-97.46667,360.3,2005-01-29 11:52:00,360,5,N,21,5,183,5,M,N,11265,5,N,5,10,C,0,C,99999,9,False,
99999903948,35.25,-97.46667,360.3,2005-01-29 13:52:00,330,5,N,15,5,305,5,M,N,11265,5,N,5,10,C,0,C,99999,9,False,
99999903948,35.25,-97.46667,360.3,2005-01-29 18:52:00,330,5,N,21,5,335,5,M,N,16093,5,N,5,30,C,20,C,99999,9,False,
99999903948,35.25,-97.46667,360.3,2005-01-29 20:52:00,999,9,C,0,5,335,5,M,N,16093,5,N,5,40,C,20,C,99999,9,False,
99999903948,35.25,-97.46667,360.3,2005-01-29 22:52:00,999,9,C,0,5,396,5,M,N,11265,5,N,5,40,C,20,C,99999,9,False,
99999903948,35.25,-97.46667,360.3,2005-01-30 00:35:00,999,9,C,0,5,457,5,M,N,16093,5,N,5,30,C,20,C,99999,9,False,
99999903948,35.25,-97.46667,360.3,2005-01-30 03:52:00,70,5,N,21,5,274,5,M,N,11265,5,N,5,20,C,10,C,99999,9,False,
99999903948,35.25,-97.46667,360.3,2005-01-30 04:52:00,10,5,N,31,5,213,5,M,N,11265,5,N,5,20,C,10,C,99999,9,False,
99999903948,35.25,-97.46667,360.3,2005-01-30 05:52:00,80,5,N,26,5,213,5,M,N,8047,5,N,5,20,C,10,C,99999,9,False,
99999903948,35.25,-97.46667,360.3,2005-01-30 05:59:00,999,9,9,9999,9,99999,9,9,9,999999,9,9,9,9999,9,9999,9,99999,9,False,
99999903948,35.25,-97.46667,360.3,2005-01-30 06:53:00,999,9,C,0,5,213,5,M,N,8047,5,N,5,10,C,0,C,99999,9,False,
99999903948,35.25,-97.46667,360.3,2005-01-30 07:52:00,90,5,N,26,5,152,5,M,N,6437,5,N,5,10,C,0,C,99999,9,False,
99999903948,35.25,-97.46667,360.3,2005-01-30 09:52:00,30,5,N,26,5,91,5,M,N,4828,5,N,5,10,C,-10,C,99999,9,False,
99999903948,35.25,-97.46667,360.3,2005-01-30 10:52:00,30,5,N,21,5,91,5,M,N,4828,5,N,5,0,C,-10,C,99999,9,False,
99999903948,35.25,-97.46667,360.3,2005-01-30 11:13:00,80,5,N,15,5,91,5,M,N,2012,5,N,5,0,C,-10,C,99999,9,False,
99999903948,35.25,-97.46667,360.3,2005-01-30 13:52:00,40,5,N,21,5,91,5,M,N,4023,5,N,5,-10,C,-10,C,99999,9,False,
99999903948,35.25,-97.46667,360.3,2005-01-30 14:52:00,100,5,N,31,5,91,5,M,N,4023,5,N,5,0,C,-10,C,99999,9,False,
99999903948,35.25,-97.46667,360.3,2005-01-30 17:32:00,90,5,N,41,5,91,5,M,N,2816,5,N,5,10,C,0,C,99999,9,False,
99999903948,35.25,-97.46667,360.3,2005-01-30 20:52:00,999,9,C,0,5,213,5,M,N,2816,5,N,5,10,C,0,C,99999,9,False,
99999903948,35.25,-97.46667,360.3,2005-01-30 22:52:00,100,5,N,26,5,427,5,M,N,11265,5,N,5,10,C,0,C,99999,9,False,
99999903948,35.25,-97.46667,360.3,2005-01-30 23:52:00,999,9,C,0,5,305,5,M,N,8047,5,N,5,10,C,0,C,99999,9,False,
99999903948,35.25,-97.46667,360.3,2005-01-31 00:56:00,999,9,C,0,5,183,5,M,N,4023,5,N,5,10,C,0,C,99999,9,False,
99999903948,35.25,-97.46667,360.3,2005-01-31 01:52:00,40,5,N,15,5,244,5,M,N,3219,5,N,5,10,C,0,C,99999,9,False,
99999903948,35.25,-97.46667,360.3,2005-01-31 02:52:00,999,9,C,0,5,122,5,M,N,4023,5,N,5,10,C,0,C,99999,9,False,
99999903948,35.25,-97.46667,360.3,2005-01-31 03:52:00,999,9,C,0,5,183,5,M,N,4828,5,N,5,10,C,10,C,99999,9,False,
99999903948,35.25,-97.46667,360.3,2005-01-31 04:52:00,999,9,C,0,5,122,5,M,N,3219,5,N,5,10,C,10,C,99999,9,False,
99999903948,35.25,-97.46667,360.3,2005-01-31 05:52:00,90,5,N,15,5,122,5,M,N,4023,5,N,5,10,C,10,C,99999,9,False,
99999903948,35.25,-97.46667,360.3,2005-01-31 05:59:00,999,9,9,9999,9,99999,9,9,9,999999,9,9,9,9999,9,9999,9,99999,9,False,
99999903948,35.25,-97.46667,360.3,2005-01-31 06:52:00,999,9,C,0,5,305,5,M,N,4828,5,N,5,10,C,10,C,99999,9,False,
99999903948,35.25,-97.46667,360.3,2005-01-31 07:52:00,320,5,N,15,5,122,5,M,N,3219,5,N,5,20,C,10,C,99999,9,False,
99999903948,35.25,-97.46667,360.3,2005-01-31 08:52:00,999,9,C,0,5,762,5,M,N,6437,5,N,5,10,C,10,C,99999,9,False,
99999903948,35.25,-97.46667,360.3,2005-01-31 09:52:00,999,9,C,0,5,152,5,M,N,6437,5,N,5,20,C,10,C,99999,9,False,
99999903948,35.25,-97.46667,360.3,2005-01-31 10:53:00,320,5,N,15,5,152,5,M,N,4023,5,N,5,9999,9,9999,9,99999,9,False,
99999903948,35.25,-97.46667,360.3,2005-01-31 11:52:00,340,5,N,26,5,213,5,M,N,8047,5,N,5,20,C,10,C,99999,9,False,
99999903948,35.25,-97.46667,360.3,2005-01-31 12:53:00,999,9,C,0,5,274,5,M,N,8047,5,N,5,20,C,10,C,99999,9,False,
99999903948,35.25,-97.46667,360.3,2005-01-31 13:12:00,330,5,N,21,5,274,5,M,N,8047,5,N,5,20,C,10,C,99999,9,False,
99999903948,35.25,-97.46667,360.3,2005-01-31 14:52:00,350,5,N,41,5,305,5,M,N,11265,5,N,5,20,C,10,C,99999,9,False,
99999903948,35.25,-97.46667,360.3,2005-01-31 15:12:00,360,5,N,36,5,244,5,M,N,8047,5,N,5,20,C,10,C,99999,9,False,
99999903948,35.25,-97.46667,360.3,2005-01-31 16:55:00,360,5,N,41,5,427,5,M,N,16093,5,N,5,30,C,20,C,99999,9,False,
99999903948,35.25,-97.46667,360.3,2005-01-31 17:53:00,20,5,N,46,5,427,5,M,N,16093,5,N,5,40,C,30,C,99999,9,False,
99999903948,35.25,-97.46667,360.3,2005-01-31 18:51:00,350,5,N,51,5,488,5,M,N,16093,5,N,5,40,C,30,C,99999,9,False,
99999903948,35.25,-97.46667,360.3,2005-01-31 19:51:00,20,5,N,57,5,457,5,M,N,16093,5,N,5,40,C,30,C,99999,9,False,
99999903948,35.25,-97.46667,360.3,2005-01-31 20:51:00,20,5,N,46,5,335,5,M,N,11265,5,N,5,40,C,30,C,99999,9,False,
99999903948,35.25,-97.46667,360.3,2005-01-31 21:51:00,20,5,N,46,5,579,5,M,N,16093,5,N,5,40,C,30,C,99999,9,False,
99999903948,35.25,-97.46667,360.3,2005-01-31 22:53:00,50,5,N,31,5,518,5,M,N,16093,5,N,5,40,C,30,C,99999,9,False,
99999903948,35.25,-97.46667,360.3,2005-01-31 23:51:00,10,5,N,41,5,396,5,M,N,11265,5,N,5,40,C,30,C,99999,9,False,
99999903948,35.25,-97.46667,360.3,2005-02-01 00:51:00,20,5,N,21,5,335,5,M,N,11265,5,N,5,40,C,30,C,99999,9,False,
99999903948,35.25,-97.46667,360.3,2005-02-01 01:51:00,20,5,N,31,5,396,5,M,N,11265,5,N,5,40,C,30,C,99999,9,False,
99999903948,35.25,-97.46667,360.3,2005-02-01 02:51:00,20,5,N,21,5,396,5,M,N,11265,5,N,5,40,C,30,C,99999,9,False,
99999903948,35.25,-97.46667,360.3,2005-02-01 03:51:00,10,5,N,26,5,457,5,M,N,11265,5,N,5,40,C,30,C,99999,9,False,
99999903948,35.25,-97.46667,360.3,2005-02-01 04:51:00,10,5,N,31,5,335,5,M,N,11265,5,N,5,40,C,30,C,99999,9,False,
99999903948,35.25,-97.46667,360.3,2005-02-01 05:51:00,10,5,N,36,5,213,5,M,N,6437,5,N,5,30,C,30,C,99999,9,False,
99999903948,35.25,-97.46667,360.3,2005-02-01 05:59:00,999,9,9,9999,9,99999,9,9,9,999999,9,9,9,9999,9,9999,9,99999,9,False,
99999903948,35.25,-97.46667,360.3,2005-02-01 06:51:00,20,5,N,31,5,152,5,M,N,4023,5,N,5,30,C,30,C,99999,9,False,
99999903948,35.25,-97.46667,360.3,2005-02-01 07:51:00,40,5,N,36,5,152,5,M,N,8047,5,N,5,30,C,20,C,99999,9,False,
99999903948,35.25,-97.46667,360.3,2005-02-01 08:51:00,40,5,N,21,5,152,5,M,N,8047,5,N,5,30,C,20,C,99999,9,False,
99999903948,35.25,-97.46667,360.3,2005-02-01 09:51:00,50,5,N,15,5,427,5,M,N,11265,5,N,5,30,C,20,C,99999,9,False,
99999903948,35.25,-97.46667,360.3,2005-02-01 10:51:00,50,5,N,21,5,488,5,M,N,11265,5,N,5,30,C,20,C,99999,9,False,
99999903948,35.25,-97.46667,360.3,2005-02-01 11:53:00,30,5,N,31,5,549,5,M,N,11265,5,N,5,30,C,20,C,99999,9,False,
99999903948,35.25,-97.46667,360.3,2005-02-01 12:51:00,30,5,N,26,5,1189,5,M,N,11265,5,N,5,20,C,20,C,99999,9,False,
99999903948,35.25,-97.46667,360.3,2005-02-01 13:35:00,40,5,N,26,5,22000,5,9,N,6437,5,N,5,20,C,10,C,99999,9,False,
99999903948,35.25,-97.46667,360.3,2005-02-01 14:31:00,40,5,N,31,5,1128,5,M,N,6437,5,N,5,20,C,20,C,99999,9,False,
99999903948,35.25,-97.46667,360.3,2005-02-01 15:51:00,40,5,N,21,5,762,5,M,N,8047,5,N,5,30,C,30,C,99999,9,False,
99999903948,35.25,-97.46667,360.3,2005-02-01 16:51:00,50,5,N,36,5,701,5,M,N,8047,5,N,5,30,C,30,C,99999,9,False,
99999903948,35.25,-97.46667,360.3,2005-02-01 17:55:00,50,5,N,36,5,762,5,M,N,8047,5,N,5,40,C,30,C,99999,9,False,
99999903948,35.25,-97.46667,360.3,2005-02-01 18:53:00,30,5,N,21,5,884,5,M,N,11265,5,N,5,40,C,30,C,99999,9,False,
99999903948,35.25,-97.46667,360.3,2005-02-01 19:51:00,50,5,N,31,5,762,5,M,N,11265,5,N,5,40,C,20,C,99999,9,False,
99999903948,35.25,-97.46667,360.3,2005-02-01 20:51:00,40,5,N,41,5,549,5,M,N,11265,5,N,5,40,C,10,C,99999,9,False,
99999903948,35.25,-97.46667,360.3,2005-02-01 21:51:00,20,5,N,51,5,640,5,M,N,11265,5,N,5,40,C,10,C,99999,9,False,
99999903948,35.25,-97.46667,360.3,2005-02-01 22:51:00,30,5,N,51,5,671,5,M,N,11265,5,N,5,40,C,10,C,99999,9,False,
99999903948,35.25,-97.46667,360.3,2005-02-01 23:51:00,20,5,N,31,5,549,5,M,N,11265,5,N,5,40,C,10,C,99999,9,False,
99999903948,35.25,-97.46667,360.3,2005-02-02 00:53:00,20,5,N,46,5,549,5,M,N,8047,5,N,5,40,C,10,C,99999,9,False,
99999903948,35.25,-97.46667,360.3,2005-02-02 01:51:00,10,5,N,46,5,305,5,M,N,4828,5,N,5,20,C,10,C,99999,9,False,
99999903948,35.25,-97.46667,360.3,2005-02-02 02:51:00,10,5,N,21,5,152,5,M,N,3219,5,N,5,20,C,0,C,99999,9,False,
99999903948,35.25,-97.46667,360.3,2005-02-02 03:51:00,360,5,N,21,5,183,5,M,N,2816,5,N,5,20,C,10,C,99999,9,False,
99999903948,35.25,-97.46667,360.3,2005-02-02 04:51:00,360,5,N,26,5,152,5,M,N,2012,5,N,5,10,C,0,C,99999,9,False,
99999903948,35.25,-97.46667,360.3,2005-02-02 05:51:00,350,5,N,36,5,152,5,M,N,4023,5,N,5,20,C,10,C,99999,9,False,
99999903948,35.25,-97.46667,360.3,2005-02-02 05:59:00,999,9,9,9999,9,99999,9,9,9,999999,9,9,9,9999,9,9999,9,99999,9,False,
99999903948,35.25,-97.46667,360.3,2005-02-02 06:51:00,350,5,N,21,5,427,5,M,N,4023,5,N,5,20,C,10,C,99999,9,False,
99999903948,35.25,-97.46667,360.3,2005-02-02 07:51:00,350,5,N,15,5,213,5,M,N,3219,5,N,5,20,C,10,C,99999,9,False,
99999903948,35.25,-97.46667,360.3,2005-02-02 08:51:00,350,5,N,31,5,152,5,M,N,4023,5,N,5,20,C,10,C,99999,9,False,
99999903948,35.25,-97.46667,360.3,2005-02-02 09:51:00,360,5,N,31,5,213,5,M,N,3219,5,N,5,20,C,10,C,99999,9,False,
99999903948,35.25,-97.46667,360.3,2005-02-02 10:51:00,360,5,N,51,5,213,5,M,N,4828,5,N,5,20,C,10,C,99999,9,False,
99999903948,35.25,-97.46667,360.3,2005-02-02 11:57:00,360,5,N,46,5,152,5,M,N,4828,5,N,5,20,C,10,C,99999,9,False,
99999903948,35.25,-97.46667,360.3,2005-02-02 12:57:00,360,5,N,41,5,152,5,M,N,4828,5,N,5,20,C,10,C,99999,9,False,
99999903948,35.25,-97.46667,360.3,2005-02-02 13:51:00,10,5,N,46,5,152,5,M,N,3219,5,N,5,20,C,10,C,99999,9,False,
99999903948,35.25,-97.46667,360.3,2005-02-02 14:51:00,360,5,N,51,5,274,5,M,N,4023,5,N,5,20,C,10,C,99999,9,False,
99999903948,35.25,-97.46667,360.3,2005-02-02 15:51:00,360,5,N,57,5,335,5,M,N,6437,5,N,5,30,C,20,C,99999,9,False,
99999903948,35.25,-97.46667,360.3,2005-02-02 16:57:00,10,5,N,57,5,396,5,M,N,8047,5,N,5,40,C,30,C,99999,9,False,
99999903948,35.25,-97.46667,360.3,2005-02-02 17:51:00,20,5,N,36,5,549,5,M,N,11265,5,N,5,60,C,40,C,99999,9,False,
99999903948,35.25,-97.46667,360.3,2005-02-02 18:51:00,10,5,N,57,5,610,5,M,N,16093,5,N,5,50,C,40,C,99999,9,False,
99999903948,35.25,-97.46667,360.3,2005-02-02 19:38:00,20,5,N,46,5,732,5,M,N,16093,5,N,5,60,C,50,C,99999,9,False,
99999903948,35.25,-97.46667,360.3,2005-02-02 20:51:00,20,5,N,31,5,792,5,M,N,16093,5,N,5,60,C,50,C,99999,9,False,
99999903948,35.25,-97.46667,360.3,2005-02-02 21:51:00,360,5,N,26,5,914,5,M,N,16093,5,N,5,60,C,50,C,99999,9,False,
99999903948,35.25,-97.46667,360.3,2005-02-02 22:51:00,10,5,N,21,5,914,5,M,N,16093,5,N,5,60,C,50,C,99999,9,False,
99999903948,35.25,-97.46667,360.3,2005-02-02 23:51:00,10,5,N,15,5,914,5,M,N,16093,5,N,5,60,C,40,C,99999,9,False,
99999903948,35.25,-97.46667,360.3,2005-02-03 00:51:00,999,9,C,0,5,914,5,M,N,16093,5,N,5,50,C,40,C,99999,9,False,
99999903948,35.25,-97.46667,360.3,2005-02-03 01:51:00,999,9,C,0,5,914,5,M,N,16093,5,N,5,50,C,40,C,99999,9,False,
99999903948,35.25,-97.46667,360.3,2005-02-03 02:51:00,999,9,C,0,5,975,5,M,N,16093,5,N,5,50,C,30,C,99999,9,False,
99999903948,35.25,-97.46667,360.3,2005-02-03 03:51:00,999,9,C,0,5,975,5,M,N,16093,5,N,5,50,C,30,C,99999,9,False,
99999903948,35.25,-97.46667,360.3,2005-02-03 04:51:00,350,5,N,15,5,914,5,M,N,16093,5,N,5,40,C,30,C,99999,9,False,
99999903948,35.25,-97.46667,360.3,2005-02-03 05:51:00,300,5,N,21,5,22000,5,9,N,11265,5,N,5,20,C,0,C,99999,9,False,
99999903948,35.25,-97.46667,360.3,2005-02-03 05:59:00,999,9,9,9999,9,99999,9,9,9,999999,9,9,9,9999,9,9999,9,99999,9,False,
99999903948,35.25,-97.46667,360.3,2005-02-03 06:51:00,300,5,N,21,5,22000,5,9,N,8047,5,N,5,10,C,0,C,99999,9,False,
99999903948,35.25,-97.46667,360.3,2005-02-03 07:51:00,999,9,C,0,5,22000,5,9,N,8047,5,N,5,-10,C,-10,C,99999,9,False,
99999903948,35.25,-97.46667,360.3,2005-02-03 08:51:00,999,9,C,0,5,22000,5,9,N,6437,5,N,5,-10,C,-20,C,99999,9,False,
99999903948,35.25,-97.46667,360.3,2005-02-03 09:51:00,310,5,N,21,5,22000,5,9,N,4828,5,N,5,-20,C,-30,C,99999,9,False,
99999903948,35.25,-97.46667,360.3,2005-02-03 10:51:00,999,9,C,0,5,22000,5,9,N,4023,5,N,5,-30,C,-40,C,99999,9,False,
99999903948,35.25,-97.46667,360.3,2005-02-03 11:51:00,999,9,C,0,5,22000,5,9,N,4023,5,N,5,-30,C,-40,C,99999,9,False,
99999903948,35.25,-97.46667,360.3,2005-02-03 12:51:00,999,9,C,0,5,22000,5,9,N,4023,5,N,5,-30,C,-30,C,99999,9,False,
99999903948,35.25,-97.46667,360.3,2005-02-03 13:55:00,999,9,C,0,5,22000,5,9,N,1609,5,N,5,-20,C,-30,C,99999,9,False,
99999903948,35.25,-97.46667,360.3,2005-02-03 14:51:00,999,9,C,0,5,22000,5,9,N,2816,5,N,5,30,C,20,C,99999,9,False,
99999903948,35.25,-97.46667,360.3,2005-02-03 15:51:00,260,5,N,21,5,22000,5,9,N,16093,5,N,5,70,C,60,C,99999,9,False,
99999903948,35.25,-97.46667,360.3,2005-02-03 16:51:00,999,9,C,0,5,22000,5,9,N,16093,5,N,5,110,C,70,C,99999,9,False,
99999903948,35.25,-97.46667,360.3,2005-02-03 17:51:00,999,9,C,0,5,22000,5,9,N,16093,5,N,5,120,C,40,C,99999,9,False,
99999903948,35.25,-97.46667,360.3,2005-02-03 18:51:00,150,5,N,15,5,22000,5,9,N,16093,5,N,5,130,C,40,C,99999,9,False,
99999903948,35.25,-97.46667,360.3,2005-02-03 19:57:00,999,9,C,0,5,22000,5,9,N,16093,5,N,5,150,C,70,C,99999,9,False,
99999903948,35.25,-97.46667,360.3,2005-02-03 20:51:00,999,9,C,0,5,22000,5,9,N,16093,5,N,5,160,C,80,C,99999,9,False,
99999903948,35.25,-97.46667,360.3,2005-02-03 21:51:00,999,9,C,0,5,22000,5,9,N,16093,5,N,5,150,C,90,C,99999,9,False,
99999903948,35.25,-97.46667,360.3,2005-02-03 22:11:00,999,9,C,0,5,22000,5,9,N,16093,5,N,5,160,C,110,C,99999,9,False,
99999903948,35.25,-97.46667,360.3,2005-02-03 23:51:00,999,9,C,0,5,22000,5,9,N,16093,5,N,5,120,C,20,C,99999,9,False,
99999903948,35.25,-97.46667,360.3,2005-02-04 00:51:00,999,9,C,0,5,22000,5,9,N,16093,5,N,5,80,C,20,C,99999,9,False,
99999903948,35.25,-97.46667,360.3,2005-02-04 01:51:00,999,9,C,0,5,22000,5,9,N,16093,5,N,5,60,C,0,C,99999,9,False,
99999903948,35.25,-97.46667,360.3,2005-02-04 02:51:00,999,9,C,0,5,22000,5,9,N,16093,5,N,5,40,C,0,C,99999,9,False,
99999903948,35.25,-97.46667,360.3,2005-02-04 03:51:00,999,9,C,0,5,22000,5,9,N,16093,5,N,5,20,C,-10,C,99999,9,False,
99999903948,35.25,-97.46667,360.3,2005-02-04 04:51:00,999,9,C,0,5,22000,5,9,N,16093,5,N,5,20,C,-10,C,99999,9,False,
99999903948,35.25,-97.46667,360.3,2005-02-04 05:51:00,999,9,C,0,5,22000,5,9,N,16093,5,N,5,20,C,-10,C,99999,9,False,
99999903948,35.25,-97.46667,360.3,2005-02-04 05:59:00,999,9,9,9999,9,99999,9,9,9,999999,9,9,9,9999,9,9999,9,99999,9,False,
99999903948,35.25,-97.46667,360.3,2005-02-04 06:51:00,190,5,N,15,5,22000,5,9,N,16093,5,N,5,20,C,-10,C,99999,9,False,
99999903948,35.25,-97.46667,360.3,2005-02-04 07:51:00,999,9,C,0,5,22000,5,9,N,16093,5,N,5,10,C,-10,C,99999,9,False,
99999903948,35.25,-97.46667,360.3,2005-02-04 08:51:00,999,9,C,0,5,22000,5,9,N,11265,5,N,5,-10,C,-30,C,99999,9,False,
99999903948,35.25,-97.46667,360.3,2005-02-04 09:51:00,180,5,N,15,5,22000,5,9,N,11265,5,N,5,-10,C,-30,C,99999,9,False,
99999903948,35.25,-97.46667,360.3,2005-02-04 10:51:00,999,9,C,0,5,22000,5,9,N,11265,5,N,5,-20,C,-30,C,99999,9,False,
99999903948,35.25,-97.46667,360.3,2005-02-04 11:53:00,999,9,C,0,5,22000,5,9,N,11265,5,N,5,-20,C,-30,C,99999,9,False,
99999903948,35.25,-97.46667,360.3,2005-02-04 12:51:00,190,5,N,15,5,22000,5,9,N,11265,5,N,5,-10,C,-20,C,99999,9,False,
99999903948,35.25,-97.46667,360.3,2005-02-04 13:51:00,999,9,C,0,5,22000,5,9,N,8047,5,N,5,0,C,-20,C,99999,9,False,
99999903948,35.25,-97.46667,360.3,2005-02-04 14:51:00,190,5,N,21,5,22000,5,9,N,11265,5,N,5,40,C,20,C,99999,9,False,
99999903948,35.25,-97.46667,360.3,2005-02-04 15:51:00,200,5,N,36,5,22000,5,9,N,16093,5,N,5,80,C,30,C,99999,9,False,
99999903948,35.25,-97.46667,360.3,2005-02-04 16:56:00,210,5,N,41,5,22000,5,9,N,16093,5,N,5,120,C,20,C,99999,9,False,
99999903948,35.25,-97.46667,360.3,2005-02-04 17:51:00,210,5,N,41,5,22000,5,9,N,16093,5,N,5,140,C,20,C,99999,9,False,
99999903948,35.25,-97.46667,360.3,2005-02-04 18:51:00,200,5,N,41,5,22000,5,9,N,16093,5,N,5,160,C,10,C,99999,9,False,
99999903948,35.25,-97.46667,360.3,2005-02-04 19:51:00,190,5,N,31,5,22000,5,9,N,16093,5,N,5,170,C,10,C,99999,9,False,
99999903948,35.25,-97.46667,360.3,2005-02-04 20:51:00,210,5,N,15,5,22000,5,9,N,16093,5,N,5,170,C,20,C,99999,9,False,
99999903948,35.25,-97.46667,360.3,2005-02-04 21:51:00,210,5,N,36,5,22000,5,9,N,16093,5,N,5,170,C,10,C,99999,9,False,
99999903948,35.25,-97.46667,360.3,2005-02-04 22:51:00,200,5,N,41,5,22000,5,9,N,16093,5,N,5,150,C,0,C,99999,9,False,
99999903948,35.25,-97.46667,360.3,2005-02-04 23:51:00,180,5,N,36,5,22000,5,9,N,16093,5,N,5,130,C,10,C,99999,9,False,
99999903948,35.25,-97.46667,360.3,2005-02-05 00:51:00,180,5,N,26,5,22000,5,9,N,16093,5,N,5,100,C,10,C,99999,9,False,
99999903948,35.25,-97.46667,360.3,2005-02-05 01:51:00,999,9,C,0,5,22000,5,9,N,16093,5,N,5,80,C,0,C,99999,9,False,
99999903948,35.25,-97.46667,360.3,2005-02-05 02:51:00,190,5,N,26,5,22000,5,9,N,16093,5,N,5,80,C,10,C,99999,9,False,
99999903948,35.25,-97.46667,360.3,2005-02-05 03:51:00,170,5,N,31,5,22000,5,9,N,16093,5,N,5,70,C,10,C,99999,9,False,
99999903948,35.25,-97.46667,360.3,2005-02-05 04:51:00,180,5,N,41,5,22000,5,9,N,16093,5,N,5,70,C,10,C,99999,9,False,
99999903948,35.25,-97.46667,360.3,2005-02-05 05:51:00,190,5,N,36,5,22000,5,9,N,16093,5,N,5,60,C,0,C,99999,9,False,
99999903948,35.25,-97.46667,360.3,2005-02-05 05:59:00,999,9,9,9999,9,99999,9,9,9,999999,9,9,9,9999,9,9999,9,99999,9,False,
99999903948,35.25,-97.46667,360.3,2005-02-05 06:51:00,190,5,N,31,5,22000,5,9,N,16093,5,N,5,40,C,0,C,99999,9,False,
99999903948,35.25,-97.46667,360.3,2005-02-05 07:51:00,180,5,N,26,5,22000,5,9,N,16093,5,N,5,40,C,0,C,99999,9,False,
99999903948,35.25,-97.46667,360.3,2005-02-05 08:51:00,999,9,C,0,5,22000,5,9,N,16093,5,N,5,30,C,-10,C,99999,9,False,
99999903948,35.25,-97.46667,360.3,2005-02-05 09:51:00,999,9,C,0,5,22000,5,9,N,16093,5,N,5,30,C,0,C,99999,9,False,
99999903948,35.25,-97.46667,360.3,2005-02-05 10:51:00,999,9,C,0,5,22000,5,9,N,16093,5,N,5,20,C,-20,C,99999,9,False,
99999903948,35.25,-97.46667,360.3,2005-02-05 11:51:00,999,9,C,0,5,22000,5,9,N,16093,5,N,5,20,C,-10,C,99999,9,False,
99999903948,35.25,-97.46667,360.3,2005-02-05 12:51:00,999,9,C,0,5,22000,5,9,N,11265,5,N,5,20,C,0,C,99999,9,False,
99999903948,35.25,-97.46667,360.3,2005-02-05 13:31:00,170,5,N,21,5,22000,5,9,N,8047,5,N,5,30,C,10,C,99999,9,False,
99999903948,35.25,-97.46667,360.3,2005-02-05 14:51:00,180,5,N,36,5,22000,5,9,N,11265,5,N,5,50,C,20,C,99999,9,False,
99999903948,35.25,-97.46667,360.3,2005-02-05 15:51:00,180,5,N,41,5,22000,5,9,N,11265,5,N,5,80,C,30,C,99999,9,False,
99999903948,35.25,-97.46667,360.3,2005-02-05 16:51:00,200,5,N,67,5,22000,5,9,N,16093,5,N,5,110,C,40,C,99999,9,False,
99999903948,35.25,-97.46667,360.3,2005-02-05 17:51:00,180,5,N,62,5,22000,5,9,N,16093,5,N,5,130,C,40,C,99999,9,False,
99999903948,35.25,-97.46667,360.3,2005-02-05 18:56:00,170,5,N,77,5,22000,5,9,N,16093,5,N,5,150,C,20,C,99999,9,False,
99999903948,35.25,-97.46667,360.3,2005-02-05 19:51:00,180,5,N,57,5,22000,5,9,N,16093,5,N,5,160,C,20,C,99999,9,False,
99999903948,35.25,-97.46667,360.3,2005-02-05 20:51:00,190,5,N,67,5,22000,5,9,N,16093,5,N,5,150,C,10,C,99999,9,False,
99999903948,35.25,-97.46667,360.3,2005-02-05 21:51:00,170,5,N,72,5,22000,5,9,N,16093,5,N,5,150,C,20,C,99999,9,False,
99999903948,35.25,-97.46667,360.3,2005-02-05 22:51:00,160,5,N,57,5,22000,5,9,N,16093,5,N,5,140,C,10,C,99999,9,False,
99999903948,35.25,-97.46667,360.3,2005-02-05 23:51:00,150,5,N,51,5,22000,5,9,N,16093,5,N,5,130,C,20,C,99999,9,False,
99999903948,35.25,-97.46667,360.3,2005-02-06 00:51:00,160,5,N,46,5,22000,5,9,N,16093,5,N,5,120,C,20,C,99999,9,False,
99999903948,35.25,-97.46667,360.3,2005-02-06 01:52:00,160,5,N,51,5,2896,5,M,N,16093,5,N,5,120,C,20,C,99999,9,False,
99999903948,35.25,-97.46667,360.3,2005-02-06 02:51:00,160,5,N,46,5,2134,5,M,N,16093,5,N,5,100,C,30,C,99999,9,False,
99999903948,35.25,-97.46667,360.3,2005-02-06 03:51:00,170,5,N,41,5,1676,5,M,N,16093,5,N,5,90,C,40,C,99999,9,False,
99999903948,35.25,-97.46667,360.3,2005-02-06 04:53:00,150,5,N,36,5,2286,5,M,N,16093,5,N,5,90,C,40,C,99999,9,False,
99999903948,35.25,-97.46667,360.3,2005-02-06 05:51:00,170,5,N,51,5,1524,5,M,N,16093,5,N,5,80,C,60,C,99999,9,False,
99999903948,35.25,-97.46667,360.3,2005-02-06 05:59:00,999,9,9,9999,9,99999,9,9,9,999999,9,9,9,9999,9,9999,9,99999,9,False,
99999903948,35.25,-97.46667,360.3,2005-02-06 06:52:00,160,5,N,57,5,1463,5,M,N,11265,5,N,5,80,C,60,C,99999,9,False,
99999903948,35.25,-97.46667,360.3,2005-02-06 07:51:00,160,5,N,46,5,1463,5,M,N,11265,5,N,5,80,C,60,C,99999,9,False,
99999903948,35.25,-97.46667,360.3,2005-02-06 08:51:00,160,5,N,57,5,1341,5,M,N,11265,5,N,5,70,C,60,C,99999,9,False,
99999903948,35.25,-97.46667,360.3,2005-02-06 09:51:00,150,5,N,51,5,213,5,M,N,8047,5,N,5,70,C,60,C,99999,9,False,
99999903948,35.25,-97.46667,360.3,2005-02-06 10:51:00,150,5,N,51,5,213,5,M,N,8047,5,N,5,80,C,60,C,99999,9,False,
99999903948,35.25,-97.46667,360.3,2005-02-06 11:51:00,140,5,N,57,5,213,5,M,N,8047,5,N,5,80,C,70,C,99999,9,False,
99999903948,35.25,-97.46667,360.3,2005-02-06 12:51:00,150,5,N,41,5,213,5,M,N,6437,5,N,5,80,C,70,C,99999,9,False,
99999903948,35.25,-97.46667,360.3,2005-02-06 13:55:00,170,5,N,46,5,213,5,M,N,8047,5,N,5,80,C,70,C,99999,9,False,
99999903948,35.25,-97.46667,360.3,2005-02-06 14:56:00,160,5,N,67,5,152,5,M,N,11265,5,N,5,80,C,70,C,99999,9,False,
99999903948,35.25,-97.46667,360.3,2005-02-06 15:51:00,160,5,N,62,5,213,5,M,N,16093,5,N,5,90,C,80,C,99999,9,False,
99999903948,35.25,-97.46667,360.3,2005-02-06 16:51:00,160,5,N,57,5,213,5,M,N,16093,5,N,5,90,C,80,C,99999,9,False,
99999903948,35.25,-97.46667,360.3,2005-02-06 17:51:00,170,5,N,62,5,213,5,M,N,16093,5,N,5,90,C,80,C,99999,9,False,
99999903948,35.25,-97.46667,360.3,2005-02-06 18:51:00,170,5,N,57,5,152,5,M,N,11265,5,N,5,100,C,90,C,99999,9,False,
99999903948,35.25,-97.46667,360.3,2005-02-06 19:51:00,190,5,N,46,5,274,5,M,N,16093,5,N,5,110,C,100,C,99999,9,False,
99999903948,35.25,-97.46667,360.3,2005-02-06 20:51:00,180,5,N,36,5,1250,5,M,N,16093,5,N,5,120,C,110,C,99999,9,False,
99999903948,35.25,-97.46667,360.3,2005-02-06 21:52:00,180,5,N,26,5,1158,5,M,N,16093,5,N,5,120,C,110,C,99999,9,False,
99999903948,35.25,-97.46667,360.3,2005-02-06 22:51:00,999,9,C,0,5,1463,5,M,N,16093,5,N,5,130,C,110,C,99999,9,False,
99999903948,35.25,-97.46667,360.3,2005-02-06 23:51:00,999,9,C,0,5,1006,5,M,N,11265,5,N,5,120,C,110,C,99999,9,False,
99999903948,35.25,-97.46667,360.3,2005-02-07 00:51:00,140,5,N,31,5,1829,5,M,N,11265,5,N,5,120,C,110,C,99999,9,False,
99999903948,35.25,-97.46667,360.3,2005-02-07 01:51:00,140,5,N,26,5,1829,5,M,N,11265,5,N,5,120,C,110,C,99999,9,False,
99999903948,35.25,-97.46667,360.3,2005-02-07 02:52:00,140,5,N,31,5,1829,5,M,N,11265,5,N,5,120,C,110,C,99999,9,False,
99999903948,35.25,-97.46667,360.3,2005-02-07 03:51:00,160,5,N,36,5,1829,5,M,N,8047,5,N,5,120,C,110,C,99999,9,False,
99999903948,35.25,-97.46667,360.3,2005-02-07 04:52:00,220,5,N,15,5,1524,5,M,N,6437,5,N,5,120,C,110,C,99999,9,False,
99999903948,35.25,-97.46667,360.3,2005-02-07 05:51:00,190,5,N,21,5,122,5,M,N,4023,5,N,5,120,C,9999,9,99999,9,False,
99999903948,35.25,-97.46667,360.3,2005-02-07 05:59:00,999,9,9,9999,9,99999,9,9,9,999999,9,9,9,9999,9,9999,9,99999,9,False,
99999903948,35.25,-97.46667,360.3,2005-02-07 06:51:00,999,9,C,0,5,61,5,M,N,402,5,N,5,110,C,100,C,99999,9,False,
99999903948,35.25,-97.46667,360.3,2005-02-07 07:52:00,310,5,N,67,5,61,5,M,N,11265,5,N,5,80,C,70,C,99999,9,False,
99999903948,35.25,-97.46667,360.3,2005-02-07 08:51:00,330,5,N,62,5,122,5,M,N,8047,5,N,5,60,C,40,C,99999,9,False,
99999903948,35.25,-97.46667,360.3,2005-02-07 09:52:00,320,5,N,46,5,183,5,M,N,16093,5,N,5,40,C,30,C,99999,9,False,
99999903948,35.25,-97.46667,360.3,2005-02-07 10:52:00,330,5,N,88,5,244,5,M,N,16093,5,N,5,40,C,30,C,99999,9,False,
99999903948,35.25,-97.46667,360.3,2005-02-07 11:51:00,330,5,N,72,5,244,5,M,N,16093,5,N,5,30,C,20,C,99999,9,False,
99999903948,35.25,-97.46667,360.3,2005-02-07 12:56:00,330,5,N,62,5,183,5,M,N,11265,5,N,5,30,C,20,C,99999,9,False,
99999903948,35.25,-97.46667,360.3,2005-02-07 13:58:00,330,5,N,57,5,183,5,M,N,11265,5,N,5,20,C,10,C,99999,9,False,
99999903948,35.25,-97.46667,360.3,2005-02-07 14:56:00,340,5,N,72,5,244,5,M,N,11265,5,N,5,20,C,10,C,99999,9,False,
99999903948,35.25,-97.46667,360.3,2005-02-07 15:52:00,340,5,N,62,5,244,5,M,N,16093,5,N,5,20,C,10,C,99999,9,False,
99999903948,35.25,-97.46667,360.3,2005-02-07 16:51:00,350,5,N,57,5,305,5,M,N,16093,5,N,5,30,C,20,C,99999,9,False,
99999903948,35.25,-97.46667,360.3,2005-02-07 17:51:00,350,5,N,36,5,366,5,M,N,16093,5,N,5,40,C,30,C,99999,9,False,
99999903948,35.25,-97.46667,360.3,2005-02-08 05:59:00,999,9,9,9999,9,99999,9,9,9,999999,9,9,9,9999,9,9999,9,99999,9,False,
99999903948,35.25,-97.46667,360.3,2005-02-14 13:52:00,999,9,C,0,5,22000,5,9,N,16093,5,N,5,60,C,30,C,99999,9,False,
99999903948,35.25,-97.46667,360.3,2005-02-14 14:52:00,999,9,C,0,5,22000,5,9,N,16093,5,N,5,120,C,60,C,99999,9,False,
99999903948,35.25,-97.46667,360.3,2005-02-14 15:52:00,190,5,N,36,5,22000,5,9,N,16093,5,N,5,160,C,50,C,99999,9,False,
99999903948,35.25,-97.46667,360.3,2005-02-14 16:52:00,190,5,N,57,5,22000,5,9,N,16093,5,N,5,190,C,40,C,99999,9,False,
99999903948,35.25,-97.46667,360.3,2005-02-14 17:52:00,200,5,N,88,5,22000,5,9,N,16093,5,N,5,210,C,40,C,99999,9,False,
99999903948,35.25,-97.46667,360.3,2005-02-14 18:52:00,200,5,N,72,5,22000,5,9,N,16093,5,N,5,230,C,30,C,99999,9,False,
99999903948,35.25,-97.46667,360.3,2005-02-14 19:52:00,190,5,N,88,5,22000,5,9,N,16093,5,N,5,240,C,30,C,99999,9,False,
99999903948,35.25,-97.46667,360.3,2005-02-14 20:52:00,210,5,N,103,5,22000,5,9,N,16093,5,N,5,260,C,30,C,99999,9,False,
99999903948,35.25,-97.46667,360.3,2005-02-14 21:52:00,200,5,N,108,5,22000,5,9,N,16093,5,N,5,260,C,30,C,99999,9,False,
99999903948,35.25,-97.46667,360.3,2005-02-14 22:52:00,190,5,N,108,5,22000,5,9,N,16093,5,N,5,240,C,10,C,99999,9,False,
99999903948,35.25,-97.46667,360.3,2005-02-14 23:52:00,180,5,N,72,5,22000,5,9,N,16093,5,N,5,220,C,20,C,99999,9,False,
99999903948,35.25,-97.46667,360.3,2005-02-15 00:52:00,180,5,N,62,5,22000,5,9,N,16093,5,N,5,200,C,20,C,99999,9,False,
99999903948,35.25,-97.46667,360.3,2005-02-15 01:52:00,170,5,N,62,5,22000,5,9,N,16093,5,N,5,190,C,20,C,99999,9,False,
99999903948,35.25,-97.46667,360.3,2005-02-15 02:52:00,180,5,N,82,5,22000,5,9,N,16093,5,N,5,180,C,20,C,99999,9,False,
99999903948,35.25,-97.46667,360.3,2005-02-15 03:13:00,180,5,N,72,5,22000,5,9,N,16093,5,N,5,180,5,20,5,99999,9,False,
99999903948,35.25,-97.46667,360.3,2005-02-15 03:52:00,180,5,N,57,5,22000,5,9,N,16093,5,N,5,170,C,20,C,99999,9,False,
99999903948,35.25,-97.46667,360.3,2005-02-15 04:52:00,170,5,N,57,5,22000,5,9,N,16093,5,N,5,170,C,30,C,99999,9,False,
99999903948,35.25,-97.46667,360.3,2005-02-15 05:52:00,170,5,N,51,5,22000,5,9,N,16093,5,N,5,160,C,30,C,99999,9,False,
99999903948,35.25,-97.46667,360.3,2005-02-15 06:52:00,180,5,N,41,5,22000,5,9,N,16093,5,N,5,140,C,30,C,99999,9,False,
99999903948,35.25,-97.46667,360.3,2005-02-15 07:52:00,170,5,N,41,5,22000,5,9,N,16093,5,N,5,130,C,30,C,99999,9,False,
99999903948,35.25,-97.46667,360.3,2005-02-15 08:52:00,190,5,N,46,5,22000,5,9,N,16093,5,N,5,140,C,50,C,99999,9,False,
99999903948,35.25,-97.46667,360.3,2005-02-15 09:52:00,200,5,N,67,5,22000,5,9,N,16093,5,N,5,150,C,50,C,99999,9,False,
99999903948,35.25,-97.46667,360.3,2005-02-15 10:52:00,190,5,N,62,5,22000,5,9,N,16093,5,N,5,130,C,50,C,99999,9,False,
99999903948,35.25,-97.46667,360.3,2005-02-15 11:52:00,210,5,N,67,5,22000,5,9,N,16093,5,N,5,130,C,60,C,99999,9,False,
99999903948,35.25,-97.46667,360.3,2005-02-15 12:52:00,200,5,N,57,5,22000,5,9,N,16093,5,N,5,120,C,60,C,99999,9,False,
99999903948,35.25,-97.46667,360.3,2005-02-15 13:52:00,210,5,N,57,5,22000,5,9,N,16093,5,N,5,120,C,60,C,99999,9,False,
99999903948,35.25,-97.46667,360.3,2005-02-15 14:52:00,240,5,N,57,5,22000,5,9,N,16093,5,N,5,140,C,60,C,99999,9,False,
99999903948,35.25,-97.46667,360.3,2005-02-15 15:52:00,280,5,N,51,5,22000,5,9,N,16093,5,N,5,160,C,30,C,99999,9,False,
99999903948,35.25,-97.46667,360.3,2005-02-15 16:53:00,290,5,N,46,5,22000,5,9,N,16093,5,N,5,180,C,40,C,99999,9,False,
99999903948,35.25,-97.46667,360.3,2005-02-15 17:52:00,310,5,N,46,5,22000,5,9,N,16093,5,N,5,170,C,40,C,99999,9,False,
99999903948,35.25,-97.46667,360.3,2005-02-15 18:52:00,300,5,N,36,5,22000,5,9,N,16093,5,N,5,180,C,60,C,99999,9,False,
99999903948,35.25,-97.46667,360.3,2005-02-15 19:53:00,340,5,N,46,5,22000,5,9,N,16093,5,N,5,190,C,60,C,99999,9,False,
99999903948,35.25,-97.46667,360.3,2005-02-15 20:53:00,330,5,N,57,5,22000,5,9,N,16093,5,N,5,180,C,70,C,99999,9,False,
99999903948,35.25,-97.46667,360.3,2005-02-15 21:52:00,320,5,N,67,5,22000,5,9,N,16093,5,N,5,170,C,70,C,99999,9,False,
99999903948,35.25,-97.46667,360.3,2005-02-15 22:52:00,320,5,N,46,5,22000,5,9,N,16093,5,N,5,160,C,70,C,99999,9,False,
99999903948,35.25,-97.46667,360.3,2005-02-15 23:52:00,340,5,N,36,5,22000,5,9,N,16093,5,N,5,150,C,70,C,99999,9,False,
99999903948,35.25,-97.46667,360.3,2005-02-16 00:52:00,360,5,N,82,5,22000,5,9,N,16093,5,N,5,130,C,70,C,99999,9,False,
99999903948,35.25,-97.46667,360.3,2005-02-16 01:52:00,360,5,N,88,5,22000,5,9,N,16093,5,N,5,120,C,70,C,99999,9,False,
99999903948,35.25,-97.46667,360.3,2005-02-16 02:54:00,10,5,N,93,5,22000,5,9,N,16093,5,N,5,110,C,50,C,99999,9,False,
99999903948,35.25,-97.46667,360.3,2005-02-16 03:52:00,20,5,N,88,5,22000,5,9,N,16093,5,N,5,100,C,30,C,99999,9,False,
99999903948,35.25,-97.46667,360.3,2005-02-16 04:52:00,30,5,N,98,5,22000,5,9,N,16093,5,N,5,90,C,10,C,99999,9,False,
99999903948,35.25,-97.46667,360.3,2005-02-16 05:52:00,20,5,N,88,5,22000,5,9,N,16093,5,N,5,80,C,10,C,99999,9,False,
99999903948,35.25,-97.46667,360.3,2005-02-16 06:52:00,20,5,N,98,5,22000,5,9,N,16093,5,N,5,70,C,-10,C,99999,9,False,
99999903948,35.25,-97.46667,360.3,2005-02-16 07:52:00,20,5,N,67,5,22000,5,9,N,16093,5,N,5,60,C,-10,C,99999,9,False,
99999903948,35.25,-97.46667,360.3,2005-02-16 08:52:00,20,5,N,77,5,22000,5,9,N,16093,5,N,5,60,C,-20,C,99999,9,False,
99999903948,35.25,-97.46667,360.3,2005-02-16 09:52:00,20,5,N,72,5,22000,5,9,N,16093,5,N,5,50,C,-30,C,99999,9,False,
99999903948,35.25,-97.46667,360.3,2005-02-16 10:52:00,10,5,N,77,5,22000,5,9,N,16093,5,N,5,40,C,-30,C,99999,9,False,
99999903948,35.25,-97.46667,360.3,2005-02-16 11:52:00,20,5,N,72,5,22000,5,9,N,16093,5,N,5,40,C,-40,C,99999,9,False,
99999903948,35.25,-97.46667,360.3,2005-02-16 12:52:00,30,5,N,72,5,22000,5,9,N,16093,5,N,5,40,C,-40,C,99999,9,False,
99999903948,35.25,-97.46667,360.3,2005-02-16 13:52:00,40,5,N,41,5,22000,5,9,N,16093,5,N,5,30,C,-40,C,99999,9,False,
99999903948,35.25,-97.46667,360.3,2005-02-16 14:52:00,40,5,N,72,5,22000,5,9,N,16093,5,N,5,50,C,-40,C,99999,9,False,
99999903948,35.25,-97.46667,360.3,2005-02-16 15:52:00,50,5,N,62,5,22000,5,9,N,16093,5,N,5,60,C,-40,C,99999,9,False,
99999903948,35.25,-97.46667,360.3,2005-02-16 16:52:00,50,5,N,67,5,22000,5,9,N,16093,5,N,5,90,C,-30,C,99999,9,False,
99999903948,35.25,-97.46667,360.3,2005-02-16 17:33:00,40,5,N,51,5,22000,5,9,N,16093,5,N,5,90,C,-40,C,99999,9,False,
99999903948,35.25,-97.46667,360.3,2005-02-16 18:52:00,50,5,N,31,5,22000,5,9,N,16093,5,N,5,90,C,-50,C,99999,9,False,
99999903948,35.25,-97.46667,360.3,2005-02-16 19:52:00,40,5,N,46,5,22000,5,9,N,16093,5,N,5,100,C,-50,C,99999,9,False,
99999903948,35.25,-97.46667,360.3,2005-02-16 20:52:00,60,5,N,41,5,22000,5,9,N,16093,5,N,5,110,C,-40,C,99999,9,False,
99999903948,35.25,-97.46667,360.3,2005-02-16 21:52:00,30,5,N,46,5,22000,5,9,N,16093,5,N,5,100,C,-40,C,99999,9,False,
99999903948,35.25,-97.46667,360.3,2005-02-16 22:52:00,40,5,N,62,5,22000,5,9,N,16093,5,N,5,90,C,-40,C,99999,9,False,
99999903948,35.25,-97.46667,360.3,2005-02-16 23:52:00,50,5,N,41,5,22000,5,9,N,16093,5,N,5,70,C,-40,C,99999,9,False,
99999903948,35.25,-97.46667,360.3,2005-02-17 00:52:00,40,5,N,41,5,22000,5,9,N,16093,5,N,5,60,C,-40,C,99999,9,False,
99999903948,35.25,-97.46667,360.3,2005-02-17 01:52:00,40,5,N,31,5,22000,5,9,N,16093,5,N,5,40,C,-40,C,99999,9,False,
99999903948,35.25,-97.46667,360.3,2005-02-17 02:52:00,20,5,N,31,5,2591,5,M,N,16093,5,N,5,40,C,-30,C,99999,9,False,
99999903948,35.25,-97.46667,360.3,2005-02-17 03:52:00,30,5,N,31,5,22000,5,9,N,16093,5,N,5,30,C,-30,C,99999,9,False,
99999903948,35.25,-97.46667,360.3,2005-02-17 04:54:00,30,5,N,31,5,2286,5,M,N,16093,5,N,5,50,C,-30,C,99999,9,False,
99999903948,35.25,-97.46667,360.3,2005-02-17 05:52:00,30,5,N,36,5,2286,5,M,N,16093,5,N,5,50,C,-40,C,99999,9,False,
99999903948,35.25,-97.46667,360.3,2005-02-17 06:52:00,40,5,N,31,5,2286,5,M,N,16093,5,N,5,50,C,-30,C,99999,9,False,
99999903948,35.25,-97.46667,360.3,2005-02-17 07:52:00,30,5,N,26,5,2286,5,M,N,16093,5,N,5,50,C,-30,C,99999,9,False,
99999903948,35.25,-97.46667,360.3,2005-02-17 08:52:00,20,5,N,31,5,2286,5,M,N,16093,5,N,5,50,C,-30,C,99999,9,False,
99999903948,35.25,-97.46667,360.3,2005-02-17 09:52:00,20,5,N,26,5,3048,5,M,N,16093,5,N,5,40,C,-30,C,99999,9,False,
99999903948,35.25,-97.46667,360.3,2005-02-17 10:52:00,20,5,N,31,5,2286,5,M,N,16093,5,N,5,40,C,-20,C,99999,9,False,
99999903948,35.25,-97.46667,360.3,2005-02-17 11:52:00,999,9,C,0,5,2896,5,M,N,16093,5,N,5,20,C,-30,C,99999,9,False,
99999903948,35.25,-97.46667,360.3,2005-02-17 12:52:00,999,9,C,0,5,22000,5,9,N,16093,5,N,5,20,C,-30,C,99999,9,False,
99999903948,35.25,-97.46667,360.3,2005-02-17 13:52:00,999,9,C,0,5,22000,5,9,N,16093,5,N,5,20,C,-20,C,99999,9,False,
99999903948,35.25,-97.46667,360.3,2005-02-17 14:52:00,30,5,N,26,5,22000,5,9,N,16093,5,N,5,40,C,10,C,99999,9,False,
99999903948,35.25,-97.46667,360.3,2005-02-17 15:52:00,40,5,N,26,5,22000,5,9,N,16093,5,N,5,60,C,0,C,99999,9,False,
99999903948,35.25,-97.46667,360.3,2005-02-17 16:52:00,999,9,C,0,5,22000,5,9,N,16093,5,N,5,90,C,10,C,99999,9,False,
99999903948,35.25,-97.46667,360.3,2005-02-17 17:52:00,999,9,C,0,5,22000,5,9,N,16093,5,N,5,110,C,-20,C,99999,9,False,
99999903948,35.25,-97.46667,360.3,2005-02-17 18:52:00,999,9,C,0,5,22000,5,9,N,16093,5,N,5,120,C,-20,C,99999,9,False,
99999903948,35.25,-97.46667,360.3,2005-02-17 19:53:00,40,5,N,15,5,22000,5,9,N,16093,5,N,5,130,C,-20,C,99999,9,False,
99999903948,35.25,-97.46667,360.3,2005-02-17 20:52:00,10,5,N,15,5,22000,5,9,N,16093,5,N,5,130,C,-20,C,99999,9,False,
99999903948,35.25,-97.46667,360.3,2005-02-17 21:52:00,270,5,N,21,5,22000,5,9,N,16093,5,N,5,120,C,-30,C,99999,9,False,
99999903948,35.25,-97.46667,360.3,2005-02-17 22:52:00,999,9,C,0,5,22000,5,9,N,16093,5,N,5,110,C,-30,C,99999,9,False,
99999903948,35.25,-97.46667,360.3,2005-02-17 23:52:00,999,9,C,0,5,22000,5,9,N,16093,5,N,5,90,C,-30,C,99999,9,False,
99999903948,35.25,-97.46667,360.3,2005-02-18 00:52:00,999,9,C,0,5,22000,5,9,N,16093,5,N,5,80,C,-20,C,99999,9,False,
99999903948,35.25,-97.46667,360.3,2005-02-18 01:52:00,999,9,C,0,5,22000,5,9,N,16093,5,N,5,70,C,-20,C,99999,9,False,
99999903948,35.25,-97.46667,360.3,2005-02-18 02:52:00,220,5,N,26,5,22000,5,9,N,16093,5,N,5,70,C,-20,C,99999,9,False,
99999903948,35.25,-97.46667,360.3,2005-02-18 03:52:00,999,9,C,0,5,22000,5,9,N,16093,5,N,5,50,C,-30,C,99999,9,False,
99999903948,35.25,-97.46667,360.3,2005-02-18 04:52:00,999,9,C,0,5,22000,5,9,N,16093,5,N,5,50,C,-20,C,99999,9,False,
99999903948,35.25,-97.46667,360.3,2005-02-18 05:52:00,999,9,C,0,5,22000,5,9,N,16093,5,N,5,40,C,-20,C,99999,9,False,
99999903948,35.25,-97.46667,360.3,2005-02-18 06:52:00,999,9,C,0,5,22000,5,9,N,16093,5,N,5,30,C,-30,C,99999,9,False,
99999903948,35.25,-97.46667,360.3,2005-02-18 07:52:00,999,9,C,0,5,22000,5,9,N,16093,5,N,5,30,C,-30,C,99999,9,False,
99999903948,35.25,-97.46667,360.3,2005-02-18 08:52:00,999,9,C,0,5,22000,5,9,N,16093,5,N,5,30,C,-30,C,99999,9,False,
99999903948,35.25,-97.46667,360.3,2005-02-18 09:52:00,250,5,N,15,5,22000,5,9,N,16093,5,N,5,30,C,-20,C,99999,9,False,
99999903948,35.25,-97.46667,360.3,2005-02-18 10:53:00,240,5,N,15,5,22000,5,9,N,16093,5,N,5,30,C,-30,C,99999,9,False,
99999903948,35.25,-97.46667,360.3,2005-02-18 11:52:00,999,9,C,0,5,22000,5,9,N,16093,5,N,5,20,C,-30,C,99999,9,False,
99999903948,35.25,-97.46667,360.3,2005-02-18 12:52:00,999,9,C,0,5,22000,5,9,N,16093,5,N,5,20,C,-30,C,99999,9,False,
99999903948,35.25,-97.46667,360.3,2005-02-18 13:52:00,999,9,C,0,5,22000,5,9,N,8047,5,N,5,20,C,-30,C,99999,9,False,
99999903948,35.25,-97.46667,360.3,2005-02-18 14:54:00,999,9,C,0,5,22000,5,9,N,16093,5,N,5,60,C,20,C,99999,9,False,
99999903948,35.25,-97.46667,360.3,2005-02-18 15:52:00,999,9,C,0,5,22000,5,9,N,16093,5,N,5,100,C,30,C,99999,9,False,
99999903948,35.25,-97.46667,360.3,2005-02-18 16:52:00,210,5,N,21,5,22000,5,9,N,16093,5,N,5,110,C,10,C,99999,9,False,
99999903948,35.25,-97.46667,360.3,2005-02-18 17:52:00,200,5,N,36,5,22000,5,9,N,16093,5,N,5,120,C,-10,C,99999,9,False,
99999903948,35.25,-97.46667,360.3,2005-02-18 18:52:00,200,5,N,41,5,22000,5,9,N,16093,5,N,5,120,C,-10,C,99999,9,False,
99999903948,35.25,-97.46667,360.3,2005-02-18 19:52:00,180,5,N,41,5,22000,5,9,N,16093,5,N,5,130,C,-20,C,99999,9,False,
99999903948,35.25,-97.46667,360.3,2005-02-18 20:52:00,200,5,N,46,5,2134,5,M,N,16093,5,N,5,120,C,-10,C,99999,9,False,
99999903948,35.25,-97.46667,360.3,2005-02-18 21:53:00,170,5,N,41,5,22000,5,9,N,16093,5,N,5,110,C,10,C,99999,9,False,
99999903948,35.25,-97.46667,360.3,2005-02-18 22:52:00,170,5,N,36,5,975,5,M,N,16093,5,N,5,90,C,30,C,99999,9,False,
99999903948,35.25,-97.46667,360.3,2005-02-18 23:52:00,170,5,N,26,5,1829,5,M,N,16093,5,N,5,80,C,30,C,99999,9,False,
99999903948,35.25,-97.46667,360.3,2005-02-19 00:52:00,130,5,N,21,5,1829,5,M,N,16093,5,N,5,80,C,30,C,99999,9,False,
99999903948,35.25,-97.46667,360.3,2005-02-19 01:52:00,999,9,C,0,5,1402,5,M,N,16093,5,N,5,70,C,40,C,99999,9,False,
99999903948,35.25,-97.46667,360.3,2005-02-19 02:53:00,130,5,N,21,5,1402,5,M,N,16093,5,N,5,70,C,40,C,99999,9,False,
99999903948,35.25,-97.46667,360.3,2005-02-19 03:52:00,170,5,N,41,5,1402,5,M,N,16093,5,N,5,70,C,40,C,99999,9,False,
99999903948,35.25,-97.46667,360.3,2005-02-19 04:52:00,170,5,N,46,5,1219,5,M,N,11265,5,N,5,70,C,50,C,99999,9,False,
99999903948,35.25,-97.46667,360.3,2005-02-19 05:52:00,170,5,N,36,5,244,5,M,N,8047,5,N,5,70,C,50,C,99999,9,False,
99999903948,35.25,-97.46667,360.3,2005-02-19 05:59:00,999,9,9,9999,9,99999,9,9,9,999999,9,9,9,9999,9,9999,9,99999,9,False,
99999903948,35.25,-97.46667,360.3,2005-02-19 06:52:00,180,5,N,46,5,244,5,M,N,6437,5,N,5,60,C,50,C,99999,9,False,
99999903948,35.25,-97.46667,360.3,2005-02-19 07:52:00,180,5,N,57,5,244,5,M,N,6437,5,N,5,60,C,50,C,99999,9,False,
99999903948,35.25,-97.46667,360.3,2005-02-19 08:52:00,180,5,N,41,5,244,5,M,N,6437,5,N,5,60,C,50,C,99999,9,False,
99999903948,35.25,-97.46667,360.3,2005-02-19 09:52:00,180,5,N,46,5,244,5,M,N,8047,5,N,5,70,C,50,C,99999,9,False,
99999903948,35.25,-97.46667,360.3,2005-02-19 10:52:00,170,5,N,51,5,244,5,M,N,11265,5,N,5,60,C,50,C,99999,9,False,
99999903948,35.25,-97.46667,360.3,2005-02-19 11:52:00,170,5,N,57,5,427,5,M,N,8047,5,N,5,60,C,50,C,99999,9,False,
99999903948,35.25,-97.46667,360.3,2005-02-19 12:54:00,180,5,N,41,5,427,5,M,N,8047,5,N,5,60,C,50,C,99999,9,False,
99999903948,35.25,-97.46667,360.3,2005-02-19 13:52:00,170,5,N,57,5,701,5,M,N,8047,5,N,5,70,C,50,C,99999,9,False,
99999903948,35.25,-97.46667,360.3,2005-02-19 14:52:00,180,5,N,51,5,244,5,M,N,3219,5,N,5,70,C,60,C,99999,9,False,
99999903948,35.25,-97.46667,360.3,2005-02-19 15:52:00,180,5,N,46,5,427,5,M,N,8047,5,N,5,80,C,60,C,99999,9,False,
99999903948,35.25,-97.46667,360.3,2005-02-19 16:52:00,190,5,N,72,5,518,5,M,N,11265,5,N,5,90,C,70,C,99999,9,False,
99999903948,35.25,-97.46667,360.3,2005-02-19 17:52:00,190,5,N,77,5,366,5,M,N,11265,5,N,5,90,C,70,C,99999,9,False,
99999903948,35.25,-97.46667,360.3,2005-02-19 18:52:00,190,5,N,77,5,244,5,M,N,6437,5,N,5,90,C,70,C,99999,9,False,
99999903948,35.25,-97.46667,360.3,2005-02-19 19:52:00,190,5,N,93,5,244,5,M,N,11265,5,N,5,100,C,80,C,99999,9,False,
99999903948,35.25,-97.46667,360.3,2005-02-19 20:52:00,180,5,N,98,5,244,5,M,N,8047,5,N,5,100,C,80,C,99999,9,False,
99999903948,35.25,-97.46667,360.3,2005-02-19 21:52:00,190,5,N,98,5,244,5,M,N,8047,5,N,5,110,C,80,C,99999,9,False,
99999903948,35.25,-97.46667,360.3,2005-02-19 22:52:00,180,5,N,82,5,244,5,M,N,6437,5,N,5,100,C,80,C,99999,9,False,
99999903948,35.25,-97.46667,360.3,2005-02-19 23:52:00,190,5,N,51,5,244,5,M,N,4828,5,N,5,100,C,80,C,99999,9,False,
99999903948,35.25,-97.46667,360.3,2005-02-20 00:52:00,180,5,N,67,5,122,5,M,N,2816,5,N,5,100,C,80,C,99999,9,False,
99999903948,35.25,-97.46667,360.3,2005-02-20 01:52:00,190,5,N,82,5,61,5,M,N,1609,5,N,5,110,C,90,C,99999,9,False,
99999903948,35.25,-97.46667,360.3,2005-02-20 02:52:00,190,5,N,77,5,61,5,M,N,2012,5,N,5,110,C,100,C,99999,9,False,
99999903948,35.25,-97.46667,360.3,2005-02-20 03:52:00,190,5,N,82,5,183,5,M,N,4828,5,N,5,120,C,110,C,99999,9,False,
99999903948,35.25,-97.46667,360.3,2005-02-20 04:52:00,190,5,N,77,5,244,5,M,N,6437,5,N,5,130,C,120,C,99999,9,False,
99999903948,35.25,-97.46667,360.3,2005-02-20 05:52:00,190,5,N,77,5,366,5,M,N,11265,5,N,5,140,C,130,C,99999,9,False,
99999903948,35.25,-97.46667,360.3,2005-02-20 05:59:00,999,9,9,9999,9,99999,9,9,9,999999,9,9,9,9999,9,9999,9,99999,9,False,
99999903948,35.25,-97.46667,360.3,2005-02-20 06:52:00,200,5,N,93,5,427,5,M,N,16093,5,N,5,160,C,130,C,99999,9,False,
99999903948,35.25,-97.46667,360.3,2005-02-20 07:52:00,210,5,N,93,5,488,5,M,N,16093,5,N,5,160,C,140,C,99999,9,False,
99999903948,35.25,-97.46667,360.3,2005-02-20 08:52:00,230,5,N,72,5,99999,9,9,N,16093,5,N,5,160,C,130,C,99999,9,False,
99999903948,35.25,-97.46667,360.3,2005-02-20 09:53:00,180,5,N,51,5,22000,5,9,N,16093,5,N,5,150,C,120,C,99999,9,False,
99999903948,35.25,-97.46667,360.3,2005-02-20 10:54:00,200,5,N,72,5,22000,5,9,N,16093,5,N,5,140,C,120,C,99999,9,False,
99999903948,35.25,-97.46667,360.3,2005-02-20 11:54:00,200,5,N,57,5,22000,5,9,N,16093,5,N,5,140,C,120,C,99999,9,False,
99999903948,35.25,-97.46667,360.3,2005-02-20 12:52:00,200,5,N,67,5,22000,5,9,N,16093,5,N,5,140,C,120,C,99999,9,False,
99999903948,35.25,-97.46667,360.3,2005-02-20 13:52:00,210,5,N,57,5,22000,5,9,N,16093,5,N,5,140,C,120,C,99999,9,False,
99999903948,35.25,-97.46667,360.3,2005-02-20 14:53:00,230,5,N,57,5,22000,5,9,N,16093,5,N,5,170,C,130,C,99999,9,False,
99999903948,35.25,-97.46667,360.3,2005-02-20 15:52:00,220,5,N,88,5,22000,5,9,N,16093,5,N,5,190,C,130,C,99999,9,False,
99999903948,35.25,-97.46667,360.3,2005-02-20 16:52:00,220,5,N,77,5,22000,5,9,N,16093,5,N,5,210,C,130,C,99999,9,False,
99999903948,35.25,-97.46667,360.3,2005-02-20 17:53:00,250,5,N,67,5,22000,5,9,N,16093,5,N,5,230,C,110,C,99999,9,False,
99999903948,35.25,-97.46667,360.3,2005-02-20 18:52:00,270,5,N,72,5,22000,5,9,N,16093,5,N,5,240,C,90,C,99999,9,False,
99999903948,35.25,-97.46667,360.3,2005-02-20 19:12:00,260,5,N,67,5,22000,5,9,N,16093,5,N,5,250,5,80,5,99999,9,False,
99999903948,35.25,-97.46667,360.3,2005-02-20 19:52:00,260,5,N,51,5,22000,5,9,N,16093,5,N,5,240,C,70,C,99999,9,False,
99999903948,35.25,-97.46667,360.3,2005-02-20 20:54:00,250,5,N,77,5,22000,5,9,N,16093,5,N,5,260,C,80,C,99999,9,False,
99999903948,35.25,-97.46667,360.3,2005-02-20 21:52:00,210,5,N,41,5,22000,5,9,N,16093,5,N,5,260,C,80,C,99999,9,False,
99999903948,35.25,-97.46667,360.3,2005-02-20 22:52:00,240,5,N,62,5,22000,5,9,N,16093,5,N,5,250,C,80,C,99999,9,False,
99999903948,35.25,-97.46667,360.3,2005-02-20 23:52:00,230,5,N,46,5,22000,5,9,N,16093,5,N,5,230,C,70,C,99999,9,False,
99999903948,35.25,-97.46667,360.3,2005-02-21 00:52:00,220,5,N,26,5,22000,5,9,N,16093,5,N,5,190,C,60,C,99999,9,False,
99999903948,35.25,-97.46667,360.3,2005-02-21 01:52:00,180,5,N,26,5,22000,5,9,N,16093,5,N,5,170,C,60,C,99999,9,False,
99999903948,35.25,-97.46667,360.3,2005-02-21 02:52:00,170,5,N,31,5,22000,5,9,N,16093,5,N,5,160,C,70,C,99999,9,False,
99999903948,35.25,-97.46667,360.3,2005-02-21 03:52:00,180,5,N,36,5,22000,5,9,N,16093,5,N,5,150,C,80,C,99999,9,False,
99999903948,35.25,-97.46667,360.3,2005-02-21 04:52:00,190,5,N,36,5,22000,5,9,N,16093,5,N,5,150,C,80,C,99999,9,False,
99999903948,35.25,-97.46667,360.3,2005-02-21 05:54:00,250,5,N,26,5,22000,5,9,N,16093,5,N,5,160,C,70,C,99999,9,False,
99999903948,35.25,-97.46667,360.3,2005-02-21 06:52:00,999,9,C,0,5,22000,5,9,N,16093,5,N,5,140,C,70,C,99999,9,False,
99999903948,35.25,-97.46667,360.3,2005-02-21 07:52:00,999,9,C,0,5,22000,5,9,N,16093,5,N,5,120,C,50,C,99999,9,False,
99999903948,35.25,-97.46667,360.3,2005-02-21 08:52:00,230,5,N,26,5,22000,5,9,N,16093,5,N,5,90,C,40,C,99999,9,False,
99999903948,35.25,-97.46667,360.3,2005-02-21 09:52:00,270,5,N,15,5,22000,5,9,N,16093,5,N,5,100,C,60,C,99999,9,False,
99999903948,35.25,-97.46667,360.3,2005-02-21 10:52:00,350,5,N,15,5,22000,5,9,N,16093,5,N,5,60,C,30,C,99999,9,False,
99999903948,35.25,-97.46667,360.3,2005-02-21 11:52:00,999,9,C,0,5,22000,5,9,N,16093,5,N,5,60,C,30,C,99999,9,False,
99999903948,35.25,-97.46667,360.3,2005-02-21 12:52:00,999,9,C,0,5,22000,5,9,N,16093,5,N,5,50,C,20,C,99999,9,False,
99999903948,35.25,-97.46667,360.3,2005-02-21 13:52:00,999,9,C,0,5,22000,5,9,N,999999,9,N,5,70,C,40,C,99999,9,False,
99999903948,35.25,-97.46667,360.3,2005-02-21 14:52:00,100,5,N,21,5,22000,5,9,N,16093,5,N,5,120,C,90,C,99999,9,False,
99999903948,35.25,-97.46667,360.3,2005-02-21 15:52:00,40,5,N,15,5,22000,5,9,N,16093,5,N,5,140,C,100,C,99999,9,False,
99999903948,35.25,-97.46667,360.3,2005-02-21 16:52:00,10,5,N,51,5,22000,5,9,N,16093,5,N,5,170,C,90,C,99999,9,False,
99999903948,35.25,-97.46667,360.3,2005-02-21 17:52:00,360,5,N,57,5,366,5,M,N,16093,5,N,5,140,C,80,C,99999,9,False,
99999903948,35.25,-97.46667,360.3,2005-02-21 18:52:00,40,5,N,41,5,22000,5,9,N,16093,5,N,5,160,C,90,C,99999,9,False,
99999903948,35.25,-97.46667,360.3,2005-02-21 19:52:00,360,5,N,26,5,22000,5,9,N,16093,5,N,5,170,C,90,C,99999,9,False,
99999903948,35.25,-97.46667,360.3,2005-02-21 20:52:00,10,5,N,36,5,22000,5,9,N,16093,5,N,5,180,C,90,C,99999,9,False,
99999903948,35.25,-97.46667,360.3,2005-02-21 21:52:00,30,5,N,26,5,22000,5,9,N,16093,5,N,5,190,C,80,C,99999,9,False,
99999903948,35.25,-97.46667,360.3,2005-02-21 22:52:00,360,5,N,26,5,22000,5,9,N,16093,5,N,5,170,C,80,C,99999,9,False,
99999903948,35.25,-97.46667,360.3,2005-02-21 23:52:00,360,5,N,31,5,22000,5,9,N,16093,5,N,5,140,C,80,C,99999,9,False,
99999903948,35.25,-97.46667,360.3,2005-02-22 00:52:00,340,5,N,36,5,22000,5,9,N,16093,5,N,5,110,C,70,C,99999,9,False,
99999903948,35.25,-97.46667,360.3,2005-02-22 01:52:00,10,5,N,36,5,22000,5,9,N,16093,5,N,5,90,C,60,C,99999,9,False,
99999903948,35.25,-97.46667,360.3,2005-02-22 02:52:00,20,5,N,26,5,22000,5,9,N,11265,5,N,5,80,C,50,C,99999,9,False,
99999903948,35.25,-97.46667,360.3,2005-02-22 03:52:00,30,5,N,26,5,22000,5,9,N,8047,5,N,5,70,C,40,C,99999,9,False,
99999903948,35.25,-97.46667,360.3,2005-02-22 04:52:00,999,9,C,0,5,22000,5,9,N,6437,5,N,5,60,C,30,C,99999,9,False,
99999903948,35.25,-97.46667,360.3,2005-02-22 05:52:00,999,9,C,0,5,22000,5,9,N,6437,5,N,5,50,C,30,C,99999,9,False,
99999903948,35.25,-97.46667,360.3,2005-02-22 05:59:00,999,9,9,9999,9,99999,9,9,9,999999,9,9,9,9999,9,9999,9,99999,9,False,
99999903948,35.25,-97.46667,360.3,2005-02-22 06:52:00,999,9,C,0,5,22000,5,9,N,4023,5,N,5,40,C,20,C,99999,9,False,
99999903948,35.25,-97.46667,360.3,2005-02-22 07:52:00,999,9,C,0,5,22000,5,9,N,2012,5,N,5,40,C,20,C,99999,9,False,
99999903948,35.25,-97.46667,360.3,2005-02-22 08:52:00,999,9,C,0,5,30,5,M,N,805,5,N,5,40,C,20,C,99999,9,False,
99999903948,35.25,-97.46667,360.3,2005-02-22 09:53:00,999,9,C,0,5,30,5,M,N,402,7,N,5,50,C,30,C,99999,9,False,
99999903948,35.25,-97.46667,360.3,2005-02-22 10:52:00,999,9,C,0,5,30,5,M,N,402,6,N,5,50,C,30,C,99999,9,False,
99999903948,35.25,-97.46667,360.3,2005-02-22 11:52:00,999,9,C,0,5,30,5,M,N,402,6,N,5,50,C,30,C,99999,9,False,
99999903948,35.25,-97.46667,360.3,2005-02-22 12:53:00,999,9,C,0,5,30,5,M,N,402,7,N,5,50,C,30,C,99999,9,False,
99999903948,35.25,-97.46667,360.3,2005-02-22 13:53:00,999,9,C,0,5,30,5,M,N,0,5,N,5,50,C,30,C,99999,9,False,
99999903948,35.25,-97.46667,360.3,2005-02-22 14:52:00,70,5,N,31,5,30,5,M,N,402,5,N,5,60,C,40,C,99999,9,False,
99999903948,35.25,-97.46667,360.3,2005-02-22 15:55:00,80,5,N,31,5,30,5,M,N,1207,5,N,5,70,C,60,C,99999,9,False,
99999903948,35.25,-97.46667,360.3,2005-02-22 16:52:00,50,5,N,31,5,91,5,M,N,4023,5,N,5,90,C,80,C,99999,9,False,
99999903948,35.25,-97.46667,360.3,2005-02-22 17:52:00,50,5,N,36,5,213,5,M,N,8047,5,N,5,110,C,100,C,99999,9,False,
99999903948,35.25,-97.46667,360.3,2005-02-22 18:52:00,40,5,N,36,5,22000,5,9,N,11265,5,N,5,140,C,120,C,99999,9,False,
99999903948,35.25,-97.46667,360.3,2005-02-22 19:56:00,20,5,N,62,5,22000,5,9,N,8047,5,N,5,150,C,90,C,99999,9,False,
99999903948,35.25,-97.46667,360.3,2005-02-22 20:53:00,30,5,N,46,5,396,5,M,N,8047,5,N,5,130,C,80,C,99999,9,False,
99999903948,35.25,-97.46667,360.3,2005-02-22 21:52:00,50,5,N,41,5,22000,5,9,N,999999,9,N,5,150,C,90,C,99999,9,False,
99999903948,35.25,-97.46667,360.3,2005-02-22 22:52:00,60,5,N,41,5,22000,5,9,N,16093,5,N,5,170,C,90,C,99999,9,False,
99999903948,35.25,-97.46667,360.3,2005-02-22 23:53:00,40,5,N,31,5,22000,5,9,N,16093,5,N,5,160,C,80,C,99999,9,False,
99999903948,35.25,-97.46667,360.3,2005-02-23 00:52:00,50,5,N,51,5,22000,5,9,N,16093,5,N,5,120,C,60,C,99999,9,False,
99999903948,35.25,-97.46667,360.3,2005-02-23 01:52:00,40,5,N,67,5,22000,5,9,N,16093,5,N,5,90,C,60,C,99999,9,False,
99999903948,35.25,-97.46667,360.3,2005-02-23 02:52:00,999,9,9,9999,9,22000,5,9,N,11265,5,N,5,80,C,50,C,99999,9,False,
99999903948,35.25,-97.46667,360.3,2005-02-23 03:52:00,40,5,N,36,5,22000,5,9,N,11265,5,N,5,70,C,40,C,99999,9,False,
99999903948,35.25,-97.46667,360.3,2005-02-23 04:52:00,30,5,N,51,5,22000,5,9,N,999999,9,N,5,70,C,50,C,99999,9,False,
99999903948,35.25,-97.46667,360.3,2005-02-23 05:52:00,50,5,N,36,5,22000,5,9,N,11265,5,N,5,9999,9,9999,9,99999,9,False,
99999903948,35.25,-97.46667,360.3,2005-02-23 05:59:00,999,9,9,9999,9,99999,9,9,9,999999,9,9,9,9999,9,9999,9,99999,9,False,
99999903948,35.25,-97.46667,360.3,2005-02-23 06:52:00,350,5,N,36,5,488,5,M,N,8047,5,N,5,70,C,50,C,99999,9,False,
99999903948,35.25,-97.46667,360.3,2005-02-23 07:52:00,10,5,N,36,5,183,5,M,N,6437,5,N,5,70,C,60,C,99999,9,False,
99999903948,35.25,-97.46667,360.3,2005-02-23 08:52:00,50,5,N,57,5,2438,5,M,N,4828,5,N,5,70,C,60,C,99999,9,False,
99999903948,35.25,-97.46667,360.3,2005-02-23 09:52:00,80,5,N,41,5,3048,5,M,N,6437,5,N,5,80,C,9999,9,99999,9,False,
99999903948,35.25,-97.46667,360.3,2005-02-23 10:52:00,110,5,N,36,5,488,5,M,N,999999,9,N,5,80,C,70,C,99999,9,False,
99999903948,35.25,-97.46667,360.3,2005-02-23 11:52:00,999,9,C,0,5,122,5,M,N,4828,5,N,5,80,C,70,C,99999,9,False,
99999903948,35.25,-97.46667,360.3,2005-02-23 12:52:00,20,5,N,51,5,61,5,M,N,2414,5,N,5,80,C,70,C,99999,9,False,
99999903948,35.25,-97.46667,360.3,2005-02-23 13:32:00,360,5,N,51,5,61,5,M,N,2012,5,N,5,70,C,60,C,99999,9,False,
99999903948,35.25,-97.46667,360.3,2005-02-23 14:52:00,100,5,N,36,5,61,5,M,N,805,5,N,5,9999,9,9999,9,99999,9,False,
99999903948,35.25,-97.46667,360.3,2005-02-23 15:53:00,290,5,N,36,5,61,5,M,N,2414,5,N,5,80,C,70,C,99999,9,False,
99999903948,35.25,-97.46667,360.3,2005-02-23 16:52:00,360,5,N,36,5,122,5,M,N,8047,5,N,5,80,C,80,C,99999,9,False,
99999903948,35.25,-97.46667,360.3,2005-02-23 17:52:00,10,5,N,51,5,183,5,M,N,16093,5,N,5,80,C,70,C,99999,9,False,
99999903948,35.25,-97.46667,360.3,2005-02-23 18:52:00,10,5,N,57,5,183,5,M,N,11265,5,N,5,80,C,70,C,99999,9,False,
99999903948,35.25,-97.46667,360.3,2005-02-23 19:52:00,10,5,N,41,5,61,5,M,N,1207,5,N,5,70,C,60,C,99999,9,False,
99999903948,35.25,-97.46667,360.3,2005-02-23 20:53:00,10,5,N,41,5,122,5,M,N,3219,5,N,5,70,C,60,C,99999,9,False,
99999903948,35.25,-97.46667,360.3,2005-02-23 21:52:00,10,5,N,46,5,183,5,M,N,4023,5,N,5,70,C,60,C,99999,9,False,
99999903948,35.25,-97.46667,360.3,2005-02-23 22:52:00,10,5,N,51,5,213,5,M,N,11265,5,N,5,60,C,60,C,99999,9,False,
99999903948,35.25,-97.46667,360.3,2005-02-23 23:52:00,10,5,N,41,5,213,5,M,N,16093,5,N,5,60,C,50,C,99999,9,False,
99999903948,35.25,-97.46667,360.3,2005-02-24 00:52:00,20,5,N,51,5,152,5,M,N,999999,9,N,5,60,C,50,C,99999,9,False,
99999903948,35.25,-97.46667,360.3,2005-02-24 01:52:00,10,5,N,62,5,152,5,M,N,6437,5,N,5,50,C,40,C,99999,9,False,
99999903948,35.25,-97.46667,360.3,2005-02-24 02:52:00,20,5,N,41,5,152,5,M,N,11265,5,N,5,50,C,40,C,99999,9,False,
99999903948,35.25,-97.46667,360.3,2005-02-24 03:52:00,20,5,N,46,5,244,5,M,N,16093,5,N,5,40,C,30,C,99999,9,False,
99999903948,35.25,-97.46667,360.3,2005-02-24 04:52:00,20,5,N,46,5,244,5,M,N,11265,5,N,5,40,C,30,C,99999,9,False,
99999903948,35.25,-97.46667,360.3,2005-02-24 05:52:00,360,5,N,51,5,122,5,M,N,4828,5,N,5,40,C,30,C,99999,9,False,
99999903948,35.25,-97.46667,360.3,2005-02-24 05:59:00,999,9,9,9999,9,99999,9,9,9,999999,9,9,9,9999,9,9999,9,99999,9,False,
99999903948,35.25,-97.46667,360.3,2005-02-24 06:52:00,10,5,N,51,5,61,5,M,N,3219,5,N,5,30,C,30,C,99999,9,False,
99999903948,35.25,-97.46667,360.3,2005-02-24 07:52:00,10,5,N,51,5,122,5,M,N,11265,5,N,5,30,C,30,C,99999,9,False,
99999903948,35.25,-97.46667,360.3,2005-02-24 08:52:00,10,5,N,57,5,244,5,M,N,16093,5,N,5,30,C,20,C,99999,9,False,
99999903948,35.25,-97.46667,360.3,2005-02-24 09:52:00,10,5,N,46,5,183,5,M,N,11265,5,N,5,30,C,20,C,99999,9,False,
99999903948,35.25,-97.46667,360.3,2005-02-24 10:52:00,10,5,N,57,5,274,5,M,N,16093,5,N,5,30,C,20,C,99999,9,False,
99999903948,35.25,-97.46667,360.3,2005-02-24 11:52:00,10,5,N,62,5,213,5,M,N,11265,5,N,5,20,C,20,C,99999,9,False,
99999903948,35.25,-97.46667,360.3,2005-02-24 12:52:00,20,5,N,57,5,22000,5,9,N,16093,5,N,5,20,C,10,C,99999,9,False,
99999903948,35.25,-97.46667,360.3,2005-02-24 13:32:00,360,5,N,57,5,22000,5,9,N,11265,5,N,5,10,C,10,C,99999,9,False,
99999903948,35.25,-97.46667,360.3,2005-02-24 14:13:00,10,5,N,51,5,22000,5,9,N,11265,5,N,5,20,C,20,C,99999,9,False,
99999903948,35.25,-97.46667,360.3,2005-02-24 21:51:00,30,5,N,41,5,22000,5,9,N,16093,5,N,5,130,C,60,C,99999,9,False,
99999903948,35.25,-97.46667,360.3,2005-02-24 22:51:00,40,5,N,46,5,22000,5,9,N,16093,5,N,5,130,C,30,C,99999,9,False,
99999903948,35.25,-97.46667,360.3,2005-02-24 23:51:00,20,5,N,31,5,22000,5,9,N,16093,5,N,5,120,C,20,C,99999,9,False,
99999903948,35.25,-97.46667,360.3,2005-02-25 00:51:00,999,9,C,0,5,22000,5,9,N,16093,5,N,5,80,C,20,C,99999,9,False,
99999903948,35.25,-97.46667,360.3,2005-02-25 01:51:00,999,9,C,0,5,22000,5,9,N,16093,5,N,5,60,C,10,C,99999,9,False,
99999903948,35.25,-97.46667,360.3,2005-02-25 02:51:00,999,9,C,0,5,22000,5,9,N,16093,5,N,5,50,C,10,C,99999,9,False,
99999903948,35.25,-97.46667,360.3,2005-02-25 03:51:00,999,9,C,0,5,22000,5,9,N,16093,5,N,5,30,C,0,C,99999,9,False,
99999903948,35.25,-97.46667,360.3,2005-02-25 04:51:00,999,9,C,0,5,22000,5,9,N,16093,5,N,5,30,C,10,C,99999,9,False,
99999903948,35.25,-97.46667,360.3,2005-02-25 05:51:00,999,9,C,0,5,22000,5,9,N,11265,5,N,5,20,C,0,C,99999,9,False,
99999903948,35.25,-97.46667,360.3,2005-02-25 05:59:00,999,9,9,9999,9,99999,9,9,9,999999,9,9,9,9999,9,9999,9,99999,9,False,
99999903948,35.25,-97.46667,360.3,2005-02-25 06:51:00,999,9,C,0,5,22000,5,9,N,11265,5,N,5,20,C,-10,C,99999,9,False,
99999903948,35.25,-97.46667,360.3,2005-02-25 07:51:00,999,9,C,0,5,22000,5,9,N,8047,5,N,5,10,C,-10,C,99999,9,False,
99999903948,35.25,-97.46667,360.3,2005-02-25 08:51:00,999,9,C,0,5,22000,5,9,N,6437,5,N,5,10,C,-20,C,99999,9,False,
99999903948,35.25,-97.46667,360.3,2005-02-25 09:51:00,999,9,C,0,5,22000,5,9,N,4828,5,N,5,10,C,-10,C,99999,9,False,
99999903948,35.25,-97.46667,360.3,2005-02-25 10:51:00,999,9,C,0,5,22000,5,9,N,4828,5,N,5,10,C,-10,C,99999,9,False,
99999903948,35.25,-97.46667,360.3,2005-02-25 11:51:00,999,9,C,0,5,22000,5,9,N,6437,5,N,5,10,C,-10,C,99999,9,False,
99999903948,35.25,-97.46667,360.3,2005-02-25 12:51:00,999,9,C,0,5,22000,5,9,N,4828,5,N,5,-10,C,-20,C,99999,9,False,
99999903948,35.25,-97.46667,360.3,2005-02-25 13:54:00,999,9,C,0,5,22000,5,9,N,4828,5,N,5,10,C,-10,C,99999,9,False,
99999903948,35.25,-97.46667,360.3,2005-02-25 14:51:00,999,9,C,0,5,22000,5,9,N,6437,5,N,5,50,C,30,C,99999,9,False,
99999903948,35.25,-97.46667,360.3,2005-02-25 15:51:00,999,9,C,0,5,22000,5,9,N,11265,5,N,5,90,C,60,C,99999,9,False,
99999903948,35.25,-97.46667,360.3,2005-02-25 16:51:00,999,9,C,0,5,22000,5,9,N,16093,5,N,5,120,C,50,C,99999,9,False,
99999903948,35.25,-97.46667,360.3,2005-02-25 17:51:00,280,5,N,26,5,22000,5,9,N,16093,5,N,5,130,C,40,C,99999,9,False,
99999903948,35.25,-97.46667,360.3,2005-02-25 18:51:00,330,5,N,36,5,22000,5,9,N,16093,5,N,5,150,C,40,C,99999,9,False,
99999903948,35.25,-97.46667,360.3,2005-02-25 19:51:00,999,9,C,0,5,22000,5,9,N,11265,5,N,5,150,C,40,C,99999,9,False,
99999903948,35.25,-97.46667,360.3,2005-02-25 20:51:00,999,9,C,0,5,22000,5,9,N,16093,5,N,5,160,C,40,C,99999,9,False,
99999903948,35.25,-97.46667,360.3,2005-02-25 21:51:00,999,9,C,0,5,22000,5,9,N,16093,5,N,5,150,C,30,C,99999,9,False,
99999903948,35.25,-97.46667,360.3,2005-02-25 22:51:00,999,9,C,0,5,22000,5,9,N,16093,5,N,5,150,C,10,C,99999,9,False,
99999903948,35.25,-97.46667,360.3,2005-02-25 23:31:00,999,9,C,0,5,22000,5,9,N,16093,5,N,5,140,C,10,C,99999,9,False,
99999903948,35.25,-97.46667,360.3,2005-02-26 00:51:00,999,9,C,0,5,22000,5,9,N,16093,5,N,5,110,C,0,C,99999,9,False,
99999903948,35.25,-97.46667,360.3,2005-02-26 01:31:00,999,9,C,0,5,22000,5,9,N,16093,5,N,5,110,C,0,C,99999,9,False,
99999903948,35.25,-97.46667,360.3,2005-02-26 02:31:00,999,9,C,0,5,22000,5,9,N,16093,5,N,5,90,C,20,C,99999,9,False,
99999903948,35.25,-97.46667,360.3,2005-02-26 03:51:00,999,9,C,0,5,22000,5,9,N,16093,5,N,5,90,C,20,C,99999,9,False,
99999903948,35.25,-97.46667,360.3,2005-02-26 04:51:00,999,9,C,0,5,22000,5,9,N,16093,5,N,5,90,C,20,C,99999,9,False,
99999903948,35.25,-97.46667,360.3,2005-02-26 05:51:00,999,9,C,0,5,3353,5,M,N,16093,5,N,5,90,C,20,C,99999,9,False,
99999903948,35.25,-97.46667,360.3,2005-02-26 05:59:00,999,9,9,9999,9,99999,9,9,9,999999,9,9,9,9999,9,9999,9,99999,9,False,
99999903948,35.25,-97.46667,360.3,2005-02-26 06:52:00,999,9,C,0,5,2743,5,M,N,16093,5,N,5,90,C,20,C,99999,9,False,
99999903948,35.25,-97.46667,360.3,2005-02-26 07:51:00,999,9,C,0,5,2438,5,M,N,16093,5,N,5,90,C,20,C,99999,9,False,
99999903948,35.25,-97.46667,360.3,2005-02-26 08:51:00,999,9,C,0,5,2743,5,M,N,8047,5,N,5,90,C,20,C,99999,9,False,
99999903948,35.25,-97.46667,360.3,2005-02-26 09:51:00,999,9,C,0,5,2743,5,M,N,16093,5,N,5,80,C,20,C,99999,9,False,
99999903948,35.25,-97.46667,360.3,2005-02-26 10:51:00,999,9,C,0,5,2743,5,M,N,16093,5,N,5,80,C,20,C,99999,9,False,
99999903948,35.25,-97.46667,360.3,2005-02-26 11:31:00,999,9,C,0,5,2438,5,M,N,16093,5,N,5,70,C,10,C,99999,9,False,
99999903948,35.25,-97.46667,360.3,2005-02-26 12:51:00,999,9,C,0,5,2134,5,M,N,16093,5,N,5,80,C,20,C,99999,9,False,
99999903948,35.25,-97.46667,360.3,2005-02-26 13:53:00,999,9,C,0,5,2134,5,M,N,16093,5,N,5,90,C,20,C,99999,9,False,
99999903948,35.25,-97.46667,360.3,2005-02-26 14:51:00,190,5,N,21,5,22000,5,9,N,16093,5,N,5,110,C,20,C,99999,9,False,
99999903948,35.25,-97.46667,360.3,2005-02-26 15:51:00,999,9,C,0,5,2134,5,M,N,16093,5,N,5,110,C,30,C,99999,9,False,
99999903948,35.25,-97.46667,360.3,2005-02-26 16:51:00,180,5,N,26,5,22000,5,9,N,16093,5,N,5,130,C,30,C,99999,9,False,
99999903948,35.25,-97.46667,360.3,2005-02-26 17:31:00,200,5,N,51,5,1981,5,M,N,16093,5,N,5,140,C,20,C,99999,9,False,
99999903948,35.25,-97.46667,360.3,2005-02-26 18:51:00,190,5,N,41,5,1981,5,M,N,16093,5,N,5,140,C,30,C,99999,9,False,
99999903948,35.25,-97.46667,360.3,2005-02-26 19:51:00,170,5,N,46,5,22000,5,9,N,16093,5,N,5,140,C,20,C,99999,9,False,
99999903948,35.25,-97.46667,360.3,2005-02-26 20:31:00,170,5,N,51,5,2438,5,M,N,16093,5,N,5,140,C,20,C,99999,9,False,
99999903948,35.25,-97.46667,360.3,2005-02-26 21:51:00,150,5,N,51,5,2286,5,M,N,16093,5,N,5,130,C,20,C,99999,9,False,
99999903948,35.25,-97.46667,360.3,2005-02-26 22:53:00,170,5,N,41,5,2286,5,M,N,16093,5,N,5,120,C,30,C,99999,9,False,
99999903948,35.25,-97.46667,360.3,2005-02-26 23:51:00,170,5,N,36,5,2286,5,M,N,16093,5,N,5,120,C,20,C,99999,9,False,
99999903948,35.25,-97.46667,360.3,2005-02-27 00:51:00,999,9,C,0,5,2286,5,M,N,16093,5,N,5,110,C,30,C,99999,9,False,
99999903948,35.25,-97.46667,360.3,2005-02-27 01:51:00,999,9,C,0,5,22000,5,9,N,16093,5,N,5,100,C,30,C,99999,9,False,
99999903948,35.25,-97.46667,360.3,2005-02-27 02:51:00,999,9,C,0,5,1981,5,M,N,16093,5,N,5,100,C,30,C,99999,9,False,
99999903948,35.25,-97.46667,360.3,2005-02-27 03:53:00,190,5,N,36,5,1402,5,M,N,16093,5,N,5,80,C,50,C,99999,9,False,
99999903948,35.25,-97.46667,360.3,2005-02-27 04:51:00,170,5,N,26,5,1158,5,M,N,16093,5,N,5,70,C,50,C,99999,9,False,
99999903948,35.25,-97.46667,360.3,2005-02-27 05:51:00,999,9,C,0,5,1097,5,M,N,11265,5,N,5,70,C,50,C,99999,9,False,
99999903948,35.25,-97.46667,360.3,2005-02-27 05:59:00,999,9,9,9999,9,99999,9,9,9,999999,9,9,9,9999,9,9999,9,99999,9,False,
99999903948,35.25,-97.46667,360.3,2005-02-27 06:51:00,999,9,C,0,5,914,5,M,N,11265,5,N,5,60,C,40,C,99999,9,False,
99999903948,35.25,-97.46667,360.3,2005-02-27 07:31:00,999,9,C,0,5,762,5,M,N,11265,5,N,5,70,C,50,C,99999,9,False,
99999903948,35.25,-97.46667,360.3,2005-02-27 08:51:00,160,5,N,31,5,884,5,M,N,16093,5,N,5,60,C,40,C,99999,9,False,
99999903948,35.25,-97.46667,360.3,2005-02-27 09:51:00,999,9,C,0,5,945,5,M,N,16093,5,N,5,60,C,40,C,99999,9,False,
99999903948,35.25,-97.46667,360.3,2005-02-27 10:51:00,999,9,C,0,5,1006,5,M,N,16093,5,N,5,60,C,40,C,99999,9,False,
99999903948,35.25,-97.46667,360.3,2005-02-27 11:51:00,999,9,C,0,5,823,5,M,N,16093,5,N,5,60,C,40,C,99999,9,False,
99999903948,35.25,-97.46667,360.3,2005-02-27 12:51:00,999,9,C,0,5,701,5,M,N,16093,5,N,5,60,C,40,C,99999,9,False,
99999903948,35.25,-97.46667,360.3,2005-02-27 13:51:00,999,9,C,0,5,640,5,M,N,16093,5,N,5,60,C,40,C,99999,9,False,
99999903948,35.25,-97.46667,360.3,2005-02-27 14:51:00,999,9,C,0,5,22000,5,9,N,16093,5,N,5,70,C,50,C,99999,9,False,
99999903948,35.25,-97.46667,360.3,2005-02-27 15:51:00,999,9,C,0,5,366,5,M,N,16093,5,N,5,80,C,60,C,99999,9,False,
99999903948,35.25,-97.46667,360.3,2005-02-27 16:51:00,999,9,C,0,5,427,5,M,N,16093,5,N,5,90,C,70,C,99999,9,False,
99999903948,35.25,-97.46667,360.3,2005-02-27 17:51:00,999,9,C,0,5,579,5,M,N,16093,5,N,5,90,C,70,C,99999,9,False,
99999903948,35.25,-97.46667,360.3,2005-02-27 18:51:00,999,9,C,0,5,732,5,M,N,16093,5,N,5,90,C,70,C,99999,9,False,
99999903948,35.25,-97.46667,360.3,2005-02-27 19:51:00,999,9,C,0,5,610,5,M,N,16093,5,N,5,80,C,70,C,99999,9,False,
99999903948,35.25,-97.46667,360.3,2005-02-27 20:51:00,350,5,N,36,5,853,5,M,N,16093,5,N,5,90,C,80,C,99999,9,False,
99999903948,35.25,-97.46667,360.3,2005-02-27 23:51:00,350,5,N,36,5,1280,5,M,N,16093,5,N,5,90,C,80,C,99999,9,False,
99999903948,35.25,-97.46667,360.3,2005-02-28 00:51:00,999,9,C,0,5,22000,5,9,N,16093,5,N,5,70,C,60,C,99999,9,False,
99999903948,35.25,-97.46667,360.3,2005-02-28 01:52:00,999,9,C,0,5,3353,5,M,N,16093,5,N,5,60,C,50,C,99999,9,False,
99999903948,35.25,-97.46667,360.3,2005-02-28 02:51:00,999,9,C,0,5,1463,5,M,N,16093,5,N,5,60,C,40,C,99999,9,False,
99999903948,35.25,-97.46667,360.3,2005-02-28 03:31:00,999,9,C,0,5,1250,5,M,N,16093,5,N,5,70,C,60,C,99999,9,False,
99999903948,35.25,-97.46667,360.3,2005-02-28 04:51:00,310,5,N,41,5,762,5,M,N,16093,5,N,5,70,C,60,C,99999,9,False,
99999903948,35.25,-97.46667,360.3,2005-02-28 05:51:00,340,5,N,62,5,22000,5,9,N,11265,5,N,5,70,C,60,C,99999,9,False,
99999903948,35.25,-97.46667,360.3,2005-02-28 05:59:00,999,9,9,9999,9,99999,9,9,9,999999,9,9,9,9999,9,9999,9,99999,9,False,
99999903948,35.25,-97.46667,360.3,2005-02-28 06:51:00,340,5,N,46,5,22000,5,9,N,16093,5,N,5,60,C,40,C,99999,9,False,
99999903948,35.25,-97.46667,360.3,2005-02-28 07:51:00,330,5,N,31,5,22000,5,9,N,16093,5,N,5,40,C,20,C,99999,9,False,
99999903948,35.25,-97.46667,360.3,2005-02-28 08:51:00,300,5,N,21,5,22000,5,9,N,11265,5,N,5,20,C,10,C,99999,9,False,
99999903948,35.25,-97.46667,360.3,2005-02-28 09:51:00,310,5,N,26,5,22000,5,9,N,11265,5,N,5,20,C,10,C,99999,9,False,
99999903948,35.25,-97.46667,360.3,2005-02-28 10:31:00,300,5,N,31,5,22000,5,9,N,11265,5,N,5,20,C,10,C,99999,9,False,
99999903948,35.25,-97.46667,360.3,2005-03-01 14:51:00,999,9,C,0,5,3353,5,M,N,16093,5,N,5,10,C,-80,C,99999,9,False,
99999903948,35.25,-97.46667,360.3,2005-03-01 15:52:00,999,9,C,0,5,22000,5,9,N,16093,5,N,5,40,C,-80,C,99999,9,False,
99999903948,35.25,-97.46667,360.3,2005-03-01 16:51:00,999,9,C,0,5,22000,5,9,N,16093,5,N,5,50,C,-70,C,99999,9,False,
99999903948,35.25,-97.46667,360.3,2005-03-01 17:51:00,999,9,C,0,5,22000,5,9,N,16093,5,N,5,70,C,-80,C,99999,9,False,
99999903948,35.25,-97.46667,360.3,2005-03-01 18:51:00,999,9,C,0,5,22000,5,9,N,16093,5,N,5,90,C,-70,C,99999,9,False,
99999903948,35.25,-97.46667,360.3,2005-03-01 19:51:00,999,9,C,0,5,22000,5,9,N,16093,5,N,5,100,C,9999,9,99999,9,False,
99999903948,35.25,-97.46667,360.3,2005-03-01 20:52:00,999,9,C,0,5,22000,5,9,N,16093,5,N,5,100,C,-80,C,99999,9,False,
99999903948,35.25,-97.46667,360.3,2005-03-01 21:52:00,999,9,C,0,5,22000,5,9,N,16093,5,N,5,90,C,-80,C,99999,9,False,
99999903948,35.25,-97.46667,360.3,2005-03-01 22:51:00,999,9,C,0,5,2743,5,M,N,16093,5,N,5,90,C,-80,C,99999,9,False,
99999903948,35.25,-97.46667,360.3,2005-03-01 23:31:00,130,5,N,21,5,3048,5,M,N,16093,5,N,5,90,C,-80,C,99999,9,False,
99999903948,35.25,-97.46667,360.3,2005-03-02 00:51:00,999,9,C,0,5,2743,5,M,N,16093,5,N,5,80,C,-70,C,99999,9,False,
99999903948,35.25,-97.46667,360.3,2005-03-02 01:51:00,999,9,C,0,5,2134,5,M,N,16093,5,N,5,70,C,-70,C,99999,9,False,
99999903948,35.25,-97.46667,360.3,2005-03-02 02:51:00,999,9,C,0,5,1829,5,M,N,16093,5,N,5,70,C,-60,C,99999,9,False,
99999903948,35.25,-97.46667,360.3,2005-03-02 03:51:00,999,9,C,0,5,1829,5,M,N,16093,5,N,5,70,C,-60,C,99999,9,False,
99999903948,35.25,-97.46667,360.3,2005-03-02 04:11:00,999,9,C,0,5,1829,5,M,N,16093,5,N,5,70,C,-60,C,99999,9,False,
99999903948,35.25,-97.46667,360.3,2005-03-02 05:51:00,999,9,C,0,5,22000,5,9,N,16093,5,N,5,50,C,-70,C,99999,9,False,
99999903948,35.25,-97.46667,360.3,2005-03-02 06:51:00,999,9,C,0,5,22000,5,9,N,16093,5,N,5,40,C,-70,C,99999,9,False,
99999903948,35.25,-97.46667,360.3,2005-03-02 09:51:00,999,9,C,0,5,22000,5,9,N,16093,5,N,5,20,C,-70,C,99999,9,False,
99999903948,35.25,-97.46667,360.3,2005-03-02 10:51:00,999,9,C,0,5,22000,5,9,N,16093,5,N,5,20,C,-60,C,99999,9,False,
99999903948,35.25,-97.46667,360.3,2005-03-02 11:51:00,999,9,C,0,5,22000,5,9,N,16093,5,N,5,-10,C,-70,C,99999,9,False,
99999903948,35.25,-97.46667,360.3,2005-03-02 12:51:00,999,9,C,0,5,22000,5,9,N,16093,5,N,5,-10,C,-60,C,99999,9,False,
99999903948,35.25,-97.46667,360.3,2005-03-02 13:51:00,999,9,C,0,5,22000,5,9,N,16093,5,N,5,40,C,-20,C,99999,9,False,
99999903948,35.25,-97.46667,360.3,2005-03-02 14:51:00,999,9,C,0,5,22000,5,9,N,16093,5,N,5,80,C,-30,C,99999,9,False,
99999903948,35.25,-97.46667,360.3,2005-03-02 15:52:00,180,5,N,41,5,22000,5,9,N,16093,5,N,5,90,C,-10,C,99999,9,False,
99999903948,35.25,-97.46667,360.3,2005-03-02 16:51:00,999,9,C,0,5,22000,5,9,N,16093,5,N,5,120,C,20,C,99999,9,False,
99999903948,35.25,-97.46667,360.3,2005-03-02 17:51:00,999,9,C,0,5,22000,5,9,N,16093,5,N,5,140,C,40,C,99999,9,False,
99999903948,35.25,-97.46667,360.3,2005-03-02 18:51:00,999,9,C,0,5,22000,5,9,N,16093,5,N,5,160,C,40,C,99999,9,False,
99999903948,35.25,-97.46667,360.3,2005-03-02 19:51:00,999,9,C,0,5,22000,5,9,N,16093,5,N,5,180,C,50,C,99999,9,False,
99999903948,35.25,-97.46667,360.3,2005-03-02 20:52:00,999,9,C,0,5,22000,5,9,N,16093,5,N,5,180,C,50,C,99999,9,False,
99999903948,35.25,-97.46667,360.3,2005-03-02 21:52:00,999,9,C,0,5,22000,5,9,N,16093,5,N,5,180,C,60,C,99999,9,False,
99999903948,35.25,-97.46667,360.3,2005-03-02 22:51:00,190,5,N,36,5,22000,5,9,N,16093,5,N,5,170,C,70,C,99999,9,False,
99999903948,35.25,-97.46667,360.3,2005-03-02 23:51:00,999,9,C,0,5,22000,5,9,N,16093,5,N,5,160,C,60,C,99999,9,False,
99999903948,35.25,-97.46667,360.3,2005-03-03 00:51:00,170,5,N,41,5,22000,5,9,N,16093,5,N,5,130,C,60,C,99999,9,False,
99999903948,35.25,-97.46667,360.3,2005-03-03 01:51:00,180,5,N,31,5,22000,5,9,N,16093,5,N,5,110,C,70,C,99999,9,False,
99999903948,35.25,-97.46667,360.3,2005-03-03 02:51:00,999,9,C,0,5,22000,5,9,N,16093,5,N,5,90,C,70,C,99999,9,False,
99999903948,35.25,-97.46667,360.3,2005-03-03 03:51:00,999,9,C,0,5,22000,5,9,N,16093,5,N,5,80,C,60,C,99999,9,False,
99999903948,35.25,-97.46667,360.3,2005-03-03 04:51:00,999,9,C,0,5,22000,5,9,N,11265,5,N,5,70,C,40,C,99999,9,False,
99999903948,35.25,-97.46667,360.3,2005-03-03 05:52:00,999,9,C,0,5,22000,5,9,N,8047,5,N,5,70,C,40,C,99999,9,False,
99999903948,35.25,-97.46667,360.3,2005-03-03 05:59:00,999,9,9,9999,9,99999,9,9,9,999999,9,9,9,9999,9,9999,9,99999,9,False,
99999903948,35.25,-97.46667,360.3,2005-03-03 06:51:00,999,9,C,0,5,22000,5,9,N,4828,5,N,5,60,C,40,C,99999,9,False,
99999903948,35.25,-97.46667,360.3,2005-03-03 07:51:00,999,9,C,0,5,22000,5,9,N,2414,5,N,5,40,C,30,C,99999,9,False,
99999903948,35.25,-97.46667,360.3,2005-03-03 08:51:00,999,9,C,0,5,30,5,M,N,3219,5,N,5,50,C,30,C,99999,9,False,
99999903948,35.25,-97.46667,360.3,2005-03-03 09:51:00,999,9,C,0,5,30,5,M,N,402,5,N,5,40,C,30,C,99999,9,False,
99999903948,35.25,-97.46667,360.3,2005-03-03 10:51:00,999,9,C,0,5,30,5,M,N,0,5,N,5,50,C,40,C,99999,9,False,
99999903948,35.25,-97.46667,360.3,2005-03-03 11:51:00,210,5,N,26,5,30,5,M,N,0,5,N,5,60,C,40,C,99999,9,False,
99999903948,35.25,-97.46667,360.3,2005-03-03 12:56:00,999,9,C,0,5,30,5,M,N,402,7,N,5,60,C,40,C,99999,9,False,
99999903948,35.25,-97.46667,360.3,2005-03-03 13:52:00,999,9,C,0,5,30,5,M,N,0,5,N,5,60,C,50,C,99999,9,False,
99999903948,35.25,-97.46667,360.3,2005-03-03 14:51:00,999,9,C,0,5,30,5,M,N,0,5,N,5,70,C,60,C,99999,9,False,
99999903948,35.25,-97.46667,360.3,2005-03-03 15:53:00,190,5,N,26,5,30,5,M,N,402,5,N,5,80,C,70,C,99999,9,False,
99999903948,35.25,-97.46667,360.3,2005-03-03 16:52:00,210,5,N,41,5,91,5,M,N,4828,5,N,5,90,C,80,C,99999,9,False,
99999903948,35.25,-97.46667,360.3,2005-03-03 17:52:00,200,5,N,36,5,213,5,M,N,11265,5,N,5,110,C,90,C,99999,9,False,
99999903948,35.25,-97.46667,360.3,2005-03-03 18:51:00,220,5,N,51,5,335,5,M,N,16093,5,N,5,120,C,80,C,99999,9,False,
99999903948,35.25,-97.46667,360.3,2005-03-03 19:52:00,210,5,N,51,5,396,5,M,N,16093,5,N,5,120,C,80,C,99999,9,False,
99999903948,35.25,-97.46667,360.3,2005-03-03 20:51:00,230,5,N,21,5,22000,5,9,N,16093,5,N,5,160,C,80,C,99999,9,False,
99999903948,35.25,-97.46667,360.3,2005-03-03 21:51:00,220,5,N,41,5,22000,5,9,N,16093,5,N,5,170,C,80,C,99999,9,False,
99999903948,35.25,-97.46667,360.3,2005-03-03 22:51:00,220,5,N,15,5,22000,5,9,N,16093,5,N,5,160,C,80,C,99999,9,False,
99999903948,35.25,-97.46667,360.3,2005-03-03 23:51:00,999,9,C,0,5,22000,5,9,N,16093,5,N,5,150,C,80,C,99999,9,False,
99999903948,35.25,-97.46667,360.3,2005-03-04 00:51:00,999,9,C,0,5,22000,5,9,N,16093,5,N,5,120,C,70,C,99999,9,False,
99999903948,35.25,-97.46667,360.3,2005-03-04 01:51:00,999,9,C,0,5,22000,5,9,N,16093,5,N,5,100,C,70,C,99999,9,False,
99999903948,35.25,-97.46667,360.3,2005-03-04 02:51:00,999,9,C,0,5,22000,5,9,N,11265,5,N,5,80,C,50,C,99999,9,False,
99999903948,35.25,-97.46667,360.3,2005-03-04 03:51:00,999,9,C,0,5,22000,5,9,N,11265,5,N,5,70,C,40,C,99999,9,False,
99999903948,35.25,-97.46667,360.3,2005-03-04 04:51:00,999,9,C,0,5,22000,5,9,N,8047,5,N,5,70,C,50,C,99999,9,False,
99999903948,35.25,-97.46667,360.3,2005-03-04 05:51:00,999,9,C,0,5,22000,5,9,N,11265,5,N,5,80,C,60,C,99999,9,False,
99999903948,35.25,-97.46667,360.3,2005-03-04 05:59:00,999,9,9,9999,9,99999,9,9,9,999999,9,9,9,9999,9,9999,9,99999,9,False,
99999903948,35.25,-97.46667,360.3,2005-03-04 06:51:00,999,9,C,0,5,22000,5,9,N,8047,5,N,5,80,C,70,C,99999,9,False,
99999903948,35.25,-97.46667,360.3,2005-03-04 07:51:00,999,9,C,0,5,22000,5,9,N,8047,5,N,5,80,C,70,C,99999,9,False,
99999903948,35.25,-97.46667,360.3,2005-03-04 08:51:00,999,9,C,0,5,22000,5,9,N,6437,5,N,5,80,C,70,C,99999,9,False,
99999903948,35.25,-97.46667,360.3,2005-03-04 09:52:00,220,5,N,41,5,22000,5,9,N,8047,5,N,5,90,C,70,C,99999,9,False,
99999903948,35.25,-97.46667,360.3,2005-03-04 10:51:00,999,9,C,0,5,22000,5,9,N,8047,5,N,5,80,C,70,C,99999,9,False,
99999903948,35.25,-97.46667,360.3,2005-03-04 11:51:00,999,9,9,9999,9,22000,5,9,N,6437,5,N,5,80,C,70,C,99999,9,False,
99999903948,35.25,-97.46667,360.3,2005-03-04 12:54:00,999,9,C,0,5,22000,5,9,N,6437,5,N,5,80,C,70,C,99999,9,False,
99999903948,35.25,-97.46667,360.3,2005-03-04 13:53:00,999,9,C,0,5,22000,5,9,N,6437,5,N,5,80,C,70,C,99999,9,False,
99999903948,35.25,-97.46667,360.3,2005-03-04 14:51:00,999,9,C,0,5,99999,9,9,N,6437,5,N,5,90,C,80,C,99999,9,False,
99999903948,35.25,-97.46667,360.3,2005-03-04 15:51:00,250,5,N,36,5,22000,5,9,N,16093,5,N,5,140,C,90,C,99999,9,False,
99999903948,35.25,-97.46667,360.3,2005-03-04 16:51:00,220,5,N,57,5,22000,5,9,N,16093,5,N,5,170,C,70,C,99999,9,False,
99999903948,35.25,-97.46667,360.3,2005-03-04 17:52:00,220,5,N,57,5,22000,5,9,N,16093,5,N,5,180,C,70,C,99999,9,False,
99999903948,35.25,-97.46667,360.3,2005-03-04 18:51:00,270,5,N,46,5,22000,5,9,N,16093,5,N,5,200,C,60,C,99999,9,False,
99999903948,35.25,-97.46667,360.3,2005-03-04 19:51:00,270,5,N,26,5,22000,5,9,N,16093,5,N,5,210,C,70,C,99999,9,False,
99999903948,35.25,-97.46667,360.3,2005-03-04 20:52:00,290,5,N,31,5,22000,5,9,N,16093,5,N,5,220,C,60,C,99999,9,False,
99999903948,35.25,-97.46667,360.3,2005-03-04 21:52:00,260,5,N,21,5,22000,5,9,N,16093,5,N,5,230,C,60,C,99999,9,False,
99999903948,35.25,-97.46667,360.3,2005-03-04 22:51:00,240,5,N,21,5,99999,9,9,N,16093,5,N,5,220,C,50,C,99999,9,False,
99999903948,35.25,-97.46667,360.3,2005-03-04 23:51:00,250,5,N,26,5,22000,5,9,N,16093,5,N,5,210,C,40,C,99999,9,False,
99999903948,35.25,-97.46667,360.3,2005-03-05 00:52:00,250,5,N,15,5,22000,5,9,N,16093,5,N,5,160,C,50,C,99999,9,False,
99999903948,35.25,-97.46667,360.3,2005-03-05 01:52:00,999,9,C,0,5,22000,5,9,N,16093,5,N,5,140,C,40,C,99999,9,False,
99999903948,35.25,-97.46667,360.3,2005-03-05 02:53:00,220,5,N,21,5,22000,5,9,N,16093,5,N,5,120,C,40,C,99999,9,False,
99999903948,35.25,-97.46667,360.3,2005-03-05 03:52:00,230,5,N,26,5,22000,5,9,N,16093,5,N,5,120,C,60,C,99999,9,False,
99999903948,35.25,-97.46667,360.3,2005-03-05 04:51:00,210,5,N,31,5,22000,5,9,N,16093,5,N,5,110,C,60,C,99999,9,False,
99999903948,35.25,-97.46667,360.3,2005-03-05 05:51:00,220,5,N,21,5,22000,5,9,N,16093,5,N,5,100,C,60,C,99999,9,False,
99999903948,35.25,-97.46667,360.3,2005-03-05 05:59:00,999,9,9,9999,9,99999,9,9,9,999999,9,9,9,9999,9,9999,9,99999,9,False,
99999903948,35.25,-97.46667,360.3,2005-03-05 06:51:00,230,5,N,21,5,22000,5,9,N,16093,5,N,5,90,C,50,C,99999,9,False,
99999903948,35.25,-97.46667,360.3,2005-03-05 07:51:00,250,5,N,26,5,22000,5,9,N,16093,5,N,5,90,C,60,C,99999,9,False,
99999903948,35.25,-97.46667,360.3,2005-03-05 08:51:00,230,5,N,21,5,22000,5,9,N,11265,5,N,5,80,C,60,C,99999,9,False,
99999903948,35.25,-97.46667,360.3,2005-03-05 09:51:00,240,5,N,15,5,22000,5,9,N,11265,5,N,5,80,C,60,C,99999,9,False,
99999903948,35.25,-97.46667,360.3,2005-03-05 10:51:00,240,5,N,15,5,22000,5,9,N,11265,5,N,5,80,C,60,C,99999,9,False,
99999903948,35.25,-97.46667,360.3,2005-03-05 11:52:00,10,5,N,36,5,22000,5,9,N,8047,5,N,5,70,C,40,C,99999,9,False,
99999903948,35.25,-97.46667,360.3,2005-03-05 12:51:00,999,9,C,0,5,22000,5,9,N,6437,5,N,5,60,C,40,C,99999,9,False,
99999903948,35.25,-97.46667,360.3,2005-03-05 13:52:00,220,5,N,15,5,22000,5,9,N,6437,5,N,5,80,C,60,C,99999,9,False,
99999903948,35.25,-97.46667,360.3,2005-03-05 14:51:00,340,5,N,21,5,22000,5,9,N,8047,5,N,5,120,C,100,C,99999,9,False,
99999903948,35.25,-97.46667,360.3,2005-03-05 15:51:00,10,5,N,31,5,22000,5,9,N,16093,5,N,5,150,C,100,C,99999,9,False,
99999903948,35.25,-97.46667,360.3,2005-03-05 16:51:00,70,5,N,36,5,22000,5,9,N,16093,5,N,5,170,C,80,C,99999,9,False,
99999903948,35.25,-97.46667,360.3,2005-03-05 17:51:00,70,5,N,36,5,22000,5,9,N,16093,5,N,5,190,C,60,C,99999,9,False,
99999903948,35.25,-97.46667,360.3,2005-03-05 18:51:00,70,5,N,41,5,22000,5,9,N,16093,5,N,5,210,C,40,C,99999,9,False,
99999903948,35.25,-97.46667,360.3,2005-03-05 19:53:00,70,5,N,36,5,22000,5,9,N,16093,5,N,5,200,C,20,C,99999,9,False,
99999903948,35.25,-97.46667,360.3,2005-03-05 20:53:00,90,5,N,21,5,22000,5,9,N,16093,5,N,5,200,C,20,C,99999,9,False,
99999903948,35.25,-97.46667,360.3,2005-03-05 21:51:00,80,5,N,31,5,22000,5,9,N,16093,5,N,5,200,C,10,C,99999,9,False,
99999903948,35.25,-97.46667,360.3,2005-03-05 22:52:00,120,5,N,26,5,22000,5,9,N,16093,5,N,5,190,C,10,C,99999,9,False,
99999903948,35.25,-97.46667,360.3,2005-03-05 23:51:00,90,5,N,15,5,22000,5,9,N,16093,5,N,5,170,C,10,C,99999,9,False,
99999903948,35.25,-97.46667,360.3,2005-03-06 00:51:00,999,9,C,0,5,22000,5,9,N,16093,5,N,5,160,C,20,C,99999,9,False,
99999903948,35.25,-97.46667,360.3,2005-03-06 01:51:00,100,5,N,21,5,22000,5,9,N,16093,5,N,5,140,C,10,C,99999,9,False,
99999903948,35.25,-97.46667,360.3,2005-03-06 02:53:00,100,5,N,26,5,22000,5,9,N,16093,5,N,5,130,C,10,C,99999,9,False,
99999903948,35.25,-97.46667,360.3,2005-03-06 03:53:00,110,5,N,26,5,22000,5,9,N,16093,5,N,5,130,C,0,C,99999,9,False,
99999903948,35.25,-97.46667,360.3,2005-03-06 04:51:00,140,5,N,15,5,22000,5,9,N,16093,5,N,5,120,C,0,C,99999,9,False,
99999903948,35.25,-97.46667,360.3,2005-03-06 05:52:00,999,9,C,0,5,22000,5,9,N,16093,5,N,5,110,C,10,C,99999,9,False,
99999903948,35.25,-97.46667,360.3,2005-03-06 05:59:00,999,9,9,9999,9,99999,9,9,9,999999,9,9,9,9999,9,9999,9,99999,9,False,
99999903948,35.25,-97.46667,360.3,2005-03-06 06:52:00,999,9,C,0,5,22000,5,9,N,16093,5,N,5,110,C,10,C,99999,9,False,
99999903948,35.25,-97.46667,360.3,2005-03-06 07:51:00,180,5,N,26,5,22000,5,9,N,16093,5,N,5,100,C,20,C,99999,9,False,
99999903948,35.25,-97.46667,360.3,2005-03-06 08:51:00,190,5,N,21,5,22000,5,9,N,16093,5,N,5,90,C,20,C,99999,9,False,
99999903948,35.25,-97.46667,360.3,2005-03-06 09:53:00,999,9,C,0,5,22000,5,9,N,16093,5,N,5,100,C,30,C,99999,9,False,
99999903948,35.25,-97.46667,360.3,2005-03-06 10:51:00,999,9,C,0,5,22000,5,9,N,16093,5,N,5,90,C,20,C,99999,9,False,
99999903948,35.25,-97.46667,360.3,2005-03-06 11:51:00,190,5,N,15,5,22000,5,9,N,16093,5,N,5,80,C,30,C,99999,9,False,
99999903948,35.25,-97.46667,360.3,2005-03-06 12:51:00,190,5,N,21,5,3353,5,M,N,16093,5,N,5,90,C,60,C,99999,9,False,
99999903948,35.25,-97.46667,360.3,2005-03-06 13:52:00,999,9,C,0,5,22000,5,9,N,11265,5,N,5,110,C,70,C,99999,9,False,
99999903948,35.25,-97.46667,360.3,2005-03-06 14:52:00,190,5,N,26,5,22000,5,9,N,11265,5,N,5,130,C,90,C,99999,9,False,
99999903948,35.25,-97.46667,360.3,2005-03-06 15:52:00,230,5,N,46,5,22000,5,9,N,16093,5,N,5,180,C,110,C,99999,9,False,
99999903948,35.25,-97.46667,360.3,2005-03-06 16:52:00,230,5,N,36,5,99999,9,9,N,16093,5,N,5,190,C,100,C,99999,9,False,
99999903948,35.25,-97.46667,360.3,2005-03-06 17:51:00,210,5,N,72,5,22000,5,9,N,16093,5,N,5,210,C,100,C,99999,9,False,
99999903948,35.25,-97.46667,360.3,2005-03-06 18:53:00,210,5,N,67,5,22000,5,9,N,16093,5,N,5,210,C,100,C,99999,9,False,
99999903948,35.25,-97.46667,360.3,2005-03-06 19:57:00,220,5,N,62,5,1463,5,M,N,16093,5,N,5,190,C,100,C,99999,9,False,
99999903948,35.25,-97.46667,360.3,2005-03-06 20:53:00,200,5,N,88,5,1189,5,M,N,16093,5,N,5,190,C,100,C,99999,9,False,
99999903948,35.25,-97.46667,360.3,2005-03-06 21:51:00,220,5,N,93,5,99999,9,9,N,16093,5,N,5,190,C,110,C,99999,9,False,
99999903948,35.25,-97.46667,360.3,2005-03-06 22:54:00,200,5,N,77,5,22000,5,9,N,16093,5,N,5,190,C,110,C,99999,9,False,
99999903948,35.25,-97.46667,360.3,2005-03-06 23:51:00,210,5,N,62,5,22000,5,9,N,16093,5,N,5,180,C,110,C,99999,9,False,
99999903948,35.25,-97.46667,360.3,2005-03-07 00:52:00,200,5,N,57,5,22000,5,9,N,16093,5,N,5,170,C,110,C,99999,9,False,
99999903948,35.25,-97.46667,360.3,2005-03-07 01:52:00,210,5,N,62,5,22000,5,9,N,16093,5,N,5,160,C,110,C,99999,9,False,
99999903948,35.25,-97.46667,360.3,2005-03-07 02:51:00,210,5,N,67,5,22000,5,9,N,16093,5,N,5,160,C,110,C,99999,9,False,
99999903948,35.25,-97.46667,360.3,2005-03-07 03:52:00,210,5,N,82,5,22000,5,9,N,16093,5,N,5,150,C,110,C,99999,9,False,
99999903948,35.25,-97.46667,360.3,2005-03-07 04:51:00,220,5,N,67,5,22000,5,9,N,16093,5,N,5,140,C,110,C,99999,9,False,
99999903948,35.25,-97.46667,360.3,2005-03-07 05:53:00,230,5,N,77,5,396,5,M,N,16093,5,N,5,140,C,110,C,99999,9,False,
99999903948,35.25,-97.46667,360.3,2005-03-07 06:52:00,220,5,N,82,5,22000,5,9,N,16093,5,N,5,140,C,110,C,99999,9,False,
99999903948,35.25,-97.46667,360.3,2005-03-07 07:52:00,220,5,N,62,5,22000,5,9,N,16093,5,N,5,130,C,110,C,99999,9,False,
99999903948,35.25,-97.46667,360.3,2005-03-07 08:52:00,220,5,N,67,5,22000,5,9,N,11265,5,N,5,130,C,110,C,99999,9,False,
99999903948,35.25,-97.46667,360.3,2005-03-07 09:52:00,230,5,N,51,5,274,5,M,N,11265,5,N,5,130,C,110,C,99999,9,False,
99999903948,35.25,-97.46667,360.3,2005-03-07 10:53:00,240,5,N,62,5,274,5,M,N,16093,5,N,5,130,C,110,C,99999,9,False,
99999903948,35.25,-97.46667,360.3,2005-03-07 11:51:00,220,5,N,51,5,99999,9,9,N,11265,5,N,5,130,C,110,C,99999,9,False,
99999903948,35.25,-97.46667,360.3,2005-03-07 12:53:00,260,5,N,41,5,396,5,M,N,11265,5,N,5,130,C,110,C,99999,9,False,
99999903948,35.25,-97.46667,360.3,2005-03-07 13:52:00,270,5,N,36,5,1006,5,M,N,11265,5,N,5,130,C,110,C,99999,9,False,
99999903948,35.25,-97.46667,360.3,2005-03-07 14:52:00,300,5,N,41,5,488,5,M,N,16093,5,N,5,140,C,110,C,99999,9,False,
99999903948,35.25,-97.46667,360.3,2005-03-07 15:52:00,30,5,N,67,5,2438,5,M,N,16093,5,N,5,160,C,70,C,99999,9,False,
99999903948,35.25,-97.46667,360.3,2005-03-07 16:52:00,10,5,N,62,5,2896,5,M,N,16093,5,N,5,150,C,30,C,99999,9,False,
99999903948,35.25,-97.46667,360.3,2005-03-07 17:52:00,360,5,N,57,5,22000,5,9,N,16093,5,N,5,150,C,30,C,99999,9,False,
99999903948,35.25,-97.46667,360.3,2005-03-07 18:52:00,350,5,N,72,5,22000,5,9,N,16093,5,N,5,150,C,20,C,99999,9,False,
99999903948,35.25,-97.46667,360.3,2005-03-07 19:52:00,330,5,N,88,5,22000,5,9,N,16093,5,N,5,170,C,10,C,99999,9,False,
99999903948,35.25,-97.46667,360.3,2005-03-07 20:52:00,350,5,N,88,5,22000,5,9,N,16093,5,N,5,190,C,20,C,99999,9,False,
99999903948,35.25,-97.46667,360.3,2005-03-07 21:53:00,330,5,N,113,5,22000,5,9,N,16093,5,N,5,180,C,9999,9,99999,9,False,
99999903948,35.25,-97.46667,360.3,2005-03-07 22:52:00,340,5,N,108,5,22000,5,9,N,16093,5,N,5,180,C,-20,C,99999,9,False,
99999903948,35.25,-97.46667,360.3,2005-03-07 23:52:00,340,5,N,82,5,22000,5,9,N,16093,5,N,5,150,C,-10,C,99999,9,False,
99999903948,35.25,-97.46667,360.3,2005-03-08 00:52:00,10,5,N,77,5,22000,5,9,N,16093,5,N,5,120,C,20,C,99999,9,False,
99999903948,35.25,-97.46667,360.3,2005-03-08 01:52:00,360,5,N,51,5,22000,5,9,N,16093,5,N,5,110,C,10,C,99999,9,False,
99999903948,35.25,-97.46667,360.3,2005-03-08 02:52:00,10,5,N,41,5,22000,5,9,N,16093,5,N,5,90,C,-10,C,99999,9,False,
99999903948,35.25,-97.46667,360.3,2005-03-08 03:52:00,10,5,N,26,5,22000,5,9,N,16093,5,N,5,70,C,-10,C,99999,9,False,
99999903948,35.25,-97.46667,360.3,2005-03-08 04:52:00,30,5,N,41,5,22000,5,9,N,16093,5,N,5,60,C,-10,C,99999,9,False,
99999903948,35.25,-97.46667,360.3,2005-03-08 05:52:00,30,5,N,36,5,22000,5,9,N,16093,5,N,5,50,C,-10,C,99999,9,False,
99999903948,35.25,-97.46667,360.3,2005-03-08 06:52:00,260,5,N,21,5,22000,5,9,N,16093,5,N,5,40,C,-20,C,99999,9,False,
99999903948,35.25,-97.46667,360.3,2005-03-08 07:52:00,999,9,C,0,5,22000,5,9,N,16093,5,N,5,20,C,-30,C,99999,9,False,
99999903948,35.25,-97.46667,360.3,2005-03-08 08:52:00,999,9,C,0,5,22000,5,9,N,16093,5,N,5,10,C,-30,C,99999,9,False,
99999903948,35.25,-97.46667,360.3,2005-03-08 09:52:00,999,9,C,0,5,22000,5,9,N,16093,5,N,5,0,C,-40,C,99999,9,False,
99999903948,35.25,-97.46667,360.3,2005-03-08 10:52:00,999,9,C,0,5,22000,5,9,N,16093,5,N,5,10,C,-30,C,99999,9,False,
99999903948,35.25,-97.46667,360.3,2005-03-08 11:52:00,999,9,C,0,5,22000,5,9,N,16093,5,N,5,0,C,-30,C,99999,9,False,
99999903948,35.25,-97.46667,360.3,2005-03-08 12:52:00,999,9,C,0,5,22000,5,9,N,16093,5,N,5,0,C,-30,C,99999,9,False,
99999903948,35.25,-97.46667,360.3,2005-03-08 13:52:00,999,9,C,0,5,22000,5,9,N,16093,5,N,5,40,C,10,C,99999,9,False,
99999903948,35.25,-97.46667,360.3,2005-03-08 14:52:00,999,9,C,0,5,22000,5,9,N,16093,5,N,5,100,C,30,C,99999,9,False,
99999903948,35.25,-97.46667,360.3,2005-03-08 15:52:00,160,5,N,26,5,22000,5,9,N,16093,5,N,5,110,C,-20,C,99999,9,False,
99999903948,35.25,-97.46667,360.3,2005-03-08 16:52:00,160,5,N,31,5,22000,5,9,N,16093,5,N,5,120,C,-30,C,99999,9,False,
99999903948,35.25,-97.46667,360.3,2005-03-08 17:53:00,140,5,N,31,5,22000,5,9,N,16093,5,N,5,140,C,-30,C,99999,9,False,
99999903948,35.25,-97.46667,360.3,2005-03-08 18:51:00,180,5,N,46,5,22000,5,9,N,16093,5,N,5,140,C,-30,C,99999,9,False,
99999903948,35.25,-97.46667,360.3,2005-03-08 19:51:00,180,5,N,41,5,22000,5,9,N,16093,5,N,5,150,C,-20,C,99999,9,False,
99999903948,35.25,-97.46667,360.3,2005-03-08 20:51:00,180,5,N,36,5,22000,5,9,N,16093,5,N,5,160,C,-20,C,99999,9,False,
99999903948,35.25,-97.46667,360.3,2005-03-08 21:51:00,160,5,N,31,5,22000,5,9,N,16093,5,N,5,160,C,-10,C,99999,9,False,
99999903948,35.25,-97.46667,360.3,2005-03-08 22:51:00,180,5,N,26,5,22000,5,9,N,16093,5,N,5,160,C,-20,C,99999,9,False,
99999903948,35.25,-97.46667,360.3,2005-03-08 23:51:00,230,5,N,15,5,22000,5,9,N,16093,5,N,5,150,C,-20,C,99999,9,False,
99999903948,35.25,-97.46667,360.3,2005-03-09 00:51:00,999,9,C,0,5,22000,5,9,N,16093,5,N,5,130,C,-20,C,99999,9,False,
99999903948,35.25,-97.46667,360.3,2005-03-09 01:51:00,999,9,C,0,5,22000,5,9,N,16093,5,N,5,120,C,-10,C,99999,9,False,
99999903948,35.25,-97.46667,360.3,2005-03-09 02:51:00,210,5,N,15,5,22000,5,9,N,16093,5,N,5,100,C,-10,C,99999,9,False,
99999903948,35.25,-97.46667,360.3,2005-03-09 03:51:00,200,5,N,31,5,3353,5,M,N,16093,5,N,5,110,C,0,C,99999,9,False,
99999903948,35.25,-97.46667,360.3,2005-03-09 04:51:00,220,5,N,36,5,2286,5,M,N,16093,5,N,5,120,C,0,C,99999,9,False,
99999903948,35.25,-97.46667,360.3,2005-03-09 05:13:00,220,5,N,41,5,2286,5,M,N,16093,5,N,5,120,5,-10,5,99999,9,False,
99999903948,35.25,-97.46667,360.3,2005-03-09 05:51:00,320,5,N,46,5,2286,5,M,N,16093,5,N,5,120,C,0,C,99999,9,False,
99999903948,35.25,-97.46667,360.3,2005-03-09 05:59:00,999,9,9,9999,9,99999,9,9,9,999999,9,9,9,9999,9,9999,9,99999,9,False,
99999903948,35.25,-97.46667,360.3,2005-03-09 06:51:00,310,5,N,46,5,1829,5,M,N,16093,5,N,5,110,C,20,C,99999,9,False,
99999903948,35.25,-97.46667,360.3,2005-03-09 07:51:00,300,5,N,31,5,22000,5,9,N,16093,5,N,5,80,C,30,C,99999,9,False,
99999903948,35.25,-97.46667,360.3,2005-03-09 08:51:00,310,5,N,51,5,22000,5,9,N,16093,5,N,5,80,C,40,C,99999,9,False,
99999903948,35.25,-97.46667,360.3,2005-03-09 09:51:00,320,5,N,36,5,22000,5,9,N,16093,5,N,5,60,C,30,C,99999,9,False,
99999903948,35.25,-97.46667,360.3,2005-03-09 10:51:00,320,5,N,36,5,22000,5,9,N,16093,5,N,5,60,C,30,C,99999,9,False,
99999903948,35.25,-97.46667,360.3,2005-03-09 11:51:00,320,5,N,36,5,22000,5,9,N,16093,5,N,5,60,C,20,C,99999,9,False,
99999903948,35.25,-97.46667,360.3,2005-03-09 12:51:00,320,5,N,31,5,22000,5,9,N,16093,5,N,5,50,C,20,C,99999,9,False,
99999903948,35.25,-97.46667,360.3,2005-03-09 13:51:00,340,5,N,46,5,22000,5,9,N,16093,5,N,5,70,C,30,C,99999,9,False,
99999903948,35.25,-97.46667,360.3,2005-03-09 14:53:00,340,5,N,88,5,22000,5,9,N,16093,5,N,5,90,C,30,C,99999,9,False,
99999903948,35.25,-97.46667,360.3,2005-03-09 15:51:00,330,5,N,62,5,22000,5,9,N,16093,5,N,5,120,C,20,C,99999,9,False,
99999903948,35.25,-97.46667,360.3,2005-03-09 16:51:00,330,5,N,62,5,22000,5,9,N,16093,5,N,5,130,C,10,C,99999,9,False,
99999903948,35.25,-97.46667,360.3,2005-03-09 17:51:00,360,5,N,93,5,22000,5,9,N,16093,5,N,5,140,C,20,C,99999,9,False,
99999903948,35.25,-97.46667,360.3,2005-03-09 18:51:00,350,5,N,103,5,22000,5,9,N,16093,5,N,5,150,C,10,C,99999,9,False,
99999903948,35.25,-97.46667,360.3,2005-03-09 19:51:00,330,5,N,88,5,22000,5,9,N,16093,5,N,5,140,C,0,C,99999,9,False,
99999903948,35.25,-97.46667,360.3,2005-03-09 20:51:00,360,5,N,103,5,22000,5,9,N,16093,5,N,5,150,C,-10,C,99999,9,False,
99999903948,35.25,-97.46667,360.3,2005-03-09 21:51:00,10,5,N,62,5,22000,5,9,N,16093,5,N,5,140,C,-10,C,99999,9,False,
99999903948,35.25,-97.46667,360.3,2005-03-09 22:51:00,360,5,N,51,5,22000,5,9,N,16093,5,N,5,140,C,-10,C,99999,9,False,
99999903948,35.25,-97.46667,360.3,2005-03-09 23:51:00,30,5,N,57,5,22000,5,9,N,16093,5,N,5,120,C,-10,C,99999,9,False,
99999903948,35.25,-97.46667,360.3,2005-03-10 00:51:00,20,5,N,26,5,22000,5,9,N,16093,5,N,5,80,C,-20,C,99999,9,False,
99999903948,35.25,-97.46667,360.3,2005-03-10 01:51:00,50,5,N,15,5,22000,5,9,N,16093,5,N,5,60,C,-10,C,99999,9,False,
99999903948,35.25,-97.46667,360.3,2005-03-10 02:51:00,80,5,N,15,5,22000,5,9,N,16093,5,N,5,50,C,-10,C,99999,9,False,
99999903948,35.25,-97.46667,360.3,2005-03-10 03:51:00,120,5,N,15,5,22000,5,9,N,16093,5,N,5,40,C,-10,C,99999,9,False,
99999903948,35.25,-97.46667,360.3,2005-03-10 04:51:00,130,5,N,21,5,22000,5,9,N,16093,5,N,5,40,C,-10,C,99999,9,False,
99999903948,35.25,-97.46667,360.3,2005-03-10 05:51:00,180,5,N,15,5,22000,5,9,N,16093,5,N,5,40,C,-10,C,99999,9,False,
99999903948,35.25,-97.46667,360.3,2005-03-10 06:51:00,140,5,N,36,5,22000,5,9,N,16093,5,N,5,40,C,-10,C,99999,9,False,
99999903948,35.25,-97.46667,360.3,2005-03-10 07:51:00,200,5,N,26,5,22000,5,9,N,16093,5,N,5,30,C,-10,C,99999,9,False,
99999903948,35.25,-97.46667,360.3,2005-03-10 08:51:00,190,5,N,36,5,22000,5,9,N,16093,5,N,5,30,C,-10,C,99999,9,False,
99999903948,35.25,-97.46667,360.3,2005-03-10 09:51:00,200,5,N,41,5,22000,5,9,N,16093,5,N,5,40,C,0,C,99999,9,False,
99999903948,35.25,-97.46667,360.3,2005-03-10 10:51:00,210,5,N,51,5,22000,5,9,N,16093,5,N,5,40,C,0,C,99999,9,False,
99999903948,35.25,-97.46667,360.3,2005-03-10 11:51:00,200,5,N,46,5,22000,5,9,N,16093,5,N,5,40,C,0,C,99999,9,False,
99999903948,35.25,-97.46667,360.3,2005-03-10 12:51:00,210,5,N,57,5,22000,5,9,N,16093,5,N,5,40,C,10,C,99999,9,False,
99999903948,35.25,-97.46667,360.3,2005-03-10 13:55:00,220,5,N,72,5,22000,5,9,N,16093,5,N,5,60,C,10,C,99999,9,False,
99999903948,35.25,-97.46667,360.3,2005-03-10 14:51:00,210,5,N,72,5,22000,5,9,N,16093,5,N,5,90,C,20,C,99999,9,False,
99999903948,35.25,-97.46667,360.3,2005-03-10 15:51:00,270,5,N,46,5,22000,5,9,N,16093,5,N,5,130,C,20,C,99999,9,False,
99999903948,35.25,-97.46667,360.3,2005-03-10 16:51:00,320,5,N,51,5,22000,5,9,N,16093,5,N,5,160,C,20,C,99999,9,False,
99999903948,35.25,-97.46667,360.3,2005-03-10 17:53:00,360,5,N,82,5,22000,5,9,N,16093,5,N,5,180,C,20,C,99999,9,False,
99999903948,35.25,-97.46667,360.3,2005-03-10 18:54:00,20,5,N,98,5,22000,5,9,N,16093,5,N,5,190,C,0,C,99999,9,False,
99999903948,35.25,-97.46667,360.3,2005-03-10 19:51:00,30,5,N,88,5,22000,5,9,N,16093,5,N,5,200,C,0,C,99999,9,False,
99999903948,35.25,-97.46667,360.3,2005-03-10 20:51:00,10,5,N,67,5,22000,5,9,N,16093,5,N,5,180,C,-20,C,99999,9,False,
99999903948,35.25,-97.46667,360.3,2005-03-10 21:51:00,10,5,N,67,5,22000,5,9,N,16093,5,N,5,180,C,-20,C,99999,9,False,
99999903948,35.25,-97.46667,360.3,2005-03-10 22:51:00,360,5,N,41,5,22000,5,9,N,16093,5,N,5,170,C,-20,C,99999,9,False,
99999903948,35.25,-97.46667,360.3,2005-03-10 23:51:00,340,5,N,31,5,22000,5,9,N,16093,5,N,5,160,C,-20,C,99999,9,False,
99999903948,35.25,-97.46667,360.3,2005-03-11 00:51:00,999,9,C,0,5,22000,5,9,N,16093,5,N,5,130,C,-20,C,99999,9,False,
99999903948,35.25,-97.46667,360.3,2005-03-11 01:51:00,290,5,N,21,5,22000,5,9,N,16093,5,N,5,120,C,-10,C,99999,9,False,
99999903948,35.25,-97.46667,360.3,2005-03-11 02:51:00,290,5,N,26,5,22000,5,9,N,16093,5,N,5,100,C,-10,C,99999,9,False,
99999903948,35.25,-97.46667,360.3,2005-03-11 03:51:00,280,5,N,26,5,22000,5,9,N,16093,5,N,5,90,C,0,C,99999,9,False,
99999903948,35.25,-97.46667,360.3,2005-03-11 04:51:00,300,5,N,26,5,22000,5,9,N,16093,5,N,5,90,C,10,C,99999,9,False,
99999903948,35.25,-97.46667,360.3,2005-03-11 05:51:00,350,5,N,41,5,22000,5,9,N,16093,5,N,5,110,C,0,C,99999,9,False,
99999903948,35.25,-97.46667,360.3,2005-03-11 06:51:00,340,5,N,26,5,22000,5,9,N,16093,5,N,5,90,C,-40,C,99999,9,False,
99999903948,35.25,-97.46667,360.3,2005-03-11 07:51:00,330,5,N,31,5,22000,5,9,N,16093,5,N,5,70,C,-30,C,99999,9,False,
99999903948,35.25,-97.46667,360.3,2005-03-11 08:51:00,340,5,N,36,5,22000,5,9,N,16093,5,N,5,60,C,-20,C,99999,9,False,
99999903948,35.25,-97.46667,360.3,2005-03-11 09:51:00,350,5,N,31,5,22000,5,9,N,16093,5,N,5,40,C,-40,C,99999,9,False,
99999903948,35.25,-97.46667,360.3,2005-03-11 10:51:00,310,5,N,31,5,22000,5,9,N,16093,5,N,5,40,C,-30,C,99999,9,False,
99999903948,35.25,-97.46667,360.3,2005-03-11 11:51:00,290,5,N,26,5,22000,5,9,N,16093,5,N,5,30,C,-30,C,99999,9,False,
99999903948,35.25,-97.46667,360.3,2005-03-11 12:51:00,290,5,N,26,5,22000,5,9,N,16093,5,N,5,30,C,9999,9,99999,9,False,
99999903948,35.25,-97.46667,360.3,2005-03-11 13:51:00,280,5,N,36,5,22000,5,9,N,16093,5,N,5,60,C,-20,C,99999,9,False,
99999903948,35.25,-97.46667,360.3,2005-03-11 14:53:00,300,5,N,41,5,22000,5,9,N,16093,5,N,5,110,C,-20,C,99999,9,False,
99999903948,35.25,-97.46667,360.3,2005-03-11 15:51:00,300,5,N,67,5,22000,5,9,N,16093,5,N,5,140,C,-40,C,99999,9,False,
99999903948,35.25,-97.46667,360.3,2005-03-11 16:53:00,280,5,N,67,5,22000,5,9,N,16093,5,N,5,160,C,-40,C,99999,9,False,
99999903948,35.25,-97.46667,360.3,2005-03-11 17:53:00,280,5,N,72,5,22000,5,9,N,16093,5,N,5,170,C,-60,C,99999,9,False,
99999903948,35.25,-97.46667,360.3,2005-03-11 18:51:00,290,5,N,82,5,22000,5,9,N,16093,5,N,5,180,C,-40,C,99999,9,False,
99999903948,35.25,-97.46667,360.3,2005-03-11 19:51:00,280,5,N,82,5,22000,5,9,N,16093,5,N,5,190,C,-50,C,99999,9,False,
99999903948,35.25,-97.46667,360.3,2005-03-11 20:51:00,290,5,N,82,5,22000,5,9,N,16093,5,N,5,210,C,-40,C,99999,9,False,
99999903948,35.25,-97.46667,360.3,2005-03-11 21:51:00,300,5,N,41,5,22000,5,9,N,16093,5,N,5,220,C,-40,C,99999,9,False,
99999903948,35.25,-97.46667,360.3,2005-03-11 22:51:00,290,5,N,36,5,22000,5,9,N,16093,5,N,5,220,C,-50,C,99999,9,False,
99999903948,35.25,-97.46667,360.3,2005-03-11 23:51:00,290,5,N,31,5,22000,5,9,N,16093,5,N,5,210,C,-40,C,99999,9,False,
99999903948,35.25,-97.46667,360.3,2005-03-12 00:51:00,240,5,N,36,5,22000,5,9,N,16093,5,N,5,170,C,9999,9,99999,9,False,
99999903948,35.25,-97.46667,360.3,2005-03-12 01:51:00,230,5,N,36,5,22000,5,9,N,16093,5,N,5,160,C,-30,C,99999,9,False,
99999903948,35.25,-97.46667,360.3,2005-03-12 02:53:00,220,5,N,46,5,22000,5,9,N,16093,5,N,5,150,C,-20,C,99999,9,False,
99999903948,35.25,-97.46667,360.3,2005-03-12 03:51:00,230,5,N,62,5,22000,5,9,N,16093,5,N,5,150,C,-20,C,99999,9,False,
99999903948,35.25,-97.46667,360.3,2005-03-12 04:51:00,220,5,N,67,5,22000,5,9,N,16093,5,N,5,160,C,-20,C,99999,9,False,
99999903948,35.25,-97.46667,360.3,2005-03-12 05:51:00,230,5,N,62,5,22000,5,9,N,16093,5,N,5,160,C,-10,C,99999,9,False,
99999903948,35.25,-97.46667,360.3,2005-03-12 06:51:00,230,5,N,51,5,22000,5,9,N,16093,5,N,5,150,C,9999,9,99999,9,False,
99999903948,35.25,-97.46667,360.3,2005-03-12 07:51:00,230,5,N,46,5,22000,5,9,N,16093,5,N,5,140,C,0,C,99999,9,False,
99999903948,35.25,-97.46667,360.3,2005-03-12 08:51:00,240,5,N,46,5,22000,5,9,N,16093,5,N,5,130,C,10,C,99999,9,False,
99999903948,35.25,-97.46667,360.3,2005-03-12 09:51:00,230,5,N,41,5,22000,5,9,N,16093,5,N,5,130,C,10,C,99999,9,False,
99999903948,35.25,-97.46667,360.3,2005-03-12 10:51:00,220,5,N,41,5,22000,5,9,N,16093,5,N,5,120,C,10,C,99999,9,False,
99999903948,35.25,-97.46667,360.3,2005-03-12 11:51:00,220,5,N,41,5,22000,5,9,N,16093,5,N,5,120,C,10,C,99999,9,False,
99999903948,35.25,-97.46667,360.3,2005-03-12 12:51:00,220,5,N,46,5,22000,5,9,N,16093,5,N,5,110,C,20,C,99999,9,False,
99999903948,35.25,-97.46667,360.3,2005-03-12 13:51:00,220,5,N,51,5,22000,5,9,N,16093,5,N,5,130,C,20,C,99999,9,False,
99999903948,35.25,-97.46667,360.3,2005-03-12 14:51:00,220,5,N,62,5,22000,5,9,N,16093,5,N,5,160,C,20,C,99999,9,False,
99999903948,35.25,-97.46667,360.3,2005-03-12 15:54:00,220,5,N,62,5,99999,9,9,N,16093,5,N,5,190,C,30,C,99999,9,False,
99999903948,35.25,-97.46667,360.3,2005-03-12 16:51:00,999,9,9,9999,9,22000,5,9,N,16093,5,N,5,210,C,40,C,99999,9,False,
99999903948,35.25,-97.46667,360.3,2005-03-12 17:53:00,190,5,N,93,5,22000,5,9,N,16093,5,N,5,230,C,40,C,99999,9,False,
99999903948,35.25,-97.46667,360.3,2005-03-12 18:51:00,210,5,N,108,5,22000,5,9,N,16093,5,N,5,240,C,40,C,99999,9,False,
99999903948,35.25,-97.46667,360.3,2005-03-12 19:52:00,220,5,N,88,5,22000,5,9,N,16093,5,N,5,260,C,40,C,99999,9,False,
99999903948,35.25,-97.46667,360.3,2005-03-12 20:53:00,230,5,N,88,5,22000,5,9,N,16093,5,N,5,270,C,40,C,99999,9,False,
99999903948,35.25,-97.46667,360.3,2005-03-12 21:51:00,240,5,N,82,5,22000,5,9,N,16093,5,N,5,290,C,30,C,99999,9,False,
99999903948,35.25,-97.46667,360.3,2005-03-12 22:51:00,260,5,N,62,5,22000,5,9,N,16093,5,N,5,290,C,30,C,99999,9,False,
99999903948,35.25,-97.46667,360.3,2005-03-12 23:51:00,240,5,N,36,5,22000,5,9,N,16093,5,N,5,280,C,9999,9,99999,9,False,
99999903948,35.25,-97.46667,360.3,2005-03-13 00:51:00,190,5,N,21,5,22000,5,9,N,16093,5,N,5,230,C,10,C,99999,9,False,
99999903948,35.25,-97.46667,360.3,2005-03-13 01:51:00,40,5,N,21,5,22000,5,9,N,16093,5,N,5,190,C,20,C,99999,9,False,
99999903948,35.25,-97.46667,360.3,2005-03-13 02:51:00,60,5,N,31,5,22000,5,9,N,16093,5,N,5,180,C,30,C,99999,9,False,
99999903948,35.25,-97.46667,360.3,2005-03-13 03:51:00,50,5,N,67,5,22000,5,9,N,16093,5,N,5,160,C,40,C,99999,9,False,
99999903948,35.25,-97.46667,360.3,2005-03-13 04:52:00,60,5,N,67,5,22000,5,9,N,16093,5,N,5,170,C,20,C,99999,9,False,
99999903948,35.25,-97.46667,360.3,2005-03-13 05:52:00,60,5,N,67,5,22000,5,9,N,16093,5,N,5,150,C,20,C,99999,9,False,
99999903948,35.25,-97.46667,360.3,2005-03-13 06:52:00,60,5,N,108,5,22000,5,9,N,16093,5,N,5,120,C,10,C,99999,9,False,
99999903948,35.25,-97.46667,360.3,2005-03-13 07:52:00,40,5,N,113,5,22000,5,9,N,16093,5,N,5,100,C,10,C,99999,9,False,
99999903948,35.25,-97.46667,360.3,2005-03-13 08:52:00,40,5,N,113,5,22000,5,9,N,16093,5,N,5,80,C,0,C,99999,9,False,
99999903948,35.25,-97.46667,360.3,2005-03-13 09:52:00,50,5,N,113,5,22000,5,9,N,16093,5,N,5,70,C,-30,C,99999,9,False,
99999903948,35.25,-97.46667,360.3,2005-03-13 10:51:00,40,5,N,77,5,22000,5,9,N,16093,5,N,5,60,C,-40,C,99999,9,False,
99999903948,35.25,-97.46667,360.3,2005-03-13 11:51:00,40,5,N,98,5,22000,5,9,N,16093,5,N,5,50,C,-50,C,99999,9,False,
99999903948,35.25,-97.46667,360.3,2005-03-13 12:52:00,20,5,N,88,5,22000,5,9,N,16093,5,N,5,40,C,-40,C,99999,9,False,
99999903948,35.25,-97.46667,360.3,2005-03-13 13:52:00,30,5,N,98,5,22000,5,9,N,16093,5,N,5,60,C,-40,C,99999,9,False,
99999903948,35.25,-97.46667,360.3,2005-03-13 14:51:00,20,5,N,118,5,22000,5,9,N,16093,5,N,5,70,C,-40,C,99999,9,False,
99999903948,35.25,-97.46667,360.3,2005-03-13 15:51:00,10,5,N,103,5,22000,5,9,N,16093,5,N,5,80,C,-50,C,99999,9,False,
99999903948,35.25,-97.46667,360.3,2005-03-13 16:53:00,10,5,N,93,5,22000,5,9,N,16093,5,N,5,100,C,-40,C,99999,9,False,
99999903948,35.25,-97.46667,360.3,2005-03-13 17:52:00,20,5,N,103,5,22000,5,9,N,16093,5,N,5,120,C,-40,C,99999,9,False,
99999903948,35.25,-97.46667,360.3,2005-03-13 18:52:00,10,5,N,103,5,22000,5,9,N,16093,5,N,5,130,C,-40,C,99999,9,False,
99999903948,35.25,-97.46667,360.3,2005-03-13 19:51:00,20,5,N,93,5,99999,9,9,N,16093,5,N,5,130,C,-40,C,99999,9,False,
99999903948,35.25,-97.46667,360.3,2005-03-13 20:51:00,20,5,N,82,5,22000,5,9,N,16093,5,N,5,140,C,-40,C,99999,9,False,
99999903948,35.25,-97.46667,360.3,2005-03-13 21:51:00,40,5,N,88,5,22000,5,9,N,16093,5,N,5,130,C,-50,C,99999,9,False,
99999903948,35.25,-97.46667,360.3,2005-03-13 22:51:00,20,5,N,72,5,22000,5,9,N,16093,5,N,5,130,C,-50,C,99999,9,False,
99999903948,35.25,-97.46667,360.3,2005-03-13 23:51:00,10,5,N,98,5,22000,5,9,N,16093,5,N,5,110,C,-60,C,99999,9,False,
99999903948,35.25,-97.46667,360.3,2005-03-14 00:51:00,20,5,N,46,5,22000,5,9,N,16093,5,N,5,90,C,-70,C,99999,9,False,
99999903948,35.25,-97.46667,360.3,2005-03-14 01:51:00,20,5,N,41,5,22000,5,9,N,16093,5,N,5,70,C,-70,C,99999,9,False,
99999903948,35.25,-97.46667,360.3,2005-03-14 02:52:00,10,5,N,21,5,22000,5,9,N,16093,5,N,5,50,C,-60,C,99999,9,False,
99999903948,35.25,-97.46667,360.3,2005-03-14 03:52:00,360,5,N,15,5,22000,5,9,N,16093,5,N,5,40,C,-60,C,99999,9,False,
99999903948,35.25,-97.46667,360.3,2005-03-14 04:51:00,10,5,N,26,5,22000,5,9,N,16093,5,N,5,30,C,-50,C,99999,9,False,
99999903948,35.25,-97.46667,360.3,2005-03-14 05:51:00,999,9,C,0,5,22000,5,9,N,16093,5,N,5,30,C,-50,C,99999,9,False,
99999903948,35.25,-97.46667,360.3,2005-03-14 06:51:00,20,5,N,26,5,3353,5,M,N,16093,5,N,5,40,C,-30,C,99999,9,False,
99999903948,35.25,-97.46667,360.3,2005-03-14 07:52:00,10,5,N,26,5,22000,5,9,N,16093,5,N,5,50,C,-30,C,99999,9,False,
99999903948,35.25,-97.46667,360.3,2005-03-14 08:51:00,130,5,N,15,5,2896,5,M,N,16093,5,N,5,60,C,-30,C,99999,9,False,
99999903948,35.25,-97.46667,360.3,2005-03-14 09:51:00,999,9,C,0,5,2134,5,M,N,16093,5,N,5,60,C,-30,C,99999,9,False,
99999903948,35.25,-97.46667,360.3,2005-03-14 10:51:00,999,9,C,0,5,2134,5,M,N,16093,5,N,5,60,C,-30,C,99999,9,False,
99999903948,35.25,-97.46667,360.3,2005-03-14 11:52:00,999,9,C,0,5,1829,5,M,N,16093,5,N,5,60,C,-30,C,99999,9,False,
99999903948,35.25,-97.46667,360.3,2005-03-14 12:52:00,999,9,C,0,5,2743,5,M,N,16093,5,N,5,60,C,-30,C,99999,9,False,
99999903948,35.25,-97.46667,360.3,2005-03-14 13:52:00,999,9,C,0,5,22000,5,9,N,16093,5,N,5,70,C,-20,C,99999,9,False,
99999903948,35.25,-97.46667,360.3,2005-03-14 14:53:00,999,9,C,0,5,22000,5,9,N,16093,5,N,5,90,C,-40,C,99999,9,False,
99999903948,35.25,-97.46667,360.3,2005-03-14 15:52:00,999,9,C,0,5,22000,5,9,N,16093,5,N,5,110,C,-20,C,99999,9,False,
99999903948,35.25,-97.46667,360.3,2005-03-14 16:52:00,120,5,N,15,5,22000,5,9,N,16093,5,N,5,140,C,-40,C,99999,9,False,
99999903948,35.25,-97.46667,360.3,2005-03-14 17:52:00,140,5,N,21,5,22000,5,9,N,16093,5,N,5,140,C,-40,C,99999,9,False,
99999903948,35.25,-97.46667,360.3,2005-03-14 18:51:00,999,9,C,0,5,22000,5,9,N,16093,5,N,5,160,C,-30,C,99999,9,False,
99999903948,35.25,-97.46667,360.3,2005-03-14 19:52:00,40,5,N,15,5,2743,5,M,N,16093,5,N,5,150,C,-30,C,99999,9,False,
99999903948,35.25,-97.46667,360.3,2005-03-14 20:52:00,999,9,C,0,5,22000,5,9,N,16093,5,N,5,140,C,-30,C,99999,9,False,
99999903948,35.25,-97.46667,360.3,2005-03-14 21:52:00,999,9,C,0,5,2743,5,M,N,16093,5,N,5,150,C,-40,C,99999,9,False,
99999903948,35.25,-97.46667,360.3,2005-03-14 22:52:00,999,9,C,0,5,2743,5,M,N,16093,5,N,5,140,C,-40,C,99999,9,False,
99999903948,35.25,-97.46667,360.3,2005-03-14 23:52:00,40,5,N,21,5,3353,5,M,N,16093,5,N,5,130,C,-40,C,99999,9,False,
99999903948,35.25,-97.46667,360.3,2005-03-15 00:52:00,70,5,N,31,5,3048,5,M,N,16093,5,N,5,110,C,-30,C,99999,9,False,
99999903948,35.25,-97.46667,360.3,2005-03-15 01:52:00,40,5,N,21,5,2286,5,M,N,16093,5,N,5,90,C,-20,C,99999,9,False,
99999903948,35.25,-97.46667,360.3,2005-03-15 02:52:00,40,5,N,26,5,2286,5,M,N,16093,5,N,5,90,C,-20,C,99999,9,False,
99999903948,35.25,-97.46667,360.3,2005-03-15 03:52:00,40,5,N,21,5,2286,5,M,N,16093,5,N,5,90,C,-10,C,99999,9,False,
99999903948,35.25,-97.46667,360.3,2005-03-15 04:52:00,40,5,N,26,5,2286,5,M,N,16093,5,N,5,90,C,-10,C,99999,9,False,
99999903948,35.25,-97.46667,360.3,2005-03-15 05:52:00,40,5,N,21,5,2743,5,M,N,16093,5,N,5,90,C,-10,C,99999,9,False,
99999903948,35.25,-97.46667,360.3,2005-03-15 06:52:00,40,5,N,26,5,2743,5,M,N,16093,5,N,5,80,C,-10,C,99999,9,False,
99999903948,35.25,-97.46667,360.3,2005-03-15 07:52:00,60,5,N,26,5,2743,5,M,N,16093,5,N,5,80,C,-10,C,99999,9,False,
99999903948,35.25,-97.46667,360.3,2005-03-15 08:52:00,999,9,C,0,5,2743,5,M,N,16093,5,N,5,90,C,-30,C,99999,9,False,
99999903948,35.25,-97.46667,360.3,2005-03-15 09:52:00,999,9,C,0,5,1981,5,M,N,16093,5,N,5,80,C,-20,C,99999,9,False,
99999903948,35.25,-97.46667,360.3,2005-03-15 10:52:00,40,5,N,21,5,1829,5,M,N,16093,5,N,5,90,C,-20,C,99999,9,False,
99999903948,35.25,-97.46667,360.3,2005-03-15 11:52:00,20,5,N,77,5,1829,5,M,N,16093,5,N,5,80,C,10,C,99999,9,False,
99999903948,35.25,-97.46667,360.3,2005-03-15 12:52:00,50,5,N,46,5,1311,5,M,N,16093,5,N,5,70,C,10,C,99999,9,False,
99999903948,35.25,-97.46667,360.3,2005-03-15 13:52:00,50,5,N,41,5,2591,5,M,N,16093,5,N,5,60,C,20,C,99999,9,False,
99999903948,35.25,-97.46667,360.3,2005-03-15 14:52:00,40,5,N,31,5,1067,5,M,N,16093,5,N,5,60,C,20,C,99999,9,False,
99999903948,35.25,-97.46667,360.3,2005-03-15 15:53:00,70,5,N,26,5,884,5,M,N,11265,5,N,5,60,C,30,C,99999,9,False,
99999903948,35.25,-97.46667,360.3,2005-03-15 16:52:00,60,5,N,41,5,457,5,M,N,8047,5,N,5,60,C,30,C,99999,9,False,
99999903948,35.25,-97.46667,360.3,2005-03-15 17:52:00,90,5,N,46,5,518,5,M,N,11265,5,N,5,60,C,30,C,99999,9,False,
99999903948,35.25,-97.46667,360.3,2005-03-15 18:52:00,40,5,N,67,5,22000,5,9,N,16093,5,N,5,60,C,40,C,99999,9,False,
99999903948,35.25,-97.46667,360.3,2005-03-15 19:52:00,50,5,N,67,5,366,5,M,N,16093,5,N,5,60,C,40,C,99999,9,False,
99999903948,35.25,-97.46667,360.3,2005-03-15 20:52:00,40,5,N,57,5,488,5,M,N,16093,5,N,5,60,C,40,C,99999,9,False,
99999903948,35.25,-97.46667,360.3,2005-03-15 21:55:00,70,5,N,67,5,427,5,M,N,16093,5,N,5,60,C,40,C,99999,9,False,
99999903948,35.25,-97.46667,360.3,2005-03-15 22:52:00,70,5,N,67,5,549,5,M,N,16093,5,N,5,50,C,30,C,99999,9,False,
99999903948,35.25,-97.46667,360.3,2005-03-15 23:52:00,60,5,N,46,5,457,5,M,N,16093,5,N,5,50,C,30,C,99999,9,False,
99999903948,35.25,-97.46667,360.3,2005-03-16 00:52:00,60,5,N,31,5,549,5,M,N,16093,5,N,5,50,C,30,C,99999,9,False,
99999903948,35.25,-97.46667,360.3,2005-03-16 01:52:00,60,5,N,36,5,671,5,M,N,16093,5,N,5,50,C,30,C,99999,9,False,
99999903948,35.25,-97.46667,360.3,2005-03-16 02:52:00,50,5,N,31,5,518,5,M,N,16093,5,N,5,50,C,30,C,99999,9,False,
99999903948,35.25,-97.46667,360.3,2005-03-16 03:52:00,60,5,N,26,5,732,5,M,N,16093,5,N,5,40,C,30,C,99999,9,False,
99999903948,35.25,-97.46667,360.3,2005-03-16 04:52:00,50,5,N,26,5,3048,5,M,N,16093,5,N,5,40,C,30,C,99999,9,False,
99999903948,35.25,-97.46667,360.3,2005-03-16 05:52:00,50,5,N,31,5,3048,5,M,N,16093,5,N,5,40,C,30,C,99999,9,False,
99999903948,35.25,-97.46667,360.3,2005-03-16 05:59:00,999,9,9,9999,9,99999,9,9,9,999999,9,9,9,9999,9,9999,9,99999,9,False,
99999903948,35.25,-97.46667,360.3,2005-03-16 06:52:00,30,5,N,31,5,1158,5,M,N,11265,5,N,5,40,C,30,C,99999,9,False,
99999903948,35.25,-97.46667,360.3,2005-03-16 07:52:00,20,5,N,31,5,427,5,M,N,8047,5,N,5,40,C,30,C,99999,9,False,
99999903948,35.25,-97.46667,360.3,2005-03-16 08:52:00,30,5,N,41,5,366,5,M,N,8047,5,N,5,40,C,30,C,99999,9,False,
99999903948,35.25,-97.46667,360.3,2005-03-16 09:52:00,10,5,N,21,5,762,5,M,N,8047,5,N,5,40,C,20,C,99999,9,False,
99999903948,35.25,-97.46667,360.3,2005-03-16 10:51:00,50,5,N,31,5,99999,9,9,N,11265,5,N,5,40,C,30,C,99999,9,False,
99999903948,35.25,-97.46667,360.3,2005-03-16 11:52:00,50,5,N,21,5,1097,5,M,N,11265,5,N,5,40,C,20,C,99999,9,False,
99999903948,35.25,-97.46667,360.3,2005-03-16 12:52:00,30,5,N,36,5,22000,5,9,N,6437,5,N,5,30,C,20,C,99999,9,False,
99999903948,35.25,-97.46667,360.3,2005-03-16 13:52:00,20,5,N,36,5,1981,5,M,N,6437,5,N,5,30,C,20,C,99999,9,False,
99999903948,35.25,-97.46667,360.3,2005-03-16 14:54:00,10,5,N,36,5,366,5,M,N,6437,5,N,5,40,C,30,C,99999,9,False,
99999903948,35.25,-97.46667,360.3,2005-03-16 15:53:00,10,5,N,41,5,305,5,M,N,8047,5,N,5,40,C,30,C,99999,9,False,
99999903948,35.25,-97.46667,360.3,2005-03-16 16:53:00,20,5,N,41,5,427,5,M,N,11265,5,N,5,60,C,40,C,99999,9,False,
99999903948,35.25,-97.46667,360.3,2005-03-16 17:53:00,10,5,N,46,5,792,5,M,N,16093,5,N,5,80,C,60,C,99999,9,False,
99999903948,35.25,-97.46667,360.3,2005-03-16 18:53:00,50,5,N,26,5,732,5,M,N,16093,5,N,5,100,C,50,C,99999,9,False,
99999903948,35.25,-97.46667,360.3,2005-03-16 19:53:00,30,5,N,31,5,975,5,M,N,16093,5,N,5,120,C,40,C,99999,9,False,
99999903948,35.25,-97.46667,360.3,2005-03-16 20:52:00,40,5,N,41,5,22000,5,9,N,16093,5,N,5,120,C,20,C,99999,9,False,
99999903948,35.25,-97.46667,360.3,2005-03-16 21:52:00,999,9,C,0,5,22000,5,9,N,16093,5,N,5,130,C,20,C,99999,9,False,
99999903948,35.25,-97.46667,360.3,2005-03-16 22:52:00,360,5,N,15,5,22000,5,9,N,16093,5,N,5,130,C,-10,C,99999,9,False,
99999903948,35.25,-97.46667,360.3,2005-03-16 23:52:00,340,5,N,15,5,22000,5,9,N,16093,5,N,5,110,C,-10,C,99999,9,False,
99999903948,35.25,-97.46667,360.3,2005-03-17 00:52:00,999,9,C,0,5,22000,5,9,N,16093,5,N,5,80,C,-20,C,99999,9,False,
99999903948,35.25,-97.46667,360.3,2005-03-17 01:52:00,290,5,N,26,5,22000,5,9,N,16093,5,N,5,60,C,-20,C,99999,9,False,
99999903948,35.25,-97.46667,360.3,2005-03-17 02:52:00,310,5,N,21,5,22000,5,9,N,16093,5,N,5,60,C,0,C,99999,9,False,
99999903948,35.25,-97.46667,360.3,2005-03-17 03:51:00,999,9,C,0,5,22000,5,9,N,16093,5,N,5,30,C,-20,C,99999,9,False,
99999903948,35.25,-97.46667,360.3,2005-03-17 04:52:00,999,9,C,0,5,22000,5,9,N,16093,5,N,5,20,C,-20,C,99999,9,False,
99999903948,35.25,-97.46667,360.3,2005-03-17 05:52:00,999,9,C,0,5,22000,5,9,N,16093,5,N,5,20,C,-20,C,99999,9,False,
99999903948,35.25,-97.46667,360.3,2005-03-17 05:59:00,999,9,9,9999,9,99999,9,9,9,999999,9,9,9,9999,9,9999,9,99999,9,False,
99999903948,35.25,-97.46667,360.3,2005-03-17 06:52:00,999,9,C,0,5,22000,5,9,N,11265,5,N,5,10,C,-20,C,99999,9,False,
99999903948,35.25,-97.46667,360.3,2005-03-17 07:52:00,999,9,C,0,5,22000,5,9,N,16093,5,N,5,0,C,-30,C,99999,9,False,
99999903948,35.25,-97.46667,360.3,2005-03-17 08:52:00,160,5,N,21,5,22000,5,9,N,11265,5,N,5,0,C,-30,C,99999,9,False,
99999903948,35.25,-97.46667,360.3,2005-03-17 09:52:00,999,9,C,0,5,22000,5,9,N,11265,5,N,5,-10,C,-30,C,99999,9,False,
99999903948,35.25,-97.46667,360.3,2005-03-17 10:52:00,180,5,N,21,5,22000,5,9,N,11265,5,N,5,-10,C,-30,C,99999,9,False,
99999903948,35.25,-97.46667,360.3,2005-03-17 11:52:00,180,5,N,21,5,22000,5,9,N,8047,5,N,5,-10,C,-20,C,99999,9,False,
99999903948,35.25,-97.46667,360.3,2005-03-17 12:52:00,180,5,N,26,5,22000,5,9,N,6437,5,N,5,-10,C,-20,C,99999,9,False,
99999903948,35.25,-97.46667,360.3,2005-03-17 13:52:00,190,5,N,31,5,22000,5,9,N,11265,5,N,5,30,C,10,C,99999,9,False,
99999903948,35.25,-97.46667,360.3,2005-03-17 14:52:00,210,5,N,51,5,22000,5,9,N,16093,5,N,5,80,C,30,C,99999,9,False,
99999903948,35.25,-97.46667,360.3,2005-03-17 15:51:00,220,5,N,77,5,22000,5,9,N,16093,5,N,5,110,C,20,C,99999,9,False,
99999903948,35.25,-97.46667,360.3,2005-03-17 16:51:00,190,5,N,98,5,22000,5,9,N,16093,5,N,5,120,C,-20,C,99999,9,False,
99999903948,35.25,-97.46667,360.3,2005-03-17 17:51:00,190,5,N,98,5,22000,5,9,N,16093,5,N,5,130,C,-20,C,99999,9,False,
99999903948,35.25,-97.46667,360.3,2005-03-17 18:51:00,180,5,N,93,5,22000,5,9,N,16093,5,N,5,140,C,-20,C,99999,9,False,
99999903948,35.25,-97.46667,360.3,2005-03-17 19:51:00,190,5,N,98,5,22000,5,9,N,16093,5,N,5,150,C,-20,C,99999,9,False,
99999903948,35.25,-97.46667,360.3,2005-03-17 20:51:00,180,5,N,77,5,22000,5,9,N,16093,5,N,5,170,C,-10,C,99999,9,False,
99999903948,35.25,-97.46667,360.3,2005-03-17 21:51:00,200,5,N,103,5,22000,5,9,N,16093,5,N,5,160,C,-20,C,99999,9,False,
99999903948,35.25,-97.46667,360.3,2005-03-17 22:51:00,190,5,N,67,5,22000,5,9,N,16093,5,N,5,160,C,-20,C,99999,9,False,
99999903948,35.25,-97.46667,360.3,2005-03-17 23:51:00,180,5,N,98,5,22000,5,9,N,16093,5,N,5,150,C,-20,C,99999,9,False,
99999903948,35.25,-97.46667,360.3,2005-03-18 00:51:00,180,5,N,67,5,22000,5,9,N,16093,5,N,5,130,C,-10,C,99999,9,False,
99999903948,35.25,-97.46667,360.3,2005-03-18 01:51:00,170,5,N,72,5,22000,5,9,N,16093,5,N,5,120,C,-20,C,99999,9,False,
99999903948,35.25,-97.46667,360.3,2005-03-18 02:51:00,160,5,N,72,5,22000,5,9,N,16093,5,N,5,110,C,-20,C,99999,9,False,
99999903948,35.25,-97.46667,360.3,2005-03-18 03:51:00,160,5,N,77,5,22000,5,9,N,16093,5,N,5,110,C,-30,C,99999,9,False,
99999903948,35.25,-97.46667,360.3,2005-03-18 04:51:00,170,5,N,77,5,22000,5,9,N,16093,5,N,5,100,C,-20,C,99999,9,False,
99999903948,35.25,-97.46667,360.3,2005-03-18 05:51:00,170,5,N,82,5,22000,5,9,N,16093,5,N,5,90,C,-10,C,99999,9,False,
99999903948,35.25,-97.46667,360.3,2005-03-18 05:59:00,999,9,9,9999,9,99999,9,9,9,999999,9,9,9,9999,9,9999,9,99999,9,False,
99999903948,35.25,-97.46667,360.3,2005-03-18 06:51:00,170,5,N,93,5,22000,5,9,N,16093,5,N,5,90,C,-10,C,99999,9,False,
99999903948,35.25,-97.46667,360.3,2005-03-18 07:51:00,170,5,N,77,5,22000,5,9,N,16093,5,N,5,90,C,0,C,99999,9,False,
99999903948,35.25,-97.46667,360.3,2005-03-18 08:51:00,170,5,N,103,5,22000,5,9,N,16093,5,N,5,100,C,0,C,99999,9,False,
99999903948,35.25,-97.46667,360.3,2005-03-18 09:51:00,170,5,N,77,5,22000,5,9,N,16093,5,N,5,100,C,0,C,99999,9,False,
99999903948,35.25,-97.46667,360.3,2005-03-18 10:51:00,170,5,N,77,5,22000,5,9,N,16093,5,N,5,90,C,10,C,99999,9,False,
99999903948,35.25,-97.46667,360.3,2005-03-18 11:51:00,180,5,N,88,5,22000,5,9,N,16093,5,N,5,90,C,10,C,99999,9,False,
99999903948,35.25,-97.46667,360.3,2005-03-18 12:51:00,180,5,N,72,5,22000,5,9,N,16093,5,N,5,80,C,10,C,99999,9,False,
99999903948,35.25,-97.46667,360.3,2005-03-18 13:51:00,190,5,N,82,5,22000,5,9,N,16093,5,N,5,110,C,10,C,99999,9,False,
99999903948,35.25,-97.46667,360.3,2005-03-18 14:51:00,190,5,N,72,5,22000,5,9,N,16093,5,N,5,130,C,20,C,99999,9,False,
99999903948,35.25,-97.46667,360.3,2005-03-18 15:51:00,200,5,N,62,5,22000,5,9,N,16093,5,N,5,160,C,20,C,99999,9,False,
99999903948,35.25,-97.46667,360.3,2005-03-18 16:51:00,210,5,N,26,5,22000,5,9,N,16093,5,N,5,180,C,20,C,99999,9,False,
99999903948,35.25,-97.46667,360.3,2005-03-18 17:51:00,270,5,N,36,5,22000,5,9,N,16093,5,N,5,190,C,30,C,99999,9,False,
99999903948,35.25,-97.46667,360.3,2005-03-18 18:51:00,310,5,N,26,5,22000,5,9,N,16093,5,N,5,190,C,30,C,99999,9,False,
99999903948,35.25,-97.46667,360.3,2005-03-18 19:51:00,330,5,N,21,5,22000,5,9,N,16093,5,N,5,210,C,30,C,99999,9,False,
99999903948,35.25,-97.46667,360.3,2005-03-18 20:51:00,330,5,N,31,5,22000,5,9,N,16093,5,N,5,210,C,30,C,99999,9,False,
99999903948,35.25,-97.46667,360.3,2005-03-18 21:51:00,10,5,N,46,5,22000,5,9,N,16093,5,N,5,210,C,30,C,99999,9,False,
99999903948,35.25,-97.46667,360.3,2005-03-18 22:51:00,360,5,N,67,5,22000,5,9,N,16093,5,N,5,210,C,20,C,99999,9,False,
99999903948,35.25,-97.46667,360.3,2005-03-18 23:51:00,360,5,N,62,5,22000,5,9,N,16093,5,N,5,180,C,20,C,99999,9,False,
99999903948,35.25,-97.46667,360.3,2005-03-19 00:51:00,350,5,N,46,5,22000,5,9,N,16093,5,N,5,150,C,10,C,99999,9,False,
99999903948,35.25,-97.46667,360.3,2005-03-19 01:51:00,340,5,N,41,5,22000,5,9,N,16093,5,N,5,130,C,-10,C,99999,9,False,
99999903948,35.25,-97.46667,360.3,2005-03-19 02:51:00,360,5,N,26,5,22000,5,9,N,16093,5,N,5,110,C,-10,C,99999,9,False,
99999903948,35.25,-97.46667,360.3,2005-03-19 03:52:00,10,5,N,15,5,22000,5,9,N,16093,5,N,5,100,C,-10,C,99999,9,False,
99999903948,35.25,-97.46667,360.3,2005-03-19 04:51:00,360,5,N,36,5,22000,5,9,N,16093,5,N,5,90,C,-10,C,99999,9,False,
99999903948,35.25,-97.46667,360.3,2005-03-19 05:51:00,30,5,N,41,5,22000,5,9,N,16093,5,N,5,90,C,-10,C,99999,9,False,
99999903948,35.25,-97.46667,360.3,2005-03-19 06:51:00,20,5,N,36,5,22000,5,9,N,16093,5,N,5,80,C,-20,C,99999,9,False,
99999903948,35.25,-97.46667,360.3,2005-03-19 07:51:00,10,5,N,41,5,22000,5,9,N,16093,5,N,5,70,C,-10,C,99999,9,False,
99999903948,35.25,-97.46667,360.3,2005-03-19 08:51:00,20,5,N,36,5,22000,5,9,N,16093,5,N,5,60,C,-10,C,99999,9,False,
99999903948,35.25,-97.46667,360.3,2005-03-19 09:51:00,20,5,N,46,5,22000,5,9,N,16093,5,N,5,60,C,-10,C,99999,9,False,
99999903948,35.25,-97.46667,360.3,2005-03-19 10:51:00,20,5,N,46,5,22000,5,9,N,16093,5,N,5,40,C,-20,C,99999,9,False,
99999903948,35.25,-97.46667,360.3,2005-03-19 11:51:00,30,5,N,36,5,22000,5,9,N,16093,5,N,5,30,C,-20,C,99999,9,False,
99999903948,35.25,-97.46667,360.3,2005-03-19 12:51:00,20,5,N,41,5,22000,5,9,N,16093,5,N,5,20,C,-20,C,99999,9,False,
99999903948,35.25,-97.46667,360.3,2005-03-19 13:51:00,40,5,N,57,5,22000,5,9,N,16093,5,N,5,40,C,-20,C,99999,9,False,
99999903948,35.25,-97.46667,360.3,2005-03-19 14:51:00,40,5,N,46,5,22000,5,9,N,16093,5,N,5,70,C,-20,C,99999,9,False,
99999903948,35.25,-97.46667,360.3,2005-03-19 15:51:00,50,5,N,36,5,22000,5,9,N,16093,5,N,5,100,C,-10,C,99999,9,False,
99999903948,35.25,-97.46667,360.3,2005-03-19 16:31:00,50,5,N,51,5,22000,5,9,N,16093,5,N,5,110,C,-20,C,99999,9,False,
99999903948,35.25,-97.46667,360.3,2005-03-19 16:53:00,50,5,N,41,5,22000,5,9,N,16093,5,N,5,120,5,-20,5,99999,9,False,
99999903948,35.25,-97.46667,360.3,2005-03-19 17:51:00,130,5,N,21,5,22000,5,9,N,16093,5,N,5,140,C,-10,C,99999,9,False,
99999903948,35.25,-97.46667,360.3,2005-03-19 18:51:00,999,9,C,0,5,22000,5,9,N,16093,5,N,5,160,C,-20,C,99999,9,False,
99999903948,35.25,-97.46667,360.3,2005-03-19 19:51:00,80,5,N,31,5,22000,5,9,N,16093,5,N,5,170,C,-10,C,99999,9,False,
99999903948,35.25,-97.46667,360.3,2005-03-19 20:51:00,50,5,N,21,5,22000,5,9,N,16093,5,N,5,170,C,-10,C,99999,9,False,
99999903948,35.25,-97.46667,360.3,2005-03-19 21:51:00,70,5,N,15,5,22000,5,9,N,16093,5,N,5,180,C,-10,C,99999,9,False,
99999903948,35.25,-97.46667,360.3,2005-03-19 22:51:00,999,9,C,0,5,22000,5,9,N,16093,5,N,5,180,C,-20,C,99999,9,False,
99999903948,35.25,-97.46667,360.3,2005-03-19 23:51:00,100,5,N,41,5,22000,5,9,N,16093,5,N,5,160,C,-20,C,99999,9,False,
99999903948,35.25,-97.46667,360.3,2005-03-20 00:51:00,70,5,N,21,5,22000,5,9,N,16093,5,N,5,130,C,-30,C,99999,9,False,
99999903948,35.25,-97.46667,360.3,2005-03-20 01:11:00,80,5,N,15,5,22000,5,9,N,16093,5,N,5,120,5,-30,5,99999,9,False,
99999903948,35.25,-97.46667,360.3,2005-03-20 01:51:00,999,9,C,0,5,22000,5,9,N,16093,5,N,5,110,C,-30,C,99999,9,False,
99999903948,35.25,-97.46667,360.3,2005-03-20 02:51:00,999,9,C,0,5,22000,5,9,N,16093,5,N,5,90,C,-30,C,99999,9,False,
99999903948,35.25,-97.46667,360.3,2005-03-20 03:51:00,999,9,C,0,5,22000,5,9,N,16093,5,N,5,80,C,-20,C,99999,9,False,
99999903948,35.25,-97.46667,360.3,2005-03-20 04:51:00,80,5,N,21,5,22000,5,9,N,16093,5,N,5,70,C,-10,C,99999,9,False,
99999903948,35.25,-97.46667,360.3,2005-03-20 05:51:00,110,5,N,36,5,22000,5,9,N,16093,5,N,5,80,C,-10,C,99999,9,False,
99999903948,35.25,-97.46667,360.3,2005-03-20 06:51:00,90,5,N,21,5,22000,5,9,N,16093,5,N,5,70,C,-20,C,99999,9,False,
99999903948,35.25,-97.46667,360.3,2005-03-20 07:51:00,60,5,N,21,5,22000,5,9,N,16093,5,N,5,50,C,-20,C,99999,9,False,
99999903948,35.25,-97.46667,360.3,2005-03-20 08:51:00,80,5,N,21,5,22000,5,9,N,16093,5,N,5,70,C,-10,C,99999,9,False,
99999903948,35.25,-97.46667,360.3,2005-03-20 09:51:00,130,5,N,26,5,22000,5,9,N,16093,5,N,5,70,C,-10,C,99999,9,False,
99999903948,35.25,-97.46667,360.3,2005-03-20 10:51:00,110,5,N,15,5,22000,5,9,N,16093,5,N,5,60,C,-20,C,99999,9,False,
99999903948,35.25,-97.46667,360.3,2005-03-20 11:51:00,130,5,N,21,5,22000,5,9,N,16093,5,N,5,60,C,-10,C,99999,9,False,
99999903948,35.25,-97.46667,360.3,2005-03-20 12:51:00,120,5,N,21,5,22000,5,9,N,16093,5,N,5,60,C,-10,C,99999,9,False,
99999903948,35.25,-97.46667,360.3,2005-03-20 13:52:00,130,5,N,21,5,22000,5,9,N,16093,5,N,5,90,C,0,C,99999,9,False,
99999903948,35.25,-97.46667,360.3,2005-03-20 14:51:00,150,5,N,36,5,22000,5,9,N,16093,5,N,5,130,C,20,C,99999,9,False,
99999903948,35.25,-97.46667,360.3,2005-03-20 15:52:00,160,5,N,51,5,22000,5,9,N,16093,5,N,5,170,C,60,C,99999,9,False,
99999903948,35.25,-97.46667,360.3,2005-03-20 16:51:00,160,5,N,62,5,22000,5,9,N,16093,5,N,5,190,C,70,C,99999,9,False,
99999903948,35.25,-97.46667,360.3,2005-03-20 17:53:00,150,5,N,46,5,22000,5,9,N,16093,5,N,5,210,C,80,C,99999,9,False,
99999903948,35.25,-97.46667,360.3,2005-03-20 18:51:00,180,5,N,67,5,22000,5,9,N,16093,5,N,5,220,C,70,C,99999,9,False,
99999903948,35.25,-97.46667,360.3,2005-03-20 19:51:00,150,5,N,62,5,22000,5,9,N,16093,5,N,5,220,C,70,C,99999,9,False,
99999903948,35.25,-97.46667,360.3,2005-03-20 20:54:00,170,5,N,57,5,22000,5,9,N,16093,5,N,5,230,C,70,C,99999,9,False,
99999903948,35.25,-97.46667,360.3,2005-03-20 21:53:00,150,5,N,72,5,22000,5,9,N,16093,5,N,5,230,C,70,C,99999,9,False,
99999903948,35.25,-97.46667,360.3,2005-03-20 22:51:00,160,5,N,93,5,22000,5,9,N,16093,5,N,5,220,C,70,C,99999,9,False,
99999903948,35.25,-97.46667,360.3,2005-03-20 23:31:00,170,5,N,77,5,22000,5,9,N,16093,5,N,5,220,C,70,C,99999,9,False,
99999903948,35.25,-97.46667,360.3,2005-03-20 23:51:00,150,5,N,77,5,22000,5,9,N,16093,5,N,5,210,5,70,5,99999,9,False,
99999903948,35.25,-97.46667,360.3,2005-03-21 00:51:00,140,5,N,67,5,22000,5,9,N,16093,5,N,5,190,C,80,C,99999,9,False,
99999903948,35.25,-97.46667,360.3,2005-03-21 01:53:00,130,5,N,62,5,2743,5,M,N,16093,5,N,5,190,C,80,C,99999,9,False,
99999903948,35.25,-97.46667,360.3,2005-03-21 02:51:00,130,5,N,88,5,2743,5,M,N,16093,5,N,5,170,C,90,C,99999,9,False,
99999903948,35.25,-97.46667,360.3,2005-03-21 03:51:00,140,5,N,72,5,22000,5,9,N,16093,5,N,5,160,C,100,C,99999,9,False,
99999903948,35.25,-97.46667,360.3,2005-03-21 04:51:00,140,5,N,72,5,22000,5,9,N,16093,5,N,5,160,C,110,C,99999,9,False,
99999903948,35.25,-97.46667,360.3,2005-03-21 05:51:00,150,5,N,67,5,762,5,M,N,16093,5,N,5,140,C,120,C,99999,9,False,
99999903948,35.25,-97.46667,360.3,2005-03-21 05:59:00,999,9,9,9999,9,99999,9,9,9,999999,9,9,9,9999,9,9999,9,99999,9,False,
99999903948,35.25,-97.46667,360.3,2005-03-21 06:51:00,150,5,N,98,5,3048,5,M,N,16093,5,N,5,9999,9,9999,9,99999,9,False,
99999903948,35.25,-97.46667,360.3,2005-03-21 07:51:00,140,5,N,77,5,22000,5,9,N,16093,5,N,5,130,C,120,C,99999,9,False,
99999903948,35.25,-97.46667,360.3,2005-03-21 08:51:00,140,5,N,57,5,22000,5,9,N,16093,5,N,5,130,C,120,C,99999,9,False,
99999903948,35.25,-97.46667,360.3,2005-03-21 09:51:00,130,5,N,72,5,457,5,M,N,16093,5,N,5,130,C,120,C,99999,9,False,
99999903948,35.25,-97.46667,360.3,2005-03-21 10:53:00,140,5,N,57,5,274,5,M,N,16093,5,N,5,120,C,100,C,99999,9,False,
99999903948,35.25,-97.46667,360.3,2005-03-21 11:51:00,140,5,N,72,5,274,5,M,N,16093,5,N,5,9999,9,9999,9,99999,9,False,
99999903948,35.25,-97.46667,360.3,2005-03-21 12:55:00,140,5,N,72,5,274,5,M,N,16093,5,N,5,120,C,120,C,99999,9,False,
99999903948,35.25,-97.46667,360.3,2005-03-21 13:53:00,140,5,N,57,5,274,5,M,N,16093,5,N,5,120,C,110,C,99999,9,False,
99999903948,35.25,-97.46667,360.3,2005-03-21 14:51:00,130,5,N,57,5,274,5,M,N,16093,5,N,5,120,C,110,C,99999,9,False,
99999903948,35.25,-97.46667,360.3,2005-03-21 15:52:00,130,5,N,82,5,274,5,M,N,16093,5,N,5,130,C,120,C,99999,9,False,
99999903948,35.25,-97.46667,360.3,2005-03-21 16:51:00,130,5,N,82,5,274,5,M,N,16093,5,N,5,150,C,140,C,99999,9,False,
99999903948,35.25,-97.46667,360.3,2005-03-21 17:51:00,130,5,N,88,5,1524,5,M,N,16093,5,N,5,170,C,130,C,99999,9,False,
99999903948,35.25,-97.46667,360.3,2005-03-21 18:51:00,200,5,N,93,5,22000,5,9,N,16093,5,N,5,210,C,60,C,99999,9,False,
99999903948,35.25,-97.46667,360.3,2005-03-21 19:51:00,190,5,N,103,5,22000,5,9,N,16093,5,N,5,230,C,30,C,99999,9,False,
99999903948,35.25,-97.46667,360.3,2005-03-21 20:51:00,220,5,N,93,5,22000,5,9,N,16093,5,N,5,220,C,20,C,99999,9,False,
99999903948,35.25,-97.46667,360.3,2005-03-21 21:52:00,200,5,N,72,5,2743,5,M,N,16093,5,N,5,210,C,20,C,99999,9,False,
99999903948,35.25,-97.46667,360.3,2005-03-21 22:51:00,210,5,N,51,5,2743,5,M,N,16093,5,N,5,210,C,30,C,99999,9,False,
99999903948,35.25,-97.46667,360.3,2005-03-21 23:52:00,250,5,N,41,5,2743,5,M,N,16093,5,N,5,200,C,60,C,99999,9,False,
99999903948,35.25,-97.46667,360.3,2005-03-22 00:51:00,260,5,N,57,5,3353,5,M,N,16093,5,N,5,9999,9,9999,9,99999,9,False,
99999903948,35.25,-97.46667,360.3,2005-03-22 01:52:00,270,5,N,62,5,22000,5,9,N,16093,5,N,5,160,C,70,C,99999,9,False,
99999903948,35.25,-97.46667,360.3,2005-03-22 02:51:00,999,9,9,9999,9,22000,5,9,N,16093,5,N,5,150,C,70,C,99999,9,False,
99999903948,35.25,-97.46667,360.3,2005-03-22 03:52:00,270,5,N,36,5,22000,5,9,N,16093,5,N,5,130,C,70,C,99999,9,False,
99999903948,35.25,-97.46667,360.3,2005-03-22 04:52:00,250,5,N,31,5,22000,5,9,N,16093,5,N,5,110,C,70,C,99999,9,False,
99999903948,35.25,-97.46667,360.3,2005-03-22 05:52:00,250,5,N,26,5,22000,5,9,N,16093,5,N,5,110,C,60,C,99999,9,False,
99999903948,35.25,-97.46667,360.3,2005-03-22 05:59:00,999,9,9,9999,9,99999,9,9,9,999999,9,9,9,9999,9,9999,9,99999,9,False,
99999903948,35.25,-97.46667,360.3,2005-03-22 06:51:00,250,5,N,36,5,1494,5,M,N,16093,5,N,5,110,C,60,C,99999,9,False,
99999903948,35.25,-97.46667,360.3,2005-03-22 07:52:00,240,5,N,26,5,884,5,M,N,16093,5,N,5,90,C,50,C,99999,9,False,
99999903948,35.25,-97.46667,360.3,2005-03-22 08:52:00,250,5,N,31,5,701,5,M,N,16093,5,N,5,90,C,50,C,99999,9,False,
99999903948,35.25,-97.46667,360.3,2005-03-22 09:52:00,250,5,N,41,5,518,5,M,N,16093,5,N,5,90,C,60,C,99999,9,False,
99999903948,35.25,-97.46667,360.3,2005-03-22 10:51:00,240,5,N,41,5,366,5,M,N,16093,5,N,5,90,C,70,C,99999,9,False,
99999903948,35.25,-97.46667,360.3,2005-03-22 11:52:00,260,5,N,41,5,488,5,M,N,16093,5,N,5,90,C,70,C,99999,9,False,
99999903948,35.25,-97.46667,360.3,2005-03-22 12:52:00,270,5,N,36,5,244,5,M,N,16093,5,N,5,100,C,80,C,99999,9,False,
99999903948,35.25,-97.46667,360.3,2005-03-22 14:51:00,330,5,N,62,5,99999,9,9,N,11265,5,N,5,100,C,80,C,99999,9,False,
99999903948,35.25,-97.46667,360.3,2005-03-22 15:53:00,330,5,N,93,5,213,5,M,N,11265,5,N,5,90,C,70,C,99999,9,False,
99999903948,35.25,-97.46667,360.3,2005-03-22 16:54:00,320,5,N,77,5,274,5,M,N,11265,5,N,5,80,C,70,C,99999,9,False,
99999903948,35.25,-97.46667,360.3,2005-03-22 17:51:00,320,5,N,88,5,335,5,M,N,11265,5,N,5,80,C,60,C,99999,9,False,
99999903948,35.25,-97.46667,360.3,2005-03-22 18:53:00,330,5,N,88,5,396,5,M,N,16093,5,N,5,80,C,60,C,99999,9,False,
99999903948,35.25,-97.46667,360.3,2005-03-22 19:53:00,320,5,N,93,5,579,5,M,N,16093,5,N,5,80,C,60,C,99999,9,False,
99999903948,35.25,-97.46667,360.3,2005-03-22 20:52:00,330,5,N,93,5,457,5,M,N,16093,5,N,5,80,C,60,C,99999,9,False,
99999903948,35.25,-97.46667,360.3,2005-03-22 21:52:00,330,5,N,82,5,518,5,M,N,16093,5,N,5,80,C,50,C,99999,9,False,
99999903948,35.25,-97.46667,360.3,2005-03-22 22:52:00,330,5,N,67,5,518,5,M,N,16093,5,N,5,70,C,40,C,99999,9,False,
99999903948,35.25,-97.46667,360.3,2005-03-22 23:52:00,330,5,N,88,5,640,5,M,N,16093,5,N,5,70,C,30,C,99999,9,False,
99999903948,35.25,-97.46667,360.3,2005-03-23 00:52:00,340,5,N,88,5,701,5,M,N,16093,5,N,5,70,C,30,C,99999,9,False,
99999903948,35.25,-97.46667,360.3,2005-03-23 01:52:00,320,5,N,57,5,762,5,M,N,16093,5,N,5,70,C,30,C,99999,9,False,
99999903948,35.25,-97.46667,360.3,2005-03-23 02:53:00,340,5,N,72,5,732,5,M,N,16093,5,N,5,70,C,30,C,99999,9,False,
99999903948,35.25,-97.46667,360.3,2005-03-23 03:52:00,340,5,N,51,5,640,5,M,N,16093,5,N,5,70,C,20,C,99999,9,False,
99999903948,35.25,-97.46667,360.3,2005-03-23 04:52:00,350,5,N,67,5,579,5,M,N,16093,5,N,5,60,C,20,C,99999,9,False,
99999903948,35.25,-97.46667,360.3,2005-03-23 05:52:00,330,5,N,57,5,579,5,M,N,16093,5,N,5,60,C,20,C,99999,9,False,
99999903948,35.25,-97.46667,360.3,2005-03-23 05:59:00,999,9,9,9999,9,99999,9,9,9,999999,9,9,9,9999,9,9999,9,99999,9,False,
99999903948,35.25,-97.46667,360.3,2005-03-23 06:51:00,350,5,N,77,5,518,5,M,N,16093,5,N,5,60,C,20,C,99999,9,False,
99999903948,35.25,-97.46667,360.3,2005-03-23 07:52:00,340,5,N,67,5,518,5,M,N,16093,5,N,5,50,C,20,C,99999,9,False,
99999903948,35.25,-97.46667,360.3,2005-03-23 08:52:00,350,5,N,46,5,457,5,M,N,16093,5,N,5,50,C,20,C,99999,9,False,
99999903948,35.25,-97.46667,360.3,2005-03-23 09:52:00,360,5,N,46,5,457,5,M,N,16093,5,N,5,50,C,20,C,99999,9,False,
99999903948,35.25,-97.46667,360.3,2005-03-23 10:52:00,360,5,N,57,5,457,5,M,N,16093,5,N,5,40,C,10,C,99999,9,False,
99999903948,35.25,-97.46667,360.3,2005-03-23 11:52:00,340,5,N,41,5,457,5,M,N,16093,5,N,5,40,C,10,C,99999,9,False,
99999903948,35.25,-97.46667,360.3,2005-03-23 12:51:00,20,5,N,31,5,396,5,M,N,16093,5,N,5,40,C,10,C,99999,9,False,
99999903948,35.25,-97.46667,360.3,2005-03-23 13:53:00,20,5,N,62,5,396,5,M,N,11265,5,N,5,40,C,10,C,99999,9,False,
99999903948,35.25,-97.46667,360.3,2005-03-23 14:52:00,20,5,N,36,5,457,5,M,N,16093,5,N,5,50,C,10,C,99999,9,False,
99999903948,35.25,-97.46667,360.3,2005-03-23 15:52:00,10,5,N,15,5,518,5,M,N,16093,5,N,5,60,C,10,C,99999,9,False,
99999903948,35.25,-97.46667,360.3,2005-03-23 16:57:00,10,5,N,31,5,579,5,M,N,16093,5,N,5,70,C,20,C,99999,9,False,
99999903948,35.25,-97.46667,360.3,2005-03-23 17:51:00,110,5,N,21,5,640,5,M,N,16093,5,N,5,90,C,30,C,99999,9,False,
99999903948,35.25,-97.46667,360.3,2005-03-23 18:52:00,130,5,N,15,5,22000,5,9,N,16093,5,N,5,110,C,30,C,99999,9,False,
99999903948,35.25,-97.46667,360.3,2005-03-23 19:52:00,120,5,N,21,5,22000,5,9,N,16093,5,N,5,130,C,30,C,99999,9,False,
99999903948,35.25,-97.46667,360.3,2005-03-23 20:51:00,130,5,N,31,5,22000,5,9,N,16093,5,N,5,140,C,30,C,99999,9,False,
99999903948,35.25,-97.46667,360.3,2005-03-23 21:52:00,150,5,N,31,5,22000,5,9,N,16093,5,N,5,160,C,40,C,99999,9,False,
99999903948,35.25,-97.46667,360.3,2005-03-23 22:52:00,110,5,N,57,5,22000,5,9,N,16093,5,N,5,140,C,30,C,99999,9,False,
99999903948,35.25,-97.46667,360.3,2005-03-23 23:52:00,110,5,N,51,5,22000,5,9,N,16093,5,N,5,120,C,30,C,99999,9,False,
99999903948,35.25,-97.46667,360.3,2005-03-24 00:53:00,130,5,N,36,5,22000,5,9,N,16093,5,N,5,110,C,30,C,99999,9,False,
99999903948,35.25,-97.46667,360.3,2005-03-24 01:53:00,120,5,N,46,5,22000,5,9,N,16093,5,N,5,100,C,30,C,99999,9,False,
99999903948,35.25,-97.46667,360.3,2005-03-24 02:51:00,130,5,N,36,5,99999,9,9,N,16093,5,N,5,90,C,30,C,99999,9,False,
99999903948,35.25,-97.46667,360.3,2005-03-24 03:52:00,120,5,N,36,5,22000,5,9,N,16093,5,N,5,80,C,30,C,99999,9,False,
99999903948,35.25,-97.46667,360.3,2005-03-24 04:52:00,130,5,N,51,5,22000,5,9,N,16093,5,N,5,80,C,30,C,99999,9,False,
99999903948,35.25,-97.46667,360.3,2005-03-24 05:52:00,130,5,N,41,5,22000,5,9,N,16093,5,N,5,70,C,30,C,99999,9,False,
99999903948,35.25,-97.46667,360.3,2005-03-24 06:52:00,130,5,N,41,5,22000,5,9,N,16093,5,N,5,70,C,30,C,99999,9,False,
99999903948,35.25,-97.46667,360.3,2005-03-24 07:52:00,140,5,N,46,5,22000,5,9,N,16093,5,N,5,70,C,30,C,99999,9,False,
99999903948,35.25,-97.46667,360.3,2005-03-24 08:52:00,160,5,N,57,5,22000,5,9,N,16093,5,N,5,80,C,40,C,99999,9,False,
99999903948,35.25,-97.46667,360.3,2005-03-24 09:52:00,160,5,N,51,5,22000,5,9,N,16093,5,N,5,80,C,40,C,99999,9,False,
99999903948,35.25,-97.46667,360.3,2005-03-24 10:52:00,170,5,N,67,5,22000,5,9,N,16093,5,N,5,100,C,60,C,99999,9,False,
99999903948,35.25,-97.46667,360.3,2005-03-24 11:52:00,160,5,N,93,5,22000,5,9,N,16093,5,N,5,110,C,60,C,99999,9,False,
99999903948,35.25,-97.46667,360.3,2005-03-24 12:52:00,170,5,N,82,5,22000,5,9,N,16093,5,N,5,110,C,60,C,99999,9,False,
99999903948,35.25,-97.46667,360.3,2005-03-24 13:55:00,170,5,N,118,5,22000,5,9,N,16093,5,N,5,120,C,60,C,99999,9,False,
99999903948,35.25,-97.46667,360.3,2005-03-24 14:53:00,170,5,N,118,5,22000,5,9,N,11265,5,N,5,120,C,70,C,99999,9,False,
99999903948,35.25,-97.46667,360.3,2005-03-24 15:53:00,180,5,N,103,5,22000,5,9,N,16093,5,N,5,140,C,80,C,99999,9,False,
99999903948,35.25,-97.46667,360.3,2005-03-24 16:52:00,180,5,N,98,5,22000,5,9,N,16093,5,N,5,170,C,80,C,99999,9,False,
99999903948,35.25,-97.46667,360.3,2005-03-24 17:31:00,200,5,N,93,5,22000,5,9,N,16093,5,N,5,190,C,90,C,99999,9,False,
99999903948,35.25,-97.46667,360.3,2005-03-24 18:51:00,200,5,N,88,5,22000,5,9,N,16093,5,N,5,210,C,100,C,99999,9,False,
99999903948,35.25,-97.46667,360.3,2005-03-24 19:51:00,220,5,N,82,5,22000,5,9,N,16093,5,N,5,220,C,100,C,99999,9,False,
99999903948,35.25,-97.46667,360.3,2005-03-24 20:53:00,210,5,N,57,5,22000,5,9,N,16093,5,N,5,230,C,90,C,99999,9,False,
99999903948,35.25,-97.46667,360.3,2005-03-24 21:51:00,200,5,N,57,5,22000,5,9,N,16093,5,N,5,240,C,80,C,99999,9,False,
99999903948,35.25,-97.46667,360.3,2005-03-24 22:51:00,250,5,N,51,5,22000,5,9,N,16093,5,N,5,250,C,50,C,99999,9,False,
99999903948,35.25,-97.46667,360.3,2005-03-24 23:53:00,220,5,N,46,5,22000,5,9,N,16093,5,N,5,240,C,40,C,99999,9,False,
99999903948,35.25,-97.46667,360.3,2005-03-25 00:54:00,999,9,C,0,5,22000,5,9,N,999999,9,N,5,200,C,30,C,99999,9,False,
99999903948,35.25,-97.46667,360.3,2005-03-25 01:31:00,270,5,N,26,5,3353,5,M,N,16093,5,N,5,190,C,30,C,99999,9,False,
99999903948,35.25,-97.46667,360.3,2005-03-25 02:51:00,340,5,N,51,5,22000,5,9,N,11265,5,N,5,130,C,80,C,99999,9,False,
99999903948,35.25,-97.46667,360.3,2005-03-25 03:51:00,350,5,N,46,5,22000,5,9,N,11265,5,N,5,120,C,70,C,99999,9,False,
99999903948,35.25,-97.46667,360.3,2005-03-25 04:51:00,360,5,N,46,5,22000,5,9,N,11265,5,N,5,110,C,70,C,99999,9,False,
99999903948,35.25,-97.46667,360.3,2005-03-25 05:51:00,360,5,N,62,5,22000,5,9,N,11265,5,N,5,90,C,60,C,99999,9,False,
99999903948,35.25,-97.46667,360.3,2005-03-25 06:51:00,360,5,N,26,5,22000,5,9,N,8047,5,N,5,80,C,50,C,99999,9,False,
99999903948,35.25,-97.46667,360.3,2005-03-25 07:51:00,350,5,N,46,5,396,5,M,N,8047,5,N,5,80,C,60,C,99999,9,False,
99999903948,35.25,-97.46667,360.3,2005-03-25 08:51:00,360,5,N,82,5,22000,5,9,N,8047,5,N,5,70,C,40,C,99999,9,False,
99999903948,35.25,-97.46667,360.3,2005-03-25 09:51:00,360,5,N,62,5,396,5,M,N,11265,5,N,5,60,C,40,C,99999,9,False,
99999903948,35.25,-97.46667,360.3,2005-03-25 10:51:00,360,5,N,51,5,335,5,M,N,11265,5,N,5,60,C,40,C,99999,9,False,
99999903948,35.25,-97.46667,360.3,2005-03-25 11:51:00,360,5,N,77,5,335,5,M,N,11265,5,N,5,70,C,40,C,99999,9,False,
99999903948,35.25,-97.46667,360.3,2005-03-25 12:53:00,360,5,N,41,5,396,5,M,N,16093,5,N,5,70,C,40,C,99999,9,False,
99999903948,35.25,-97.46667,360.3,2005-03-25 13:53:00,10,5,N,41,5,396,5,M,N,16093,5,N,5,80,C,50,C,99999,9,False,
99999903948,35.25,-97.46667,360.3,2005-03-25 14:51:00,10,5,N,77,5,518,5,M,N,16093,5,N,5,90,C,40,C,99999,9,False,
99999903948,35.25,-97.46667,360.3,2005-03-25 15:51:00,30,5,N,62,5,579,5,M,N,16093,5,N,5,90,C,40,C,99999,9,False,
99999903948,35.25,-97.46667,360.3,2005-03-25 16:53:00,10,5,N,46,5,701,5,M,N,16093,5,N,5,120,C,40,C,99999,9,False,
99999903948,35.25,-97.46667,360.3,2005-03-25 17:56:00,40,5,N,41,5,22000,5,9,N,16093,5,N,5,140,C,40,C,99999,9,False,
99999903948,35.25,-97.46667,360.3,2005-03-25 18:55:00,360,5,N,51,5,22000,5,9,N,16093,5,N,5,140,C,40,C,99999,9,False,
99999903948,35.25,-97.46667,360.3,2005-03-25 19:51:00,10,5,N,62,5,22000,5,9,N,16093,5,N,5,160,C,40,C,99999,9,False,
99999903948,35.25,-97.46667,360.3,2005-03-25 20:51:00,20,5,N,57,5,22000,5,9,N,16093,5,N,5,150,C,40,C,99999,9,False,
99999903948,35.25,-97.46667,360.3,2005-03-25 21:51:00,30,5,N,51,5,22000,5,9,N,16093,5,N,5,140,C,40,C,99999,9,False,
99999903948,35.25,-97.46667,360.3,2005-03-25 22:51:00,20,5,N,46,5,22000,5,9,N,16093,5,N,5,130,C,40,C,99999,9,False,
99999903948,35.25,-97.46667,360.3,2005-03-25 23:51:00,30,5,N,67,5,22000,5,9,N,16093,5,N,5,110,C,40,C,99999,9,False,
99999903948,35.25,-97.46667,360.3,2005-03-26 00:51:00,30,5,N,46,5,22000,5,9,N,16093,5,N,5,90,C,30,C,99999,9,False,
99999903948,35.25,-97.46667,360.3,2005-03-26 01:51:00,30,5,N,57,5,22000,5,9,N,16093,5,N,5,80,C,30,C,99999,9,False,
99999903948,35.25,-97.46667,360.3,2005-03-26 02:51:00,10,5,N,51,5,762,5,M,N,16093,5,N,5,80,C,30,C,99999,9,False,
99999903948,35.25,-97.46667,360.3,2005-03-26 03:51:00,20,5,N,41,5,22000,5,9,N,16093,5,N,5,70,C,30,C,99999,9,False,
99999903948,35.25,-97.46667,360.3,2005-03-26 04:51:00,20,5,N,36,5,22000,5,9,N,16093,5,N,5,70,C,30,C,99999,9,False,
99999903948,35.25,-97.46667,360.3,2005-03-26 05:51:00,40,5,N,36,5,823,5,M,N,16093,5,N,5,70,C,30,C,99999,9,False,
99999903948,35.25,-97.46667,360.3,2005-03-26 05:59:00,999,9,9,9999,9,99999,9,9,9,999999,9,9,9,9999,9,9999,9,99999,9,False,
99999903948,35.25,-97.46667,360.3,2005-03-26 06:51:00,20,5,N,36,5,823,5,M,N,16093,5,N,5,80,C,30,C,99999,9,False,
99999903948,35.25,-97.46667,360.3,2005-03-26 07:51:00,10,5,N,62,5,22000,5,9,N,16093,5,N,5,70,C,20,C,99999,9,False,
99999903948,35.25,-97.46667,360.3,2005-03-26 08:51:00,30,5,N,46,5,22000,5,9,N,16093,5,N,5,70,C,30,C,99999,9,False,
99999903948,35.25,-97.46667,360.3,2005-03-26 09:51:00,30,5,N,51,5,671,5,M,N,16093,5,N,5,70,C,30,C,99999,9,False,
99999903948,35.25,-97.46667,360.3,2005-03-26 10:51:00,30,5,N,62,5,671,5,M,N,16093,5,N,5,70,C,30,C,99999,9,False,
99999903948,35.25,-97.46667,360.3,2005-03-26 11:51:00,40,5,N,72,5,610,5,M,N,16093,5,N,5,60,C,20,C,99999,9,False,
99999903948,35.25,-97.46667,360.3,2005-03-26 12:51:00,40,5,N,57,5,610,5,M,N,16093,5,N,5,60,C,20,C,99999,9,False,
99999903948,35.25,-97.46667,360.3,2005-03-26 13:51:00,50,5,N,62,5,488,5,M,N,16093,5,N,5,60,C,20,C,99999,9,False,
99999903948,35.25,-97.46667,360.3,2005-03-26 14:51:00,60,5,N,57,5,488,5,M,N,16093,5,N,5,60,C,30,C,99999,9,False,
99999903948,35.25,-97.46667,360.3,2005-03-26 15:51:00,60,5,N,67,5,488,5,M,N,16093,5,N,5,60,C,30,C,99999,9,False,
99999903948,35.25,-97.46667,360.3,2005-03-26 16:51:00,40,5,N,67,5,427,5,M,N,16093,5,N,5,70,C,30,C,99999,9,False,
99999903948,35.25,-97.46667,360.3,2005-03-26 17:51:00,60,5,N,72,5,488,5,M,N,16093,5,N,5,80,C,30,C,99999,9,False,
99999903948,35.25,-97.46667,360.3,2005-03-26 18:51:00,40,5,N,72,5,488,5,M,N,16093,5,N,5,80,C,30,C,99999,9,False,
99999903948,35.25,-97.46667,360.3,2005-03-26 19:51:00,20,5,N,62,5,610,5,M,N,16093,5,N,5,80,C,30,C,99999,9,False,
99999903948,35.25,-97.46667,360.3,2005-03-26 20:53:00,50,5,N,67,5,610,5,M,N,16093,5,N,5,80,C,30,C,99999,9,False,
99999903948,35.25,-97.46667,360.3,2005-03-26 21:51:00,30,5,N,51,5,610,5,M,N,11265,5,N,5,80,C,30,C,99999,9,False,
99999903948,35.25,-97.46667,360.3,2005-03-26 22:51:00,20,5,N,82,5,610,5,M,N,16093,5,N,5,70,C,30,C,99999,9,False,
99999903948,35.25,-97.46667,360.3,2005-03-26 23:52:00,40,5,N,51,5,671,5,M,N,16093,5,N,5,80,C,30,C,99999,9,False,
99999903948,35.25,-97.46667,360.3,2005-03-27 00:51:00,30,5,N,51,5,792,5,M,N,16093,5,N,5,60,C,40,C,99999,9,False,
99999903948,35.25,-97.46667,360.3,2005-03-27 01:31:00,20,5,N,62,5,792,5,M,N,16093,5,N,5,70,5,30,5,99999,9,False,
99999903948,35.25,-97.46667,360.3,2005-03-27 01:51:00,10,5,N,67,5,792,5,M,N,16093,5,N,5,70,C,30,C,99999,9,False,
99999903948,35.25,-97.46667,360.3,2005-03-27 02:51:00,10,5,N,82,5,1006,5,M,N,16093,5,N,5,70,C,30,C,99999,9,False,
99999903948,35.25,-97.46667,360.3,2005-03-27 03:51:00,20,5,N,82,5,945,5,M,N,16093,5,N,5,70,C,20,C,99999,9,False,
99999903948,35.25,-97.46667,360.3,2005-03-27 04:51:00,360,5,N,46,5,22000,5,9,N,16093,5,N,5,60,C,20,C,99999,9,False,
99999903948,35.25,-97.46667,360.3,2005-03-27 05:51:00,20,5,N,57,5,3048,5,M,N,16093,5,N,5,60,C,20,C,99999,9,False,
99999903948,35.25,-97.46667,360.3,2005-03-27 05:59:00,999,9,9,9999,9,99999,9,9,9,999999,9,9,9,9999,9,9999,9,99999,9,False,
99999903948,35.25,-97.46667,360.3,2005-03-27 06:51:00,20,5,N,67,5,3353,5,M,N,16093,5,N,5,60,C,20,C,99999,9,False,
99999903948,35.25,-97.46667,360.3,2005-03-27 07:51:00,10,5,N,46,5,99999,9,9,N,16093,5,N,5,50,C,10,C,99999,9,False,
99999903948,35.25,-97.46667,360.3,2005-03-27 08:51:00,360,5,N,62,5,22000,5,9,N,16093,5,N,5,40,C,10,C,99999,9,False,
99999903948,35.25,-97.46667,360.3,2005-03-27 09:51:00,360,5,N,67,5,22000,5,9,N,16093,5,N,5,40,C,10,C,99999,9,False,
99999903948,35.25,-97.46667,360.3,2005-03-27 10:51:00,360,5,N,67,5,1128,5,M,N,16093,5,N,5,50,C,10,C,99999,9,False,
99999903948,35.25,-97.46667,360.3,2005-03-27 11:51:00,10,5,N,62,5,1250,5,M,N,16093,5,N,5,60,C,10,C,99999,9,False,
99999903948,35.25,-97.46667,360.3,2005-03-27 12:51:00,360,5,N,72,5,1250,5,M,N,16093,5,N,5,60,C,10,C,99999,9,False,
99999903948,35.25,-97.46667,360.3,2005-03-27 13:51:00,360,5,N,51,5,1250,5,M,N,16093,5,N,5,60,C,10,C,99999,9,False,
99999903948,35.25,-97.46667,360.3,2005-03-27 14:51:00,10,5,N,57,5,1250,5,M,N,16093,5,N,5,70,C,0,C,99999,9,False,
99999903948,35.25,-97.46667,360.3,2005-03-27 15:51:00,360,5,N,67,5,1189,5,M,N,16093,5,N,5,80,C,10,C,99999,9,False,
99999903948,35.25,-97.46667,360.3,2005-03-27 16:53:00,360,5,N,72,5,1158,5,M,N,16093,5,N,5,90,C,-10,C,99999,9,False,
99999903948,35.25,-97.46667,360.3,2005-03-27 17:51:00,360,5,N,93,5,1158,5,M,N,16093,5,N,5,9999,9,9999,9,99999,9,False,
99999903948,35.25,-97.46667,360.3,2005-03-27 18:51:00,340,5,N,62,5,22000,5,9,N,16093,5,N,5,130,C,0,C,99999,9,False,
99999903948,35.25,-97.46667,360.3,2005-03-27 19:51:00,350,5,N,72,5,22000,5,9,N,16093,5,N,5,130,C,0,C,99999,9,False,
99999903948,35.25,-97.46667,360.3,2005-03-27 20:51:00,340,5,N,51,5,99999,9,9,N,16093,5,N,5,140,C,10,C,99999,9,False,
99999903948,35.25,-97.46667,360.3,2005-03-27 21:51:00,320,5,N,62,5,22000,5,9,N,16093,5,N,5,140,C,10,C,99999,9,False,
99999903948,35.25,-97.46667,360.3,2005-03-27 22:51:00,350,5,N,41,5,22000,5,9,N,16093,5,N,5,140,C,9999,9,99999,9,False,
99999903948,35.25,-97.46667,360.3,2005-03-27 23:52:00,320,5,N,36,5,22000,5,9,N,16093,5,N,5,130,C,10,C,99999,9,False,
99999903948,35.25,-97.46667,360.3,2005-03-28 00:51:00,320,5,N,26,5,22000,5,9,N,16093,5,N,5,110,C,10,C,99999,9,False,
99999903948,35.25,-97.46667,360.3,2005-03-28 01:51:00,330,5,N,15,5,22000,5,9,N,16093,5,N,5,80,C,0,C,99999,9,False,
99999903948,35.25,-97.46667,360.3,2005-03-28 02:51:00,999,9,C,0,5,22000,5,9,N,16093,5,N,5,60,C,-10,C,99999,9,False,
99999903948,35.25,-97.46667,360.3,2005-03-28 03:51:00,240,5,N,15,5,22000,5,9,N,16093,5,N,5,60,C,-10,C,99999,9,False,
99999903948,35.25,-97.46667,360.3,2005-03-28 04:51:00,999,9,C,0,5,22000,5,9,N,16093,5,N,5,50,C,-10,C,99999,9,False,
99999903948,35.25,-97.46667,360.3,2005-03-28 05:51:00,240,5,N,15,5,22000,5,9,N,16093,5,N,5,40,C,-10,C,99999,9,False,
99999903948,35.25,-97.46667,360.3,2005-03-28 06:51:00,999,9,C,0,5,22000,5,9,N,16093,5,N,5,30,C,-20,C,99999,9,False,
99999903948,35.25,-97.46667,360.3,2005-03-28 07:51:00,999,9,C,0,5,22000,5,9,N,16093,5,N,5,20,C,-30,C,99999,9,False,
99999903948,35.25,-97.46667,360.3,2005-03-28 08:51:00,999,9,C,0,5,22000,5,9,N,11265,5,N,5,20,C,-20,C,99999,9,False,
99999903948,35.25,-97.46667,360.3,2005-03-28 09:51:00,210,5,N,15,5,22000,5,9,N,11265,5,N,5,9999,9,9999,9,99999,9,False,
99999903948,35.25,-97.46667,360.3,2005-03-28 10:51:00,200,5,N,15,5,22000,5,9,N,16093,5,N,5,20,C,-10,C,99999,9,False,
99999903948,35.25,-97.46667,360.3,2005-03-28 11:51:00,190,5,N,26,5,22000,5,9,N,16093,5,N,5,20,C,-10,C,99999,9,False,
99999903948,35.25,-97.46667,360.3,2005-03-28 12:51:00,190,5,N,26,5,22000,5,9,N,11265,5,N,5,30,C,0,C,99999,9,False,
99999903948,35.25,-97.46667,360.3,2005-03-28 13:51:00,190,5,N,15,5,22000,5,9,N,16093,5,N,5,70,C,30,C,99999,9,False,
99999903948,35.25,-97.46667,360.3,2005-03-28 14:51:00,180,5,N,31,5,22000,5,9,N,16093,5,N,5,120,C,40,C,99999,9,False,
99999903948,35.25,-97.46667,360.3,2005-03-28 15:51:00,190,5,N,51,5,22000,5,9,N,16093,5,N,5,160,C,40,C,99999,9,False,
99999903948,35.25,-97.46667,360.3,2005-03-28 16:51:00,180,5,N,67,5,22000,5,9,N,16093,5,N,5,190,C,40,C,99999,9,False,
99999903948,35.25,-97.46667,360.3,2005-03-28 17:51:00,180,5,N,57,5,22000,5,9,N,16093,5,N,5,210,C,30,C,99999,9,False,
99999903948,35.25,-97.46667,360.3,2005-03-28 18:51:00,200,5,N,77,5,22000,5,9,N,16093,5,N,5,230,C,30,C,99999,9,False,
99999903948,35.25,-97.46667,360.3,2005-03-28 19:52:00,180,5,N,98,5,22000,5,9,N,16093,5,N,5,240,C,30,C,99999,9,False,
99999903948,35.25,-97.46667,360.3,2005-03-28 20:51:00,210,5,N,72,5,22000,5,9,N,16093,5,N,5,260,C,30,C,99999,9,False,
99999903948,35.25,-97.46667,360.3,2005-03-28 21:51:00,180,5,N,98,5,22000,5,9,N,16093,5,N,5,260,C,30,C,99999,9,False,
99999903948,35.25,-97.46667,360.3,2005-03-28 22:53:00,190,5,N,72,5,22000,5,9,N,16093,5,N,5,260,C,30,C,99999,9,False,
99999903948,35.25,-97.46667,360.3,2005-03-28 23:51:00,190,5,N,51,5,22000,5,9,N,16093,5,N,5,240,C,30,C,99999,9,False,
99999903948,35.25,-97.46667,360.3,2005-03-29 00:51:00,180,5,N,46,5,22000,5,9,N,16093,5,N,5,220,C,40,C,99999,9,False,
99999903948,35.25,-97.46667,360.3,2005-03-29 01:51:00,160,5,N,51,5,22000,5,9,N,16093,5,N,5,190,C,50,C,99999,9,False,
99999903948,35.25,-97.46667,360.3,2005-03-29 02:51:00,160,5,N,51,5,22000,5,9,N,16093,5,N,5,190,C,60,C,99999,9,False,
99999903948,35.25,-97.46667,360.3,2005-03-29 03:51:00,170,5,N,67,5,22000,5,9,N,16093,5,N,5,180,C,70,C,99999,9,False,
99999903948,35.25,-97.46667,360.3,2005-03-29 04:51:00,170,5,N,77,5,22000,5,9,N,16093,5,N,5,170,C,80,C,99999,9,False,
99999903948,35.25,-97.46667,360.3,2005-03-29 05:51:00,170,5,N,62,5,22000,5,9,N,16093,5,N,5,160,C,80,C,99999,9,False,
99999903948,35.25,-97.46667,360.3,2005-03-29 06:51:00,180,5,N,62,5,22000,5,9,N,16093,5,N,5,170,C,70,C,99999,9,False,
99999903948,35.25,-97.46667,360.3,2005-03-29 07:51:00,180,5,N,67,5,22000,5,9,N,16093,5,N,5,160,C,70,C,99999,9,False,
99999903948,35.25,-97.46667,360.3,2005-03-29 08:51:00,180,5,N,62,5,99999,9,9,N,16093,5,N,5,160,C,70,C,99999,9,False,
99999903948,35.25,-97.46667,360.3,2005-03-29 09:52:00,180,5,N,77,5,22000,5,9,N,16093,5,N,5,150,C,60,C,99999,9,False,
99999903948,35.25,-97.46667,360.3,2005-03-29 10:51:00,180,5,N,62,5,99999,9,9,N,16093,5,N,5,140,C,70,C,99999,9,False,
99999903948,35.25,-97.46667,360.3,2005-03-29 11:51:00,180,5,N,77,5,22000,5,9,N,16093,5,N,5,150,C,70,C,99999,9,False,
99999903948,35.25,-97.46667,360.3,2005-03-29 12:52:00,180,5,N,82,5,22000,5,9,N,16093,5,N,5,140,C,70,C,99999,9,False,
99999903948,35.25,-97.46667,360.3,2005-03-29 13:52:00,190,5,N,88,5,22000,5,9,N,16093,5,N,5,150,C,80,C,99999,9,False,
99999903948,35.25,-97.46667,360.3,2005-03-29 14:51:00,190,5,N,88,5,22000,5,9,N,16093,5,N,5,170,C,80,C,99999,9,False,
99999903948,35.25,-97.46667,360.3,2005-03-29 15:52:00,190,5,N,98,5,22000,5,9,N,16093,5,N,5,190,C,80,C,99999,9,False,
99999903948,35.25,-97.46667,360.3,2005-03-29 16:53:00,190,5,N,93,5,22000,5,9,N,16093,5,N,5,210,C,80,C,99999,9,False,
99999903948,35.25,-97.46667,360.3,2005-03-29 17:52:00,200,5,N,103,5,22000,5,9,N,16093,5,N,5,230,C,80,C,99999,9,False,
99999903948,35.25,-97.46667,360.3,2005-03-29 18:51:00,180,5,N,93,5,22000,5,9,N,16093,5,N,5,240,C,90,C,99999,9,False,
99999903948,35.25,-97.46667,360.3,2005-03-29 19:52:00,170,5,N,108,5,22000,5,9,N,16093,5,N,5,230,C,110,C,99999,9,False,
99999903948,35.25,-97.46667,360.3,2005-03-29 20:57:00,190,5,N,113,5,22000,5,9,N,16093,5,N,5,230,C,120,C,99999,9,False,
99999903948,35.25,-97.46667,360.3,2005-03-29 21:52:00,170,5,N,98,5,22000,5,9,N,16093,5,N,5,220,C,130,C,99999,9,False,
99999903948,35.25,-97.46667,360.3,2005-03-29 22:53:00,170,5,N,108,5,22000,5,9,N,16093,5,N,5,210,C,130,C,99999,9,False,
99999903948,35.25,-97.46667,360.3,2005-03-29 23:53:00,170,5,N,124,5,22000,5,9,N,11265,5,N,5,210,C,140,C,99999,9,False,
99999903948,35.25,-97.46667,360.3,2005-03-30 00:52:00,160,5,N,93,5,22000,5,9,N,16093,5,N,5,190,C,140,C,99999,9,False,
99999903948,35.25,-97.46667,360.3,2005-03-30 01:52:00,180,5,N,93,5,22000,5,9,N,16093,5,N,5,180,C,140,C,99999,9,False,
99999903948,35.25,-97.46667,360.3,2005-03-30 02:51:00,170,5,N,88,5,22000,5,9,N,16093,5,N,5,180,C,140,C,99999,9,False,
99999903948,35.25,-97.46667,360.3,2005-03-30 03:52:00,200,5,N,62,5,22000,5,9,N,16093,5,N,5,180,C,140,C,99999,9,False,
99999903948,35.25,-97.46667,360.3,2005-03-30 04:52:00,190,5,N,62,5,22000,5,9,N,16093,5,N,5,180,C,140,C,99999,9,False,
99999903948,35.25,-97.46667,360.3,2005-03-30 05:52:00,200,5,N,77,5,22000,5,9,N,16093,5,N,5,170,C,140,C,99999,9,False,
99999903948,35.25,-97.46667,360.3,2005-03-30 06:52:00,200,5,N,77,5,22000,5,9,N,16093,5,N,5,170,C,130,C,99999,9,False,
99999903948,35.25,-97.46667,360.3,2005-03-30 07:52:00,210,5,N,72,5,22000,5,9,N,16093,5,N,5,160,C,100,C,99999,9,False,
99999903948,35.25,-97.46667,360.3,2005-03-30 08:52:00,230,5,N,62,5,22000,5,9,N,16093,5,N,5,160,C,60,C,99999,9,False,
99999903948,35.25,-97.46667,360.3,2005-03-30 09:52:00,240,5,N,62,5,22000,5,9,N,16093,5,N,5,140,C,20,C,99999,9,False,
99999903948,35.25,-97.46667,360.3,2005-03-30 10:52:00,240,5,N,57,5,22000,5,9,N,16093,5,N,5,130,C,20,C,99999,9,False,
99999903948,35.25,-97.46667,360.3,2005-03-30 11:52:00,250,5,N,67,5,22000,5,9,N,16093,5,N,5,120,C,30,C,99999,9,False,
99999903948,35.25,-97.46667,360.3,2005-03-30 12:52:00,240,5,N,62,5,22000,5,9,N,16093,5,N,5,120,C,40,C,99999,9,False,
99999903948,35.25,-97.46667,360.3,2005-03-30 13:52:00,270,5,N,67,5,22000,5,9,N,16093,5,N,5,140,C,50,C,99999,9,False,
99999903948,35.25,-97.46667,360.3,2005-03-30 14:52:00,290,5,N,67,5,22000,5,9,N,16093,5,N,5,160,C,60,C,99999,9,False,
99999903948,35.25,-97.46667,360.3,2005-03-30 15:53:00,300,5,N,88,5,22000,5,9,N,16093,5,N,5,170,C,50,C,99999,9,False,
99999903948,35.25,-97.46667,360.3,2005-03-30 16:53:00,300,5,N,77,5,22000,5,9,N,16093,5,N,5,190,C,50,C,99999,9,False,
99999903948,35.25,-97.46667,360.3,2005-03-30 17:52:00,310,5,N,62,5,22000,5,9,N,16093,5,N,5,210,C,40,C,99999,9,False,
99999903948,35.25,-97.46667,360.3,2005-03-30 18:54:00,340,5,N,82,5,22000,5,9,N,16093,5,N,5,220,C,30,C,99999,9,False,
99999903948,35.25,-97.46667,360.3,2005-03-30 19:56:00,270,5,N,36,5,22000,5,9,N,16093,5,N,5,220,C,20,C,99999,9,False,
99999903948,35.25,-97.46667,360.3,2005-03-30 20:53:00,340,5,N,26,5,22000,5,9,N,16093,5,N,5,230,C,30,C,99999,9,False,
99999903948,35.25,-97.46667,360.3,2005-03-30 21:52:00,40,5,N,21,5,22000,5,9,N,16093,5,N,5,230,C,30,C,99999,9,False,
99999903948,35.25,-97.46667,360.3,2005-03-30 22:51:00,30,5,N,31,5,22000,5,9,N,16093,5,N,5,230,C,30,C,99999,9,False,
99999903948,35.25,-97.46667,360.3,2005-03-30 23:51:00,10,5,N,21,5,22000,5,9,N,16093,5,N,5,220,C,30,C,99999,9,False,
99999903948,35.25,-97.46667,360.3,2005-03-31 00:51:00,50,5,N,26,5,22000,5,9,N,16093,5,N,5,180,C,20,C,99999,9,False,
99999903948,35.25,-97.46667,360.3,2005-03-31 01:51:00,70,5,N,31,5,22000,5,9,N,16093,5,N,5,150,C,20,C,99999,9,False,
99999903948,35.25,-97.46667,360.3,2005-03-31 02:51:00,70,5,N,36,5,22000,5,9,N,16093,5,N,5,140,C,20,C,99999,9,False,
99999903948,35.25,-97.46667,360.3,2005-03-31 03:51:00,80,5,N,41,5,22000,5,9,N,16093,5,N,5,140,C,20,C,99999,9,False,
99999903948,35.25,-97.46667,360.3,2005-03-31 04:51:00,350,5,N,36,5,22000,5,9,N,16093,5,N,5,140,C,20,C,99999,9,False,
99999903948,35.25,-97.46667,360.3,2005-03-31 05:51:00,100,5,N,62,5,22000,5,9,N,16093,5,N,5,130,C,20,C,99999,9,False,
99999903948,35.25,-97.46667,360.3,2005-03-31 06:51:00,110,5,N,62,5,22000,5,9,N,16093,5,N,5,120,C,30,C,99999,9,False,
99999903948,35.25,-97.46667,360.3,2005-03-31 07:51:00,100,5,N,57,5,22000,5,9,N,16093,5,N,5,120,C,30,C,99999,9,False,
99999903948,35.25,-97.46667,360.3,2005-03-31 08:51:00,90,5,N,46,5,22000,5,9,N,16093,5,N,5,110,C,30,C,99999,9,False,
99999903948,35.25,-97.46667,360.3,2005-03-31 09:51:00,70,5,N,31,5,22000,5,9,N,16093,5,N,5,100,C,20,C,99999,9,False,
99999903948,35.25,-97.46667,360.3,2005-03-31 10:51:00,70,5,N,31,5,22000,5,9,N,16093,5,N,5,90,C,20,C,99999,9,False,
99999903948,35.25,-97.46667,360.3,2005-03-31 11:51:00,40,5,N,21,5,22000,5,9,N,16093,5,N,5,100,C,20,C,99999,9,False,
99999903948,35.25,-97.46667,360.3,2005-03-31 12:51:00,80,5,N,41,5,22000,5,9,N,16093,5,N,5,110,C,20,C,99999,9,False,
99999903948,35.25,-97.46667,360.3,2005-03-31 13:56:00,70,5,N,31,5,22000,5,9,N,16093,5,N,5,120,C,20,C,99999,9,False,
99999903948,35.25,-97.46667,360.3,2005-03-31 14:53:00,130,5,N,72,5,22000,5,9,N,16093,5,N,5,140,C,10,C,99999,9,False,
99999903948,35.25,-97.46667,360.3,2005-03-31 15:51:00,110,5,N,98,5,22000,5,9,N,16093,5,N,5,180,C,-10,C,99999,9,False,
99999903948,35.25,-97.46667,360.3,2005-03-31 16:51:00,100,5,N,72,5,22000,5,9,N,16093,5,N,5,200,C,-10,C,99999,9,False,
99999903948,35.25,-97.46667,360.3,2005-03-31 17:53:00,130,5,N,62,5,22000,5,9,N,11265,5,N,5,210,C,30,C,99999,9,False,
99999903948,35.25,-97.46667,360.3,2005-03-31 18:53:00,140,5,N,72,5,22000,5,9,N,16093,5,N,5,220,C,40,C,99999,9,False,
99999903948,35.25,-97.46667,360.3,2005-03-31 19:51:00,150,5,N,57,5,22000,5,9,N,16093,5,N,5,220,C,40,C,99999,9,False,
99999903948,35.25,-97.46667,360.3,2005-03-31 20:51:00,130,5,N,51,5,22000,5,9,N,16093,5,N,5,210,C,40,C,99999,9,False,
99999903948,35.25,-97.46667,360.3,2005-03-31 21:51:00,120,5,N,46,5,22000,5,9,N,16093,5,N,5,210,C,40,C,99999,9,False,
99999903948,35.25,-97.46667,360.3,2005-03-31 22:53:00,180,5,N,67,5,22000,5,9,N,16093,5,N,5,210,C,10,C,99999,9,False,
99999903948,35.25,-97.46667,360.3,2005-03-31 23:51:00,150,5,N,62,5,22000,5,9,N,16093,5,N,5,210,C,-10,C,99999,9,False,
99999903948,35.25,-97.46667,360.3,2005-04-01 00:51:00,50,5,N,98,5,22000,5,9,N,16093,5,N,5,170,C,30,C,99999,9,False,
99999903948,35.25,-97.46667,360.3,2005-04-01 01:51:00,10,5,N,82,5,2743,5,M,N,16093,5,N,5,140,C,40,C,99999,9,False,
99999903948,35.25,-97.46667,360.3,2005-04-01 02:51:00,20,5,N,72,5,22000,5,9,N,16093,5,N,5,120,C,30,C,99999,9,False,
99999903948,35.25,-97.46667,360.3,2005-04-01 03:51:00,20,5,N,88,5,22000,5,9,N,16093,5,N,5,120,C,10,C,99999,9,False,
99999903948,35.25,-97.46667,360.3,2005-04-01 04:54:00,20,5,N,88,5,1524,5,M,N,16093,5,N,5,110,C,20,C,99999,9,False,
99999903948,35.25,-97.46667,360.3,2005-04-01 05:51:00,10,5,N,113,5,22000,5,9,N,16093,5,N,5,80,C,60,C,99999,9,False,
99999903948,35.25,-97.46667,360.3,2005-04-01 05:59:00,999,9,9,9999,9,99999,9,9,9,999999,9,9,9,9999,9,9999,9,99999,9,False,
99999903948,35.25,-97.46667,360.3,2005-04-01 06:51:00,360,5,N,67,5,22000,5,9,N,16093,5,N,5,80,C,60,C,99999,9,False,
99999903948,35.25,-97.46667,360.3,2005-04-01 07:52:00,20,5,N,67,5,1402,5,M,N,16093,5,N,5,80,C,60,C,99999,9,False,
99999903948,35.25,-97.46667,360.3,2005-04-01 08:52:00,20,5,N,88,5,1829,5,M,N,16093,5,N,5,80,C,70,C,99999,9,False,
99999903948,35.25,-97.46667,360.3,2005-04-01 09:52:00,10,5,N,51,5,1219,5,M,N,16093,5,N,5,80,C,70,C,99999,9,False,
99999903948,35.25,-97.46667,360.3,2005-04-01 10:51:00,10,5,N,57,5,3048,5,M,N,16093,5,N,5,80,C,70,C,99999,9,False,
99999903948,35.25,-97.46667,360.3,2005-04-01 11:53:00,340,5,N,41,5,22000,5,9,N,16093,5,N,5,70,C,50,C,99999,9,False,
99999903948,35.25,-97.46667,360.3,2005-04-01 12:51:00,320,5,N,26,5,22000,5,9,N,16093,5,N,5,60,C,40,C,99999,9,False,
99999903948,35.25,-97.46667,360.3,2005-04-01 13:52:00,350,5,N,67,5,22000,5,9,N,16093,5,N,5,90,C,70,C,99999,9,False,
99999903948,35.25,-97.46667,360.3,2005-04-01 14:52:00,360,5,N,62,5,22000,5,9,N,16093,5,N,5,110,C,80,C,99999,9,False,
99999903948,35.25,-97.46667,360.3,2005-04-01 15:52:00,360,5,N,72,5,22000,5,9,N,16093,5,N,5,120,C,80,C,99999,9,False,
99999903948,35.25,-97.46667,360.3,2005-04-01 16:52:00,350,5,N,77,5,22000,5,9,N,16093,5,N,5,140,C,50,C,99999,9,False,
99999903948,35.25,-97.46667,360.3,2005-04-01 17:52:00,340,5,N,88,5,22000,5,9,N,16093,5,N,5,160,C,40,C,99999,9,False,
99999903948,35.25,-97.46667,360.3,2005-04-01 18:53:00,360,5,N,98,5,1829,5,M,N,16093,5,N,5,160,C,10,C,99999,9,False,
99999903948,35.25,-97.46667,360.3,2005-04-01 19:51:00,330,5,N,93,5,22000,5,9,N,16093,5,N,5,170,C,-10,C,99999,9,False,
99999903948,35.25,-97.46667,360.3,2005-04-01 20:52:00,350,5,N,77,5,22000,5,9,N,16093,5,N,5,180,C,-10,C,99999,9,False,
99999903948,35.25,-97.46667,360.3,2005-04-01 21:51:00,330,5,N,67,5,22000,5,9,N,16093,5,N,5,170,C,-30,C,99999,9,False,
99999903948,35.25,-97.46667,360.3,2005-04-01 22:51:00,350,5,N,88,5,22000,5,9,N,16093,5,N,5,170,C,-40,C,99999,9,False,
99999903948,35.25,-97.46667,360.3,2005-04-01 23:51:00,340,5,N,62,5,99999,9,9,N,16093,5,N,5,160,C,-30,C,99999,9,False,
99999903948,35.25,-97.46667,360.3,2005-04-02 00:52:00,350,5,N,57,5,22000,5,9,N,16093,5,N,5,130,C,-40,C,99999,9,False,
99999903948,35.25,-97.46667,360.3,2005-04-02 01:51:00,340,5,N,31,5,22000,5,9,N,16093,5,N,5,90,C,-30,C,99999,9,False,
99999903948,35.25,-97.46667,360.3,2005-04-02 02:51:00,290,5,N,21,5,22000,5,9,N,16093,5,N,5,80,C,-40,C,99999,9,False,
99999903948,35.25,-97.46667,360.3,2005-04-02 03:51:00,280,5,N,15,5,22000,5,9,N,16093,5,N,5,60,C,-40,C,99999,9,False,
99999903948,35.25,-97.46667,360.3,2005-04-02 04:51:00,999,9,C,0,5,22000,5,9,N,16093,5,N,5,60,C,-30,C,99999,9,False,
99999903948,35.25,-97.46667,360.3,2005-04-02 05:51:00,999,9,C,0,5,22000,5,9,N,16093,5,N,5,9999,9,9999,9,99999,9,False,
99999903948,35.25,-97.46667,360.3,2005-04-02 05:59:00,999,9,9,9999,9,99999,9,9,9,999999,9,9,9,9999,9,9999,9,99999,9,False,
99999903948,35.25,-97.46667,360.3,2005-04-02 06:51:00,230,5,N,15,5,22000,5,9,N,16093,5,N,5,40,C,-20,C,99999,9,False,
99999903948,35.25,-97.46667,360.3,2005-04-02 07:51:00,999,9,C,0,5,22000,5,9,N,16093,5,N,5,30,C,-30,C,99999,9,False,
99999903948,35.25,-97.46667,360.3,2005-04-02 08:51:00,240,5,N,15,5,22000,5,9,N,16093,5,N,5,30,C,-30,C,99999,9,False,
99999903948,35.25,-97.46667,360.3,2005-04-02 09:51:00,999,9,C,0,5,22000,5,9,N,16093,5,N,5,30,C,-30,C,99999,9,False,
99999903948,35.25,-97.46667,360.3,2005-04-02 10:51:00,999,9,C,0,5,22000,5,9,N,16093,5,N,5,30,C,-30,C,99999,9,False,
99999903948,35.25,-97.46667,360.3,2005-04-02 11:51:00,220,5,N,21,5,22000,5,9,N,16093,5,N,5,20,C,-30,C,99999,9,False,
99999903948,35.25,-97.46667,360.3,2005-04-02 12:51:00,210,5,N,21,5,22000,5,9,N,16093,5,N,5,50,C,-20,C,99999,9,False,
99999903948,35.25,-97.46667,360.3,2005-04-02 13:51:00,210,5,N,36,5,22000,5,9,N,16093,5,N,5,100,C,0,C,99999,9,False,
99999903948,35.25,-97.46667,360.3,2005-04-02 14:51:00,210,5,N,46,5,22000,5,9,N,16093,5,N,5,140,C,-20,C,99999,9,False,
99999903948,35.25,-97.46667,360.3,2005-04-02 15:51:00,210,5,N,51,5,22000,5,9,N,16093,5,N,5,180,C,-20,C,99999,9,False,
99999903948,35.25,-97.46667,360.3,2005-04-02 16:51:00,200,5,N,41,5,22000,5,9,N,16093,5,N,5,210,C,-10,C,99999,9,False,
99999903948,35.25,-97.46667,360.3,2005-04-02 17:51:00,220,5,N,31,5,22000,5,9,N,16093,5,N,5,230,C,-10,C,99999,9,False,
99999903948,35.25,-97.46667,360.3,2005-04-02 18:51:00,260,5,N,26,5,22000,5,9,N,16093,5,N,5,240,C,-10,C,99999,9,False,
99999903948,35.25,-97.46667,360.3,2005-04-02 19:51:00,220,5,N,41,5,22000,5,9,N,16093,5,N,5,250,C,-30,C,99999,9,False,
99999903948,35.25,-97.46667,360.3,2005-04-02 20:53:00,230,5,N,21,5,22000,5,9,N,16093,5,N,5,260,C,-20,C,99999,9,False,
99999903948,35.25,-97.46667,360.3,2005-04-02 21:51:00,230,5,N,62,5,22000,5,9,N,16093,5,N,5,260,C,-20,C,99999,9,False,
99999903948,35.25,-97.46667,360.3,2005-04-02 22:51:00,210,5,N,51,5,22000,5,9,N,16093,5,N,5,250,C,-20,C,99999,9,False,
99999903948,35.25,-97.46667,360.3,2005-04-02 23:51:00,210,5,N,46,5,22000,5,9,N,16093,5,N,5,240,C,-30,C,99999,9,False,
99999903948,35.25,-97.46667,360.3,2005-04-03 00:51:00,200,5,N,41,5,22000,5,9,N,16093,5,N,5,210,C,-10,C,99999,9,False,
99999903948,35.25,-97.46667,360.3,2005-04-03 01:51:00,190,5,N,31,5,22000,5,9,N,16093,5,N,5,170,C,-10,C,99999,9,False,
99999903948,35.25,-97.46667,360.3,2005-04-03 02:51:00,190,5,N,31,5,22000,5,9,N,16093,5,N,5,160,C,-10,C,99999,9,False,
99999903948,35.25,-97.46667,360.3,2005-04-03 03:51:00,180,5,N,36,5,22000,5,9,N,16093,5,N,5,140,C,-10,C,99999,9,False,
99999903948,35.25,-97.46667,360.3,2005-04-03 04:51:00,180,5,N,31,5,22000,5,9,N,16093,5,N,5,140,C,-10,C,99999,9,False,
99999903948,35.25,-97.46667,360.3,2005-04-03 05:51:00,180,5,N,41,5,22000,5,9,N,16093,5,N,5,130,C,-10,C,99999,9,False,
99999903948,35.25,-97.46667,360.3,2005-04-03 06:51:00,180,5,N,36,5,22000,5,9,N,16093,5,N,5,120,C,0,C,99999,9,False,
99999903948,35.25,-97.46667,360.3,2005-04-03 07:51:00,190,5,N,36,5,22000,5,9,N,16093,5,N,5,110,C,10,C,99999,9,False,
99999903948,35.25,-97.46667,360.3,2005-04-03 08:51:00,180,5,N,41,5,22000,5,9,N,16093,5,N,5,110,C,10,C,99999,9,False,
99999903948,35.25,-97.46667,360.3,2005-04-03 09:51:00,28,5,N,41,5,22000,5,9,N,16093,5,N,5,100,C,10,C,99999,9,False,
99999903948,35.25,-97.46667,360.3,2005-04-03 10:51:00,190,5,N,36,5,22000,5,9,N,16093,5,N,5,90,C,0,C,99999,9,False,
99999903948,35.25,-97.46667,360.3,2005-04-03 11:53:00,190,5,N,46,5,22000,5,9,N,16093,5,N,5,90,C,20,C,99999,9,False,
99999903948,35.25,-97.46667,360.3,2005-04-03 12:51:00,200,5,N,57,5,22000,5,9,N,16093,5,N,5,110,C,20,C,99999,9,False,
99999903948,35.25,-97.46667,360.3,2005-04-03 13:51:00,210,5,N,51,5,22000,5,9,N,16093,5,N,5,140,C,20,C,99999,9,False,
99999903948,35.25,-97.46667,360.3,2005-04-03 14:51:00,210,5,N,46,5,22000,5,9,N,16093,5,N,5,170,C,20,C,99999,9,False,
99999903948,35.25,-97.46667,360.3,2005-04-03 15:51:00,210,5,N,77,5,22000,5,9,N,16093,5,N,5,190,C,20,C,99999,9,False,
99999903948,35.25,-97.46667,360.3,2005-04-03 16:51:00,220,5,N,77,5,22000,5,9,N,16093,5,N,5,220,C,20,C,99999,9,False,
99999903948,35.25,-97.46667,360.3,2005-04-03 17:51:00,220,5,N,67,5,22000,5,9,N,16093,5,N,5,230,C,10,C,99999,9,False,
99999903948,35.25,-97.46667,360.3,2005-04-03 18:51:00,200,5,N,88,5,22000,5,9,N,16093,5,N,5,250,C,10,C,99999,9,False,
99999903948,35.25,-97.46667,360.3,2005-04-03 19:53:00,210,5,N,88,5,22000,5,9,N,16093,5,N,5,260,C,10,C,99999,9,False,
99999903948,35.25,-97.46667,360.3,2005-04-03 20:51:00,180,5,N,103,5,22000,5,9,N,16093,5,N,5,260,C,10,C,99999,9,False,
99999903948,35.25,-97.46667,360.3,2005-04-03 21:52:00,180,5,N,93,5,22000,5,9,N,16093,5,N,5,260,C,10,C,99999,9,False,
99999903948,35.25,-97.46667,360.3,2005-04-03 22:52:00,190,5,N,88,5,22000,5,9,N,16093,5,N,5,260,C,-10,C,99999,9,False,
99999903948,35.25,-97.46667,360.3,2005-04-03 23:52:00,190,5,N,72,5,22000,5,9,N,16093,5,N,5,240,C,0,C,99999,9,False,
99999903948,35.25,-97.46667,360.3,2005-04-04 00:51:00,180,5,N,62,5,22000,5,9,N,16093,5,N,5,220,C,20,C,99999,9,False,
99999903948,35.25,-97.46667,360.3,2005-04-04 01:51:00,170,5,N,82,5,22000,5,9,N,16093,5,N,5,210,C,20,C,99999,9,False,
99999903948,35.25,-97.46667,360.3,2005-04-04 02:51:00,170,5,N,62,5,22000,5,9,N,16093,5,N,5,190,C,20,C,99999,9,False,
99999903948,35.25,-97.46667,360.3,2005-04-04 03:51:00,180,5,N,72,5,22000,5,9,N,16093,5,N,5,190,C,20,C,99999,9,False,
99999903948,35.25,-97.46667,360.3,2005-04-04 04:51:00,180,5,N,77,5,22000,5,9,N,16093,5,N,5,180,C,30,C,99999,9,False,
99999903948,35.25,-97.46667,360.3,2005-04-04 05:52:00,190,5,N,93,5,22000,5,9,N,16093,5,N,5,170,C,40,C,99999,9,False,
99999903948,35.25,-97.46667,360.3,2005-04-04 06:52:00,190,5,N,77,5,22000,5,9,N,16093,5,N,5,170,C,50,C,99999,9,False,
99999903948,35.25,-97.46667,360.3,2005-04-04 07:52:00,190,5,N,67,5,22000,5,9,N,16093,5,N,5,170,C,60,C,99999,9,False,
99999903948,35.25,-97.46667,360.3,2005-04-04 08:51:00,180,5,N,67,5,22000,5,9,N,16093,5,N,5,170,C,60,C,99999,9,False,
99999903948,35.25,-97.46667,360.3,2005-04-04 09:51:00,180,5,N,67,5,22000,5,9,N,16093,5,N,5,160,C,70,C,99999,9,False,
99999903948,35.25,-97.46667,360.3,2005-04-04 10:51:00,190,5,N,72,5,22000,5,9,N,16093,5,N,5,160,C,80,C,99999,9,False,
99999903948,35.25,-97.46667,360.3,2005-04-04 11:52:00,180,5,N,77,5,22000,5,9,N,16093,5,N,5,140,C,80,C,99999,9,False,
99999903948,35.25,-97.46667,360.3,2005-04-04 12:53:00,190,5,N,62,5,22000,5,9,N,16093,5,N,5,140,C,100,C,99999,9,False,
99999903948,35.25,-97.46667,360.3,2005-04-04 13:53:00,190,5,N,113,5,22000,5,9,N,16093,5,N,5,160,C,110,C,99999,9,False,
99999903948,35.25,-97.46667,360.3,2005-04-04 14:52:00,190,5,N,98,5,22000,5,9,N,16093,5,N,5,180,C,120,C,99999,9,False,
99999903948,35.25,-97.46667,360.3,2005-04-04 15:51:00,190,5,N,113,5,99999,9,9,N,16093,5,N,5,200,C,120,C,99999,9,False,
99999903948,35.25,-97.46667,360.3,2005-04-04 16:55:00,190,5,N,103,5,22000,5,9,N,16093,5,N,5,220,C,120,C,99999,9,False,
99999903948,35.25,-97.46667,360.3,2005-04-04 17:52:00,200,5,N,82,5,22000,5,9,N,16093,5,N,5,220,C,120,C,99999,9,False,
99999903948,35.25,-97.46667,360.3,2005-04-04 18:53:00,200,5,N,93,5,22000,5,9,N,16093,5,N,5,230,C,120,C,99999,9,False,
99999903948,35.25,-97.46667,360.3,2005-04-04 19:51:00,190,5,N,88,5,22000,5,9,N,16093,5,N,5,240,C,120,C,99999,9,False,
99999903948,35.25,-97.46667,360.3,2005-04-04 20:51:00,180,5,N,98,5,22000,5,9,N,16093,5,N,5,260,C,130,C,99999,9,False,
99999903948,35.25,-97.46667,360.3,2005-04-04 21:53:00,180,5,N,103,5,22000,5,9,N,16093,5,N,5,260,C,130,C,99999,9,False,
99999903948,35.25,-97.46667,360.3,2005-04-04 22:51:00,180,5,N,108,5,22000,5,9,N,16093,5,N,5,240,C,120,C,99999,9,False,
99999903948,35.25,-97.46667,360.3,2005-04-04 23:52:00,170,5,N,93,5,22000,5,9,N,16093,5,N,5,230,C,130,C,99999,9,False,
99999903948,35.25,-97.46667,360.3,2005-04-05 00:51:00,170,5,N,77,5,22000,5,9,N,16093,5,N,5,220,C,130,C,99999,9,False,
99999903948,35.25,-97.46667,360.3,2005-04-05 01:52:00,170,5,N,88,5,22000,5,9,N,16093,5,N,5,210,C,130,C,99999,9,False,
99999903948,35.25,-97.46667,360.3,2005-04-05 02:52:00,180,5,N,93,5,22000,5,9,N,16093,5,N,5,210,C,130,C,99999,9,False,
99999903948,35.25,-97.46667,360.3,2005-04-05 03:52:00,170,5,N,113,5,22000,5,9,N,16093,5,N,5,190,C,140,C,99999,9,False,
99999903948,35.25,-97.46667,360.3,2005-04-05 04:52:00,170,5,N,88,5,22000,5,9,N,16093,5,N,5,190,C,140,C,99999,9,False,
99999903948,35.25,-97.46667,360.3,2005-04-05 05:52:00,170,5,N,82,5,22000,5,9,N,16093,5,N,5,190,C,140,C,99999,9,False,
99999903948,35.25,-97.46667,360.3,2005-04-05 06:52:00,180,5,N,103,5,22000,5,9,N,16093,5,N,5,180,C,140,C,99999,9,False,
99999903948,35.25,-97.46667,360.3,2005-04-05 07:52:00,180,5,N,88,5,22000,5,9,N,16093,5,N,5,180,C,140,C,99999,9,False,
99999903948,35.25,-97.46667,360.3,2005-04-05 08:52:00,170,5,N,88,5,22000,5,9,N,16093,5,N,5,170,C,140,C,99999,9,False,
99999903948,35.25,-97.46667,360.3,2005-04-05 09:52:00,180,5,N,88,5,640,5,M,N,16093,5,N,5,170,C,140,C,99999,9,False,
99999903948,35.25,-97.46667,360.3,2005-04-05 10:52:00,180,5,N,82,5,579,5,M,N,16093,5,N,5,180,C,140,C,99999,9,False,
99999903948,35.25,-97.46667,360.3,2005-04-05 11:52:00,180,5,N,98,5,22000,5,9,N,16093,5,N,5,170,C,140,C,99999,9,False,
99999903948,35.25,-97.46667,360.3,2005-04-05 12:51:00,180,5,N,93,5,22000,5,9,N,16093,5,N,5,170,C,140,C,99999,9,False,
99999903948,35.25,-97.46667,360.3,2005-04-05 13:52:00,180,5,N,77,5,22000,5,9,N,16093,5,N,5,180,C,140,C,99999,9,False,
99999903948,35.25,-97.46667,360.3,2005-04-05 14:52:00,190,5,N,113,5,792,5,M,N,16093,5,N,5,200,C,140,C,99999,9,False,
99999903948,35.25,-97.46667,360.3,2005-04-05 15:53:00,210,5,N,113,5,22000,5,9,N,16093,5,N,5,230,C,130,C,99999,9,False,
99999903948,35.25,-97.46667,360.3,2005-04-05 16:32:00,200,5,N,98,5,22000,5,9,N,16093,5,N,5,240,C,110,C,99999,9,False,
99999903948,35.25,-97.46667,360.3,2005-04-05 17:53:00,200,5,N,108,5,22000,5,9,N,16093,5,N,5,260,C,50,C,99999,9,False,
99999903948,35.25,-97.46667,360.3,2005-04-05 18:55:00,200,5,N,124,5,22000,5,9,N,16093,5,N,5,270,C,-20,C,99999,9,False,
99999903948,35.25,-97.46667,360.3,2005-04-05 19:53:00,220,5,N,134,5,22000,5,9,N,16093,5,N,5,270,C,-10,C,99999,9,False,
99999903948,35.25,-97.46667,360.3,2005-04-05 20:52:00,220,5,N,108,5,22000,5,9,N,16093,5,N,5,260,C,-30,C,99999,9,False,
99999903948,35.25,-97.46667,360.3,2005-04-05 21:56:00,220,5,N,124,5,22000,5,9,N,16093,5,N,5,260,C,-20,C,99999,9,False,
99999903948,35.25,-97.46667,360.3,2005-04-05 22:53:00,210,5,N,124,5,22000,5,9,N,16093,5,N,5,260,C,-10,C,99999,9,False,
99999903948,35.25,-97.46667,360.3,2005-04-05 23:52:00,230,5,N,108,5,22000,5,9,N,16093,5,N,5,240,C,10,C,99999,9,False,
99999903948,35.25,-97.46667,360.3,2005-04-06 00:53:00,240,5,N,57,5,3353,5,M,N,16093,5,N,5,210,C,40,C,99999,9,False,
99999903948,35.25,-97.46667,360.3,2005-04-06 01:52:00,250,5,N,57,5,22000,5,9,N,16093,5,N,5,190,C,60,C,99999,9,False,
99999903948,35.25,-97.46667,360.3,2005-04-06 02:52:00,190,5,N,31,5,2438,5,M,N,16093,5,N,5,180,C,60,C,99999,9,False,
99999903948,35.25,-97.46667,360.3,2005-04-06 03:52:00,190,5,N,36,5,3048,5,M,N,16093,5,N,5,180,C,70,C,99999,9,False,
99999903948,35.25,-97.46667,360.3,2005-04-06 04:52:00,280,5,N,26,5,22000,5,9,N,16093,5,N,5,150,C,80,C,99999,9,False,
99999903948,35.25,-97.46667,360.3,2005-04-06 05:52:00,260,5,N,36,5,22000,5,9,N,16093,5,N,5,140,C,70,C,99999,9,False,
99999903948,35.25,-97.46667,360.3,2005-04-06 06:52:00,280,5,N,36,5,22000,5,9,N,16093,5,N,5,120,C,70,C,99999,9,False,
99999903948,35.25,-97.46667,360.3,2005-04-06 07:52:00,280,5,N,21,5,22000,5,9,N,16093,5,N,5,110,C,70,C,99999,9,False,
99999903948,35.25,-97.46667,360.3,2005-04-06 08:52:00,290,5,N,36,5,22000,5,9,N,16093,5,N,5,110,C,70,C,99999,9,False,
99999903948,35.25,-97.46667,360.3,2005-04-06 09:52:00,280,5,N,36,5,22000,5,9,N,16093,5,N,5,120,C,90,C,99999,9,False,
99999903948,35.25,-97.46667,360.3,2005-04-06 10:52:00,290,5,N,26,5,22000,5,9,N,16093,5,N,5,110,C,80,C,99999,9,False,
99999903948,35.25,-97.46667,360.3,2005-04-06 11:53:00,310,5,N,36,5,1524,5,M,N,16093,5,N,5,120,C,90,C,99999,9,False,
99999903948,35.25,-97.46667,360.3,2005-04-06 12:52:00,340,5,N,51,5,396,5,M,N,16093,5,N,5,130,C,110,C,99999,9,False,
99999903948,35.25,-97.46667,360.3,2005-04-06 13:52:00,310,5,N,82,5,396,5,M,N,16093,5,N,5,150,C,110,C,99999,9,False,
99999903948,35.25,-97.46667,360.3,2005-04-06 14:52:00,330,5,N,67,5,396,5,M,N,11265,5,N,5,130,C,110,C,99999,9,False,
99999903948,35.25,-97.46667,360.3,2005-04-06 15:52:00,350,5,N,72,5,671,5,M,N,16093,5,N,5,130,C,120,C,99999,9,False,
99999903948,35.25,-97.46667,360.3,2005-04-06 16:52:00,350,5,N,77,5,1829,5,M,N,16093,5,N,5,160,C,140,C,99999,9,False,
99999903948,35.25,-97.46667,360.3,2005-04-06 17:55:00,320,5,N,77,5,1219,5,M,N,16093,5,N,5,160,C,120,C,99999,9,False,
99999903948,35.25,-97.46667,360.3,2005-04-06 18:53:00,330,5,N,77,5,914,5,M,N,16093,5,N,5,160,C,100,C,99999,9,False,
99999903948,35.25,-97.46667,360.3,2005-04-06 19:58:00,350,5,N,82,5,732,5,M,N,16093,5,N,5,170,C,110,C,99999,9,False,
99999903948,35.25,-97.46667,360.3,2005-04-06 20:52:00,340,5,N,82,5,792,5,M,N,11265,5,N,5,160,C,110,C,99999,9,False,
99999903948,35.25,-97.46667,360.3,2005-04-06 21:55:00,320,5,N,72,5,457,5,M,N,11265,5,N,5,140,C,120,C,99999,9,False,
99999903948,35.25,-97.46667,360.3,2005-04-06 22:52:00,330,5,N,98,5,488,5,M,N,16093,5,N,5,140,C,120,C,99999,9,False,
99999903948,35.25,-97.46667,360.3,2005-04-06 23:52:00,330,5,N,98,5,549,5,M,N,16093,5,N,5,140,C,110,C,99999,9,False,
99999903948,35.25,-97.46667,360.3,2005-04-07 00:52:00,330,5,N,108,5,549,5,M,N,16093,5,N,5,130,C,90,C,99999,9,False,
99999903948,35.25,-97.46667,360.3,2005-04-07 01:52:00,330,5,N,77,5,610,5,M,N,16093,5,N,5,130,C,100,C,99999,9,False,
99999903948,35.25,-97.46667,360.3,2005-04-07 02:53:00,350,5,N,93,5,610,5,M,N,16093,5,N,5,140,C,100,C,99999,9,False,
99999903948,35.25,-97.46667,360.3,2005-04-07 03:52:00,350,5,N,77,5,610,5,M,N,16093,5,N,5,130,C,100,C,99999,9,False,
99999903948,35.25,-97.46667,360.3,2005-04-07 04:52:00,340,5,N,51,5,610,5,M,N,11265,5,N,5,130,C,110,C,99999,9,False,
99999903948,35.25,-97.46667,360.3,2005-04-07 05:52:00,330,5,N,57,5,22000,5,9,N,16093,5,N,5,130,C,110,C,99999,9,False,
99999903948,35.25,-97.46667,360.3,2005-04-07 05:59:00,999,9,9,9999,9,99999,9,9,9,999999,9,9,9,9999,9,9999,9,99999,9,False,
99999903948,35.25,-97.46667,360.3,2005-04-07 06:52:00,340,5,N,72,5,22000,5,9,N,16093,5,N,5,130,C,110,C,99999,9,False,
99999903948,35.25,-97.46667,360.3,2005-04-07 07:52:00,350,5,N,72,5,640,5,M,N,16093,5,N,5,130,C,120,C,99999,9,False,
99999903948,35.25,-97.46667,360.3,2005-04-07 08:52:00,330,5,N,62,5,22000,5,9,N,16093,5,N,5,130,C,110,C,99999,9,False,
99999903948,35.25,-97.46667,360.3,2005-04-07 09:52:00,330,5,N,57,5,22000,5,9,N,16093,5,N,5,130,C,110,C,99999,9,False,
99999903948,35.25,-97.46667,360.3,2005-04-07 10:52:00,350,5,N,82,5,22000,5,9,N,16093,5,N,5,130,C,90,C,99999,9,False,
99999903948,35.25,-97.46667,360.3,2005-04-07 11:52:00,340,5,N,77,5,22000,5,9,N,16093,5,N,5,130,C,80,C,99999,9,False,
99999903948,35.25,-97.46667,360.3,2005-04-07 12:53:00,340,5,N,62,5,22000,5,9,N,16093,5,N,5,120,C,80,C,99999,9,False,
99999903948,35.25,-97.46667,360.3,2005-04-07 13:52:00,350,5,N,67,5,22000,5,9,N,16093,5,N,5,130,C,80,C,99999,9,False,
99999903948,35.25,-97.46667,360.3,2005-04-07 14:52:00,350,5,N,88,5,22000,5,9,N,16093,5,N,5,140,C,80,C,99999,9,False,
99999903948,35.25,-97.46667,360.3,2005-04-07 15:52:00,340,5,N,88,5,22000,5,9,N,16093,5,N,5,170,C,80,C,99999,9,False,
99999903948,35.25,-97.46667,360.3,2005-04-07 16:53:00,340,5,N,77,5,22000,5,9,N,16093,5,N,5,180,C,90,C,99999,9,False,
99999903948,35.25,-97.46667,360.3,2005-04-07 17:52:00,340,5,N,77,5,22000,5,9,N,16093,5,N,5,190,C,100,C,99999,9,False,
99999903948,35.25,-97.46667,360.3,2005-04-07 18:52:00,340,5,N,82,5,22000,5,9,N,16093,5,N,5,210,C,110,C,99999,9,False,
99999903948,35.25,-97.46667,360.3,2005-04-07 19:53:00,340,5,N,88,5,22000,5,9,N,16093,5,N,5,230,C,80,C,99999,9,False,
99999903948,35.25,-97.46667,360.3,2005-04-07 20:57:00,350,5,N,93,5,22000,5,9,N,16093,5,N,5,230,C,90,C,99999,9,False,
99999903948,35.25,-97.46667,360.3,2005-04-07 21:52:00,340,5,N,67,5,22000,5,9,N,16093,5,N,5,230,C,80,C,99999,9,False,
99999903948,35.25,-97.46667,360.3,2005-04-07 22:52:00,360,5,N,88,5,22000,5,9,N,16093,5,N,5,230,C,80,C,99999,9,False,
99999903948,35.25,-97.46667,360.3,2005-04-07 23:52:00,350,5,N,57,5,22000,5,9,N,16093,5,N,5,220,C,70,C,99999,9,False,
99999903948,35.25,-97.46667,360.3,2005-04-08 00:52:00,360,5,N,36,5,22000,5,9,N,16093,5,N,5,190,C,70,C,99999,9,False,
99999903948,35.25,-97.46667,360.3,2005-04-08 01:52:00,350,5,N,36,5,22000,5,9,N,16093,5,N,5,160,C,70,C,99999,9,False,
99999903948,35.25,-97.46667,360.3,2005-04-08 02:52:00,330,5,N,26,5,22000,5,9,N,16093,5,N,5,140,C,70,C,99999,9,False,
99999903948,35.25,-97.46667,360.3,2005-04-08 03:52:00,999,9,9,9999,9,22000,5,9,N,16093,5,N,5,120,C,60,C,99999,9,False,
99999903948,35.25,-97.46667,360.3,2005-04-08 04:52:00,290,5,N,21,5,22000,5,9,N,16093,5,N,5,110,C,50,C,99999,9,False,
99999903948,35.25,-97.46667,360.3,2005-04-08 05:52:00,290,5,N,31,5,22000,5,9,N,16093,5,N,5,110,C,60,C,99999,9,False,
99999903948,35.25,-97.46667,360.3,2005-04-08 06:12:00,300,5,N,26,5,22000,5,9,N,16093,5,N,5,110,5,70,5,99999,9,False,
99999903948,35.25,-97.46667,360.3,2005-04-08 06:52:00,999,9,C,0,5,22000,5,9,N,16093,5,N,5,90,C,40,C,99999,9,False,
99999903948,35.25,-97.46667,360.3,2005-04-08 07:52:00,999,9,C,0,5,22000,5,9,N,16093,5,N,5,90,C,60,C,99999,9,False,
99999903948,35.25,-97.46667,360.3,2005-04-08 08:52:00,270,5,N,21,5,22000,5,9,N,16093,5,N,5,80,C,40,C,99999,9,False,
99999903948,35.25,-97.46667,360.3,2005-04-08 09:52:00,999,9,C,0,5,22000,5,9,N,16093,5,N,5,60,C,30,C,99999,9,False,
99999903948,35.25,-97.46667,360.3,2005-04-08 10:51:00,999,9,C,0,5,22000,5,9,N,16093,5,N,5,60,C,30,C,99999,9,False,
99999903948,35.25,-97.46667,360.3,2005-04-08 11:52:00,999,9,C,0,5,22000,5,9,N,16093,5,N,5,60,C,30,C,99999,9,False,
99999903948,35.25,-97.46667,360.3,2005-04-08 12:52:00,999,9,C,0,5,22000,5,9,N,11265,5,N,5,80,C,60,C,99999,9,False,
99999903948,35.25,-97.46667,360.3,2005-04-08 13:53:00,120,5,N,36,5,91,5,M,N,2414,5,N,5,9999,9,9999,9,99999,9,False,
99999903948,35.25,-97.46667,360.3,2005-04-08 14:53:00,130,5,N,36,5,91,5,M,N,4023,5,N,5,130,C,110,C,99999,9,False,
99999903948,35.25,-97.46667,360.3,2005-04-08 15:52:00,140,5,N,36,5,22000,5,9,N,11265,5,N,5,160,C,120,C,99999,9,False,
99999903948,35.25,-97.46667,360.3,2005-04-08 16:52:00,140,5,N,26,5,22000,5,9,N,16093,5,N,5,210,C,120,C,99999,9,False,
99999903948,35.25,-97.46667,360.3,2005-04-08 17:52:00,140,5,N,41,5,22000,5,9,N,16093,5,N,5,220,C,100,C,99999,9,False,
99999903948,35.25,-97.46667,360.3,2005-04-08 18:53:00,190,5,N,46,5,22000,5,9,N,16093,5,N,5,230,C,90,C,99999,9,False,
99999903948,35.25,-97.46667,360.3,2005-04-08 19:52:00,160,5,N,36,5,22000,5,9,N,16093,5,N,5,230,C,90,C,99999,9,False,
99999903948,35.25,-97.46667,360.3,2005-04-08 20:52:00,150,5,N,36,5,22000,5,9,N,16093,5,N,5,230,C,90,C,99999,9,False,
99999903948,35.25,-97.46667,360.3,2005-04-08 21:52:00,170,5,N,46,5,22000,5,9,N,16093,5,N,5,240,C,80,C,99999,9,False,
99999903948,35.25,-97.46667,360.3,2005-04-08 22:52:00,170,5,N,41,5,22000,5,9,N,16093,5,N,5,240,C,80,C,99999,9,False,
99999903948,35.25,-97.46667,360.3,2005-04-08 23:52:00,170,5,N,72,5,22000,5,9,N,16093,5,N,5,230,C,80,C,99999,9,False,
99999903948,35.25,-97.46667,360.3,2005-04-09 00:52:00,170,5,N,36,5,22000,5,9,N,16093,5,N,5,210,C,90,C,99999,9,False,
99999903948,35.25,-97.46667,360.3,2005-04-09 01:52:00,170,5,N,36,5,22000,5,9,N,16093,5,N,5,190,C,90,C,99999,9,False,
99999903948,35.25,-97.46667,360.3,2005-04-09 02:52:00,160,5,N,51,5,22000,5,9,N,16093,5,N,5,190,C,100,C,99999,9,False,
99999903948,35.25,-97.46667,360.3,2005-04-09 03:52:00,170,5,N,51,5,22000,5,9,N,16093,5,N,5,180,C,100,C,99999,9,False,
99999903948,35.25,-97.46667,360.3,2005-04-09 04:52:00,160,5,N,51,5,22000,5,9,N,16093,5,N,5,180,C,110,C,99999,9,False,
99999903948,35.25,-97.46667,360.3,2005-04-09 05:52:00,170,5,N,67,5,22000,5,9,N,16093,5,N,5,170,C,110,C,99999,9,False,
99999903948,35.25,-97.46667,360.3,2005-04-09 05:59:00,999,9,9,9999,9,99999,9,9,9,999999,9,9,9,9999,9,9999,9,99999,9,False,
99999903948,35.25,-97.46667,360.3,2005-04-09 06:52:00,170,5,N,57,5,22000,5,9,N,16093,5,N,5,160,C,110,C,99999,9,False,
99999903948,35.25,-97.46667,360.3,2005-04-09 07:52:00,170,5,N,57,5,22000,5,9,N,16093,5,N,5,160,C,110,C,99999,9,False,
99999903948,35.25,-97.46667,360.3,2005-04-09 08:52:00,170,5,N,62,5,22000,5,9,N,16093,5,N,5,160,C,110,C,99999,9,False,
99999903948,35.25,-97.46667,360.3,2005-04-09 09:52:00,160,5,N,62,5,22000,5,9,N,16093,5,N,5,150,C,100,C,99999,9,False,
99999903948,35.25,-97.46667,360.3,2005-04-09 10:52:00,170,5,N,77,5,22000,5,9,N,16093,5,N,5,160,C,110,C,99999,9,False,
99999903948,35.25,-97.46667,360.3,2005-04-09 11:52:00,170,5,N,77,5,22000,5,9,N,16093,5,N,5,160,C,110,C,99999,9,False,
99999903948,35.25,-97.46667,360.3,2005-04-09 12:53:00,170,5,N,98,5,22000,5,9,N,16093,5,N,5,160,C,110,C,99999,9,False,
99999903948,35.25,-97.46667,360.3,2005-04-09 13:52:00,180,5,N,82,5,22000,5,9,N,16093,5,N,5,170,C,110,C,99999,9,False,
99999903948,35.25,-97.46667,360.3,2005-04-09 14:54:00,170,5,N,93,5,22000,5,9,N,16093,5,N,5,200,C,120,C,99999,9,False,
99999903948,35.25,-97.46667,360.3,2005-04-09 15:52:00,180,5,N,113,5,22000,5,9,N,16093,5,N,5,220,C,110,C,99999,9,False,
99999903948,35.25,-97.46667,360.3,2005-04-09 16:52:00,180,5,N,124,5,22000,5,9,N,16093,5,N,5,240,C,110,C,99999,9,False,
99999903948,35.25,-97.46667,360.3,2005-04-09 17:53:00,180,5,N,93,5,22000,5,9,N,16093,5,N,5,260,C,110,C,99999,9,False,
99999903948,35.25,-97.46667,360.3,2005-04-09 18:52:00,190,5,N,108,5,22000,5,9,N,16093,5,N,5,270,C,110,C,99999,9,False,
99999903948,35.25,-97.46667,360.3,2005-04-09 19:52:00,160,5,N,88,5,22000,5,9,N,16093,5,N,5,270,C,110,C,99999,9,False,
99999903948,35.25,-97.46667,360.3,2005-04-09 20:52:00,170,5,N,108,5,22000,5,9,N,16093,5,N,5,270,C,90,C,99999,9,False,
99999903948,35.25,-97.46667,360.3,2005-04-09 21:52:00,160,5,N,93,5,22000,5,9,N,16093,5,N,5,280,C,100,C,99999,9,False,
99999903948,35.25,-97.46667,360.3,2005-04-09 22:52:00,180,5,N,118,5,22000,5,9,N,16093,5,N,5,270,C,100,C,99999,9,False,
99999903948,35.25,-97.46667,360.3,2005-04-09 23:52:00,170,5,N,113,5,22000,5,9,N,16093,5,N,5,260,C,100,C,99999,9,False,
99999903948,35.25,-97.46667,360.3,2005-04-10 00:52:00,170,5,N,82,5,22000,5,9,N,16093,5,N,5,240,C,110,C,99999,9,False,
99999903948,35.25,-97.46667,360.3,2005-04-10 01:52:00,160,5,N,67,5,22000,5,9,N,16093,5,N,5,230,C,120,C,99999,9,False,
99999903948,35.25,-97.46667,360.3,2005-04-10 02:52:00,160,5,N,77,5,22000,5,9,N,16093,5,N,5,220,C,120,C,99999,9,False,
99999903948,35.25,-97.46667,360.3,2005-04-10 03:52:00,160,5,N,93,5,22000,5,9,N,16093,5,N,5,210,C,110,C,99999,9,False,
99999903948,35.25,-97.46667,360.3,2005-04-10 04:52:00,160,5,N,103,5,22000,5,9,N,16093,5,N,5,210,C,110,C,99999,9,False,
99999903948,35.25,-97.46667,360.3,2005-04-10 05:52:00,150,5,N,93,5,22000,5,9,N,16093,5,N,5,210,C,120,C,99999,9,False,
99999903948,35.25,-97.46667,360.3,2005-04-10 06:52:00,160,5,N,93,5,22000,5,9,N,16093,5,N,5,200,C,120,C,99999,9,False,
99999903948,35.25,-97.46667,360.3,2005-04-10 07:52:00,160,5,N,93,5,22000,5,9,N,16093,5,N,5,190,C,130,C,99999,9,False,
99999903948,35.25,-97.46667,360.3,2005-04-10 08:52:00,170,5,N,82,5,22000,5,9,N,16093,5,N,5,180,C,130,C,99999,9,False,
99999903948,35.25,-97.46667,360.3,2005-04-10 09:52:00,170,5,N,62,5,22000,5,9,N,16093,5,N,5,170,C,130,C,99999,9,False,
99999903948,35.25,-97.46667,360.3,2005-04-10 10:52:00,160,5,N,67,5,732,5,M,N,16093,5,N,5,170,C,130,C,99999,9,False,
99999903948,35.25,-97.46667,360.3,2005-04-10 11:52:00,170,5,N,77,5,701,5,M,N,16093,5,N,5,170,C,130,C,99999,9,False,
99999903948,35.25,-97.46667,360.3,2005-04-10 12:52:00,170,5,N,93,5,823,5,M,N,16093,5,N,5,170,C,130,C,99999,9,False,
99999903948,35.25,-97.46667,360.3,2005-04-10 13:52:00,170,5,N,98,5,22000,5,9,N,16093,5,N,5,180,C,130,C,99999,9,False,
99999903948,35.25,-97.46667,360.3,2005-04-10 14:52:00,170,5,N,72,5,701,5,M,N,16093,5,N,5,180,C,130,C,99999,9,False,
99999903948,35.25,-97.46667,360.3,2005-04-10 15:52:00,170,5,N,67,5,701,5,M,N,16093,5,N,5,180,C,140,C,99999,9,False,
99999903948,35.25,-97.46667,360.3,2005-04-10 16:32:00,170,5,N,67,5,701,5,M,N,8047,5,N,5,170,C,140,C,99999,9,True,2005-04-10 19:30:00
99999903948,35.25,-97.46667,360.3,2005-04-10 17:52:00,180,5,N,57,5,640,5,M,N,11265,5,N,5,170,C,150,C,99999,9,True,2005-04-10 19:30:00
99999903948,35.25,-97.46667,360.3,2005-04-10 18:53:00,160,5,N,62,5,244,5,M,N,4023,5,N,5,170,C,160,C,99999,9,True,2005-04-10 19:30:00
99999903948,35.25,-97.46667,360.3,2005-04-10 19:54:00,160,5,N,67,5,244,5,M,N,11265,5,N,5,190,C,170,C,99999,9,False,
99999903948,35.25,-97.46667,360.3,2005-04-10 20:52:00,160,5,N,67,5,305,5,M,N,16093,5,N,5,200,C,170,C,99999,9,False,
99999903948,35.25,-97.46667,360.3,2005-04-10 21:52:00,150,5,N,82,5,22000,5,9,N,16093,5,N,5,220,C,170,C,99999,9,False,
99999903948,35.25,-97.46667,360.3,2005-04-10 22:55:00,140,5,N,67,5,22000,5,9,N,16093,5,N,5,210,C,170,C,99999,9,False,
99999903948,35.25,-97.46667,360.3,2005-04-10 23:52:00,160,5,N,51,5,3048,5,M,N,16093,5,N,5,200,C,170,C,99999,9,False,
99999903948,35.25,-97.46667,360.3,2005-04-11 00:54:00,70,5,N,31,5,762,5,M,N,16093,5,N,5,170,C,150,C,99999,9,False,
99999903948,35.25,-97.46667,360.3,2005-04-11 01:52:00,150,5,N,72,5,22000,5,9,N,16093,5,N,5,190,C,170,C,99999,9,False,
99999903948,35.25,-97.46667,360.3,2005-04-11 02:52:00,160,5,N,57,5,22000,5,9,N,16093,5,N,5,180,C,160,C,99999,9,False,
99999903948,35.25,-97.46667,360.3,2005-04-11 03:52:00,180,5,N,67,5,22000,5,9,N,11265,5,N,5,170,C,160,C,99999,9,False,
99999903948,35.25,-97.46667,360.3,2005-04-11 04:52:00,170,5,N,62,5,22000,5,9,N,16093,5,N,5,170,C,140,C,99999,9,False,
99999903948,35.25,-97.46667,360.3,2005-04-11 05:52:00,170,5,N,62,5,274,5,M,N,11265,5,N,5,170,C,150,C,99999,9,False,
99999903948,35.25,-97.46667,360.3,2005-04-11 05:59:00,999,9,9,9999,9,99999,9,9,9,999999,9,9,9,9999,9,9999,9,99999,9,False,
99999903948,35.25,-97.46667,360.3,2005-04-11 06:52:00,190,5,N,62,5,274,5,M,N,8047,5,N,5,170,C,160,C,99999,9,False,
99999903948,35.25,-97.46667,360.3,2005-04-11 07:52:00,210,5,N,36,5,22000,5,9,N,8047,5,N,5,170,C,160,C,99999,9,False,
99999903948,35.25,-97.46667,360.3,2005-04-11 08:52:00,250,5,N,36,5,427,5,M,N,11265,5,N,5,180,C,160,C,99999,9,False,
99999903948,35.25,-97.46667,360.3,2005-04-11 09:52:00,320,5,N,26,5,22000,5,9,N,16093,5,N,5,130,C,100,C,99999,9,False,
99999903948,35.25,-97.46667,360.3,2005-04-11 10:52:00,300,5,N,41,5,22000,5,9,N,16093,5,N,5,120,C,70,C,99999,9,False,
99999903948,35.25,-97.46667,360.3,2005-04-11 11:52:00,290,5,N,31,5,22000,5,9,N,16093,5,N,5,100,C,60,C,99999,9,False,
99999903948,35.25,-97.46667,360.3,2005-04-11 12:52:00,270,5,N,41,5,22000,5,9,N,16093,5,N,5,90,C,50,C,99999,9,False,
99999903948,35.25,-97.46667,360.3,2005-04-11 13:53:00,280,5,N,46,5,22000,5,9,N,16093,5,N,5,110,C,60,C,99999,9,False,
99999903948,35.25,-97.46667,360.3,2005-04-11 14:52:00,280,5,N,62,5,99999,9,9,N,16093,5,N,5,130,C,60,C,99999,9,False,
99999903948,35.25,-97.46667,360.3,2005-04-11 15:56:00,270,5,N,46,5,22000,5,9,N,16093,5,N,5,140,C,60,C,99999,9,False,
99999903948,35.25,-97.46667,360.3,2005-04-11 16:52:00,280,5,N,67,5,22000,5,9,N,16093,5,N,5,160,C,60,C,99999,9,False,
99999903948,35.25,-97.46667,360.3,2005-04-11 17:52:00,300,5,N,51,5,22000,5,9,N,16093,5,N,5,170,C,60,C,99999,9,False,
99999903948,35.25,-97.46667,360.3,2005-04-11 18:53:00,280,5,N,67,5,1524,5,M,N,16093,5,N,5,170,C,50,C,99999,9,False,
99999903948,35.25,-97.46667,360.3,2005-04-11 19:55:00,290,5,N,77,5,1524,5,M,N,16093,5,N,5,170,C,40,C,99999,9,False,
99999903948,35.25,-97.46667,360.3,2005-04-11 20:52:00,300,5,N,93,5,1829,5,M,N,16093,5,N,5,180,C,40,C,99999,9,False,
99999903948,35.25,-97.46667,360.3,2005-04-11 21:52:00,38,5,N,77,5,22000,5,9,N,16093,5,N,5,170,C,40,C,99999,9,False,
99999903948,35.25,-97.46667,360.3,2005-04-11 22:52:00,290,5,N,62,5,22000,5,9,N,16093,5,N,5,170,C,40,C,99999,9,False,
99999903948,35.25,-97.46667,360.3,2005-04-11 23:52:00,300,5,N,67,5,1829,5,M,N,16093,5,N,5,150,C,30,C,99999,9,False,
99999903948,35.25,-97.46667,360.3,2005-04-12 00:52:00,300,5,N,67,5,1829,5,M,N,16093,5,N,5,140,C,30,C,99999,9,False,
99999903948,35.25,-97.46667,360.3,2005-04-12 01:52:00,290,5,N,51,5,1829,5,M,N,16093,5,N,5,140,C,30,C,99999,9,False,
99999903948,35.25,-97.46667,360.3,2005-04-12 02:52:00,290,5,N,51,5,1829,5,M,N,16093,5,N,5,130,C,30,C,99999,9,False,
99999903948,35.25,-97.46667,360.3,2005-04-12 03:52:00,280,5,N,41,5,22000,5,9,N,16093,5,N,5,120,C,30,C,99999,9,False,
99999903948,35.25,-97.46667,360.3,2005-04-12 04:52:00,260,5,N,41,5,22000,5,9,N,16093,5,N,5,100,C,30,C,99999,9,False,
99999903948,35.25,-97.46667,360.3,2005-04-12 05:52:00,280,5,N,41,5,22000,5,9,N,16093,5,N,5,90,C,30,C,99999,9,False,
99999903948,35.25,-97.46667,360.3,2005-04-12 05:59:00,999,9,9,9999,9,99999,9,9,9,999999,9,9,9,9999,9,9999,9,99999,9,False,
99999903948,35.25,-97.46667,360.3,2005-04-12 06:52:00,290,5,N,36,5,22000,5,9,N,16093,5,N,5,90,C,30,C,99999,9,False,
99999903948,35.25,-97.46667,360.3,2005-04-12 07:52:00,280,5,N,46,5,22000,5,9,N,16093,5,N,5,90,C,30,C,99999,9,False,
99999903948,35.25,-97.46667,360.3,2005-04-12 08:52:00,280,5,N,46,5,22000,5,9,N,16093,5,N,5,90,C,30,C,99999,9,False,
99999903948,35.25,-97.46667,360.3,2005-04-12 09:52:00,290,5,N,62,5,22000,5,9,N,16093,5,N,5,80,C,20,C,99999,9,False,
99999903948,35.25,-97.46667,360.3,2005-04-12 10:52:00,320,5,N,51,5,22000,5,9,N,16093,5,N,5,80,C,20,C,99999,9,False,
99999903948,35.25,-97.46667,360.3,2005-04-12 11:53:00,310,5,N,62,5,22000,5,9,N,16093,5,N,5,80,C,20,C,99999,9,False,
99999903948,35.25,-97.46667,360.3,2005-04-12 12:57:00,330,5,N,72,5,22000,5,9,N,16093,5,N,5,80,C,20,C,99999,9,False,
99999903948,35.25,-97.46667,360.3,2005-04-12 13:52:00,340,5,N,93,5,22000,5,9,N,16093,5,N,5,110,C,20,C,99999,9,False,
99999903948,35.25,-97.46667,360.3,2005-04-12 14:53:00,340,5,N,113,5,22000,5,9,N,16093,5,N,5,140,C,20,C,99999,9,False,
99999903948,35.25,-97.46667,360.3,2005-04-12 15:53:00,350,5,N,67,5,22000,5,9,N,16093,5,N,5,170,C,10,C,99999,9,False,
99999903948,35.25,-97.46667,360.3,2005-04-12 16:52:00,320,5,N,77,5,22000,5,9,N,16093,5,N,5,180,C,10,C,99999,9,False,
99999903948,35.25,-97.46667,360.3,2005-04-12 17:55:00,320,5,N,67,5,22000,5,9,N,16093,5,N,5,9999,9,9999,9,99999,9,False,
99999903948,35.25,-97.46667,360.3,2005-04-12 18:52:00,290,5,N,82,5,22000,5,9,N,16093,5,N,5,210,C,20,C,99999,9,False,
99999903948,35.25,-97.46667,360.3,2005-04-12 19:52:00,280,5,N,88,5,22000,5,9,N,16093,5,N,5,230,C,20,C,99999,9,False,
99999903948,35.25,-97.46667,360.3,2005-04-12 20:33:00,320,5,N,77,5,22000,5,9,N,16093,5,N,5,230,C,20,C,99999,9,False,
99999903948,35.25,-97.46667,360.3,2005-04-12 21:52:00,310,5,N,93,5,22000,5,9,N,16093,5,N,5,230,C,10,C,99999,9,False,
99999903948,35.25,-97.46667,360.3,2005-04-12 23:52:00,330,5,N,51,5,22000,5,9,N,16093,5,N,5,210,C,0,C,99999,9,False,
99999903948,35.25,-97.46667,360.3,2005-04-13 00:52:00,330,5,N,36,5,22000,5,9,N,16093,5,N,5,180,C,0,C,99999,9,False,
99999903948,35.25,-97.46667,360.3,2005-04-13 01:52:00,330,5,N,21,5,22000,5,9,N,16093,5,N,5,140,C,0,C,99999,9,False,
99999903948,35.25,-97.46667,360.3,2005-04-13 02:52:00,340,5,N,21,5,22000,5,9,N,16093,5,N,5,130,C,0,C,99999,9,False,
99999903948,35.25,-97.46667,360.3,2005-04-13 03:52:00,10,5,N,31,5,22000,5,9,N,16093,5,N,5,120,C,0,C,99999,9,False,
99999903948,35.25,-97.46667,360.3,2005-04-13 04:52:00,20,5,N,21,5,22000,5,9,N,16093,5,N,5,100,C,30,C,99999,9,False,
99999903948,35.25,-97.46667,360.3,2005-04-13 05:52:00,330,5,N,15,5,22000,5,9,N,16093,5,N,5,90,C,30,C,99999,9,False,
99999903948,35.25,-97.46667,360.3,2005-04-13 06:52:00,330,5,N,21,5,22000,5,9,N,16093,5,N,5,90,C,30,C,99999,9,False,
99999903948,35.25,-97.46667,360.3,2005-04-13 07:52:00,310,5,N,21,5,22000,5,9,N,16093,5,N,5,80,C,40,C,99999,9,False,
99999903948,35.25,-97.46667,360.3,2005-04-13 08:52:00,310,5,N,31,5,22000,5,9,N,16093,5,N,5,70,C,30,C,99999,9,False,
99999903948,35.25,-97.46667,360.3,2005-04-13 09:52:00,290,5,N,31,5,22000,5,9,N,16093,5,N,5,70,C,30,C,99999,9,False,
99999903948,35.25,-97.46667,360.3,2005-04-13 10:52:00,320,5,N,21,5,22000,5,9,N,16093,5,N,5,60,C,30,C,99999,9,False,
99999903948,35.25,-97.46667,360.3,2005-04-13 11:52:00,300,5,N,31,5,22000,5,9,N,16093,5,N,5,60,C,30,C,99999,9,False,
99999903948,35.25,-97.46667,360.3,2005-04-13 12:56:00,320,5,N,21,5,22000,5,9,N,16093,5,N,5,90,C,60,C,99999,9,False,
99999903948,35.25,-97.46667,360.3,2005-04-13 13:53:00,360,5,N,72,5,22000,5,9,N,16093,5,N,5,120,C,60,C,99999,9,False,
99999903948,35.25,-97.46667,360.3,2005-04-13 14:52:00,350,5,N,72,5,22000,5,9,N,16093,5,N,5,140,C,60,C,99999,9,False,
99999903948,35.25,-97.46667,360.3,2005-04-13 15:52:00,350,5,N,88,5,22000,5,9,N,16093,5,N,5,160,C,60,C,99999,9,False,
99999903948,35.25,-97.46667,360.3,2005-04-13 16:53:00,360,5,N,67,5,22000,5,9,N,16093,5,N,5,180,C,70,C,99999,9,False,
99999903948,35.25,-97.46667,360.3,2005-04-13 17:52:00,20,5,N,57,5,22000,5,9,N,16093,5,N,5,190,C,80,C,99999,9,False,
99999903948,35.25,-97.46667,360.3,2005-04-13 18:52:00,350,5,N,57,5,22000,5,9,N,16093,5,N,5,210,C,80,C,99999,9,False,
99999903948,35.25,-97.46667,360.3,2005-04-13 19:52:00,360,5,N,67,5,22000,5,9,N,16093,5,N,5,200,C,80,C,99999,9,False,
99999903948,35.25,-97.46667,360.3,2005-04-13 20:52:00,20,5,N,51,5,1524,5,M,N,16093,5,N,5,200,C,80,C,99999,9,False,
99999903948,35.25,-97.46667,360.3,2005-04-13 21:52:00,20,5,N,62,5,1341,5,M,N,16093,5,N,5,210,C,80,C,99999,9,False,
99999903948,35.25,-97.46667,360.3,2005-04-13 22:52:00,30,5,N,67,5,1463,5,M,N,16093,5,N,5,190,C,80,C,99999,9,False,
99999903948,35.25,-97.46667,360.3,2005-04-13 23:52:00,10,5,N,62,5,22000,5,9,N,16093,5,N,5,190,C,80,C,99999,9,False,
99999903948,35.25,-97.46667,360.3,2005-04-14 00:52:00,20,5,N,36,5,22000,5,9,N,16093,5,N,5,150,C,70,C,99999,9,False,
99999903948,35.25,-97.46667,360.3,2005-04-14 01:52:00,350,5,N,15,5,22000,5,9,N,16093,5,N,5,120,C,70,C,99999,9,False,
99999903948,35.25,-97.46667,360.3,2005-04-14 02:52:00,340,5,N,21,5,22000,5,9,N,16093,5,N,5,120,C,70,C,99999,9,False,
99999903948,35.25,-97.46667,360.3,2005-04-14 03:52:00,310,5,N,15,5,1250,5,M,N,16093,5,N,5,130,C,80,C,99999,9,False,
99999903948,35.25,-97.46667,360.3,2005-04-14 04:52:00,999,9,C,0,5,1250,5,M,N,16093,5,N,5,120,C,80,C,99999,9,False,
99999903948,35.25,-97.46667,360.3,2005-04-14 05:52:00,50,5,N,21,5,1128,5,M,N,16093,5,N,5,120,C,80,C,99999,9,False,
99999903948,35.25,-97.46667,360.3,2005-04-14 06:52:00,50,5,N,21,5,1067,5,M,N,11265,5,N,5,120,C,80,C,99999,9,False,
99999903948,35.25,-97.46667,360.3,2005-04-14 07:52:00,10,5,N,15,5,22000,5,9,N,8047,5,N,5,110,C,80,C,99999,9,False,
99999903948,35.25,-97.46667,360.3,2005-04-14 08:52:00,50,5,N,26,5,22000,5,9,N,8047,5,N,5,90,C,70,C,99999,9,False,
99999903948,35.25,-97.46667,360.3,2005-04-14 09:52:00,999,9,C,0,5,22000,5,9,N,6437,5,N,5,90,C,70,C,99999,9,False,
99999903948,35.25,-97.46667,360.3,2005-04-14 10:52:00,999,9,C,0,5,22000,5,9,N,4023,5,N,5,80,C,70,C,99999,9,False,
99999903948,35.25,-97.46667,360.3,2005-04-14 11:52:00,999,9,C,0,5,22000,5,9,N,2816,5,N,5,80,C,60,C,99999,9,False,
99999903948,35.25,-97.46667,360.3,2005-04-14 12:53:00,340,5,N,15,5,22000,5,9,N,2414,5,N,5,100,C,80,C,99999,9,False,
99999903948,35.25,-97.46667,360.3,2005-04-14 13:55:00,999,9,C,0,5,22000,5,9,N,4023,5,N,5,130,C,110,C,99999,9,False,
99999903948,35.25,-97.46667,360.3,2005-04-14 14:52:00,70,5,N,26,5,22000,5,9,N,8047,5,N,5,160,C,110,C,99999,9,False,
99999903948,35.25,-97.46667,360.3,2005-04-14 15:52:00,140,5,N,15,5,22000,5,9,N,16093,5,N,5,190,C,70,C,99999,9,False,
99999903948,35.25,-97.46667,360.3,2005-04-14 16:52:00,220,5,N,21,5,22000,5,9,N,16093,5,N,5,210,C,60,C,99999,9,False,
99999903948,35.25,-97.46667,360.3,2005-04-14 17:52:00,110,5,N,15,5,22000,5,9,N,16093,5,N,5,220,C,70,C,99999,9,False,
99999903948,35.25,-97.46667,360.3,2005-04-14 18:55:00,190,5,N,26,5,22000,5,9,N,16093,5,N,5,230,C,60,C,99999,9,False,
99999903948,35.25,-97.46667,360.3,2005-04-14 19:32:00,999,9,C,0,5,22000,5,9,N,16093,5,N,5,230,C,70,C,99999,9,False,
99999903948,35.25,-97.46667,360.3,2005-04-14 20:32:00,30,5,N,36,5,22000,5,9,N,16093,5,N,5,250,C,70,C,99999,9,False,
99999903948,35.25,-97.46667,360.3,2005-04-14 21:52:00,999,9,C,0,5,22000,5,9,N,16093,5,N,5,260,C,70,C,99999,9,False,
99999903948,35.25,-97.46667,360.3,2005-04-14 22:32:00,999,9,C,0,5,22000,5,9,N,16093,5,N,5,260,C,60,C,99999,9,False,
99999903948,35.25,-97.46667,360.3,2005-04-14 23:52:00,270,5,N,15,5,22000,5,9,N,16093,5,N,5,240,C,60,C,99999,9,False,
99999903948,35.25,-97.46667,360.3,2005-04-15 00:32:00,999,9,C,0,5,22000,5,9,N,11265,5,N,5,230,C,60,C,99999,9,False,
99999903948,35.25,-97.46667,360.3,2005-04-15 01:32:00,130,5,N,21,5,22000,5,9,N,16093,5,N,5,190,C,30,C,99999,9,False,
99999903948,35.25,-97.46667,360.3,2005-04-15 02:32:00,140,5,N,15,5,22000,5,9,N,16093,5,N,5,180,C,30,C,99999,9,False,
99999903948,35.25,-97.46667,360.3,2005-04-15 03:32:00,110,5,N,21,5,22000,5,9,N,16093,5,N,5,170,C,30,C,99999,9,False,
99999903948,35.25,-97.46667,360.3,2005-04-15 04:32:00,130,5,N,21,5,22000,5,9,N,16093,5,N,5,130,C,30,C,99999,9,False,
99999903948,35.25,-97.46667,360.3,2005-04-15 05:52:00,999,9,C,0,5,22000,5,9,N,16093,5,N,5,130,C,30,C,99999,9,False,
99999903948,35.25,-97.46667,360.3,2005-04-15 05:59:00,999,9,9,9999,9,99999,9,9,9,999999,9,9,9,9999,9,9999,9,99999,9,False,
99999903948,35.25,-97.46667,360.3,2005-04-15 06:52:00,999,9,C,0,5,22000,5,9,N,16093,5,N,5,110,C,30,C,99999,9,False,
99999903948,35.25,-97.46667,360.3,2005-04-15 07:12:00,999,9,C,0,5,22000,5,9,N,16093,5,N,5,110,C,40,C,99999,9,False,
99999903948,35.25,-97.46667,360.3,2005-04-15 08:52:00,999,9,C,0,5,22000,5,9,N,16093,5,N,5,90,C,20,C,99999,9,False,
99999903948,35.25,-97.46667,360.3,2005-04-15 09:52:00,999,9,C,0,5,22000,5,9,N,16093,5,N,5,80,C,40,C,99999,9,False,
99999903948,35.25,-97.46667,360.3,2005-04-15 10:52:00,999,9,C,0,5,22000,5,9,N,16093,5,N,5,80,C,40,C,99999,9,False,
99999903948,35.25,-97.46667,360.3,2005-04-15 11:52:00,999,9,C,0,5,22000,5,9,N,16093,5,N,5,70,C,40,C,99999,9,False,
99999903948,35.25,-97.46667,360.3,2005-04-15 12:52:00,999,9,C,0,5,22000,5,9,N,16093,5,N,5,110,C,70,C,99999,9,False,
99999903948,35.25,-97.46667,360.3,2005-04-15 13:52:00,180,5,N,26,5,22000,5,9,N,16093,5,N,5,170,C,80,C,99999,9,False,
99999903948,35.25,-97.46667,360.3,2005-04-15 14:52:00,190,5,N,36,5,22000,5,9,N,16093,5,N,5,190,C,100,C,99999,9,False,
99999903948,35.25,-97.46667,360.3,2005-04-15 15:52:00,190,5,N,67,5,22000,5,9,N,16093,5,N,5,210,C,90,C,99999,9,False,
99999903948,35.25,-97.46667,360.3,2005-04-15 16:52:00,160,5,N,62,5,22000,5,9,N,16093,5,N,5,220,C,80,C,99999,9,False,
99999903948,35.25,-97.46667,360.3,2005-04-15 17:52:00,140,5,N,62,5,22000,5,9,N,16093,5,N,5,240,C,80,C,99999,9,False,
99999903948,35.25,-97.46667,360.3,2005-04-15 18:53:00,190,5,N,46,5,22000,5,9,N,16093,5,N,5,240,C,70,C,99999,9,False,
99999903948,35.25,-97.46667,360.3,2005-04-15 19:53:00,190,5,N,36,5,22000,5,9,N,16093,5,N,5,250,C,80,C,99999,9,False,
99999903948,35.25,-97.46667,360.3,2005-04-15 20:52:00,180,5,N,41,5,22000,5,9,N,16093,5,N,5,250,C,70,C,99999,9,False,
99999903948,35.25,-97.46667,360.3,2005-04-15 21:52:00,170,5,N,51,5,22000,5,9,N,16093,5,N,5,250,C,70,C,99999,9,False,
99999903948,35.25,-97.46667,360.3,2005-04-15 22:54:00,180,5,N,15,5,22000,5,9,N,16093,5,N,5,250,C,80,C,99999,9,False,
99999903948,35.25,-97.46667,360.3,2005-04-15 23:52:00,160,5,N,36,5,22000,5,9,N,16093,5,N,5,230,C,80,C,99999,9,False,
99999903948,35.25,-97.46667,360.3,2005-04-16 00:52:00,170,5,N,41,5,22000,5,9,N,16093,5,N,5,210,C,80,C,99999,9,False,
99999903948,35.25,-97.46667,360.3,2005-04-16 01:52:00,160,5,N,31,5,22000,5,9,N,16093,5,N,5,190,C,80,C,99999,9,False,
99999903948,35.25,-97.46667,360.3,2005-04-16 02:52:00,160,5,N,36,5,22000,5,9,N,16093,5,N,5,180,C,80,C,99999,9,False,
99999903948,35.25,-97.46667,360.3,2005-04-16 03:52:00,160,5,N,41,5,22000,5,9,N,16093,5,N,5,170,C,70,C,99999,9,False,
99999903948,35.25,-97.46667,360.3,2005-04-16 04:52:00,170,5,N,36,5,22000,5,9,N,16093,5,N,5,160,C,80,C,99999,9,False,
99999903948,35.25,-97.46667,360.3,2005-04-16 05:52:00,190,5,N,26,5,22000,5,9,N,16093,5,N,5,140,C,70,C,99999,9,False,
99999903948,35.25,-97.46667,360.3,2005-04-16 06:32:00,170,5,N,21,5,22000,5,9,N,16093,5,N,5,130,C,70,C,99999,9,False,
99999903948,35.25,-97.46667,360.3,2005-04-16 07:52:00,170,5,N,15,5,22000,5,9,N,16093,5,N,5,120,C,70,C,99999,9,False,
99999903948,35.25,-97.46667,360.3,2005-04-16 08:52:00,999,9,C,0,5,22000,5,9,N,16093,5,N,5,120,C,70,C,99999,9,False,
99999903948,35.25,-97.46667,360.3,2005-04-16 09:52:00,160,5,N,15,5,22000,5,9,N,16093,5,N,5,110,C,70,C,99999,9,False,
99999903948,35.25,-97.46667,360.3,2005-04-16 10:52:00,999,9,C,0,5,22000,5,9,N,16093,5,N,5,110,C,60,C,99999,9,False,
99999903948,35.25,-97.46667,360.3,2005-04-16 11:53:00,999,9,C,0,5,22000,5,9,N,16093,5,N,5,90,C,50,C,99999,9,False,
99999903948,35.25,-97.46667,360.3,2005-04-16 12:52:00,999,9,C,0,5,22000,5,9,N,11265,5,N,5,110,C,70,C,99999,9,False,
99999903948,35.25,-97.46667,360.3,2005-04-16 13:32:00,999,9,C,0,5,22000,5,9,N,16093,5,N,5,160,C,90,C,99999,9,False,
99999903948,35.25,-97.46667,360.3,2005-04-16 14:55:00,180,5,N,36,5,22000,5,9,N,16093,5,N,5,190,C,90,C,99999,9,False,
99999903948,35.25,-97.46667,360.3,2005-04-16 15:52:00,180,5,N,62,5,22000,5,9,N,16093,5,N,5,210,C,100,C,99999,9,False,
99999903948,35.25,-97.46667,360.3,2005-04-16 16:32:00,200,5,N,46,5,22000,5,9,N,16093,5,N,5,230,C,100,C,99999,9,False,
99999903948,35.25,-97.46667,360.3,2005-04-16 17:52:00,180,5,N,46,5,22000,5,9,N,16093,5,N,5,240,C,100,C,99999,9,False,
99999903948,35.25,-97.46667,360.3,2005-04-16 18:52:00,190,5,N,41,5,22000,5,9,N,16093,5,N,5,240,C,90,C,99999,9,False,
99999903948,35.25,-97.46667,360.3,2005-04-16 19:52:00,190,5,N,41,5,22000,5,9,N,16093,5,N,5,260,C,90,C,99999,9,False,
99999903948,35.25,-97.46667,360.3,2005-04-16 20:52:00,150,5,N,36,5,22000,5,9,N,16093,5,N,5,260,C,90,C,99999,9,False,
99999903948,35.25,-97.46667,360.3,2005-04-16 21:53:00,140,5,N,21,5,22000,5,9,N,16093,5,N,5,260,C,90,C,99999,9,False,
99999903948,35.25,-97.46667,360.3,2005-04-16 22:52:00,140,5,N,41,5,22000,5,9,N,16093,5,N,5,250,C,80,C,99999,9,False,
99999903948,35.25,-97.46667,360.3,2005-04-16 23:52:00,190,5,N,41,5,22000,5,9,N,16093,5,N,5,240,C,80,C,99999,9,False,
99999903948,35.25,-97.46667,360.3,2005-04-17 00:52:00,170,5,N,31,5,22000,5,9,N,16093,5,N,5,220,C,90,C,99999,9,False,
99999903948,35.25,-97.46667,360.3,2005-04-17 01:52:00,140,5,N,26,5,22000,5,9,N,16093,5,N,5,210,C,90,C,99999,9,False,
99999903948,35.25,-97.46667,360.3,2005-04-17 02:52:00,160,5,N,36,5,22000,5,9,N,16093,5,N,5,200,C,100,C,99999,9,False,
99999903948,35.25,-97.46667,360.3,2005-04-17 03:52:00,180,5,N,26,5,22000,5,9,N,16093,5,N,5,180,C,90,C,99999,9,False,
99999903948,35.25,-97.46667,360.3,2005-04-17 04:52:00,170,5,N,31,5,22000,5,9,N,16093,5,N,5,170,C,90,C,99999,9,False,
99999903948,35.25,-97.46667,360.3,2005-04-17 05:52:00,170,5,N,36,5,22000,5,9,N,16093,5,N,5,170,C,90,C,99999,9,False,
99999903948,35.25,-97.46667,360.3,2005-04-17 06:52:00,180,5,N,41,5,22000,5,9,N,16093,5,N,5,160,C,90,C,99999,9,False,
99999903948,35.25,-97.46667,360.3,2005-04-17 07:52:00,180,5,N,31,5,22000,5,9,N,16093,5,N,5,160,C,90,C,99999,9,False,
99999903948,35.25,-97.46667,360.3,2005-04-17 08:52:00,180,5,N,31,5,22000,5,9,N,16093,5,N,5,150,C,90,C,99999,9,False,
99999903948,35.25,-97.46667,360.3,2005-04-17 09:52:00,180,5,N,31,5,22000,5,9,N,16093,5,N,5,140,C,90,C,99999,9,False,
99999903948,35.25,-97.46667,360.3,2005-04-17 10:52:00,180,5,N,26,5,3353,5,M,N,16093,5,N,5,140,C,90,C,99999,9,False,
99999903948,35.25,-97.46667,360.3,2005-04-17 11:52:00,180,5,N,26,5,22000,5,9,N,16093,5,N,5,140,C,90,C,99999,9,False,
99999903948,35.25,-97.46667,360.3,2005-04-17 12:52:00,180,5,N,36,5,22000,5,9,N,16093,5,N,5,150,C,90,C,99999,9,False,
99999903948,35.25,-97.46667,360.3,2005-04-17 13:52:00,200,5,N,51,5,22000,5,9,N,16093,5,N,5,170,C,110,C,99999,9,False,
99999903948,35.25,-97.46667,360.3,2005-04-17 14:52:00,200,5,N,57,5,22000,5,9,N,16093,5,N,5,210,C,130,C,99999,9,False,
99999903948,35.25,-97.46667,360.3,2005-04-17 15:52:00,210,5,N,88,5,22000,5,9,N,16093,5,N,5,230,C,130,C,99999,9,False,
99999903948,35.25,-97.46667,360.3,2005-04-17 17:32:00,210,5,N,77,5,22000,5,9,N,16093,5,N,5,240,C,120,C,99999,9,False,
99999903948,35.25,-97.46667,360.3,2005-04-17 18:52:00,170,5,N,77,5,22000,5,9,N,16093,5,N,5,260,C,100,C,99999,9,False,
99999903948,35.25,-97.46667,360.3,2005-04-17 19:32:00,200,5,N,77,5,22000,5,9,N,16093,5,N,5,270,C,90,C,99999,9,False,
99999903948,35.25,-97.46667,360.3,2005-04-17 20:52:00,160,5,N,88,5,22000,5,9,N,16093,5,N,5,270,C,80,C,99999,9,False,
99999903948,35.25,-97.46667,360.3,2005-04-17 21:52:00,180,5,N,82,5,22000,5,9,N,16093,5,N,5,260,C,70,C,99999,9,False,
99999903948,35.25,-97.46667,360.3,2005-04-17 22:53:00,180,5,N,72,5,22000,5,9,N,16093,5,N,5,260,C,70,C,99999,9,False,
99999903948,35.25,-97.46667,360.3,2005-04-17 23:52:00,180,5,N,77,5,22000,5,9,N,16093,5,N,5,260,C,70,C,99999,9,False,
99999903948,35.25,-97.46667,360.3,2005-04-18 00:52:00,170,5,N,62,5,22000,5,9,N,16093,5,N,5,230,C,80,C,99999,9,False,
99999903948,35.25,-97.46667,360.3,2005-04-18 01:52:00,160,5,N,62,5,22000,5,9,N,16093,5,N,5,210,C,80,C,99999,9,False,
99999903948,35.25,-97.46667,360.3,2005-04-18 02:52:00,170,5,N,62,5,22000,5,9,N,16093,5,N,5,210,C,90,C,99999,9,False,
99999903948,35.25,-97.46667,360.3,2005-04-18 03:52:00,180,5,N,62,5,22000,5,9,N,16093,5,N,5,200,C,100,C,99999,9,False,
99999903948,35.25,-97.46667,360.3,2005-04-18 04:52:00,170,5,N,46,5,22000,5,9,N,16093,5,N,5,190,C,110,C,99999,9,False,
99999903948,35.25,-97.46667,360.3,2005-04-18 05:52:00,170,5,N,41,5,22000,5,9,N,16093,5,N,5,180,C,110,C,99999,9,False,
99999903948,35.25,-97.46667,360.3,2005-04-18 06:52:00,190,5,N,51,5,22000,5,9,N,16093,5,N,5,180,C,110,C,99999,9,False,
99999903948,35.25,-97.46667,360.3,2005-04-18 07:52:00,190,5,N,62,5,2134,5,M,N,16093,5,N,5,180,C,110,C,99999,9,False,
99999903948,35.25,-97.46667,360.3,2005-04-18 08:52:00,190,5,N,51,5,22000,5,9,N,16093,5,N,5,170,C,110,C,99999,9,False,
99999903948,35.25,-97.46667,360.3,2005-04-18 09:52:00,180,5,N,57,5,2438,5,M,N,16093,5,N,5,170,C,120,C,99999,9,False,
99999903948,35.25,-97.46667,360.3,2005-04-18 10:32:00,180,5,N,51,5,22000,5,9,N,16093,5,N,5,170,C,120,C,99999,9,False,
99999903948,35.25,-97.46667,360.3,2005-04-18 11:52:00,180,5,N,72,5,22000,5,9,N,16093,5,N,5,170,C,130,C,99999,9,False,
99999903948,35.25,-97.46667,360.3,2005-04-18 12:52:00,190,5,N,77,5,22000,5,9,N,16093,5,N,5,170,C,130,C,99999,9,False,
99999903948,35.25,-97.46667,360.3,2005-04-18 13:52:00,180,5,N,72,5,22000,5,9,N,16093,5,N,5,190,C,140,C,99999,9,False,
99999903948,35.25,-97.46667,360.3,2005-04-18 14:52:00,170,5,N,88,5,1524,5,M,N,16093,5,N,5,210,C,150,C,99999,9,False,
99999903948,35.25,-97.46667,360.3,2005-04-18 15:52:00,190,5,N,108,5,732,5,M,N,16093,5,N,5,210,C,140,C,99999,9,False,
99999903948,35.25,-97.46667,360.3,2005-04-18 16:52:00,190,5,N,93,5,792,5,M,N,16093,5,N,5,210,C,140,C,99999,9,False,
99999903948,35.25,-97.46667,360.3,2005-04-18 17:52:00,190,5,N,67,5,792,5,M,N,16093,5,N,5,210,C,150,C,99999,9,False,
99999903948,35.25,-97.46667,360.3,2005-04-18 18:52:00,190,5,N,82,5,792,5,M,N,16093,5,N,5,210,C,150,C,99999,9,False,
99999903948,35.25,-97.46667,360.3,2005-04-18 19:52:00,170,5,N,62,5,1067,5,M,N,16093,5,N,5,230,C,160,C,99999,9,False,
99999903948,35.25,-97.46667,360.3,2005-04-18 20:55:00,170,5,N,82,5,823,5,M,N,16093,5,N,5,220,C,160,C,99999,9,False,
99999903948,35.25,-97.46667,360.3,2005-04-18 21:52:00,180,5,N,77,5,762,5,M,N,11265,5,N,5,220,C,160,C,99999,9,False,
99999903948,35.25,-97.46667,360.3,2005-04-18 22:52:00,170,5,N,77,5,1524,5,M,N,16093,5,N,5,220,C,160,C,99999,9,False,
99999903948,35.25,-97.46667,360.3,2005-04-18 23:52:00,170,5,N,77,5,762,5,M,N,16093,5,N,5,210,C,160,C,99999,9,False,
99999903948,35.25,-97.46667,360.3,2005-04-19 00:52:00,170,5,N,77,5,701,5,M,N,16093,5,N,5,200,C,160,C,99999,9,False,
99999903948,35.25,-97.46667,360.3,2005-04-19 01:52:00,170,5,N,82,5,22000,5,9,N,16093,5,N,5,190,C,160,C,99999,9,False,
99999903948,35.25,-97.46667,360.3,2005-04-19 02:52:00,170,5,N,98,5,762,5,M,N,16093,5,N,5,190,C,160,C,99999,9,False,
99999903948,35.25,-97.46667,360.3,2005-04-19 03:52:00,180,5,N,72,5,22000,5,9,N,16093,5,N,5,180,C,150,C,99999,9,False,
99999903948,35.25,-97.46667,360.3,2005-04-19 04:53:00,170,5,N,88,5,22000,5,9,N,16093,5,N,5,180,C,150,C,99999,9,False,
99999903948,35.25,-97.46667,360.3,2005-04-19 05:52:00,180,5,N,93,5,22000,5,9,N,16093,5,N,5,180,C,150,C,99999,9,False,
99999903948,35.25,-97.46667,360.3,2005-04-19 06:52:00,180,5,N,88,5,22000,5,9,N,16093,5,N,5,180,C,150,C,99999,9,False,
99999903948,35.25,-97.46667,360.3,2005-04-19 07:52:00,180,5,N,98,5,22000,5,9,N,16093,5,N,5,180,C,150,C,99999,9,False,
99999903948,35.25,-97.46667,360.3,2005-04-19 08:52:00,180,5,N,51,5,610,5,M,N,16093,5,N,5,180,C,150,C,99999,9,False,
99999903948,35.25,-97.46667,360.3,2005-04-19 09:52:00,180,5,N,118,5,22000,5,9,N,16093,5,N,5,180,C,150,C,99999,9,False,
99999903948,35.25,-97.46667,360.3,2005-04-19 10:52:00,210,5,N,67,5,488,5,M,N,16093,5,N,5,180,C,160,C,99999,9,False,
99999903948,35.25,-97.46667,360.3,2005-04-19 11:52:00,190,5,N,67,5,549,5,M,N,16093,5,N,5,180,C,150,C,99999,9,False,
99999903948,35.25,-97.46667,360.3,2005-04-19 12:52:00,190,5,N,77,5,427,5,M,N,16093,5,N,5,180,C,160,C,99999,9,False,
99999903948,35.25,-97.46667,360.3,2005-04-19 13:52:00,190,5,N,88,5,22000,5,9,N,16093,5,N,5,190,C,160,C,99999,9,False,
99999903948,35.25,-97.46667,360.3,2005-04-19 14:52:00,190,5,N,93,5,22000,5,9,N,16093,5,N,5,210,C,160,C,99999,9,False,
99999903948,35.25,-97.46667,360.3,2005-04-19 15:52:00,190,5,N,77,5,22000,5,9,N,16093,5,N,5,220,C,160,C,99999,9,False,
99999903948,35.25,-97.46667,360.3,2005-04-19 16:53:00,190,5,N,88,5,762,5,M,N,16093,5,N,5,220,C,160,C,99999,9,False,
99999903948,35.25,-97.46667,360.3,2005-04-19 17:56:00,190,5,N,103,5,884,5,M,N,16093,5,N,5,230,C,160,C,99999,9,False,
99999903948,35.25,-97.46667,360.3,2005-04-19 18:53:00,170,5,N,77,5,914,5,M,N,16093,5,N,5,230,C,160,C,99999,9,False,
99999903948,35.25,-97.46667,360.3,2005-04-19 19:52:00,170,5,N,77,5,1524,5,M,N,16093,5,N,5,240,C,160,C,99999,9,False,
99999903948,35.25,-97.46667,360.3,2005-04-19 20:55:00,180,5,N,88,5,1524,5,M,N,16093,5,N,5,230,C,160,C,99999,9,False,
99999903948,35.25,-97.46667,360.3,2005-04-19 21:53:00,150,5,N,88,5,1189,5,M,N,16093,5,N,5,230,C,160,C,99999,9,False,
99999903948,35.25,-97.46667,360.3,2005-04-19 22:52:00,170,5,N,93,5,22000,5,9,N,16093,5,N,5,230,C,160,C,99999,9,False,
99999903948,35.25,-97.46667,360.3,2005-04-19 23:52:00,170,5,N,62,5,22000,5,9,N,16093,5,N,5,220,C,170,C,99999,9,False,
99999903948,35.25,-97.46667,360.3,2005-04-20 00:52:00,170,5,N,57,5,1036,5,M,N,16093,5,N,5,220,C,170,C,99999,9,False,
99999903948,35.25,-97.46667,360.3,2005-04-20 01:52:00,170,5,N,57,5,853,5,M,N,16093,5,N,5,210,C,170,C,99999,9,False,
99999903948,35.25,-97.46667,360.3,2005-04-20 02:52:00,160,5,N,62,5,22000,5,9,N,16093,5,N,5,210,C,170,C,99999,9,False,
99999903948,35.25,-97.46667,360.3,2005-04-20 03:52:00,170,5,N,72,5,22000,5,9,N,16093,5,N,5,200,C,170,C,99999,9,False,
99999903948,35.25,-97.46667,360.3,2005-04-20 04:52:00,170,5,N,72,5,22000,5,9,N,16093,5,N,5,190,C,170,C,99999,9,False,
99999903948,35.25,-97.46667,360.3,2005-04-20 05:52:00,170,5,N,51,5,22000,5,9,N,11265,5,N,5,190,C,170,C,99999,9,False,
99999903948,35.25,-97.46667,360.3,2005-04-20 05:59:00,999,9,9,9999,9,99999,9,9,9,999999,9,9,9,9999,9,9999,9,99999,9,False,
99999903948,35.25,-97.46667,360.3,2005-04-20 06:52:00,180,5,N,62,5,427,5,M,N,11265,5,N,5,190,C,170,C,99999,9,False,
99999903948,35.25,-97.46667,360.3,2005-04-20 07:52:00,190,5,N,93,5,427,5,M,N,16093,5,N,5,190,C,170,C,99999,9,False,
99999903948,35.25,-97.46667,360.3,2005-04-20 08:52:00,190,5,N,77,5,366,5,M,N,16093,5,N,5,190,C,170,C,99999,9,False,
99999903948,35.25,-97.46667,360.3,2005-04-20 09:52:00,200,5,N,67,5,427,5,M,N,16093,5,N,5,200,C,170,C,99999,9,False,
99999903948,35.25,-97.46667,360.3,2005-04-20 10:52:00,190,5,N,62,5,488,5,M,N,16093,5,N,5,200,C,170,C,99999,9,False,
99999903948,35.25,-97.46667,360.3,2005-04-20 11:52:00,180,5,N,62,5,549,5,M,N,16093,5,N,5,190,C,170,C,99999,9,False,
99999903948,35.25,-97.46667,360.3,2005-04-20 12:52:00,190,5,N,62,5,549,5,M,N,11265,5,N,5,200,C,170,C,99999,9,False,
99999903948,35.25,-97.46667,360.3,2005-04-20 13:55:00,180,5,N,62,5,457,5,M,N,16093,5,N,5,200,C,170,C,99999,9,False,
99999903948,35.25,-97.46667,360.3,2005-04-20 14:52:00,180,5,N,67,5,457,5,M,N,16093,5,N,5,210,C,170,C,99999,9,False,
99999903948,35.25,-97.46667,360.3,2005-04-20 15:52:00,180,5,N,72,5,488,5,M,N,16093,5,N,5,220,C,170,C,99999,9,False,
99999903948,35.25,-97.46667,360.3,2005-04-20 16:53:00,180,5,N,77,5,610,5,M,N,16093,5,N,5,230,C,180,C,99999,9,False,
99999903948,35.25,-97.46667,360.3,2005-04-20 17:56:00,190,5,N,77,5,22000,5,9,N,16093,5,N,5,240,C,180,C,99999,9,False,
99999903948,35.25,-97.46667,360.3,2005-04-20 18:53:00,180,5,N,82,5,853,5,M,N,16093,5,N,5,260,C,180,C,99999,9,False,
99999903948,35.25,-97.46667,360.3,2005-04-20 19:52:00,190,5,N,88,5,22000,5,9,N,16093,5,N,5,270,C,170,C,99999,9,False,
99999903948,35.25,-97.46667,360.3,2005-04-20 20:52:00,160,5,N,88,5,22000,5,9,N,16093,5,N,5,280,C,170,C,99999,9,False,
99999903948,35.25,-97.46667,360.3,2005-04-20 21:52:00,160,5,N,82,5,22000,5,9,N,16093,5,N,5,280,C,170,C,99999,9,False,
99999903948,35.25,-97.46667,360.3,2005-04-20 22:52:00,170,5,N,67,5,22000,5,9,N,16093,5,N,5,260,C,170,C,99999,9,False,
99999903948,35.25,-97.46667,360.3,2005-04-20 23:58:00,150,5,N,77,5,22000,5,9,N,16093,5,N,5,250,C,170,C,99999,9,False,
99999903948,35.25,-97.46667,360.3,2005-04-21 00:55:00,180,5,N,77,5,22000,5,9,N,16093,5,N,5,230,C,160,C,99999,9,False,
99999903948,35.25,-97.46667,360.3,2005-04-21 01:54:00,180,5,N,67,5,22000,5,9,N,16093,5,N,5,220,C,160,C,99999,9,False,
99999903948,35.25,-97.46667,360.3,2005-04-21 02:52:00,180,5,N,67,5,22000,5,9,N,16093,5,N,5,210,C,170,C,99999,9,False,
99999903948,35.25,-97.46667,360.3,2005-04-21 03:53:00,190,5,N,51,5,732,5,M,N,16093,5,N,5,210,C,170,C,99999,9,False,
99999903948,35.25,-97.46667,360.3,2005-04-21 04:52:00,200,5,N,77,5,1189,5,M,N,16093,5,N,5,210,C,180,C,99999,9,False,
99999903948,35.25,-97.46667,360.3,2005-04-21 05:52:00,190,5,N,26,5,22000,5,9,N,16093,5,N,5,200,C,160,C,99999,9,False,
99999903948,35.25,-97.46667,360.3,2005-04-21 05:59:00,999,9,9,9999,9,99999,9,9,9,999999,9,9,9,9999,9,9999,9,99999,9,False,
99999903948,35.25,-97.46667,360.3,2005-04-21 06:52:00,230,5,N,21,5,22000,5,9,N,16093,5,N,5,220,C,90,C,99999,9,False,
99999903948,35.25,-97.46667,360.3,2005-04-21 07:52:00,160,5,N,88,5,3658,5,M,N,16093,5,N,5,220,C,130,C,99999,9,False,
99999903948,35.25,-97.46667,360.3,2005-04-21 08:52:00,180,5,N,67,5,22000,5,9,N,16093,5,N,5,190,C,140,C,99999,9,False,
99999903948,35.25,-97.46667,360.3,2005-04-21 09:52:00,200,5,N,77,5,22000,5,9,N,16093,5,N,5,190,C,140,C,99999,9,False,
99999903948,35.25,-97.46667,360.3,2005-04-21 10:52:00,190,5,N,51,5,22000,5,9,N,16093,5,N,5,180,C,150,C,99999,9,False,
99999903948,35.25,-97.46667,360.3,2005-04-21 11:53:00,200,5,N,82,5,22000,5,9,N,8047,5,N,5,180,C,160,C,99999,9,False,
99999903948,35.25,-97.46667,360.3,2005-04-21 12:52:00,190,5,N,67,5,22000,5,9,N,6437,5,N,5,190,C,170,C,99999,9,False,
99999903948,35.25,-97.46667,360.3,2005-04-21 13:52:00,210,5,N,77,5,22000,5,9,N,11265,5,N,5,220,C,180,C,99999,9,False,
99999903948,35.25,-97.46667,360.3,2005-04-21 14:52:00,210,5,N,98,5,22000,5,9,N,11265,5,N,5,240,C,180,C,99999,9,False,
99999903948,35.25,-97.46667,360.3,2005-04-21 15:52:00,210,5,N,118,5,22000,5,9,N,11265,5,N,5,250,C,180,C,99999,9,False,
99999903948,35.25,-97.46667,360.3,2005-04-21 16:55:00,230,5,N,57,5,22000,5,9,N,16093,5,N,5,260,C,180,C,99999,9,False,
99999903948,35.25,-97.46667,360.3,2005-04-21 17:52:00,240,5,N,51,5,22000,5,9,N,16093,5,N,5,260,C,180,C,99999,9,False,
99999903948,35.25,-97.46667,360.3,2005-04-21 18:52:00,250,5,N,51,5,22000,5,9,N,16093,5,N,5,280,C,170,C,99999,9,False,
99999903948,35.25,-97.46667,360.3,2005-04-21 19:52:00,250,5,N,62,5,22000,5,9,N,16093,5,N,5,290,C,160,C,99999,9,False,
99999903948,35.25,-97.46667,360.3,2005-04-21 20:52:00,280,5,N,46,5,22000,5,9,N,16093,5,N,5,290,C,160,C,99999,9,False,
99999903948,35.25,-97.46667,360.3,2005-04-21 21:52:00,310,5,N,31,5,22000,5,9,N,16093,5,N,5,290,C,140,C,99999,9,False,
99999903948,35.25,-97.46667,360.3,2005-04-21 22:52:00,310,5,N,31,5,22000,5,9,N,16093,5,N,5,280,C,140,C,99999,9,False,
99999903948,35.25,-97.46667,360.3,2005-04-21 23:52:00,320,5,N,51,5,22000,5,9,N,16093,5,N,5,270,C,100,C,99999,9,False,
99999903948,35.25,-97.46667,360.3,2005-04-22 00:52:00,320,5,N,26,5,22000,5,9,N,16093,5,N,5,240,C,90,C,99999,9,False,
99999903948,35.25,-97.46667,360.3,2005-04-22 01:52:00,340,5,N,36,5,22000,5,9,N,16093,5,N,5,210,C,80,C,99999,9,False,
99999903948,35.25,-97.46667,360.3,2005-04-22 02:52:00,320,5,N,21,5,22000,5,9,N,16093,5,N,5,180,C,80,C,99999,9,False,
99999903948,35.25,-97.46667,360.3,2005-04-22 03:52:00,320,5,N,26,5,22000,5,9,N,16093,5,N,5,170,C,80,C,99999,9,False,
99999903948,35.25,-97.46667,360.3,2005-04-22 04:52:00,320,5,N,15,5,22000,5,9,N,16093,5,N,5,150,C,80,C,99999,9,False,
99999903948,35.25,-97.46667,360.3,2005-04-22 05:52:00,999,9,C,0,5,22000,5,9,N,16093,5,N,5,120,C,60,C,99999,9,False,
99999903948,35.25,-97.46667,360.3,2005-04-22 05:59:00,999,9,9,9999,9,99999,9,9,9,999999,9,9,9,9999,9,9999,9,99999,9,False,
99999903948,35.25,-97.46667,360.3,2005-04-22 06:52:00,999,9,C,0,5,22000,5,9,N,16093,5,N,5,120,C,60,C,99999,9,False,
99999903948,35.25,-97.46667,360.3,2005-04-22 07:52:00,999,9,C,0,5,22000,5,9,N,16093,5,N,5,110,C,70,C,99999,9,False,
99999903948,35.25,-97.46667,360.3,2005-04-22 08:52:00,290,5,N,21,5,22000,5,9,N,16093,5,N,5,110,C,70,C,99999,9,False,
99999903948,35.25,-97.46667,360.3,2005-04-22 09:52:00,310,5,N,51,5,22000,5,9,N,16093,5,N,5,120,C,80,C,99999,9,False,
99999903948,35.25,-97.46667,360.3,2005-04-22 10:52:00,330,5,N,51,5,22000,5,9,N,16093,5,N,5,130,C,50,C,99999,9,False,
99999903948,35.25,-97.46667,360.3,2005-04-22 11:52:00,330,5,N,82,5,22000,5,9,N,16093,5,N,5,130,C,40,C,99999,9,False,
99999903948,35.25,-97.46667,360.3,2005-04-22 12:53:00,330,5,N,88,5,22000,5,9,N,16093,5,N,5,130,C,40,C,99999,9,False,
99999903948,35.25,-97.46667,360.3,2005-04-22 13:55:00,330,5,N,98,5,22000,5,9,N,16093,5,N,5,140,C,40,C,99999,9,False,
99999903948,35.25,-97.46667,360.3,2005-04-22 14:52:00,330,5,N,103,5,22000,5,9,N,16093,5,N,5,150,C,50,C,99999,9,False,
99999903948,35.25,-97.46667,360.3,2005-04-22 15:52:00,320,5,N,72,5,22000,5,9,N,16093,5,N,5,170,C,60,C,99999,9,False,
99999903948,35.25,-97.46667,360.3,2005-04-22 16:53:00,350,5,N,93,5,22000,5,9,N,16093,5,N,5,180,C,60,C,99999,9,False,
99999903948,35.25,-97.46667,360.3,2005-04-22 17:52:00,340,5,N,88,5,22000,5,9,N,16093,5,N,5,200,C,60,C,99999,9,False,
99999903948,35.25,-97.46667,360.3,2005-04-22 18:52:00,350,5,N,93,5,22000,5,9,N,16093,5,N,5,210,C,70,C,99999,9,False,
99999903948,35.25,-97.46667,360.3,2005-04-22 19:57:00,350,5,N,124,5,1524,5,M,N,16093,5,N,5,210,C,60,C,99999,9,False,
99999903948,35.25,-97.46667,360.3,2005-04-22 20:52:00,10,5,N,82,5,22000,5,9,N,16093,5,N,5,220,C,50,C,99999,9,False,
99999903948,35.25,-97.46667,360.3,2005-04-22 21:52:00,360,5,N,88,5,22000,5,9,N,16093,5,N,5,230,C,40,C,99999,9,False,
99999903948,35.25,-97.46667,360.3,2005-04-22 22:53:00,350,5,N,98,5,22000,5,9,N,16093,5,N,5,220,C,40,C,99999,9,False,
99999903948,35.25,-97.46667,360.3,2005-04-22 23:52:00,10,5,N,103,5,22000,5,9,N,16093,5,N,5,220,C,30,C,99999,9,False,
99999903948,35.25,-97.46667,360.3,2005-04-23 00:52:00,350,5,N,67,5,22000,5,9,N,16093,5,N,5,190,C,20,C,99999,9,False,
99999903948,35.25,-97.46667,360.3,2005-04-23 01:52:00,360,5,N,67,5,22000,5,9,N,16093,5,N,5,180,C,20,C,99999,9,False,
99999903948,35.25,-97.46667,360.3,2005-04-23 02:52:00,360,5,N,67,5,22000,5,9,N,16093,5,N,5,160,C,20,C,99999,9,False,
99999903948,35.25,-97.46667,360.3,2005-04-23 03:52:00,10,5,N,57,5,22000,5,9,N,16093,5,N,5,150,C,10,C,99999,9,False,
99999903948,35.25,-97.46667,360.3,2005-04-23 04:52:00,10,5,N,57,5,22000,5,9,N,16093,5,N,5,130,C,10,C,99999,9,False,
99999903948,35.25,-97.46667,360.3,2005-04-23 05:52:00,10,5,N,77,5,22000,5,9,N,16093,5,N,5,120,C,10,C,99999,9,False,
99999903948,35.25,-97.46667,360.3,2005-04-23 06:52:00,20,5,N,88,5,22000,5,9,N,16093,5,N,5,110,C,20,C,99999,9,False,
99999903948,35.25,-97.46667,360.3,2005-04-23 07:52:00,20,5,N,62,5,22000,5,9,N,16093,5,N,5,90,C,20,C,99999,9,False,
99999903948,35.25,-97.46667,360.3,2005-04-23 08:52:00,20,5,N,82,5,22000,5,9,N,16093,5,N,5,90,C,10,C,99999,9,False,
99999903948,35.25,-97.46667,360.3,2005-04-23 09:52:00,20,5,N,67,5,22000,5,9,N,16093,5,N,5,80,C,0,C,99999,9,False,
99999903948,35.25,-97.46667,360.3,2005-04-23 10:52:00,10,5,N,57,5,22000,5,9,N,16093,5,N,5,70,C,0,C,99999,9,False,
99999903948,35.25,-97.46667,360.3,2005-04-23 11:52:00,350,5,N,51,5,22000,5,9,N,16093,5,N,5,70,C,10,C,99999,9,False,
99999903948,35.25,-97.46667,360.3,2005-04-23 12:52:00,360,5,N,67,5,22000,5,9,N,16093,5,N,5,90,C,10,C,99999,9,False,
99999903948,35.25,-97.46667,360.3,2005-04-23 13:52:00,360,5,N,108,5,22000,5,9,N,16093,5,N,5,100,C,-10,C,99999,9,False,
99999903948,35.25,-97.46667,360.3,2005-04-23 14:52:00,20,5,N,98,5,22000,5,9,N,16093,5,N,5,110,C,-10,C,99999,9,False,
99999903948,35.25,-97.46667,360.3,2005-04-23 15:53:00,10,5,N,67,5,22000,5,9,N,16093,5,N,5,120,C,-10,C,99999,9,False,
99999903948,35.25,-97.46667,360.3,2005-04-23 16:52:00,20,5,N,82,5,22000,5,9,N,11265,5,N,5,140,C,-20,C,99999,9,False,
99999903948,35.25,-97.46667,360.3,2005-04-23 17:32:00,30,5,N,77,5,22000,5,9,N,16093,5,N,5,160,C,-30,C,99999,9,False,
99999903948,35.25,-97.46667,360.3,2005-04-23 18:52:00,20,5,N,62,5,22000,5,9,N,16093,5,N,5,170,C,-30,C,99999,9,False,
99999903948,35.25,-97.46667,360.3,2005-04-23 19:55:00,30,5,N,41,5,22000,5,9,N,16093,5,N,5,180,C,-40,C,99999,9,False,
99999903948,35.25,-97.46667,360.3,2005-04-23 20:52:00,30,5,N,46,5,22000,5,9,N,16093,5,N,5,180,C,-30,C,99999,9,False,
99999903948,35.25,-97.46667,360.3,2005-04-23 21:52:00,20,5,N,57,5,22000,5,9,N,16093,5,N,5,180,C,-40,C,99999,9,False,
99999903948,35.25,-97.46667,360.3,2005-04-23 22:52:00,20,5,N,51,5,22000,5,9,N,16093,5,N,5,180,C,-40,C,99999,9,False,
99999903948,35.25,-97.46667,360.3,2005-04-23 23:52:00,10,5,N,51,5,22000,5,9,N,16093,5,N,5,170,C,-40,C,99999,9,False,
99999903948,35.25,-97.46667,360.3,2005-04-24 00:54:00,30,5,N,26,5,22000,5,9,N,16093,5,N,5,140,C,-30,C,99999,9,False,
99999903948,35.25,-97.46667,360.3,2005-04-24 01:53:00,360,5,N,21,5,22000,5,9,N,16093,5,N,5,110,C,-30,C,99999,9,False,
99999903948,35.25,-97.46667,360.3,2005-04-24 02:52:00,350,5,N,26,5,22000,5,9,N,16093,5,N,5,90,C,-20,C,99999,9,False,
99999903948,35.25,-97.46667,360.3,2005-04-24 03:52:00,310,5,N,21,5,22000,5,9,N,16093,5,N,5,90,C,-20,C,99999,9,False,
99999903948,35.25,-97.46667,360.3,2005-04-24 04:52:00,310,5,N,21,5,22000,5,9,N,16093,5,N,5,80,C,-10,C,99999,9,False,
99999903948,35.25,-97.46667,360.3,2005-04-24 05:52:00,999,9,C,0,5,22000,5,9,N,16093,5,N,5,60,C,-30,C,99999,9,False,
99999903948,35.25,-97.46667,360.3,2005-04-24 06:52:00,999,9,C,0,5,22000,5,9,N,16093,5,N,5,50,C,-20,C,99999,9,False,
99999903948,35.25,-97.46667,360.3,2005-04-24 07:52:00,40,5,N,21,5,22000,5,9,N,16093,5,N,5,60,C,-20,C,99999,9,False,
99999903948,35.25,-97.46667,360.3,2005-04-24 08:52:00,999,9,C,0,5,22000,5,9,N,16093,5,N,5,50,C,-20,C,99999,9,False,
99999903948,35.25,-97.46667,360.3,2005-04-24 09:52:00,60,5,N,31,5,22000,5,9,N,16093,5,N,5,40,C,-20,C,99999,9,False,
99999903948,35.25,-97.46667,360.3,2005-04-24 10:52:00,70,5,N,31,5,22000,5,9,N,16093,5,N,5,40,C,-10,C,99999,9,False,
99999903948,35.25,-97.46667,360.3,2005-04-24 11:52:00,999,9,C,0,5,22000,5,9,N,16093,5,N,5,40,C,-20,C,99999,9,False,
99999903948,35.25,-97.46667,360.3,2005-04-24 12:52:00,999,9,C,0,5,22000,5,9,N,16093,5,N,5,80,C,10,C,99999,9,False,
99999903948,35.25,-97.46667,360.3,2005-04-24 13:53:00,100,5,N,36,5,22000,5,9,N,16093,5,N,5,110,C,-10,C,99999,9,False,
99999903948,35.25,-97.46667,360.3,2005-04-24 14:52:00,110,5,N,36,5,22000,5,9,N,16093,5,N,5,130,C,-20,C,99999,9,False,
99999903948,35.25,-97.46667,360.3,2005-04-24 15:52:00,110,5,N,31,5,22000,5,9,N,16093,5,N,5,150,C,-20,C,99999,9,False,
99999903948,35.25,-97.46667,360.3,2005-04-24 16:55:00,80,5,N,21,5,22000,5,9,N,16093,5,N,5,170,C,-10,C,99999,9,False,
99999903948,35.25,-97.46667,360.3,2005-04-24 17:52:00,170,5,N,15,5,22000,5,9,N,16093,5,N,5,180,C,0,C,99999,9,False,
99999903948,35.25,-97.46667,360.3,2005-04-24 18:52:00,120,5,N,15,5,22000,5,9,N,16093,5,N,5,190,C,-10,C,99999,9,False,
99999903948,35.25,-97.46667,360.3,2005-04-24 19:52:00,100,5,N,21,5,22000,5,9,N,16093,5,N,5,210,C,-10,C,99999,9,False,
99999903948,35.25,-97.46667,360.3,2005-04-24 20:52:00,250,5,N,21,5,22000,5,9,N,16093,5,N,5,210,C,-10,C,99999,9,False,
99999903948,35.25,-97.46667,360.3,2005-04-24 21:54:00,220,5,N,36,5,22000,5,9,N,16093,5,N,5,190,C,-10,C,99999,9,False,
99999903948,35.25,-97.46667,360.3,2005-04-24 22:52:00,230,5,N,21,5,22000,5,9,N,16093,5,N,5,180,C,-10,C,99999,9,False,
99999903948,35.25,-97.46667,360.3,2005-04-24 23:52:00,200,5,N,26,5,22000,5,9,N,16093,5,N,5,180,C,-20,C,99999,9,False,
99999903948,35.25,-97.46667,360.3,2005-04-25 00:52:00,170,5,N,15,5,22000,5,9,N,16093,5,N,5,170,C,-10,C,99999,9,False,
99999903948,35.25,-97.46667,360.3,2005-04-25 01:52:00,220,5,N,62,5,2743,5,M,N,16093,5,N,5,140,C,40,C,99999,9,False,
99999903948,35.25,-97.46667,360.3,2005-04-25 02:52:00,220,5,N,26,5,2743,5,M,N,16093,5,N,5,110,C,70,C,99999,9,False,
99999903948,35.25,-97.46667,360.3,2005-04-25 03:52:00,999,9,C,0,5,2438,5,M,N,16093,5,N,5,110,C,70,C,99999,9,False,
99999903948,35.25,-97.46667,360.3,2005-04-25 04:52:00,999,9,C,0,5,2438,5,M,N,16093,5,N,5,110,C,70,C,99999,9,False,
99999903948,35.25,-97.46667,360.3,2005-04-25 05:52:00,999,9,C,0,5,2438,5,M,N,16093,5,N,5,110,C,70,C,99999,9,False,
99999903948,35.25,-97.46667,360.3,2005-04-25 05:59:00,999,9,9,9999,9,99999,9,9,9,999999,9,9,9,9999,9,9999,9,99999,9,False,
99999903948,35.25,-97.46667,360.3,2005-04-25 06:52:00,999,9,C,0,5,22000,5,9,N,16093,5,N,5,80,C,50,C,99999,9,False,
99999903948,35.25,-97.46667,360.3,2005-04-25 07:52:00,999,9,C,0,5,22000,5,9,N,16093,5,N,5,70,C,40,C,99999,9,False,
99999903948,35.25,-97.46667,360.3,2005-04-25 08:52:00,999,9,C,0,5,22000,5,9,N,16093,5,N,5,80,C,60,C,99999,9,False,
99999903948,35.25,-97.46667,360.3,2005-04-25 09:52:00,160,5,N,15,5,2743,5,M,N,16093,5,N,5,90,C,70,C,99999,9,False,
99999903948,35.25,-97.46667,360.3,2005-04-25 10:55:00,150,5,N,31,5,22000,5,9,N,16093,5,N,5,100,C,70,C,99999,9,False,
99999903948,35.25,-97.46667,360.3,2005-04-25 11:52:00,170,5,N,31,5,2438,5,M,N,16093,5,N,5,100,C,70,C,99999,9,False,
99999903948,35.25,-97.46667,360.3,2005-04-25 12:52:00,170,5,N,46,5,2134,5,M,N,16093,5,N,5,100,C,70,C,99999,9,False,
99999903948,35.25,-97.46667,360.3,2005-04-25 13:52:00,170,5,N,72,5,22000,5,9,N,16093,5,N,5,90,C,80,C,99999,9,False,
99999903948,35.25,-97.46667,360.3,2005-04-25 14:52:00,180,5,N,82,5,22000,5,9,N,16093,5,N,5,120,C,90,C,99999,9,False,
99999903948,35.25,-97.46667,360.3,2005-04-25 15:54:00,190,5,N,82,5,22000,5,9,N,16093,5,N,5,160,C,90,C,99999,9,False,
99999903948,35.25,-97.46667,360.3,2005-04-25 16:52:00,190,5,N,98,5,22000,5,9,N,16093,5,N,5,180,C,100,C,99999,9,False,
99999903948,35.25,-97.46667,360.3,2005-04-25 17:52:00,190,5,N,67,5,22000,5,9,N,16093,5,N,5,190,C,9999,9,99999,9,False,
99999903948,35.25,-97.46667,360.3,2005-04-25 18:53:00,200,5,N,77,5,22000,5,9,N,16093,5,N,5,210,C,90,C,99999,9,False,
99999903948,35.25,-97.46667,360.3,2005-04-25 19:52:00,190,5,N,62,5,22000,5,9,N,16093,5,N,5,210,C,90,C,99999,9,False,
99999903948,35.25,-97.46667,360.3,2005-04-25 20:52:00,190,5,N,57,5,1433,5,M,N,16093,5,N,5,230,C,90,C,99999,9,False,
99999903948,35.25,-97.46667,360.3,2005-04-25 21:52:00,240,5,N,57,5,22000,5,9,N,16093,5,N,5,220,C,90,C,99999,9,False,
99999903948,35.25,-97.46667,360.3,2005-04-25 22:52:00,270,5,N,41,5,22000,5,9,N,16093,5,N,5,220,C,80,C,99999,9,False,
99999903948,35.25,-97.46667,360.3,2005-04-25 23:52:00,290,5,N,31,5,22000,5,9,N,16093,5,N,5,220,C,80,C,99999,9,False,
99999903948,35.25,-97.46667,360.3,2005-04-26 00:52:00,340,5,N,88,5,2591,5,M,N,16093,5,N,5,180,C,100,C,99999,9,False,
99999903948,35.25,-97.46667,360.3,2005-04-26 01:54:00,360,5,N,62,5,22000,5,9,N,16093,5,N,5,150,C,90,C,99999,9,False,
99999903948,35.25,-97.46667,360.3,2005-04-26 02:52:00,360,5,N,93,5,22000,5,9,N,16093,5,N,5,140,C,80,C,99999,9,False,
99999903948,35.25,-97.46667,360.3,2005-04-26 03:52:00,360,5,N,77,5,1981,5,M,N,16093,5,N,5,130,C,80,C,99999,9,False,
99999903948,35.25,-97.46667,360.3,2005-04-26 04:54:00,360,5,N,62,5,22000,5,9,N,16093,5,N,5,110,C,80,C,99999,9,False,
99999903948,35.25,-97.46667,360.3,2005-04-26 05:52:00,360,5,N,57,5,22000,5,9,N,16093,5,N,5,110,C,80,C,99999,9,False,
99999903948,35.25,-97.46667,360.3,2005-04-26 05:59:00,999,9,9,9999,9,99999,9,9,9,999999,9,9,9,9999,9,9999,9,99999,9,False,
99999903948,35.25,-97.46667,360.3,2005-04-26 06:52:00,350,5,N,51,5,1280,5,M,N,16093,5,N,5,120,C,80,C,99999,9,False,
99999903948,35.25,-97.46667,360.3,2005-04-26 07:52:00,360,5,N,31,5,22000,5,9,N,16093,5,N,5,100,C,60,C,99999,9,False,
99999903948,35.25,-97.46667,360.3,2005-04-26 08:52:00,320,5,N,26,5,22000,5,9,N,16093,5,N,5,80,C,40,C,99999,9,False,
99999903948,35.25,-97.46667,360.3,2005-04-26 09:52:00,310,5,N,31,5,22000,5,9,N,16093,5,N,5,70,C,30,C,99999,9,False,
99999903948,35.25,-97.46667,360.3,2005-04-26 10:52:00,310,5,N,26,5,22000,5,9,N,16093,5,N,5,60,C,20,C,99999,9,False,
99999903948,35.25,-97.46667,360.3,2005-04-26 11:52:00,999,9,9,9999,9,22000,5,9,N,16093,5,N,5,50,C,30,C,99999,9,False,
99999903948,35.25,-97.46667,360.3,2005-04-26 12:54:00,290,5,N,21,5,22000,5,9,N,16093,5,N,5,80,C,40,C,99999,9,False,
99999903948,35.25,-97.46667,360.3,2005-04-26 13:52:00,260,5,N,26,5,22000,5,9,N,16093,5,N,5,120,C,50,C,99999,9,False,
99999903948,35.25,-97.46667,360.3,2005-04-26 14:52:00,240,5,N,46,5,22000,5,9,N,16093,5,N,5,150,C,30,C,99999,9,False,
99999903948,35.25,-97.46667,360.3,2005-04-26 15:52:00,270,5,N,67,5,22000,5,9,N,16093,5,N,5,180,C,30,C,99999,9,False,
99999903948,35.25,-97.46667,360.3,2005-04-26 16:52:00,300,5,N,88,5,22000,5,9,N,16093,5,N,5,210,C,30,C,99999,9,False,
99999903948,35.25,-97.46667,360.3,2005-04-26 17:52:00,310,5,N,88,5,22000,5,9,N,16093,5,N,5,220,C,30,C,99999,9,False,
99999903948,35.25,-97.46667,360.3,2005-04-26 18:52:00,330,5,N,82,5,22000,5,9,N,11265,5,N,5,220,C,10,C,99999,9,False,
99999903948,35.25,-97.46667,360.3,2005-04-26 19:52:00,290,5,N,57,5,22000,5,9,N,16093,5,N,5,230,C,-10,C,99999,9,False,
99999903948,35.25,-97.46667,360.3,2005-04-26 20:56:00,300,5,N,93,5,22000,5,9,N,16093,5,N,5,230,C,-10,C,99999,9,False,
99999903948,35.25,-97.46667,360.3,2005-04-26 21:54:00,320,5,N,62,5,22000,5,9,N,16093,5,N,5,230,C,-10,C,99999,9,False,
99999903948,35.25,-97.46667,360.3,2005-04-26 22:52:00,330,5,N,72,5,22000,5,9,N,16093,5,N,5,230,C,-20,C,99999,9,False,
99999903948,35.25,-97.46667,360.3,2005-04-26 23:56:00,330,5,N,51,5,22000,5,9,N,16093,5,N,5,220,C,-10,C,99999,9,False,
99999903948,35.25,-97.46667,360.3,2005-04-27 00:52:00,320,5,N,26,5,22000,5,9,N,16093,5,N,5,200,C,0,C,99999,9,False,
99999903948,35.25,-97.46667,360.3,2005-04-27 01:52:00,10,5,N,41,5,22000,5,9,N,16093,5,N,5,160,C,-10,C,99999,9,False,
99999903948,35.25,-97.46667,360.3,2005-04-27 02:52:00,50,5,N,26,5,22000,5,9,N,16093,5,N,5,130,C,20,C,99999,9,False,
99999903948,35.25,-97.46667,360.3,2005-04-27 03:52:00,60,5,N,15,5,22000,5,9,N,16093,5,N,5,120,C,20,C,99999,9,False,
99999903948,35.25,-97.46667,360.3,2005-04-27 04:52:00,50,5,N,15,5,22000,5,9,N,16093,5,N,5,110,C,20,C,99999,9,False,
99999903948,35.25,-97.46667,360.3,2005-04-27 05:52:00,999,9,C,0,5,22000,5,9,N,16093,5,N,5,90,C,20,C,99999,9,False,
99999903948,35.25,-97.46667,360.3,2005-04-27 06:52:00,70,5,N,15,5,22000,5,9,N,16093,5,N,5,90,C,20,C,99999,9,False,
99999903948,35.25,-97.46667,360.3,2005-04-27 07:52:00,999,9,C,0,5,22000,5,9,N,16093,5,N,5,110,C,30,C,99999,9,False,
99999903948,35.25,-97.46667,360.3,2005-04-27 08:52:00,999,9,C,0,5,22000,5,9,N,16093,5,N,5,110,C,30,C,99999,9,False,
99999903948,35.25,-97.46667,360.3,2005-04-27 09:52:00,999,9,C,0,5,22000,5,9,N,16093,5,N,5,90,C,30,C,99999,9,False,
99999903948,35.25,-97.46667,360.3,2005-04-27 10:52:00,999,9,C,0,5,22000,5,9,N,16093,5,N,5,80,C,20,C,99999,9,False,
99999903948,35.25,-97.46667,360.3,2005-04-27 11:52:00,999,9,C,0,5,22000,5,9,N,16093,5,N,5,70,C,20,C,99999,9,False,
99999903948,35.25,-97.46667,360.3,2005-04-27 12:52:00,999,9,C,0,5,22000,5,9,N,16093,5,N,5,110,C,60,C,99999,9,False,
99999903948,35.25,-97.46667,360.3,2005-04-27 13:52:00,160,5,N,15,5,22000,5,9,N,16093,5,N,5,150,C,50,C,99999,9,False,
99999903948,35.25,-97.46667,360.3,2005-04-27 14:52:00,130,5,N,31,5,22000,5,9,N,16093,5,N,5,180,C,30,C,99999,9,False,
99999903948,35.25,-97.46667,360.3,2005-04-27 15:52:00,120,5,N,36,5,22000,5,9,N,16093,5,N,5,190,C,10,C,99999,9,False,
99999903948,35.25,-97.46667,360.3,2005-04-27 16:53:00,110,5,N,46,5,22000,5,9,N,16093,5,N,5,210,C,20,C,99999,9,False,
99999903948,35.25,-97.46667,360.3,2005-04-27 17:53:00,100,5,N,46,5,22000,5,9,N,16093,5,N,5,220,C,30,C,99999,9,False,
99999903948,35.25,-97.46667,360.3,2005-04-27 18:52:00,180,5,N,51,5,22000,5,9,N,16093,5,N,5,230,C,30,C,99999,9,False,
99999903948,35.25,-97.46667,360.3,2005-04-27 19:52:00,120,5,N,51,5,22000,5,9,N,16093,5,N,5,230,C,30,C,99999,9,False,
99999903948,35.25,-97.46667,360.3,2005-04-27 20:52:00,170,5,N,67,5,22000,5,9,N,16093,5,N,5,240,C,40,C,99999,9,False,
99999903948,35.25,-97.46667,360.3,2005-04-27 21:52:00,170,5,N,72,5,22000,5,9,N,16093,5,N,5,240,C,50,C,99999,9,False,
99999903948,35.25,-97.46667,360.3,2005-04-27 22:52:00,160,5,N,62,5,22000,5,9,N,16093,5,N,5,250,C,60,C,99999,9,False,
99999903948,35.25,-97.46667,360.3,2005-04-27 23:52:00,160,5,N,57,5,22000,5,9,N,16093,5,N,5,230,C,70,C,99999,9,False,
99999903948,35.25,-97.46667,360.3,2005-04-28 00:52:00,140,5,N,51,5,22000,5,9,N,16093,5,N,5,230,C,80,C,99999,9,False,
99999903948,35.25,-97.46667,360.3,2005-04-28 01:52:00,140,5,N,57,5,22000,5,9,N,16093,5,N,5,210,C,80,C,99999,9,False,
99999903948,35.25,-97.46667,360.3,2005-04-28 02:52:00,130,5,N,41,5,22000,5,9,N,16093,5,N,5,190,C,80,C,99999,9,False,
99999903948,35.25,-97.46667,360.3,2005-04-28 03:52:00,130,5,N,51,5,22000,5,9,N,16093,5,N,5,190,C,90,C,99999,9,False,
99999903948,35.25,-97.46667,360.3,2005-04-28 04:52:00,110,5,N,62,5,22000,5,9,N,16093,5,N,5,180,C,90,C,99999,9,False,
99999903948,35.25,-97.46667,360.3,2005-04-28 05:52:00,120,5,N,62,5,22000,5,9,N,16093,5,N,5,180,C,90,C,99999,9,False,
99999903948,35.25,-97.46667,360.3,2005-04-28 06:52:00,360,5,N,72,5,22000,5,9,N,16093,5,N,5,180,C,90,C,99999,9,False,
99999903948,35.25,-97.46667,360.3,2005-04-28 07:52:00,180,5,N,31,5,22000,5,9,N,16093,5,N,5,200,C,90,C,99999,9,False,
99999903948,35.25,-97.46667,360.3,2005-04-28 08:52:00,180,5,N,31,5,22000,5,9,N,16093,5,N,5,170,C,90,C,99999,9,False,
99999903948,35.25,-97.46667,360.3,2005-04-28 09:52:00,130,5,N,21,5,22000,5,9,N,16093,5,N,5,170,C,90,C,99999,9,False,
99999903948,35.25,-97.46667,360.3,2005-04-28 10:52:00,150,5,N,31,5,22000,5,9,N,16093,5,N,5,140,C,90,C,99999,9,False,
99999903948,35.25,-97.46667,360.3,2005-04-28 11:52:00,160,5,N,15,5,22000,5,9,N,16093,5,N,5,160,C,90,C,99999,9,False,
99999903948,35.25,-97.46667,360.3,2005-04-28 12:52:00,190,5,N,51,5,22000,5,9,N,16093,5,N,5,190,C,110,C,99999,9,False,
99999903948,35.25,-97.46667,360.3,2005-04-28 13:52:00,210,5,N,67,5,22000,5,9,N,16093,5,N,5,220,C,110,C,99999,9,False,
99999903948,35.25,-97.46667,360.3,2005-04-28 14:52:00,260,5,N,62,5,22000,5,9,N,16093,5,N,5,240,C,110,C,99999,9,False,
99999903948,35.25,-97.46667,360.3,2005-04-28 15:12:00,260,5,N,77,5,22000,5,9,N,16093,5,N,5,240,5,110,5,99999,9,False,
99999903948,35.25,-97.46667,360.3,2005-04-28 15:52:00,310,5,N,77,5,22000,5,9,N,16093,5,N,5,240,C,110,C,99999,9,False,
99999903948,35.25,-97.46667,360.3,2005-04-28 16:56:00,280,5,N,67,5,22000,5,9,N,16093,5,N,5,220,C,90,C,99999,9,False,
99999903948,35.25,-97.46667,360.3,2005-04-28 17:52:00,330,5,N,57,5,22000,5,9,N,16093,5,N,5,230,C,110,C,99999,9,False,
99999903948,35.25,-97.46667,360.3,2005-04-28 18:52:00,320,5,N,57,5,22000,5,9,N,16093,5,N,5,230,C,110,C,99999,9,False,
99999903948,35.25,-97.46667,360.3,2005-04-28 19:52:00,10,5,N,62,5,22000,5,9,N,16093,5,N,5,230,C,110,C,99999,9,False,
99999903948,35.25,-97.46667,360.3,2005-04-28 20:52:00,330,5,N,51,5,22000,5,9,N,16093,5,N,5,230,C,110,C,99999,9,False,
99999903948,35.25,-97.46667,360.3,2005-04-28 21:52:00,360,5,N,62,5,22000,5,9,N,16093,5,N,5,220,C,110,C,99999,9,False,
99999903948,35.25,-97.46667,360.3,2005-04-28 22:52:00,350,5,N,46,5,22000,5,9,N,16093,5,N,5,210,C,100,C,99999,9,False,
99999903948,35.25,-97.46667,360.3,2005-04-28 23:52:00,350,5,N,46,5,22000,5,9,N,16093,5,N,5,190,C,110,C,99999,9,False,
99999903948,35.25,-97.46667,360.3,2005-04-29 00:52:00,10,5,N,41,5,22000,5,9,N,16093,5,N,5,180,C,110,C,99999,9,False,
99999903948,35.25,-97.46667,360.3,2005-04-29 01:52:00,50,5,N,31,5,22000,5,9,N,16093,5,N,5,160,C,100,C,99999,9,False,
99999903948,35.25,-97.46667,360.3,2005-04-29 02:52:00,30,5,N,46,5,22000,5,9,N,16093,5,N,5,160,C,100,C,99999,9,False,
99999903948,35.25,-97.46667,360.3,2005-04-29 03:52:00,40,5,N,67,5,22000,5,9,N,16093,5,N,5,140,C,90,C,99999,9,False,
99999903948,35.25,-97.46667,360.3,2005-04-29 04:52:00,50,5,N,41,5,22000,5,9,N,16093,5,N,5,140,C,90,C,99999,9,False,
99999903948,35.25,-97.46667,360.3,2005-04-29 05:52:00,40,5,N,46,5,22000,5,9,N,16093,5,N,5,130,C,90,C,99999,9,False,
99999903948,35.25,-97.46667,360.3,2005-04-29 06:52:00,60,5,N,51,5,488,5,M,N,16093,5,N,5,130,C,90,C,99999,9,False,
99999903948,35.25,-97.46667,360.3,2005-04-29 07:52:00,40,5,N,57,5,488,5,M,N,16093,5,N,5,130,C,90,C,99999,9,False,
99999903948,35.25,-97.46667,360.3,2005-04-29 08:52:00,30,5,N,46,5,549,5,M,N,16093,5,N,5,120,C,80,C,99999,9,False,
99999903948,35.25,-97.46667,360.3,2005-04-29 09:52:00,40,5,N,62,5,1372,5,M,N,16093,5,N,5,120,C,80,C,99999,9,False,
99999903948,35.25,-97.46667,360.3,2005-04-29 10:52:00,20,5,N,51,5,1250,5,M,N,16093,5,N,5,120,C,80,C,99999,9,False,
99999903948,35.25,-97.46667,360.3,2005-04-29 11:52:00,10,5,N,72,5,518,5,M,N,16093,5,N,5,110,C,70,C,99999,9,False,
99999903948,35.25,-97.46667,360.3,2005-04-29 12:52:00,10,5,N,72,5,518,5,M,N,11265,5,N,5,110,C,70,C,99999,9,False,
99999903948,35.25,-97.46667,360.3,2005-04-29 13:52:00,10,5,N,57,5,518,5,M,N,11265,5,N,5,110,C,70,C,99999,9,False,
99999903948,35.25,-97.46667,360.3,2005-04-29 14:56:00,350,5,N,67,5,457,5,M,N,11265,5,N,5,120,C,70,C,99999,9,False,
99999903948,35.25,-97.46667,360.3,2005-04-29 15:52:00,350,5,N,77,5,457,5,M,N,11265,5,N,5,100,C,60,C,99999,9,False,
99999903948,35.25,-97.46667,360.3,2005-04-29 16:52:00,10,5,N,67,5,518,5,M,N,11265,5,N,5,100,C,50,C,99999,9,False,
99999903948,35.25,-97.46667,360.3,2005-04-29 17:54:00,360,5,N,77,5,518,5,M,N,11265,5,N,5,110,C,60,C,99999,9,False,
99999903948,35.25,-97.46667,360.3,2005-04-29 18:52:00,10,5,N,57,5,579,5,M,N,11265,5,N,5,110,C,60,C,99999,9,False,
99999903948,35.25,-97.46667,360.3,2005-04-29 19:52:00,350,5,N,67,5,640,5,M,N,11265,5,N,5,120,C,60,C,99999,9,False,
99999903948,35.25,-97.46667,360.3,2005-04-29 20:52:00,350,5,N,93,5,701,5,M,N,11265,5,N,5,120,C,60,C,99999,9,False,
99999903948,35.25,-97.46667,360.3,2005-04-29 21:52:00,350,5,N,88,5,640,5,M,N,8047,5,N,5,110,C,60,C,99999,9,False,
99999903948,35.25,-97.46667,360.3,2005-04-29 22:52:00,360,5,N,88,5,579,5,M,N,11265,5,N,5,100,C,50,C,99999,9,False,
99999903948,35.25,-97.46667,360.3,2005-04-29 23:52:00,360,5,N,67,5,579,5,M,N,16093,5,N,5,90,C,40,C,99999,9,False,
99999903948,35.25,-97.46667,360.3,2005-04-30 00:52:00,10,5,N,67,5,579,5,M,N,16093,5,N,5,90,C,40,C,99999,9,False,
99999903948,35.25,-97.46667,360.3,2005-04-30 01:52:00,360,5,N,88,5,579,5,M,N,16093,5,N,5,80,C,40,C,99999,9,False,
99999903948,35.25,-97.46667,360.3,2005-04-30 02:52:00,10,5,N,77,5,732,5,M,N,16093,5,N,5,80,C,40,C,99999,9,False,
99999903948,35.25,-97.46667,360.3,2005-04-30 03:52:00,360,5,N,41,5,1036,5,M,N,16093,5,N,5,80,C,40,C,99999,9,False,
99999903948,35.25,-97.46667,360.3,2005-04-30 04:52:00,360,5,N,46,5,1036,5,M,N,16093,5,N,5,80,C,40,C,99999,9,False,
99999903948,35.25,-97.46667,360.3,2005-04-30 05:52:00,10,5,N,72,5,1280,5,M,N,16093,5,N,5,80,C,30,C,99999,9,False,
99999903948,35.25,-97.46667,360.3,2005-04-30 05:59:00,999,9,9,9999,9,99999,9,9,9,999999,9,9,9,9999,9,9999,9,99999,9,False,
99999903948,35.25,-97.46667,360.3,2005-04-30 06:52:00,10,5,N,57,5,22000,5,9,N,16093,5,N,5,70,C,20,C,99999,9,False,
99999903948,35.25,-97.46667,360.3,2005-04-30 07:54:00,10,5,N,41,5,22000,5,9,N,16093,5,N,5,60,C,20,C,99999,9,False,
99999903948,35.25,-97.46667,360.3,2005-04-30 08:52:00,10,5,N,62,5,22000,5,9,N,16093,5,N,5,60,C,20,C,99999,9,False,
99999903948,35.25,-97.46667,360.3,2005-04-30 09:52:00,330,5,N,26,5,22000,5,9,N,16093,5,N,5,60,C,10,C,99999,9,False,
99999903948,35.25,-97.46667,360.3,2005-04-30 10:52:00,320,5,N,36,5,22000,5,9,N,16093,5,N,5,50,C,10,C,99999,9,False,
99999903948,35.25,-97.46667,360.3,2005-04-30 11:52:00,350,5,N,31,5,22000,5,9,N,16093,5,N,5,40,C,10,C,99999,9,False,
99999903948,35.25,-97.46667,360.3,2005-04-30 12:52:00,360,5,N,57,5,22000,5,9,N,16093,5,N,5,70,C,10,C,99999,9,False,
99999903948,35.25,-97.46667,360.3,2005-04-30 13:52:00,10,5,N,62,5,22000,5,9,N,16093,5,N,5,90,C,10,C,99999,9,False,
99999903948,35.25,-97.46667,360.3,2005-04-30 14:52:00,20,5,N,51,5,22000,5,9,N,16093,5,N,5,120,C,10,C,99999,9,False,
99999903948,35.25,-97.46667,360.3,2005-04-30 15:52:00,20,5,N,46,5,22000,5,9,N,16093,5,N,5,140,C,0,C,99999,9,False,
99999903948,35.25,-97.46667,360.3,2005-04-30 16:52:00,10,5,N,46,5,22000,5,9,N,16093,5,N,5,160,C,-20,C,99999,9,False,
99999903948,35.25,-97.46667,360.3,2005-04-30 17:54:00,20,5,N,62,5,22000,5,9,N,16093,5,N,5,170,C,-10,C,99999,9,False,
99999903948,35.25,-97.46667,360.3,2005-04-30 18:52:00,340,5,N,41,5,22000,5,9,N,16093,5,N,5,190,C,-20,C,99999,9,False,
99999903948,35.25,-97.46667,360.3,2005-04-30 19:52:00,330,5,N,31,5,22000,5,9,N,16093,5,N,5,190,C,-20,C,99999,9,False,
99999903948,35.25,-97.46667,360.3,2005-04-30 20:52:00,70,5,N,31,5,22000,5,9,N,16093,5,N,5,200,C,-20,C,99999,9,False,
99999903948,35.25,-97.46667,360.3,2005-04-30 21:52:00,40,5,N,15,5,22000,5,9,N,16093,5,N,5,210,C,-20,C,99999,9,False,
99999903948,35.25,-97.46667,360.3,2005-04-30 22:52:00,40,5,N,36,5,22000,5,9,N,16093,5,N,5,210,C,-20,C,99999,9,False,
99999903948,35.25,-97.46667,360.3,2005-04-30 23:52:00,40,5,N,26,5,22000,5,9,N,16093,5,N,5,200,C,-20,C,99999,9,False,
99999903948,35.25,-97.46667,360.3,2005-05-01 00:52:00,70,5,N,15,5,22000,5,9,N,16093,5,N,5,170,C,-30,C,99999,9,False,
99999903948,35.25,-97.46667,360.3,2005-05-01 01:52:00,50,5,N,15,5,22000,5,9,N,16093,5,N,5,130,C,-20,C,99999,9,False,
99999903948,35.25,-97.46667,360.3,2005-05-01 02:53:00,100,5,N,21,5,22000,5,9,N,16093,5,N,5,120,C,-10,C,99999,9,False,
99999903948,35.25,-97.46667,360.3,2005-05-01 03:52:00,999,9,C,0,5,22000,5,9,N,16093,5,N,5,110,C,-20,C,99999,9,False,
99999903948,35.25,-97.46667,360.3,2005-05-01 04:52:00,999,9,C,0,5,22000,5,9,N,16093,5,N,5,80,C,-20,C,99999,9,False,
99999903948,35.25,-97.46667,360.3,2005-05-01 05:52:00,999,9,C,0,5,22000,5,9,N,16093,5,N,5,60,C,0,C,99999,9,False,
99999903948,35.25,-97.46667,360.3,2005-05-01 06:52:00,999,9,C,0,5,22000,5,9,N,16093,5,N,5,60,C,0,C,99999,9,False,
99999903948,35.25,-97.46667,360.3,2005-05-01 07:52:00,999,9,C,0,5,22000,5,9,N,16093,5,N,5,50,C,0,C,99999,9,False,
99999903948,35.25,-97.46667,360.3,2005-05-01 08:52:00,999,9,C,0,5,22000,5,9,N,16093,5,N,5,50,C,10,C,99999,9,False,
99999903948,35.25,-97.46667,360.3,2005-05-01 09:52:00,999,9,C,0,5,22000,5,9,N,16093,5,N,5,60,C,20,C,99999,9,False,
99999903948,35.25,-97.46667,360.3,2005-05-01 10:52:00,999,9,C,0,5,22000,5,9,N,16093,5,N,5,80,C,30,C,99999,9,False,
99999903948,35.25,-97.46667,360.3,2005-05-01 11:52:00,999,9,C,0,5,22000,5,9,N,16093,5,N,5,70,C,30,C,99999,9,False,
99999903948,35.25,-97.46667,360.3,2005-05-01 12:52:00,999,9,C,0,5,3048,5,M,N,16093,5,N,5,90,C,40,C,99999,9,False,
99999903948,35.25,-97.46667,360.3,2005-05-01 13:54:00,999,9,C,0,5,2743,5,M,N,16093,5,N,5,110,C,40,C,99999,9,False,
99999903948,35.25,-97.46667,360.3,2005-05-01 14:53:00,20,5,N,31,5,22000,5,9,N,16093,5,N,5,130,C,20,C,99999,9,False,
99999903948,35.25,-97.46667,360.3,2005-05-01 15:52:00,40,5,N,26,5,22000,5,9,N,16093,5,N,5,130,C,20,C,99999,9,False,
99999903948,35.25,-97.46667,360.3,2005-05-01 16:53:00,50,5,N,31,5,2438,5,M,N,16093,5,N,5,150,C,20,C,99999,9,False,
99999903948,35.25,-97.46667,360.3,2005-05-01 17:52:00,40,5,N,21,5,22000,5,9,N,16093,5,N,5,160,C,0,C,99999,9,False,
99999903948,35.25,-97.46667,360.3,2005-05-01 18:52:00,80,5,N,15,5,22000,5,9,N,16093,5,N,5,170,C,0,C,99999,9,False,
99999903948,35.25,-97.46667,360.3,2005-05-01 19:57:00,60,5,N,21,5,22000,5,9,N,16093,5,N,5,190,C,10,C,99999,9,False,
99999903948,35.25,-97.46667,360.3,2005-05-01 20:52:00,60,5,N,31,5,22000,5,9,N,16093,5,N,5,180,C,10,C,99999,9,False,
99999903948,35.25,-97.46667,360.3,2005-05-01 21:52:00,50,5,N,46,5,22000,5,9,N,16093,5,N,5,180,C,10,C,99999,9,False,
99999903948,35.25,-97.46667,360.3,2005-05-01 22:52:00,60,5,N,51,5,22000,5,9,N,16093,5,N,5,170,C,30,C,99999,9,False,
99999903948,35.25,-97.46667,360.3,2005-05-01 23:52:00,50,5,N,57,5,22000,5,9,N,16093,5,N,5,150,C,30,C,99999,9,False,
99999903948,35.25,-97.46667,360.3,2005-05-02 00:52:00,40,5,N,57,5,2438,5,M,N,16093,5,N,5,140,C,20,C,99999,9,False,
99999903948,35.25,-97.46667,360.3,2005-05-02 01:52:00,40,5,N,67,5,2743,5,M,N,16093,5,N,5,130,C,20,C,99999,9,False,
99999903948,35.25,-97.46667,360.3,2005-05-02 02:52:00,30,5,N,62,5,3048,5,M,N,16093,5,N,5,120,C,40,C,99999,9,False,
99999903948,35.25,-97.46667,360.3,2005-05-02 03:52:00,40,5,N,51,5,22000,5,9,N,16093,5,N,5,110,C,40,C,99999,9,False,
99999903948,35.25,-97.46667,360.3,2005-05-02 04:52:00,50,5,N,62,5,3048,5,M,N,16093,5,N,5,110,C,50,C,99999,9,False,
99999903948,35.25,-97.46667,360.3,2005-05-02 05:52:00,40,5,N,36,5,3048,5,M,N,16093,5,N,5,100,C,60,C,99999,9,False,
99999903948,35.25,-97.46667,360.3,2005-05-02 05:59:00,999,9,9,9999,9,99999,9,9,9,999999,9,9,9,9999,9,9999,9,99999,9,False,
99999903948,35.25,-97.46667,360.3,2005-05-02 06:52:00,50,5,N,31,5,2743,5,M,N,16093,5,N,5,100,C,60,C,99999,9,False,
99999903948,35.25,-97.46667,360.3,2005-05-02 07:52:00,30,5,N,26,5,2438,5,M,N,16093,5,N,5,100,C,60,C,99999,9,False,
99999903948,35.25,-97.46667,360.3,2005-05-02 08:52:00,10,5,N,31,5,1524,5,M,N,16093,5,N,5,90,C,60,C,99999,9,False,
99999903948,35.25,-97.46667,360.3,2005-05-02 09:53:00,360,5,N,31,5,1280,5,M,N,16093,5,N,5,90,C,60,C,99999,9,False,
99999903948,35.25,-97.46667,360.3,2005-05-02 10:52:00,50,5,N,31,5,701,5,M,N,16093,5,N,5,80,C,70,C,99999,9,False,
99999903948,35.25,-97.46667,360.3,2005-05-02 11:52:00,999,9,C,0,5,1524,5,M,N,16093,5,N,5,80,C,70,C,99999,9,False,
99999903948,35.25,-97.46667,360.3,2005-05-02 12:52:00,50,5,N,36,5,945,5,M,N,11265,5,N,5,80,C,70,C,99999,9,False,
99999903948,35.25,-97.46667,360.3,2005-05-02 13:52:00,20,5,N,41,5,914,5,M,N,16093,5,N,5,80,C,60,C,99999,9,False,
99999903948,35.25,-97.46667,360.3,2005-05-02 14:56:00,30,5,N,41,5,732,5,M,N,16093,5,N,5,80,C,60,C,99999,9,False,
99999903948,35.25,-97.46667,360.3,2005-05-02 15:58:00,60,5,N,21,5,823,5,M,N,16093,5,N,5,80,C,60,C,99999,9,False,
99999903948,35.25,-97.46667,360.3,2005-05-02 16:52:00,999,9,C,0,5,396,5,M,N,16093,5,N,5,80,C,60,C,99999,9,False,
99999903948,35.25,-97.46667,360.3,2005-05-02 17:52:00,120,5,N,15,5,945,5,M,N,16093,5,N,5,90,C,70,C,99999,9,False,
99999903948,35.25,-97.46667,360.3,2005-05-02 18:52:00,170,5,N,21,5,1524,5,M,N,16093,5,N,5,90,C,70,C,99999,9,False,
99999903948,35.25,-97.46667,360.3,2005-05-02 19:52:00,999,9,C,0,5,640,5,M,N,16093,5,N,5,110,C,70,C,99999,9,False,
99999903948,35.25,-97.46667,360.3,2005-05-02 20:52:00,999,9,C,0,5,732,5,M,N,16093,5,N,5,110,C,90,C,99999,9,False,
99999903948,35.25,-97.46667,360.3,2005-05-02 21:52:00,999,9,C,0,5,732,5,M,N,16093,5,N,5,120,C,110,C,99999,9,False,
99999903948,35.25,-97.46667,360.3,2005-05-02 22:52:00,40,5,N,15,5,2134,5,M,N,16093,5,N,5,130,C,110,C,99999,9,False,
99999903948,35.25,-97.46667,360.3,2005-05-02 23:53:00,270,5,N,15,5,22000,5,9,N,16093,5,N,5,120,C,80,C,99999,9,False,
99999903948,35.25,-97.46667,360.3,2005-05-03 00:52:00,999,9,C,0,5,22000,5,9,N,16093,5,N,5,120,C,80,C,99999,9,False,
99999903948,35.25,-97.46667,360.3,2005-05-03 01:52:00,999,9,C,0,5,22000,5,9,N,16093,5,N,5,90,C,60,C,99999,9,False,
99999903948,35.25,-97.46667,360.3,2005-05-03 02:52:00,210,5,N,21,5,22000,5,9,N,16093,5,N,5,80,C,60,C,99999,9,False,
99999903948,35.25,-97.46667,360.3,2005-05-03 03:53:00,230,5,N,26,5,22000,5,9,N,16093,5,N,5,80,C,60,C,99999,9,False,
99999903948,35.25,-97.46667,360.3,2005-05-03 04:53:00,220,5,N,21,5,22000,5,9,N,16093,5,N,5,70,C,60,C,99999,9,False,
99999903948,35.25,-97.46667,360.3,2005-05-03 05:52:00,999,9,C,0,5,3658,5,M,N,16093,5,N,5,70,C,50,C,99999,9,False,
99999903948,35.25,-97.46667,360.3,2005-05-03 05:59:00,999,9,9,9999,9,99999,9,9,9,999999,9,9,9,9999,9,9999,9,99999,9,False,
99999903948,35.25,-97.46667,360.3,2005-05-03 06:53:00,999,9,C,0,5,3658,5,M,N,11265,5,N,5,70,C,60,C,99999,9,False,
99999903948,35.25,-97.46667,360.3,2005-05-03 07:53:00,300,5,N,15,5,3353,5,M,N,11265,5,N,5,70,C,60,C,99999,9,False,
99999903948,35.25,-97.46667,360.3,2005-05-03 08:52:00,999,9,C,0,5,3658,5,M,N,11265,5,N,5,70,C,60,C,99999,9,False,
99999903948,35.25,-97.46667,360.3,2005-05-03 09:53:00,999,9,C,0,5,3353,5,M,N,11265,5,N,5,70,C,50,C,99999,9,False,
99999903948,35.25,-97.46667,360.3,2005-05-03 10:53:00,999,9,C,0,5,3353,5,M,N,16093,5,N,5,70,C,60,C,99999,9,False,
99999903948,35.25,-97.46667,360.3,2005-05-03 11:54:00,999,9,C,0,5,3353,5,M,N,11265,5,N,5,80,C,60,C,99999,9,False,
99999903948,35.25,-97.46667,360.3,2005-05-03 12:52:00,999,9,C,0,5,2743,5,M,N,16093,5,N,5,90,C,70,C,99999,9,False,
99999903948,35.25,-97.46667,360.3,2005-05-03 13:54:00,999,9,C,0,5,2743,5,M,N,16093,5,N,5,100,C,80,C,99999,9,False,
99999903948,35.25,-97.46667,360.3,2005-05-03 14:54:00,999,9,C,0,5,22000,5,9,N,16093,5,N,5,110,C,80,C,99999,9,False,
99999903948,35.25,-97.46667,360.3,2005-05-03 15:52:00,999,9,C,0,5,22000,5,9,N,16093,5,N,5,120,C,90,C,99999,9,False,
99999903948,35.25,-97.46667,360.3,2005-05-03 16:53:00,999,9,C,0,5,22000,5,9,N,16093,5,N,5,130,C,100,C,99999,9,False,
99999903948,35.25,-97.46667,360.3,2005-05-03 17:53:00,140,5,N,15,5,1128,5,M,N,16093,5,N,5,120,C,70,C,99999,9,False,
99999903948,35.25,-97.46667,360.3,2005-05-03 18:53:00,150,5,N,15,5,22000,5,9,N,16093,5,N,5,130,C,80,C,99999,9,False,
99999903948,35.25,-97.46667,360.3,2005-05-03 19:53:00,160,5,N,15,5,22000,5,9,N,16093,5,N,5,140,C,60,C,99999,9,False,
99999903948,35.25,-97.46667,360.3,2005-05-03 20:54:00,90,5,N,26,5,22000,5,9,N,16093,5,N,5,140,C,80,C,99999,9,False,
99999903948,35.25,-97.46667,360.3,2005-05-03 21:54:00,999,9,C,0,5,1829,5,M,N,16093,5,N,5,140,C,90,C,99999,9,False,
99999903948,35.25,-97.46667,360.3,2005-05-03 22:53:00,999,9,C,0,5,2438,5,M,N,16093,5,N,5,140,C,60,C,99999,9,False,
99999903948,35.25,-97.46667,360.3,2005-05-03 23:53:00,999,9,C,0,5,2743,5,M,N,16093,5,N,5,130,C,50,C,99999,9,False,
99999903948,35.25,-97.46667,360.3,2005-05-04 00:53:00,999,9,C,0,5,3048,5,M,N,16093,5,N,5,130,C,50,C,99999,9,False,
99999903948,35.25,-97.46667,360.3,2005-05-04 01:53:00,999,9,C,0,5,22000,5,9,N,16093,5,N,5,100,C,40,C,99999,9,False,
99999903948,35.25,-97.46667,360.3,2005-05-04 02:52:00,270,5,N,15,5,22000,5,9,N,16093,5,N,5,80,C,40,C,99999,9,False,
99999903948,35.25,-97.46667,360.3,2005-05-04 03:53:00,999,9,C,0,5,22000,5,9,N,16093,5,N,5,70,C,30,C,99999,9,False,
99999903948,35.25,-97.46667,360.3,2005-05-04 04:52:00,999,9,C,0,5,22000,5,9,N,16093,5,N,5,60,C,30,C,99999,9,False,
99999903948,35.25,-97.46667,360.3,2005-05-04 05:53:00,999,9,C,0,5,3048,5,M,N,16093,5,N,5,70,C,40,C,99999,9,False,
99999903948,35.25,-97.46667,360.3,2005-05-04 05:59:00,999,9,9,9999,9,99999,9,9,9,999999,9,9,9,9999,9,9999,9,99999,9,False,
99999903948,35.25,-97.46667,360.3,2005-05-04 06:53:00,999,9,C,0,5,1676,5,M,N,16093,5,N,5,70,C,50,C,99999,9,False,
99999903948,35.25,-97.46667,360.3,2005-05-04 07:53:00,999,9,C,0,5,1676,5,M,N,16093,5,N,5,80,C,60,C,99999,9,False,
99999903948,35.25,-97.46667,360.3,2005-05-04 08:52:00,999,9,C,0,5,2286,5,M,N,11265,5,N,5,80,C,60,C,99999,9,False,
99999903948,35.25,-97.46667,360.3,2005-05-04 09:52:00,999,9,C,0,5,1981,5,M,N,11265,5,N,5,90,C,70,C,99999,9,False,
99999903948,35.25,-97.46667,360.3,2005-05-04 10:52:00,999,9,C,0,5,1676,5,M,N,11265,5,N,5,90,C,70,C,99999,9,False,
99999903948,35.25,-97.46667,360.3,2005-05-04 11:54:00,999,9,C,0,5,1524,5,M,N,11265,5,N,5,90,C,70,C,99999,9,False,
99999903948,35.25,-97.46667,360.3,2005-05-04 12:54:00,999,9,C,0,5,1463,5,M,N,11265,5,N,5,90,C,80,C,99999,9,False,
99999903948,35.25,-97.46667,360.3,2005-05-04 13:52:00,130,5,N,15,5,1463,5,M,N,11265,5,N,5,100,C,80,C,99999,9,False,
99999903948,35.25,-97.46667,360.3,2005-05-04 14:13:00,100,5,N,21,5,1463,5,M,N,11265,5,N,5,100,5,80,5,99999,9,False,
99999903948,35.25,-97.46667,360.3,2005-05-04 14:53:00,999,9,C,0,5,1402,5,M,N,16093,5,N,5,110,C,80,C,99999,9,False,
99999903948,35.25,-97.46667,360.3,2005-05-04 15:53:00,130,5,N,21,5,1341,5,M,N,16093,5,N,5,110,C,80,C,99999,9,False,
99999903948,35.25,-97.46667,360.3,2005-05-04 16:53:00,999,9,C,0,5,1219,5,M,N,16093,5,N,5,120,C,80,C,99999,9,False,
99999903948,35.25,-97.46667,360.3,2005-05-04 17:53:00,150,5,N,21,5,1494,5,M,N,16093,5,N,5,130,C,80,C,99999,9,False,
99999903948,35.25,-97.46667,360.3,2005-05-04 18:54:00,190,5,N,36,5,22000,5,9,N,16093,5,N,5,150,C,70,C,99999,9,False,
99999903948,35.25,-97.46667,360.3,2005-05-04 19:58:00,170,5,N,26,5,22000,5,9,N,16093,5,N,5,160,C,70,C,99999,9,False,
99999903948,35.25,-97.46667,360.3,2005-05-04 20:53:00,180,5,N,31,5,22000,5,9,N,16093,5,N,5,160,C,80,C,99999,9,False,
99999903948,35.25,-97.46667,360.3,2005-05-04 21:53:00,190,5,N,26,5,22000,5,9,N,16093,5,N,5,140,C,80,C,99999,9,False,
99999903948,35.25,-97.46667,360.3,2005-05-04 22:53:00,170,5,N,41,5,2591,5,M,N,16093,5,N,5,140,C,80,C,99999,9,False,
99999903948,35.25,-97.46667,360.3,2005-05-04 23:53:00,190,5,N,31,5,1158,5,M,N,16093,5,N,5,130,C,90,C,99999,9,False,
99999903948,35.25,-97.46667,360.3,2005-05-05 00:52:00,170,5,N,26,5,884,5,M,N,16093,5,N,5,130,C,90,C,99999,9,False,
99999903948,35.25,-97.46667,360.3,2005-05-05 01:52:00,170,5,N,15,5,762,5,M,N,16093,5,N,5,130,C,90,C,99999,9,False,
99999903948,35.25,-97.46667,360.3,2005-05-05 02:52:00,170,5,N,26,5,701,5,M,N,16093,5,N,5,130,C,90,C,99999,9,False,
99999903948,35.25,-97.46667,360.3,2005-05-05 03:53:00,170,5,N,15,5,640,5,M,N,16093,5,N,5,130,C,90,C,99999,9,False,
99999903948,35.25,-97.46667,360.3,2005-05-05 04:53:00,190,5,N,26,5,518,5,M,N,16093,5,N,5,130,C,90,C,99999,9,False,
99999903948,35.25,-97.46667,360.3,2005-05-05 05:53:00,210,5,N,26,5,457,5,M,N,16093,5,N,5,130,C,100,C,99999,9,False,
99999903948,35.25,-97.46667,360.3,2005-05-05 05:59:00,999,9,9,9999,9,99999,9,9,9,999999,9,9,9,9999,9,9999,9,99999,9,False,
99999903948,35.25,-97.46667,360.3,2005-05-05 06:53:00,200,5,N,21,5,335,5,M,N,11265,5,N,5,130,C,110,C,99999,9,False,
99999903948,35.25,-97.46667,360.3,2005-05-05 07:53:00,200,5,N,26,5,274,5,M,N,11265,5,N,5,130,C,110,C,99999,9,False,
99999903948,35.25,-97.46667,360.3,2005-05-05 08:53:00,220,5,N,15,5,213,5,M,N,8047,5,N,5,130,C,110,C,99999,9,False,
99999903948,35.25,-97.46667,360.3,2005-05-05 09:53:00,190,5,N,15,5,213,5,M,N,6437,5,N,5,130,C,110,C,99999,9,False,
99999903948,35.25,-97.46667,360.3,2005-05-05 10:53:00,180,5,N,21,5,213,5,M,N,6437,5,N,5,130,C,110,C,99999,9,False,
99999903948,35.25,-97.46667,360.3,2005-05-05 11:53:00,999,9,C,0,5,152,5,M,N,3219,5,N,5,130,C,110,C,99999,9,False,
99999903948,35.25,-97.46667,360.3,2005-05-05 12:54:00,999,9,C,0,5,213,5,M,N,3219,5,N,5,130,C,120,C,99999,9,False,
99999903948,35.25,-97.46667,360.3,2005-05-05 13:53:00,170,5,N,26,5,152,5,M,N,3219,5,N,5,130,C,120,C,99999,9,False,
99999903948,35.25,-97.46667,360.3,2005-05-05 14:54:00,180,5,N,31,5,244,5,M,N,6437,5,N,5,140,C,120,C,99999,9,False,
99999903948,35.25,-97.46667,360.3,2005-05-05 15:53:00,170,5,N,46,5,244,5,M,N,6437,5,N,5,150,C,120,C,99999,9,False,
99999903948,35.25,-97.46667,360.3,2005-05-05 16:53:00,190,5,N,36,5,366,5,M,N,11265,5,N,5,170,C,130,C,99999,9,False,
99999903948,35.25,-97.46667,360.3,2005-05-05 17:54:00,190,5,N,41,5,22000,5,9,N,16093,5,N,5,190,C,130,C,99999,9,False,
99999903948,35.25,-97.46667,360.3,2005-05-05 18:53:00,210,5,N,46,5,732,5,M,N,16093,5,N,5,180,C,130,C,99999,9,False,
99999903948,35.25,-97.46667,360.3,2005-05-05 19:53:00,190,5,N,26,5,22000,5,9,N,16093,5,N,5,190,C,130,C,99999,9,False,
99999903948,35.25,-97.46667,360.3,2005-05-05 20:59:00,150,5,N,31,5,1280,5,M,N,16093,5,N,5,210,C,140,C,99999,9,False,
99999903948,35.25,-97.46667,360.3,2005-05-05 21:53:00,170,5,N,51,5,22000,5,9,N,16093,5,N,5,210,C,140,C,99999,9,False,
99999903948,35.25,-97.46667,360.3,2005-05-05 22:57:00,180,5,N,51,5,99999,9,9,N,16093,5,N,5,210,C,140,C,99999,9,False,
99999903948,35.25,-97.46667,360.3,2005-05-05 23:53:00,170,5,N,51,5,1097,5,M,N,16093,5,N,5,190,C,140,C,99999,9,False,
99999903948,35.25,-97.46667,360.3,2005-05-06 00:53:00,170,5,N,46,5,22000,5,9,N,16093,5,N,5,180,C,140,C,99999,9,False,
99999903948,35.25,-97.46667,360.3,2005-05-06 01:53:00,170,5,N,31,5,22000,5,9,N,16093,5,N,5,170,C,130,C,99999,9,False,
99999903948,35.25,-97.46667,360.3,2005-05-06 02:53:00,170,5,N,41,5,22000,5,9,N,16093,5,N,5,160,C,130,C,99999,9,False,
99999903948,35.25,-97.46667,360.3,2005-05-06 03:53:00,170,5,N,51,5,22000,5,9,N,16093,5,N,5,160,C,130,C,99999,9,False,
99999903948,35.25,-97.46667,360.3,2005-05-06 04:53:00,170,5,N,41,5,1463,5,M,N,16093,5,N,5,160,C,130,C,99999,9,False,
99999903948,35.25,-97.46667,360.3,2005-05-06 05:53:00,170,5,N,31,5,22000,5,9,N,11265,5,N,5,150,C,120,C,99999,9,False,
99999903948,35.25,-97.46667,360.3,2005-05-06 05:59:00,999,9,9,9999,9,99999,9,9,9,999999,9,9,9,9999,9,9999,9,99999,9,False,
99999903948,35.25,-97.46667,360.3,2005-05-06 06:54:00,160,5,N,31,5,22000,5,9,N,16093,5,N,5,150,C,130,C,99999,9,False,
99999903948,35.25,-97.46667,360.3,2005-05-06 07:52:00,170,5,N,41,5,99999,9,9,N,16093,5,N,5,150,C,120,C,99999,9,False,
99999903948,35.25,-97.46667,360.3,2005-05-06 08:53:00,170,5,N,36,5,1402,5,M,N,16093,5,N,5,160,C,120,C,99999,9,False,
99999903948,35.25,-97.46667,360.3,2005-05-06 09:53:00,160,5,N,21,5,22000,5,9,N,16093,5,N,5,140,C,120,C,99999,9,False,
99999903948,35.25,-97.46667,360.3,2005-05-06 10:53:00,170,5,N,36,5,22000,5,9,N,16093,5,N,5,140,C,120,C,99999,9,False,
99999903948,35.25,-97.46667,360.3,2005-05-06 11:53:00,180,5,N,41,5,22000,5,9,N,16093,5,N,5,140,C,120,C,99999,9,False,
99999903948,35.25,-97.46667,360.3,2005-05-06 12:57:00,170,5,N,51,5,22000,5,9,N,16093,5,N,5,160,C,120,C,99999,9,False,
99999903948,35.25,-97.46667,360.3,2005-05-06 13:53:00,180,5,N,62,5,22000,5,9,N,16093,5,N,5,190,C,120,C,99999,9,False,
99999903948,35.25,-97.46667,360.3,2005-05-06 14:53:00,190,5,N,67,5,22000,5,9,N,16093,5,N,5,210,C,130,C,99999,9,False,
99999903948,35.25,-97.46667,360.3,2005-05-06 15:53:00,210,5,N,88,5,22000,5,9,N,16093,5,N,5,230,C,130,C,99999,9,False,
99999903948,35.25,-97.46667,360.3,2005-05-06 16:54:00,190,5,N,77,5,22000,5,9,N,16093,5,N,5,240,C,130,C,99999,9,False,
99999903948,35.25,-97.46667,360.3,2005-05-06 17:56:00,190,5,N,72,5,22000,5,9,N,16093,5,N,5,260,C,130,C,99999,9,False,
99999903948,35.25,-97.46667,360.3,2005-05-06 18:54:00,200,5,N,72,5,22000,5,9,N,16093,5,N,5,260,C,140,C,99999,9,False,
99999903948,35.25,-97.46667,360.3,2005-05-06 19:53:00,190,5,N,77,5,22000,5,9,N,16093,5,N,5,270,C,140,C,99999,9,False,
99999903948,35.25,-97.46667,360.3,2005-05-06 20:53:00,170,5,N,88,5,22000,5,9,N,16093,5,N,5,270,C,130,C,99999,9,False,
99999903948,35.25,-97.46667,360.3,2005-05-06 21:53:00,160,5,N,77,5,22000,5,9,N,16093,5,N,5,270,C,140,C,99999,9,False,
99999903948,35.25,-97.46667,360.3,2005-05-06 22:53:00,180,5,N,88,5,22000,5,9,N,16093,5,N,5,270,C,130,C,99999,9,False,
99999903948,35.25,-97.46667,360.3,2005-05-06 23:53:00,170,5,N,82,5,22000,5,9,N,16093,5,N,5,260,C,130,C,99999,9,False,
99999903948,35.25,-97.46667,360.3,2005-05-07 00:53:00,170,5,N,62,5,22000,5,9,N,16093,5,N,5,240,C,130,C,99999,9,False,
99999903948,35.25,-97.46667,360.3,2005-05-07 01:53:00,160,5,N,57,5,22000,5,9,N,16093,5,N,5,220,C,130,C,99999,9,False,
99999903948,35.25,-97.46667,360.3,2005-05-07 02:53:00,160,5,N,41,5,22000,5,9,N,16093,5,N,5,220,C,130,C,99999,9,False,
99999903948,35.25,-97.46667,360.3,2005-05-07 03:53:00,160,5,N,46,5,22000,5,9,N,16093,5,N,5,210,C,130,C,99999,9,False,
99999903948,35.25,-97.46667,360.3,2005-05-07 04:53:00,160,5,N,46,5,22000,5,9,N,16093,5,N,5,200,C,130,C,99999,9,False,
99999903948,35.25,-97.46667,360.3,2005-05-07 05:53:00,160,5,N,57,5,22000,5,9,N,16093,5,N,5,190,C,130,C,99999,9,False,
99999903948,35.25,-97.46667,360.3,2005-05-07 06:53:00,160,5,N,46,5,22000,5,9,N,16093,5,N,5,190,C,130,C,99999,9,False,
99999903948,35.25,-97.46667,360.3,2005-05-07 07:53:00,170,5,N,46,5,22000,5,9,N,16093,5,N,5,180,C,130,C,99999,9,False,
99999903948,35.25,-97.46667,360.3,2005-05-07 08:53:00,160,5,N,51,5,22000,5,9,N,16093,5,N,5,180,C,120,C,99999,9,False,
99999903948,35.25,-97.46667,360.3,2005-05-07 09:53:00,160,5,N,62,5,22000,5,9,N,16093,5,N,5,180,C,120,C,99999,9,False,
99999903948,35.25,-97.46667,360.3,2005-05-07 10:53:00,160,5,N,62,5,22000,5,9,N,16093,5,N,5,180,C,120,C,99999,9,False,
99999903948,35.25,-97.46667,360.3,2005-05-07 11:33:00,170,5,N,62,5,22000,5,9,N,16093,5,N,5,180,C,120,C,99999,9,False,
99999903948,35.25,-97.46667,360.3,2005-05-07 14:53:00,180,5,N,88,5,22000,5,9,N,16093,5,N,5,210,C,110,C,99999,9,False,
99999903948,35.25,-97.46667,360.3,2005-05-07 17:33:00,190,5,N,88,5,22000,5,9,N,16093,5,N,5,230,C,120,C,99999,9,False,
99999903948,35.25,-97.46667,360.3,2005-05-07 18:13:00,170,5,N,98,5,975,5,M,N,16093,5,N,5,230,C,140,C,99999,9,False,
99999903948,35.25,-97.46667,360.3,2005-05-07 19:33:00,180,5,N,62,5,914,5,M,N,16093,5,N,5,230,C,150,C,99999,9,False,
99999903948,35.25,-97.46667,360.3,2005-05-07 22:53:00,170,5,N,67,5,914,5,M,N,16093,5,N,5,220,C,160,C,99999,9,False,
99999903948,35.25,-97.46667,360.3,2005-05-07 23:13:00,170,5,N,62,5,975,5,M,N,16093,5,N,5,220,C,160,C,99999,9,False,
99999903948,35.25,-97.46667,360.3,2005-05-08 01:33:00,170,5,N,57,5,1097,5,M,N,16093,5,N,5,210,C,160,C,99999,9,False,
99999903948,35.25,-97.46667,360.3,2005-05-08 03:13:00,170,5,N,36,5,1676,5,M,N,16093,5,N,5,210,C,160,C,99999,9,False,
99999903948,35.25,-97.46667,360.3,2005-05-08 07:33:00,180,5,N,62,5,1402,5,M,N,16093,5,N,5,190,C,160,C,99999,9,False,
99999903948,35.25,-97.46667,360.3,2005-05-08 08:53:00,180,5,N,57,5,22000,5,9,N,16093,5,N,5,190,C,160,C,99999,9,False,
99999903948,35.25,-97.46667,360.3,2005-05-08 13:13:00,170,5,N,57,5,549,5,M,N,16093,5,N,5,190,C,160,C,99999,9,False,
99999903948,35.25,-97.46667,360.3,2005-05-08 17:53:00,170,5,N,77,5,22000,5,9,N,16093,5,N,5,240,C,160,C,99999,9,False,
99999903948,35.25,-97.46667,360.3,2005-05-08 18:53:00,200,5,N,67,5,22000,5,9,N,16093,5,N,5,260,C,170,C,99999,9,False,
99999903948,35.25,-97.46667,360.3,2005-05-08 20:53:00,160,5,N,62,5,22000,5,9,N,16093,5,N,5,290,C,140,C,99999,9,False,
99999903948,35.25,-97.46667,360.3,2005-05-08 23:53:00,180,5,N,77,5,22000,5,9,N,16093,5,N,5,270,C,70,C,99999,9,False,
99999903948,35.25,-97.46667,360.3,2005-05-09 00:53:00,120,5,N,46,5,22000,5,9,N,16093,5,N,5,210,C,90,C,99999,9,False,
99999903948,35.25,-97.46667,360.3,2005-05-09 01:53:00,180,5,N,51,5,22000,5,9,N,16093,5,N,5,200,C,90,C,99999,9,False,
99999903948,35.25,-97.46667,360.3,2005-05-09 02:53:00,170,5,N,88,5,22000,5,9,N,16093,5,N,5,200,C,100,C,99999,9,False,
99999903948,35.25,-97.46667,360.3,2005-05-09 03:53:00,170,5,N,57,5,22000,5,9,N,16093,5,N,5,190,C,100,C,99999,9,False,
99999903948,35.25,-97.46667,360.3,2005-05-09 04:53:00,190,5,N,62,5,22000,5,9,N,16093,5,N,5,190,C,90,C,99999,9,False,
99999903948,35.25,-97.46667,360.3,2005-05-09 05:53:00,200,5,N,67,5,22000,5,9,N,16093,5,N,5,190,C,100,C,99999,9,False,
99999903948,35.25,-97.46667,360.3,2005-05-09 06:53:00,220,5,N,62,5,22000,5,9,N,16093,5,N,5,170,C,110,C,99999,9,False,
99999903948,35.25,-97.46667,360.3,2005-05-09 07:53:00,210,5,N,62,5,22000,5,9,N,16093,5,N,5,170,C,110,C,99999,9,False,
99999903948,35.25,-97.46667,360.3,2005-05-09 08:53:00,220,5,N,41,5,22000,5,9,N,16093,5,N,5,170,C,110,C,99999,9,False,
99999903948,35.25,-97.46667,360.3,2005-05-09 09:53:00,70,5,N,26,5,22000,5,9,N,16093,5,N,5,160,C,110,C,99999,9,False,
99999903948,35.25,-97.46667,360.3,2005-05-09 10:53:00,90,5,N,41,5,22000,5,9,N,16093,5,N,5,150,C,110,C,99999,9,False,
99999903948,35.25,-97.46667,360.3,2005-05-09 11:53:00,140,5,N,31,5,99999,9,9,N,16093,5,N,5,160,C,120,C,99999,9,False,
99999903948,35.25,-97.46667,360.3,2005-05-09 12:58:00,150,5,N,41,5,823,5,M,N,16093,5,N,5,170,C,120,C,99999,9,False,
99999903948,35.25,-97.46667,360.3,2005-05-09 13:54:00,160,5,N,41,5,823,5,M,N,16093,5,N,5,180,C,130,C,99999,9,False,
99999903948,35.25,-97.46667,360.3,2005-05-09 14:53:00,170,5,N,46,5,823,5,M,N,16093,5,N,5,200,C,140,C,99999,9,False,
99999903948,35.25,-97.46667,360.3,2005-05-09 15:53:00,190,5,N,41,5,701,5,M,N,16093,5,N,5,220,C,140,C,99999,9,False,
99999903948,35.25,-97.46667,360.3,2005-05-09 16:53:00,200,5,N,31,5,22000,5,9,N,16093,5,N,5,220,C,140,C,99999,9,False,
99999903948,35.25,-97.46667,360.3,2005-05-09 17:54:00,180,5,N,36,5,22000,5,9,N,16093,5,N,5,240,C,150,C,99999,9,False,
99999903948,35.25,-97.46667,360.3,2005-05-09 18:53:00,150,5,N,31,5,22000,5,9,N,16093,5,N,5,240,C,160,C,99999,9,False,
99999903948,35.25,-97.46667,360.3,2005-05-09 19:53:00,170,5,N,57,5,22000,5,9,N,16093,5,N,5,260,C,160,C,99999,9,False,
99999903948,35.25,-97.46667,360.3,2005-05-09 20:51:00,150,5,N,51,5,22000,5,9,N,16093,5,N,5,270,C,160,C,99999,9,False,
99999903948,35.25,-97.46667,360.3,2005-05-09 21:51:00,150,5,N,57,5,22000,5,9,N,16093,5,N,5,260,C,160,C,99999,9,False,
99999903948,35.25,-97.46667,360.3,2005-05-09 22:51:00,190,5,N,51,5,22000,5,9,N,16093,5,N,5,260,C,160,C,99999,9,False,
99999903948,35.25,-97.46667,360.3,2005-05-09 23:51:00,160,5,N,46,5,22000,5,9,N,16093,5,N,5,260,C,160,C,99999,9,False,
99999903948,35.25,-97.46667,360.3,2005-05-10 00:51:00,150,5,N,41,5,22000,5,9,N,16093,5,N,5,240,C,170,C,99999,9,False,
99999903948,35.25,-97.46667,360.3,2005-05-10 01:51:00,130,5,N,31,5,22000,5,9,N,16093,5,N,5,220,C,160,C,99999,9,False,
99999903948,35.25,-97.46667,360.3,2005-05-10 02:51:00,130,5,N,36,5,22000,5,9,N,16093,5,N,5,210,C,160,C,99999,9,False,
99999903948,35.25,-97.46667,360.3,2005-05-10 03:51:00,150,5,N,41,5,22000,5,9,N,16093,5,N,5,200,C,160,C,99999,9,False,
99999903948,35.25,-97.46667,360.3,2005-05-10 04:51:00,160,5,N,57,5,22000,5,9,N,16093,5,N,5,200,C,170,C,99999,9,False,
99999903948,35.25,-97.46667,360.3,2005-05-10 05:51:00,170,5,N,36,5,22000,5,9,N,11265,5,N,5,190,C,170,C,99999,9,False,
99999903948,35.25,-97.46667,360.3,2005-05-10 06:51:00,170,5,N,51,5,22000,5,9,N,8047,5,N,5,190,C,170,C,99999,9,False,
99999903948,35.25,-97.46667,360.3,2005-05-10 07:51:00,180,5,N,36,5,305,5,M,N,6437,5,N,5,190,C,170,C,99999,9,False,
99999903948,35.25,-97.46667,360.3,2005-05-10 08:51:00,180,5,N,51,5,244,5,M,N,4828,5,N,5,200,C,180,C,99999,9,False,
99999903948,35.25,-97.46667,360.3,2005-05-10 09:51:00,190,5,N,57,5,183,5,M,N,4828,5,N,5,210,C,190,C,99999,9,False,
99999903948,35.25,-97.46667,360.3,2005-05-10 10:51:00,200,5,N,82,5,244,5,M,N,6437,5,N,5,210,C,190,C,99999,9,False,
99999903948,35.25,-97.46667,360.3,2005-05-10 11:53:00,200,5,N,72,5,244,5,M,N,4023,5,N,5,210,C,190,C,99999,9,False,
99999903948,35.25,-97.46667,360.3,2005-05-10 12:51:00,200,5,N,67,5,244,5,M,N,4828,5,N,5,220,C,190,C,99999,9,False,
99999903948,35.25,-97.46667,360.3,2005-05-10 13:51:00,200,5,N,62,5,366,5,M,N,6437,5,N,5,230,C,190,C,99999,9,False,
99999903948,35.25,-97.46667,360.3,2005-05-10 14:55:00,210,5,N,72,5,427,5,M,N,8047,5,N,5,240,C,200,C,99999,9,False,
99999903948,35.25,-97.46667,360.3,2005-05-10 15:51:00,210,5,N,72,5,22000,5,9,N,11265,5,N,5,270,C,200,C,99999,9,False,
99999903948,35.25,-97.46667,360.3,2005-05-10 16:51:00,200,5,N,77,5,22000,5,9,N,11265,5,N,5,280,C,210,C,99999,9,False,
99999903948,35.25,-97.46667,360.3,2005-05-10 17:51:00,200,5,N,67,5,22000,5,9,N,16093,5,N,5,290,C,210,C,99999,9,False,
99999903948,35.25,-97.46667,360.3,2005-05-10 18:51:00,180,5,N,67,5,22000,5,9,N,16093,5,N,5,310,C,210,C,99999,9,False,
99999903948,35.25,-97.46667,360.3,2005-05-10 19:51:00,170,5,N,67,5,22000,5,9,N,16093,5,N,5,320,C,190,C,99999,9,False,
99999903948,35.25,-97.46667,360.3,2005-05-10 20:51:00,190,5,N,57,5,22000,5,9,N,11265,5,N,5,320,C,180,C,99999,9,False,
99999903948,35.25,-97.46667,360.3,2005-05-10 21:51:00,190,5,N,77,5,22000,5,9,N,11265,5,N,5,320,C,180,C,99999,9,False,
99999903948,35.25,-97.46667,360.3,2005-05-10 22:51:00,170,5,N,88,5,22000,5,9,N,11265,5,N,5,320,C,180,C,99999,9,False,
99999903948,35.25,-97.46667,360.3,2005-05-10 23:51:00,180,5,N,82,5,22000,5,9,N,16093,5,N,5,310,C,180,C,99999,9,False,
99999903948,35.25,-97.46667,360.3,2005-05-11 00:51:00,160,5,N,67,5,22000,5,9,N,16093,5,N,5,290,C,190,C,99999,9,False,
99999903948,35.25,-97.46667,360.3,2005-05-11 01:51:00,170,5,N,67,5,22000,5,9,N,16093,5,N,5,260,C,190,C,99999,9,False,
99999903948,35.25,-97.46667,360.3,2005-05-11 02:31:00,170,5,N,82,5,22000,5,9,N,16093,5,N,5,260,C,190,C,99999,9,False,
99999903948,35.25,-97.46667,360.3,2005-05-11 03:51:00,180,5,N,72,5,22000,5,9,N,16093,5,N,5,250,C,190,C,99999,9,False,
99999903948,35.25,-97.46667,360.3,2005-05-11 04:51:00,190,5,N,62,5,22000,5,9,N,16093,5,N,5,240,C,190,C,99999,9,False,
99999903948,35.25,-97.46667,360.3,2005-05-11 05:51:00,180,5,N,67,5,22000,5,9,N,16093,5,N,5,240,C,190,C,99999,9,False,
99999903948,35.25,-97.46667,360.3,2005-05-11 05:59:00,999,9,9,9999,9,99999,9,9,9,999999,9,9,9,9999,9,9999,9,99999,9,False,
99999903948,35.25,-97.46667,360.3,2005-05-11 06:53:00,180,5,N,67,5,22000,5,9,N,11265,5,N,5,230,C,190,C,99999,9,False,
99999903948,35.25,-97.46667,360.3,2005-05-11 07:51:00,180,5,N,62,5,22000,5,9,N,11265,5,N,5,230,C,190,C,99999,9,False,
99999903948,35.25,-97.46667,360.3,2005-05-11 08:51:00,180,5,N,67,5,22000,5,9,N,11265,5,N,5,220,C,190,C,99999,9,False,
99999903948,35.25,-97.46667,360.3,2005-05-11 09:51:00,180,5,N,46,5,22000,5,9,N,11265,5,N,5,220,C,190,C,99999,9,False,
99999903948,35.25,-97.46667,360.3,2005-05-11 10:51:00,170,5,N,51,5,22000,5,9,N,16093,5,N,5,220,C,190,C,99999,9,False,
99999903948,35.25,-97.46667,360.3,2005-05-11 11:51:00,170,5,N,41,5,22000,5,9,N,11265,5,N,5,210,C,180,C,99999,9,False,
99999903948,35.25,-97.46667,360.3,2005-05-11 12:51:00,180,5,N,62,5,22000,5,9,N,11265,5,N,5,220,C,180,C,99999,9,False,
99999903948,35.25,-97.46667,360.3,2005-05-11 13:51:00,180,5,N,77,5,22000,5,9,N,11265,5,N,5,230,C,180,C,99999,9,False,
99999903948,35.25,-97.46667,360.3,2005-05-11 14:51:00,170,5,N,82,5,22000,5,9,N,16093,5,N,5,250,C,180,C,99999,9,False,
99999903948,35.25,-97.46667,360.3,2005-05-11 15:55:00,190,5,N,98,5,22000,5,9,N,16093,5,N,5,270,C,170,C,99999,9,False,
99999903948,35.25,-97.46667,360.3,2005-05-11 16:51:00,180,5,N,82,5,22000,5,9,N,16093,5,N,5,280,C,170,C,99999,9,False,
99999903948,35.25,-97.46667,360.3,2005-05-11 17:51:00,170,5,N,82,5,22000,5,9,N,16093,5,N,5,290,C,160,C,99999,9,False,
99999903948,35.25,-97.46667,360.3,2005-05-11 18:51:00,170,5,N,98,5,22000,5,9,N,16093,5,N,5,300,C,150,C,99999,9,False,
99999903948,35.25,-97.46667,360.3,2005-05-11 19:51:00,150,5,N,77,5,22000,5,9,N,16093,5,N,5,310,C,160,C,99999,9,False,
99999903948,35.25,-97.46667,360.3,2005-05-11 20:51:00,170,5,N,103,5,22000,5,9,N,16093,5,N,5,310,C,150,C,99999,9,False,
99999903948,35.25,-97.46667,360.3,2005-05-11 21:51:00,180,5,N,77,5,22000,5,9,N,16093,5,N,5,310,C,150,C,99999,9,False,
99999903948,35.25,-97.46667,360.3,2005-05-11 22:51:00,190,5,N,98,5,22000,5,9,N,16093,5,N,5,300,C,140,C,99999,9,False,
99999903948,35.25,-97.46667,360.3,2005-05-11 23:51:00,190,5,N,108,5,22000,5,9,N,16093,5,N,5,290,C,150,C,99999,9,False,
99999903948,35.25,-97.46667,360.3,2005-05-12 00:51:00,180,5,N,77,5,22000,5,9,N,16093,5,N,5,270,C,160,C,99999,9,False,
99999903948,35.25,-97.46667,360.3,2005-05-12 01:51:00,180,5,N,67,5,22000,5,9,N,16093,5,N,5,260,C,160,C,99999,9,False,
99999903948,35.25,-97.46667,360.3,2005-05-12 02:51:00,170,5,N,62,5,22000,5,9,N,16093,5,N,5,240,C,160,C,99999,9,False,
99999903948,35.25,-97.46667,360.3,2005-05-12 03:52:00,170,5,N,62,5,22000,5,9,N,16093,5,N,5,240,C,160,C,99999,9,False,
99999903948,35.25,-97.46667,360.3,2005-05-12 04:51:00,170,5,N,67,5,22000,5,9,N,16093,5,N,5,230,C,170,C,99999,9,False,
99999903948,35.25,-97.46667,360.3,2005-05-12 05:51:00,170,5,N,57,5,22000,5,9,N,16093,5,N,5,230,C,170,C,99999,9,False,
99999903948,35.25,-97.46667,360.3,2005-05-12 06:51:00,180,5,N,51,5,22000,5,9,N,16093,5,N,5,230,C,170,C,99999,9,False,
99999903948,35.25,-97.46667,360.3,2005-05-12 07:51:00,180,5,N,57,5,1981,5,M,N,16093,5,N,5,220,C,170,C,99999,9,False,
99999903948,35.25,-97.46667,360.3,2005-05-12 08:51:00,170,5,N,67,5,1981,5,M,N,16093,5,N,5,220,C,170,C,99999,9,False,
99999903948,35.25,-97.46667,360.3,2005-05-12 09:51:00,180,5,N,57,5,22000,5,9,N,16093,5,N,5,220,C,170,C,99999,9,False,
99999903948,35.25,-97.46667,360.3,2005-05-12 10:51:00,170,5,N,62,5,22000,5,9,N,16093,5,N,5,220,C,170,C,99999,9,False,
99999903948,35.25,-97.46667,360.3,2005-05-12 11:51:00,170,5,N,62,5,22000,5,9,N,16093,5,N,5,210,C,170,C,99999,9,False,
99999903948,35.25,-97.46667,360.3,2005-05-12 12:51:00,180,5,N,62,5,22000,5,9,N,11265,5,N,5,210,C,170,C,99999,9,False,
99999903948,35.25,-97.46667,360.3,2005-05-12 13:55:00,180,5,N,67,5,610,5,M,N,16093,5,N,5,220,C,170,C,99999,9,False,
99999903948,35.25,-97.46667,360.3,2005-05-12 14:51:00,210,5,N,62,5,610,5,M,N,16093,5,N,5,230,C,180,C,99999,9,False,
99999903948,35.25,-97.46667,360.3,2005-05-12 15:58:00,190,5,N,51,5,732,5,M,N,16093,5,N,5,230,C,180,C,99999,9,False,
99999903948,35.25,-97.46667,360.3,2005-05-12 16:51:00,180,5,N,82,5,22000,5,9,N,16093,5,N,5,240,C,170,C,99999,9,False,
99999903948,35.25,-97.46667,360.3,2005-05-12 17:54:00,170,5,N,88,5,1097,5,M,N,16093,5,N,5,250,C,180,C,99999,9,False,
99999903948,35.25,-97.46667,360.3,2005-05-12 18:54:00,180,5,N,72,5,884,5,M,N,11265,5,N,5,240,C,180,C,99999,9,False,
99999903948,35.25,-97.46667,360.3,2005-05-12 19:51:00,180,5,N,82,5,22000,5,9,N,16093,5,N,5,260,C,180,C,99999,9,False,
99999903948,35.25,-97.46667,360.3,2005-05-12 20:52:00,160,5,N,77,5,1036,5,M,N,11265,5,N,5,240,C,180,C,99999,9,False,
99999903948,35.25,-97.46667,360.3,2005-05-12 21:51:00,170,5,N,67,5,884,5,M,N,8047,5,N,5,240,C,180,C,99999,9,False,
99999903948,35.25,-97.46667,360.3,2005-05-12 22:51:00,170,5,N,62,5,701,5,M,N,11265,5,N,5,230,C,180,C,99999,9,False,
99999903948,35.25,-97.46667,360.3,2005-05-12 23:55:00,180,5,N,72,5,762,5,M,N,11265,5,N,5,230,C,180,C,99999,9,False,
99999903948,35.25,-97.46667,360.3,2005-05-13 00:51:00,170,5,N,51,5,22000,5,9,N,11265,5,N,5,230,C,180,C,99999,9,False,
99999903948,35.25,-97.46667,360.3,2005-05-13 01:51:00,170,5,N,46,5,22000,5,9,N,16093,5,N,5,240,C,180,C,99999,9,False,
99999903948,35.25,-97.46667,360.3,2005-05-13 02:51:00,170,5,N,41,5,22000,5,9,N,16093,5,N,5,230,C,180,C,99999,9,False,
99999903948,35.25,-97.46667,360.3,2005-05-13 03:51:00,180,5,N,57,5,22000,5,9,N,16093,5,N,5,230,C,180,C,99999,9,False,
99999903948,35.25,-97.46667,360.3,2005-05-13 04:51:00,170,5,N,51,5,22000,5,9,N,16093,5,N,5,220,C,170,C,99999,9,False,
99999903948,35.25,-97.46667,360.3,2005-05-13 05:51:00,170,5,N,62,5,22000,5,9,N,16093,5,N,5,220,C,170,C,99999,9,False,
99999903948,35.25,-97.46667,360.3,2005-05-13 05:59:00,999,9,9,9999,9,99999,9,9,9,999999,9,9,9,9999,9,9999,9,99999,9,False,
99999903948,35.25,-97.46667,360.3,2005-05-13 06:51:00,170,5,N,51,5,22000,5,9,N,16093,5,N,5,220,C,170,C,99999,9,False,
99999903948,35.25,-97.46667,360.3,2005-05-13 07:51:00,250,5,N,36,5,884,5,M,N,16093,5,N,5,160,C,140,C,99999,9,False,
99999903948,35.25,-97.46667,360.3,2005-05-13 08:51:00,999,9,C,0,5,884,5,M,N,16093,5,N,5,160,C,140,C,99999,9,False,
99999903948,35.25,-97.46667,360.3,2005-05-13 09:53:00,180,5,N,57,5,2743,5,M,N,16093,5,N,5,160,C,140,C,99999,9,False,
99999903948,35.25,-97.46667,360.3,2005-05-13 10:51:00,150,5,N,51,5,183,5,M,N,16093,5,N,5,160,C,140,C,99999,9,False,
99999903948,35.25,-97.46667,360.3,2005-05-13 11:51:00,140,5,N,93,5,3353,5,M,N,3219,5,N,5,160,C,140,C,99999,9,False,
99999903948,35.25,-97.46667,360.3,2005-05-13 12:53:00,110,5,N,36,5,2743,5,M,N,16093,5,N,5,160,C,150,C,99999,9,False,
99999903948,35.25,-97.46667,360.3,2005-05-13 13:56:00,210,5,N,41,5,22000,5,9,N,16093,5,N,5,170,C,160,C,99999,9,False,
99999903948,35.25,-97.46667,360.3,2005-05-13 14:51:00,190,5,N,46,5,22000,5,9,N,16093,5,N,5,180,C,160,C,99999,9,False,
99999903948,35.25,-97.46667,360.3,2005-05-13 15:51:00,170,5,N,72,5,22000,5,9,N,16093,5,N,5,210,C,170,C,99999,9,False,
99999903948,35.25,-97.46667,360.3,2005-05-13 16:51:00,180,5,N,103,5,22000,5,9,N,16093,5,N,5,230,C,160,C,99999,9,False,
99999903948,35.25,-97.46667,360.3,2005-05-13 17:53:00,180,5,N,118,5,22000,5,9,N,16093,5,N,5,240,C,170,C,99999,9,False,
99999903948,35.25,-97.46667,360.3,2005-05-13 18:51:00,190,5,N,103,5,22000,5,9,N,16093,5,N,5,250,C,180,C,99999,9,False,
99999903948,35.25,-97.46667,360.3,2005-05-13 19:51:00,190,5,N,57,5,1128,5,M,N,16093,5,N,5,240,C,180,C,99999,9,False,
99999903948,35.25,-97.46667,360.3,2005-05-13 20:53:00,190,5,N,46,5,1158,5,M,N,16093,5,N,5,240,C,180,C,99999,9,False,
99999903948,35.25,-97.46667,360.3,2005-05-13 21:52:00,170,5,N,31,5,22000,5,9,N,16093,5,N,5,240,C,190,C,99999,9,False,
99999903948,35.25,-97.46667,360.3,2005-05-13 22:51:00,160,5,N,51,5,22000,5,9,N,16093,5,N,5,250,C,190,C,99999,9,False,
99999903948,35.25,-97.46667,360.3,2005-05-13 23:53:00,170,5,N,41,5,22000,5,9,N,16093,5,N,5,240,C,190,C,99999,9,False,
99999903948,35.25,-97.46667,360.3,2005-05-14 00:52:00,180,5,N,41,5,22000,5,9,N,16093,5,N,5,230,C,180,C,99999,9,False,
99999903948,35.25,-97.46667,360.3,2005-05-14 01:52:00,180,5,N,51,5,22000,5,9,N,16093,5,N,5,230,C,180,C,99999,9,False,
99999903948,35.25,-97.46667,360.3,2005-05-14 02:52:00,80,5,N,21,5,22000,5,9,N,16093,5,N,5,230,C,180,C,99999,9,False,
99999903948,35.25,-97.46667,360.3,2005-05-14 03:51:00,40,5,N,36,5,1676,5,M,N,16093,5,N,5,180,C,140,C,99999,9,False,
99999903948,35.25,-97.46667,360.3,2005-05-14 04:52:00,999,9,C,0,5,22000,5,9,N,16093,5,N,5,170,C,140,C,99999,9,False,
99999903948,35.25,-97.46667,360.3,2005-05-14 05:52:00,999,9,C,0,5,3048,5,M,N,16093,5,N,5,170,C,140,C,99999,9,False,
99999903948,35.25,-97.46667,360.3,2005-05-14 05:59:00,999,9,9,9999,9,99999,9,9,9,999999,9,9,9,9999,9,9999,9,99999,9,False,
99999903948,35.25,-97.46667,360.3,2005-05-14 06:52:00,999,9,C,0,5,335,5,M,N,16093,5,N,5,170,C,140,C,99999,9,False,
99999903948,35.25,-97.46667,360.3,2005-05-14 07:52:00,30,5,N,31,5,335,5,M,N,16093,5,N,5,180,C,160,C,99999,9,False,
99999903948,35.25,-97.46667,360.3,2005-05-14 08:51:00,20,5,N,31,5,22000,5,9,N,11265,5,N,5,170,C,150,C,99999,9,False,
99999903948,35.25,-97.46667,360.3,2005-05-14 09:52:00,20,5,N,36,5,22000,5,9,N,11265,5,N,5,160,C,140,C,99999,9,False,
99999903948,35.25,-97.46667,360.3,2005-05-14 10:51:00,10,5,N,51,5,22000,5,9,N,8047,5,N,5,160,C,140,C,99999,9,False,
99999903948,35.25,-97.46667,360.3,2005-05-14 11:53:00,10,5,N,21,5,22000,5,9,N,6437,5,N,5,160,C,140,C,99999,9,False,
99999903948,35.25,-97.46667,360.3,2005-05-14 12:51:00,20,5,N,36,5,22000,5,9,N,6437,5,N,5,170,C,150,C,99999,9,False,
99999903948,35.25,-97.46667,360.3,2005-05-14 13:51:00,360,5,N,51,5,22000,5,9,N,16093,5,N,5,190,C,170,C,99999,9,False,
99999903948,35.25,-97.46667,360.3,2005-05-14 14:52:00,40,5,N,46,5,22000,5,9,N,16093,5,N,5,200,C,140,C,99999,9,False,
99999903948,35.25,-97.46667,360.3,2005-05-14 15:51:00,20,5,N,36,5,22000,5,9,N,16093,5,N,5,220,C,130,C,99999,9,False,
99999903948,35.25,-97.46667,360.3,2005-05-14 16:52:00,10,5,N,57,5,22000,5,9,N,16093,5,N,5,230,C,100,C,99999,9,False,
99999903948,35.25,-97.46667,360.3,2005-05-14 17:52:00,20,5,N,57,5,22000,5,9,N,16093,5,N,5,240,C,100,C,99999,9,False,
99999903948,35.25,-97.46667,360.3,2005-05-14 18:52:00,20,5,N,62,5,22000,5,9,N,16093,5,N,5,240,C,110,C,99999,9,False,
99999903948,35.25,-97.46667,360.3,2005-05-14 19:52:00,350,5,N,62,5,22000,5,9,N,16093,5,N,5,250,C,80,C,99999,9,False,
99999903948,35.25,-97.46667,360.3,2005-05-14 20:52:00,10,5,N,77,5,22000,5,9,N,16093,5,N,5,260,C,70,C,99999,9,False,
99999903948,35.25,-97.46667,360.3,2005-05-14 21:51:00,50,5,N,51,5,22000,5,9,N,16093,5,N,5,270,C,70,C,99999,9,False,
99999903948,35.25,-97.46667,360.3,2005-05-14 22:51:00,40,5,N,51,5,22000,5,9,N,16093,5,N,5,260,C,70,C,99999,9,False,
99999903948,35.25,-97.46667,360.3,2005-05-14 23:51:00,40,5,N,41,5,22000,5,9,N,16093,5,N,5,260,C,60,C,99999,9,False,
99999903948,35.25,-97.46667,360.3,2005-05-15 00:31:00,50,5,N,31,5,22000,5,9,N,16093,5,N,5,240,C,70,C,99999,9,False,
99999903948,35.25,-97.46667,360.3,2005-05-15 01:52:00,50,5,N,15,5,22000,5,9,N,16093,5,N,5,190,C,80,C,99999,9,False,
99999903948,35.25,-97.46667,360.3,2005-05-15 02:52:00,999,9,C,0,5,22000,5,9,N,16093,5,N,5,180,C,80,C,99999,9,False,
99999903948,35.25,-97.46667,360.3,2005-05-15 03:51:00,999,9,C,0,5,22000,5,9,N,16093,5,N,5,170,C,80,C,99999,9,False,
99999903948,35.25,-97.46667,360.3,2005-05-15 04:52:00,999,9,C,0,5,22000,5,9,N,16093,5,N,5,150,C,70,C,99999,9,False,
99999903948,35.25,-97.46667,360.3,2005-05-15 05:52:00,999,9,C,0,5,22000,5,9,N,16093,5,N,5,140,C,90,C,99999,9,False,
99999903948,35.25,-97.46667,360.3,2005-05-15 05:59:00,999,9,9,9999,9,99999,9,9,9,999999,9,9,9,9999,9,9999,9,99999,9,False,
99999903948,35.25,-97.46667,360.3,2005-05-15 06:52:00,40,5,N,41,5,22000,5,9,N,16093,5,N,5,140,C,100,C,99999,9,False,
99999903948,35.25,-97.46667,360.3,2005-05-15 07:52:00,70,5,N,36,5,22000,5,9,N,16093,5,N,5,140,C,110,C,99999,9,False,
99999903948,35.25,-97.46667,360.3,2005-05-15 08:51:00,60,5,N,41,5,22000,5,9,N,16093,5,N,5,130,C,90,C,99999,9,False,
99999903948,35.25,-97.46667,360.3,2005-05-15 09:52:00,60,5,N,46,5,22000,5,9,N,16093,5,N,5,120,C,80,C,99999,9,False,
99999903948,35.25,-97.46667,360.3,2005-05-15 10:51:00,70,5,N,46,5,22000,5,9,N,16093,5,N,5,120,C,70,C,99999,9,False,
99999903948,35.25,-97.46667,360.3,2005-05-15 11:51:00,70,5,N,36,5,22000,5,9,N,16093,5,N,5,120,C,60,C,99999,9,False,
99999903948,35.25,-97.46667,360.3,2005-05-15 12:52:00,70,5,N,26,5,22000,5,9,N,16093,5,N,5,130,C,60,C,99999,9,False,
99999903948,35.25,-97.46667,360.3,2005-05-15 13:52:00,80,5,N,46,5,22000,5,9,N,16093,5,N,5,160,C,60,C,99999,9,False,
99999903948,35.25,-97.46667,360.3,2005-05-15 14:53:00,50,5,N,41,5,22000,5,9,N,16093,5,N,5,180,C,30,C,99999,9,False,
99999903948,35.25,-97.46667,360.3,2005-05-15 15:52:00,70,5,N,51,5,22000,5,9,N,16093,5,N,5,190,C,30,C,99999,9,False,
99999903948,35.25,-97.46667,360.3,2005-05-15 16:51:00,40,5,N,46,5,22000,5,9,N,16093,5,N,5,210,C,40,C,99999,9,False,
99999903948,35.25,-97.46667,360.3,2005-05-15 17:51:00,20,5,N,31,5,22000,5,9,N,16093,5,N,5,210,C,40,C,99999,9,False,
99999903948,35.25,-97.46667,360.3,2005-05-15 18:52:00,50,5,N,31,5,22000,5,9,N,16093,5,N,5,220,C,60,C,99999,9,False,
99999903948,35.25,-97.46667,360.3,2005-05-15 19:51:00,50,5,N,41,5,22000,5,9,N,16093,5,N,5,220,C,70,C,99999,9,False,
99999903948,35.25,-97.46667,360.3,2005-05-15 20:51:00,50,5,N,31,5,22000,5,9,N,16093,5,N,5,210,C,70,C,99999,9,False,
99999903948,35.25,-97.46667,360.3,2005-05-15 21:52:00,40,5,N,36,5,22000,5,9,N,16093,5,N,5,210,C,80,C,99999,9,False,
99999903948,35.25,-97.46667,360.3,2005-05-15 22:52:00,40,5,N,15,5,22000,5,9,N,16093,5,N,5,190,C,80,C,99999,9,False,
99999903948,35.25,-97.46667,360.3,2005-05-15 23:51:00,80,5,N,21,5,22000,5,9,N,16093,5,N,5,190,C,80,C,99999,9,False,
99999903948,35.25,-97.46667,360.3,2005-05-16 00:51:00,110,5,N,21,5,22000,5,9,N,16093,5,N,5,180,C,70,C,99999,9,False,
99999903948,35.25,-97.46667,360.3,2005-05-16 01:51:00,999,9,C,0,5,22000,5,9,N,16093,5,N,5,160,C,80,C,99999,9,False,
99999903948,35.25,-97.46667,360.3,2005-05-16 02:51:00,999,9,C,0,5,22000,5,9,N,16093,5,N,5,150,C,90,C,99999,9,False,
99999903948,35.25,-97.46667,360.3,2005-05-16 03:51:00,999,9,C,0,5,22000,5,9,N,16093,5,N,5,150,C,90,C,99999,9,False,
99999903948,35.25,-97.46667,360.3,2005-05-16 04:52:00,100,5,N,21,5,22000,5,9,N,16093,5,N,5,160,C,90,C,99999,9,False,
99999903948,35.25,-97.46667,360.3,2005-05-16 05:51:00,999,9,C,0,5,3658,5,M,N,16093,5,N,5,150,C,80,C,99999,9,False,
99999903948,35.25,-97.46667,360.3,2005-05-16 06:51:00,999,9,C,0,5,3658,5,M,N,16093,5,N,5,150,C,80,C,99999,9,False,
99999903948,35.25,-97.46667,360.3,2005-05-16 07:52:00,999,9,C,0,5,3658,5,M,N,16093,5,N,5,150,C,80,C,99999,9,False,
99999903948,35.25,-97.46667,360.3,2005-05-16 08:51:00,110,5,N,36,5,22000,5,9,N,16093,5,N,5,150,C,70,C,99999,9,False,
99999903948,35.25,-97.46667,360.3,2005-05-16 09:51:00,170,5,N,15,5,22000,5,9,N,16093,5,N,5,140,C,60,C,99999,9,False,
99999903948,35.25,-97.46667,360.3,2005-05-16 10:51:00,130,5,N,15,5,22000,5,9,N,16093,5,N,5,130,C,70,C,99999,9,False,
99999903948,35.25,-97.46667,360.3,2005-05-16 11:51:00,140,5,N,26,5,22000,5,9,N,16093,5,N,5,140,C,80,C,99999,9,False,
99999903948,35.25,-97.46667,360.3,2005-05-16 12:51:00,150,5,N,36,5,22000,5,9,N,16093,5,N,5,160,C,80,C,99999,9,False,
99999903948,35.25,-97.46667,360.3,2005-05-16 13:52:00,150,5,N,36,5,22000,5,9,N,16093,5,N,5,170,C,70,C,99999,9,False,
99999903948,35.25,-97.46667,360.3,2005-05-16 14:52:00,160,5,N,41,5,22000,5,9,N,16093,5,N,5,190,C,80,C,99999,9,False,
99999903948,35.25,-97.46667,360.3,2005-05-16 15:52:00,180,5,N,36,5,22000,5,9,N,16093,5,N,5,210,C,70,C,99999,9,False,
99999903948,35.25,-97.46667,360.3,2005-05-16 16:51:00,180,5,N,41,5,22000,5,9,N,16093,5,N,5,220,C,80,C,99999,9,False,
99999903948,35.25,-97.46667,360.3,2005-05-16 17:55:00,170,5,N,46,5,22000,5,9,N,16093,5,N,5,240,C,80,C,99999,9,False,
99999903948,35.25,-97.46667,360.3,2005-05-16 18:53:00,190,5,N,57,5,22000,5,9,N,16093,5,N,5,240,C,80,C,99999,9,False,
99999903948,35.25,-97.46667,360.3,2005-05-16 19:51:00,160,5,N,36,5,2591,5,M,N,16093,5,N,5,240,C,100,C,99999,9,False,
99999903948,35.25,-97.46667,360.3,2005-05-16 20:51:00,180,5,N,51,5,22000,5,9,N,16093,5,N,5,250,C,100,C,99999,9,False,
99999903948,35.25,-97.46667,360.3,2005-05-16 21:51:00,180,5,N,67,5,22000,5,9,N,16093,5,N,5,260,C,90,C,99999,9,False,
99999903948,35.25,-97.46667,360.3,2005-05-16 22:51:00,210,5,N,57,5,22000,5,9,N,16093,5,N,5,260,C,90,C,99999,9,False,
99999903948,35.25,-97.46667,360.3,2005-05-16 23:51:00,180,5,N,57,5,22000,5,9,N,16093,5,N,5,260,C,90,C,99999,9,False,
99999903948,35.25,-97.46667,360.3,2005-05-17 00:51:00,160,5,N,51,5,22000,5,9,N,16093,5,N,5,240,C,100,C,99999,9,False,
99999903948,35.25,-97.46667,360.3,2005-05-17 01:51:00,140,5,N,51,5,22000,5,9,N,16093,5,N,5,220,C,100,C,99999,9,False,
99999903948,35.25,-97.46667,360.3,2005-05-17 02:51:00,150,5,N,62,5,22000,5,9,N,16093,5,N,5,210,C,90,C,99999,9,False,
99999903948,35.25,-97.46667,360.3,2005-05-17 03:51:00,150,5,N,57,5,22000,5,9,N,16093,5,N,5,200,C,90,C,99999,9,False,
99999903948,35.25,-97.46667,360.3,2005-05-17 04:51:00,160,5,N,62,5,22000,5,9,N,16093,5,N,5,190,C,90,C,99999,9,False,
99999903948,35.25,-97.46667,360.3,2005-05-17 05:51:00,160,5,N,46,5,22000,5,9,N,16093,5,N,5,180,C,90,C,99999,9,False,
99999903948,35.25,-97.46667,360.3,2005-05-17 06:52:00,160,5,N,51,5,22000,5,9,N,16093,5,N,5,170,C,90,C,99999,9,False,
99999903948,35.25,-97.46667,360.3,2005-05-17 07:51:00,170,5,N,51,5,22000,5,9,N,16093,5,N,5,170,C,90,C,99999,9,False,
99999903948,35.25,-97.46667,360.3,2005-05-17 08:51:00,170,5,N,46,5,22000,5,9,N,16093,5,N,5,170,C,90,C,99999,9,False,
99999903948,35.25,-97.46667,360.3,2005-05-17 09:51:00,160,5,N,46,5,22000,5,9,N,16093,5,N,5,160,C,90,C,99999,9,False,
99999903948,35.25,-97.46667,360.3,2005-05-17 10:51:00,170,5,N,41,5,22000,5,9,N,16093,5,N,5,160,C,100,C,99999,9,False,
99999903948,35.25,-97.46667,360.3,2005-05-17 11:51:00,170,5,N,62,5,22000,5,9,N,16093,5,N,5,160,C,110,C,99999,9,False,
99999903948,35.25,-97.46667,360.3,2005-05-17 12:51:00,160,5,N,62,5,22000,5,9,N,16093,5,N,5,170,C,120,C,99999,9,False,
99999903948,35.25,-97.46667,360.3,2005-05-17 13:51:00,170,5,N,67,5,22000,5,9,N,16093,5,N,5,190,C,130,C,99999,9,False,
99999903948,35.25,-97.46667,360.3,2005-05-17 14:52:00,170,5,N,57,5,22000,5,9,N,16093,5,N,5,220,C,140,C,99999,9,False,
99999903948,35.25,-97.46667,360.3,2005-05-17 15:51:00,160,5,N,82,5,22000,5,9,N,11265,5,N,5,240,C,130,C,99999,9,False,
99999903948,35.25,-97.46667,360.3,2005-05-17 16:51:00,180,5,N,93,5,22000,5,9,N,11265,5,N,5,250,C,140,C,99999,9,False,
99999903948,35.25,-97.46667,360.3,2005-05-17 17:51:00,180,5,N,88,5,22000,5,9,N,11265,5,N,5,260,C,130,C,99999,9,False,
99999903948,35.25,-97.46667,360.3,2005-05-17 18:51:00,180,5,N,98,5,22000,5,9,N,16093,5,N,5,270,C,140,C,99999,9,False,
99999903948,35.25,-97.46667,360.3,2005-05-17 19:51:00,170,5,N,98,5,22000,5,9,N,16093,5,N,5,280,C,140,C,99999,9,False,
99999903948,35.25,-97.46667,360.3,2005-05-17 20:51:00,180,5,N,108,5,22000,5,9,N,11265,5,N,5,280,C,130,C,99999,9,False,
99999903948,35.25,-97.46667,360.3,2005-05-17 21:51:00,180,5,N,93,5,22000,5,9,N,16093,5,N,5,280,C,140,C,99999,9,False,
99999903948,35.25,-97.46667,360.3,2005-05-17 22:55:00,170,5,N,93,5,22000,5,9,N,16093,5,N,5,280,C,140,C,99999,9,False,
99999903948,35.25,-97.46667,360.3,2005-05-17 23:51:00,170,5,N,98,5,22000,5,9,N,16093,5,N,5,270,C,140,C,99999,9,False,
99999903948,35.25,-97.46667,360.3,2005-05-18 00:51:00,170,5,N,77,5,22000,5,9,N,16093,5,N,5,260,C,140,C,99999,9,False,
99999903948,35.25,-97.46667,360.3,2005-05-18 01:51:00,170,5,N,62,5,22000,5,9,N,16093,5,N,5,250,C,140,C,99999,9,False,
99999903948,35.25,-97.46667,360.3,2005-05-18 02:51:00,170,5,N,82,5,22000,5,9,N,16093,5,N,5,230,C,150,C,99999,9,False,
99999903948,35.25,-97.46667,360.3,2005-05-18 03:51:00,170,5,N,82,5,22000,5,9,N,16093,5,N,5,230,C,140,C,99999,9,False,
99999903948,35.25,-97.46667,360.3,2005-05-18 04:51:00,170,5,N,82,5,22000,5,9,N,16093,5,N,5,220,C,150,C,99999,9,False,
99999903948,35.25,-97.46667,360.3,2005-05-18 05:51:00,170,5,N,77,5,22000,5,9,N,16093,5,N,5,220,C,150,C,99999,9,False,
99999903948,35.25,-97.46667,360.3,2005-05-18 06:51:00,180,5,N,67,5,22000,5,9,N,16093,5,N,5,210,C,140,C,99999,9,False,
99999903948,35.25,-97.46667,360.3,2005-05-18 07:51:00,180,5,N,93,5,22000,5,9,N,16093,5,N,5,220,C,140,C,99999,9,False,
99999903948,35.25,-97.46667,360.3,2005-05-18 08:51:00,180,5,N,82,5,22000,5,9,N,16093,5,N,5,210,C,150,C,99999,9,False,
99999903948,35.25,-97.46667,360.3,2005-05-18 09:51:00,180,5,N,77,5,22000,5,9,N,16093,5,N,5,9999,9,9999,9,99999,9,False,
99999903948,35.25,-97.46667,360.3,2005-05-18 10:51:00,190,5,N,88,5,22000,5,9,N,16093,5,N,5,210,C,160,C,99999,9,False,
99999903948,35.25,-97.46667,360.3,2005-05-18 11:51:00,180,5,N,77,5,22000,5,9,N,16093,5,N,5,200,C,160,C,99999,9,False,
99999903948,35.25,-97.46667,360.3,2005-05-18 12:56:00,180,5,N,88,5,22000,5,9,N,16093,5,N,5,210,C,170,C,99999,9,False,
99999903948,35.25,-97.46667,360.3,2005-05-18 13:51:00,180,5,N,88,5,22000,5,9,N,16093,5,N,5,220,C,170,C,99999,9,False,
99999903948,35.25,-97.46667,360.3,2005-05-18 14:51:00,190,5,N,98,5,22000,5,9,N,16093,5,N,5,240,C,170,C,99999,9,False,
99999903948,35.25,-97.46667,360.3,2005-05-18 15:51:00,200,5,N,88,5,22000,5,9,N,16093,5,N,5,260,C,180,C,99999,9,False,
99999903948,35.25,-97.46667,360.3,2005-05-18 16:51:00,200,5,N,118,5,22000,5,9,N,16093,5,N,5,260,C,180,C,99999,9,False,
99999903948,35.25,-97.46667,360.3,2005-05-18 17:53:00,190,5,N,98,5,22000,5,9,N,16093,5,N,5,270,C,180,C,99999,9,False,
99999903948,35.25,-97.46667,360.3,2005-05-18 18:51:00,190,5,N,88,5,22000,5,9,N,16093,5,N,5,270,C,180,C,99999,9,False,
99999903948,35.25,-97.46667,360.3,2005-05-18 19:51:00,190,5,N,98,5,22000,5,9,N,16093,5,N,5,280,C,180,C,99999,9,False,
99999903948,35.25,-97.46667,360.3,2005-05-18 20:51:00,180,5,N,77,5,1158,5,M,N,16093,5,N,5,280,C,190,C,99999,9,False,
99999903948,35.25,-97.46667,360.3,2005-05-18 21:51:00,170,5,N,67,5,1341,5,M,N,16093,5,N,5,270,C,180,C,99999,9,False,
99999903948,35.25,-97.46667,360.3,2005-05-18 22:51:00,170,5,N,46,5,1402,5,M,N,16093,5,N,5,270,C,180,C,99999,9,False,
99999903948,35.25,-97.46667,360.3,2005-05-18 23:51:00,170,5,N,51,5,22000,5,9,N,16093,5,N,5,270,C,180,C,99999,9,False,
99999903948,35.25,-97.46667,360.3,2005-05-19 00:51:00,160,5,N,46,5,22000,5,9,N,16093,5,N,5,260,C,180,C,99999,9,False,
99999903948,35.25,-97.46667,360.3,2005-05-19 01:52:00,160,5,N,46,5,22000,5,9,N,16093,5,N,5,240,C,180,C,99999,9,False,
99999903948,35.25,-97.46667,360.3,2005-05-19 02:51:00,160,5,N,46,5,22000,5,9,N,16093,5,N,5,240,C,180,C,99999,9,False,
99999903948,35.25,-97.46667,360.3,2005-05-19 03:51:00,170,5,N,51,5,22000,5,9,N,16093,5,N,5,230,C,180,C,99999,9,False,
99999903948,35.25,-97.46667,360.3,2005-05-19 04:51:00,170,5,N,51,5,22000,5,9,N,16093,5,N,5,230,C,180,C,99999,9,False,
99999903948,35.25,-97.46667,360.3,2005-05-19 05:51:00,180,5,N,57,5,22000,5,9,N,16093,5,N,5,230,C,180,C,99999,9,False,
99999903948,35.25,-97.46667,360.3,2005-05-19 06:52:00,170,5,N,36,5,22000,5,9,N,16093,5,N,5,220,C,180,C,99999,9,False,
99999903948,35.25,-97.46667,360.3,2005-05-19 07:52:00,180,5,N,41,5,22000,5,9,N,16093,5,N,5,220,C,180,C,99999,9,False,
99999903948,35.25,-97.46667,360.3,2005-05-19 08:51:00,180,5,N,46,5,22000,5,9,N,16093,5,N,5,210,C,180,C,99999,9,False,
99999903948,35.25,-97.46667,360.3,2005-05-19 09:51:00,180,5,N,46,5,22000,5,9,N,16093,5,N,5,210,C,180,C,99999,9,False,
99999903948,35.25,-97.46667,360.3,2005-05-19 10:51:00,180,5,N,46,5,22000,5,9,N,16093,5,N,5,210,C,180,C,99999,9,False,
99999903948,35.25,-97.46667,360.3,2005-05-19 11:51:00,200,5,N,41,5,22000,5,9,N,16093,5,N,5,210,C,180,C,99999,9,False,
99999903948,35.25,-97.46667,360.3,2005-05-19 12:51:00,190,5,N,36,5,22000,5,9,N,16093,5,N,5,220,C,190,C,99999,9,False,
99999903948,35.25,-97.46667,360.3,2005-05-19 13:51:00,200,5,N,62,5,22000,5,9,N,16093,5,N,5,230,C,190,C,99999,9,False,
99999903948,35.25,-97.46667,360.3,2005-05-19 14:51:00,190,5,N,51,5,457,5,M,N,16093,5,N,5,240,C,190,C,99999,9,False,
99999903948,35.25,-97.46667,360.3,2005-05-19 15:53:00,170,5,N,51,5,640,5,M,N,16093,5,N,5,250,C,200,C,99999,9,False,
99999903948,35.25,-97.46667,360.3,2005-05-19 16:52:00,180,5,N,46,5,701,5,M,N,16093,5,N,5,270,C,200,C,99999,9,False,
99999903948,35.25,-97.46667,360.3,2005-05-19 17:51:00,210,5,N,41,5,792,5,M,N,16093,5,N,5,280,C,200,C,99999,9,False,
99999903948,35.25,-97.46667,360.3,2005-05-19 18:51:00,230,5,N,21,5,914,5,M,N,16093,5,N,5,290,C,200,C,99999,9,False,
99999903948,35.25,-97.46667,360.3,2005-05-19 19:51:00,999,9,C,0,5,1097,5,M,N,16093,5,N,5,300,C,210,C,99999,9,False,
99999903948,35.25,-97.46667,360.3,2005-05-19 20:52:00,170,5,N,41,5,1128,5,M,N,16093,5,N,5,310,C,200,C,99999,9,False,
99999903948,35.25,-97.46667,360.3,2005-05-19 21:51:00,180,5,N,26,5,22000,5,9,N,16093,5,N,5,310,C,200,C,99999,9,False,
99999903948,35.25,-97.46667,360.3,2005-05-19 22:51:00,190,5,N,41,5,22000,5,9,N,16093,5,N,5,320,C,200,C,99999,9,False,
99999903948,35.25,-97.46667,360.3,2005-05-19 23:51:00,170,5,N,41,5,22000,5,9,N,16093,5,N,5,310,C,210,C,99999,9,False,
99999903948,35.25,-97.46667,360.3,2005-05-20 00:51:00,160,5,N,26,5,22000,5,9,N,16093,5,N,5,300,C,210,C,99999,9,False,
99999903948,35.25,-97.46667,360.3,2005-05-20 01:51:00,150,5,N,15,5,22000,5,9,N,16093,5,N,5,270,C,200,C,99999,9,False,
99999903948,35.25,-97.46667,360.3,2005-05-20 02:51:00,130,5,N,21,5,22000,5,9,N,16093,5,N,5,260,C,200,C,99999,9,False,
99999903948,35.25,-97.46667,360.3,2005-05-20 03:51:00,999,9,C,0,5,22000,5,9,N,16093,5,N,5,230,C,190,C,99999,9,False,
99999903948,35.25,-97.46667,360.3,2005-05-20 04:51:00,140,5,N,21,5,22000,5,9,N,16093,5,N,5,240,C,210,C,99999,9,False,
99999903948,35.25,-97.46667,360.3,2005-05-20 05:51:00,180,5,N,26,5,22000,5,9,N,16093,5,N,5,240,C,200,C,99999,9,False,
99999903948,35.25,-97.46667,360.3,2005-05-20 06:51:00,190,5,N,31,5,22000,5,9,N,16093,5,N,5,230,C,200,C,99999,9,False,
99999903948,35.25,-97.46667,360.3,2005-05-20 07:51:00,200,5,N,36,5,22000,5,9,N,11265,5,N,5,220,C,200,C,99999,9,False,
99999903948,35.25,-97.46667,360.3,2005-05-20 08:51:00,200,5,N,36,5,22000,5,9,N,11265,5,N,5,220,C,190,C,99999,9,False,
99999903948,35.25,-97.46667,360.3,2005-05-20 09:51:00,200,5,N,26,5,22000,5,9,N,11265,5,N,5,220,C,190,C,99999,9,False,
99999903948,35.25,-97.46667,360.3,2005-05-20 10:51:00,210,5,N,15,5,22000,5,9,N,11265,5,N,5,200,C,180,C,99999,9,False,
99999903948,35.25,-97.46667,360.3,2005-05-20 11:51:00,999,9,C,0,5,22000,5,9,N,4828,5,N,5,200,C,180,C,99999,9,False,
99999903948,35.25,-97.46667,360.3,2005-05-20 12:51:00,999,9,C,0,5,22000,5,9,N,8047,5,N,5,240,C,220,C,99999,9,False,
99999903948,35.25,-97.46667,360.3,2005-05-20 13:51:00,240,5,N,21,5,22000,5,9,N,11265,5,N,5,270,C,210,C,99999,9,False,
99999903948,35.25,-97.46667,360.3,2005-05-20 14:51:00,290,5,N,21,5,22000,5,9,N,16093,5,N,5,290,C,220,C,99999,9,False,
99999903948,35.25,-97.46667,360.3,2005-05-20 15:51:00,999,9,C,0,5,22000,5,9,N,16093,5,N,5,320,C,230,C,99999,9,False,
99999903948,35.25,-97.46667,360.3,2005-05-20 16:51:00,20,5,N,15,5,22000,5,9,N,16093,5,N,5,340,C,190,C,99999,9,False,
99999903948,35.25,-97.46667,360.3,2005-05-20 17:51:00,110,5,N,21,5,22000,5,9,N,16093,5,N,5,350,C,180,C,99999,9,False,
99999903948,35.25,-97.46667,360.3,2005-05-20 18:51:00,999,9,C,0,5,22000,5,9,N,16093,5,N,5,360,C,170,C,99999,9,False,
99999903948,35.25,-97.46667,360.3,2005-05-20 19:52:00,150,5,N,26,5,22000,5,9,N,16093,5,N,5,370,C,130,C,99999,9,False,
99999903948,35.25,-97.46667,360.3,2005-05-20 20:51:00,10,5,N,21,5,22000,5,9,N,16093,5,N,5,370,C,140,C,99999,9,False,
99999903948,35.25,-97.46667,360.3,2005-05-20 21:51:00,70,5,N,26,5,22000,5,9,N,16093,5,N,5,370,C,140,C,99999,9,False,
99999903948,35.25,-97.46667,360.3,2005-05-20 22:51:00,60,5,N,31,5,22000,5,9,N,16093,5,N,5,370,C,150,C,99999,9,False,
99999903948,35.25,-97.46667,360.3,2005-05-20 23:51:00,110,5,N,31,5,22000,5,9,N,16093,5,N,5,350,C,160,C,99999,9,False,
99999903948,35.25,-97.46667,360.3,2005-05-21 00:51:00,110,5,N,21,5,22000,5,9,N,16093,5,N,5,330,C,160,C,99999,9,False,
99999903948,35.25,-97.46667,360.3,2005-05-21 01:51:00,130,5,N,15,5,22000,5,9,N,16093,5,N,5,300,C,160,C,99999,9,False,
99999903948,35.25,-97.46667,360.3,2005-05-21 02:51:00,130,5,N,15,5,22000,5,9,N,16093,5,N,5,280,C,170,C,99999,9,False,
99999903948,35.25,-97.46667,360.3,2005-05-21 03:51:00,130,5,N,26,5,22000,5,9,N,16093,5,N,5,270,C,190,C,99999,9,False,
99999903948,35.25,-97.46667,360.3,2005-05-21 04:51:00,130,5,N,26,5,22000,5,9,N,16093,5,N,5,270,C,190,C,99999,9,False,
99999903948,35.25,-97.46667,360.3,2005-05-21 05:51:00,999,9,C,0,5,22000,5,9,N,16093,5,N,5,260,C,190,C,99999,9,False,
99999903948,35.25,-97.46667,360.3,2005-05-21 05:59:00,999,9,9,9999,9,99999,9,9,9,999999,9,9,9,9999,9,9999,9,99999,9,False,
99999903948,35.25,-97.46667,360.3,2005-05-21 06:51:00,999,9,C,0,5,22000,5,9,N,16093,5,N,5,230,C,180,C,99999,9,False,
99999903948,35.25,-97.46667,360.3,2005-05-21 07:51:00,80,5,N,15,5,22000,5,9,N,16093,5,N,5,220,C,180,C,99999,9,False,
99999903948,35.25,-97.46667,360.3,2005-05-21 08:51:00,999,9,C,0,5,22000,5,9,N,16093,5,N,5,210,C,180,C,99999,9,False,
99999903948,35.25,-97.46667,360.3,2005-05-21 09:51:00,130,5,N,21,5,22000,5,9,N,16093,5,N,5,230,C,190,C,99999,9,False,
99999903948,35.25,-97.46667,360.3,2005-05-21 10:51:00,140,5,N,26,5,22000,5,9,N,16093,5,N,5,230,C,180,C,99999,9,False,
99999903948,35.25,-97.46667,360.3,2005-05-21 11:51:00,170,5,N,21,5,22000,5,9,N,16093,5,N,5,220,C,170,C,99999,9,False,
99999903948,35.25,-97.46667,360.3,2005-05-21 12:51:00,150,5,N,31,5,22000,5,9,N,11265,5,N,5,240,C,180,C,99999,9,False,
99999903948,35.25,-97.46667,360.3,2005-05-21 13:51:00,170,5,N,57,5,22000,5,9,N,16093,5,N,5,270,C,180,C,99999,9,False,
99999903948,35.25,-97.46667,360.3,2005-05-21 14:51:00,170,5,N,62,5,22000,5,9,N,8047,5,N,5,280,C,180,C,99999,9,False,
99999903948,35.25,-97.46667,360.3,2005-05-21 15:51:00,190,5,N,46,5,22000,5,9,N,11265,5,N,5,300,C,190,C,99999,9,False,
99999903948,35.25,-97.46667,360.3,2005-05-21 16:51:00,190,5,N,46,5,22000,5,9,N,16093,5,N,5,320,C,200,C,99999,9,False,
99999903948,35.25,-97.46667,360.3,2005-05-21 17:51:00,220,5,N,41,5,22000,5,9,N,16093,5,N,5,330,C,210,C,99999,9,False,
99999903948,35.25,-97.46667,360.3,2005-05-21 18:51:00,240,5,N,46,5,22000,5,9,N,16093,5,N,5,350,C,190,C,99999,9,False,
99999903948,35.25,-97.46667,360.3,2005-05-21 19:51:00,210,5,N,46,5,22000,5,9,N,16093,5,N,5,360,C,170,C,99999,9,False,
99999903948,35.25,-97.46667,360.3,2005-05-21 20:51:00,230,5,N,51,5,22000,5,9,N,16093,5,N,5,360,C,160,C,99999,9,False,
99999903948,35.25,-97.46667,360.3,2005-05-21 21:51:00,200,5,N,62,5,22000,5,9,N,16093,5,N,5,370,C,160,C,99999,9,False,
99999903948,35.25,-97.46667,360.3,2005-05-21 22:51:00,200,5,N,62,5,22000,5,9,N,16093,5,N,5,360,C,160,C,99999,9,False,
99999903948,35.25,-97.46667,360.3,2005-05-21 23:52:00,170,5,N,41,5,22000,5,9,N,16093,5,N,5,350,C,170,C,99999,9,False,
99999903948,35.25,-97.46667,360.3,2005-05-22 00:51:00,170,5,N,36,5,22000,5,9,N,16093,5,N,5,330,C,180,C,99999,9,False,
99999903948,35.25,-97.46667,360.3,2005-05-22 01:51:00,160,5,N,31,5,22000,5,9,N,16093,5,N,5,310,C,180,C,99999,9,False,
99999903948,35.25,-97.46667,360.3,2005-05-22 02:52:00,160,5,N,41,5,22000,5,9,N,16093,5,N,5,290,C,190,C,99999,9,False,
99999903948,35.25,-97.46667,360.3,2005-05-22 03:51:00,160,5,N,46,5,22000,5,9,N,16093,5,N,5,280,C,9999,9,99999,9,False,
99999903948,35.25,-97.46667,360.3,2005-05-22 04:51:00,160,5,N,57,5,22000,5,9,N,16093,5,N,5,270,C,190,C,99999,9,False,
99999903948,35.25,-97.46667,360.3,2005-05-22 05:51:00,160,5,N,77,5,22000,5,9,N,16093,5,N,5,270,C,190,C,99999,9,False,
99999903948,35.25,-97.46667,360.3,2005-05-22 05:59:00,999,9,9,9999,9,99999,9,9,9,999999,9,9,9,9999,9,9999,9,99999,9,False,
99999903948,35.25,-97.46667,360.3,2005-05-22 06:51:00,180,5,N,51,5,22000,5,9,N,16093,5,N,5,260,C,190,C,99999,9,False,
99999903948,35.25,-97.46667,360.3,2005-05-22 07:51:00,180,5,N,57,5,22000,5,9,N,16093,5,N,5,250,C,190,C,99999,9,False,
99999903948,35.25,-97.46667,360.3,2005-05-22 08:52:00,200,5,N,51,5,22000,5,9,N,16093,5,N,5,240,C,180,C,99999,9,False,
99999903948,35.25,-97.46667,360.3,2005-05-22 09:51:00,180,5,N,41,5,22000,5,9,N,16093,5,N,5,240,C,180,C,99999,9,False,
99999903948,35.25,-97.46667,360.3,2005-05-22 10:51:00,180,5,N,36,5,22000,5,9,N,16093,5,N,5,230,C,180,C,99999,9,False,
99999903948,35.25,-97.46667,360.3,2005-05-22 11:51:00,180,5,N,31,5,22000,5,9,N,16093,5,N,5,230,C,180,C,99999,9,False,
99999903948,35.25,-97.46667,360.3,2005-05-22 12:51:00,180,5,N,36,5,22000,5,9,N,16093,5,N,5,240,C,180,C,99999,9,False,
99999903948,35.25,-97.46667,360.3,2005-05-22 13:51:00,190,5,N,31,5,22000,5,9,N,16093,5,N,5,270,C,190,C,99999,9,False,
99999903948,35.25,-97.46667,360.3,2005-05-22 14:51:00,210,5,N,41,5,22000,5,9,N,16093,5,N,5,300,C,180,C,99999,9,False,
99999903948,35.25,-97.46667,360.3,2005-05-22 15:51:00,210,5,N,51,5,22000,5,9,N,16093,5,N,5,320,C,170,C,99999,9,False,
99999903948,35.25,-97.46667,360.3,2005-05-22 16:51:00,210,5,N,62,5,22000,5,9,N,16093,5,N,5,340,C,170,C,99999,9,False,
99999903948,35.25,-97.46667,360.3,2005-05-22 17:51:00,220,5,N,51,5,22000,5,9,N,16093,5,N,5,360,C,170,C,99999,9,False,
99999903948,35.25,-97.46667,360.3,2005-05-22 18:51:00,210,5,N,77,5,22000,5,9,N,16093,5,N,5,360,C,160,C,99999,9,False,
99999903948,35.25,-97.46667,360.3,2005-05-22 19:51:00,220,5,N,72,5,22000,5,9,N,16093,5,N,5,370,C,170,C,99999,9,False,
99999903948,35.25,-97.46667,360.3,2005-05-22 20:51:00,230,5,N,72,5,22000,5,9,N,16093,5,N,5,370,C,160,C,99999,9,False,
99999903948,35.25,-97.46667,360.3,2005-05-22 21:53:00,230,5,N,62,5,22000,5,9,N,16093,5,N,5,370,C,160,C,99999,9,False,
99999903948,35.25,-97.46667,360.3,2005-05-22 22:51:00,220,5,N,62,5,22000,5,9,N,16093,5,N,5,370,C,170,C,99999,9,False,
99999903948,35.25,-97.46667,360.3,2005-05-22 23:51:00,190,5,N,41,5,22000,5,9,N,16093,5,N,5,360,C,160,C,99999,9,False,
99999903948,35.25,-97.46667,360.3,2005-05-23 00:52:00,170,5,N,31,5,22000,5,9,N,16093,5,N,5,340,C,160,C,99999,9,False,
99999903948,35.25,-97.46667,360.3,2005-05-23 01:51:00,170,5,N,41,5,22000,5,9,N,16093,5,N,5,310,C,180,C,99999,9,False,
99999903948,35.25,-97.46667,360.3,2005-05-23 02:51:00,180,5,N,36,5,22000,5,9,N,16093,5,N,5,300,C,170,C,99999,9,False,
99999903948,35.25,-97.46667,360.3,2005-05-23 03:51:00,180,5,N,36,5,22000,5,9,N,16093,5,N,5,280,C,180,C,99999,9,False,
99999903948,35.25,-97.46667,360.3,2005-05-23 04:51:00,190,5,N,36,5,22000,5,9,N,16093,5,N,5,270,C,180,C,99999,9,False,
99999903948,35.25,-97.46667,360.3,2005-05-23 05:51:00,200,5,N,67,5,22000,5,9,N,16093,5,N,5,270,C,170,C,99999,9,False,
99999903948,35.25,-97.46667,360.3,2005-05-23 06:51:00,200,5,N,57,5,22000,5,9,N,16093,5,N,5,270,C,160,C,99999,9,False,
99999903948,35.25,-97.46667,360.3,2005-05-23 07:51:00,210,5,N,51,5,22000,5,9,N,16093,5,N,5,270,C,160,C,99999,9,False,
99999903948,35.25,-97.46667,360.3,2005-05-23 08:51:00,210,5,N,46,5,22000,5,9,N,16093,5,N,5,260,C,160,C,99999,9,False,
99999903948,35.25,-97.46667,360.3,2005-05-23 09:51:00,190,5,N,31,5,22000,5,9,N,16093,5,N,5,240,C,160,C,99999,9,False,
99999903948,35.25,-97.46667,360.3,2005-05-23 10:51:00,170,5,N,31,5,22000,5,9,N,16093,5,N,5,240,C,160,C,99999,9,False,
99999903948,35.25,-97.46667,360.3,2005-05-23 11:51:00,120,5,N,41,5,22000,5,9,N,16093,5,N,5,210,C,190,C,99999,9,False,
99999903948,35.25,-97.46667,360.3,2005-05-23 12:51:00,120,5,N,46,5,22000,5,9,N,16093,5,N,5,220,C,190,C,99999,9,False,
99999903948,35.25,-97.46667,360.3,2005-05-23 13:52:00,140,5,N,51,5,22000,5,9,N,11265,5,N,5,230,C,190,C,99999,9,False,
99999903948,35.25,-97.46667,360.3,2005-05-23 14:51:00,130,5,N,77,5,22000,5,9,N,11265,5,N,5,240,C,200,C,99999,9,False,
99999903948,35.25,-97.46667,360.3,2005-05-23 15:52:00,150,5,N,72,5,22000,5,9,N,16093,5,N,5,260,C,210,C,99999,9,False,
99999903948,35.25,-97.46667,360.3,2005-05-23 16:51:00,170,5,N,77,5,22000,5,9,N,16093,5,N,5,280,C,200,C,99999,9,False,
99999903948,35.25,-97.46667,360.3,2005-05-23 17:51:00,180,5,N,36,5,22000,5,9,N,16093,5,N,5,300,C,190,C,99999,9,False,
99999903948,35.25,-97.46667,360.3,2005-05-23 18:51:00,250,5,N,36,5,22000,5,9,N,16093,5,N,5,320,C,170,C,99999,9,False,
99999903948,35.25,-97.46667,360.3,2005-05-23 19:51:00,210,5,N,51,5,22000,5,9,N,16093,5,N,5,330,C,160,C,99999,9,False,
99999903948,35.25,-97.46667,360.3,2005-05-23 20:51:00,220,5,N,72,5,22000,5,9,N,16093,5,N,5,340,C,160,C,99999,9,False,
99999903948,35.25,-97.46667,360.3,2005-05-23 21:51:00,210,5,N,62,5,22000,5,9,N,16093,5,N,5,340,C,170,C,99999,9,False,
99999903948,35.25,-97.46667,360.3,2005-05-23 22:51:00,190,5,N,46,5,22000,5,9,N,16093,5,N,5,330,C,180,C,99999,9,False,
99999903948,35.25,-97.46667,360.3,2005-05-23 23:51:00,210,5,N,41,5,22000,5,9,N,16093,5,N,5,320,C,180,C,99999,9,False,
99999903948,35.25,-97.46667,360.3,2005-05-24 00:51:00,170,5,N,26,5,22000,5,9,N,16093,5,N,5,310,C,190,C,99999,9,False,
99999903948,35.25,-97.46667,360.3,2005-05-24 01:51:00,170,5,N,26,5,22000,5,9,N,16093,5,N,5,270,C,190,C,99999,9,False,
99999903948,35.25,-97.46667,360.3,2005-05-24 02:51:00,170,5,N,21,5,22000,5,9,N,16093,5,N,5,260,C,180,C,99999,9,False,
99999903948,35.25,-97.46667,360.3,2005-05-24 03:52:00,170,5,N,36,5,22000,5,9,N,16093,5,N,5,260,C,170,C,99999,9,False,
99999903948,35.25,-97.46667,360.3,2005-05-24 04:52:00,170,5,N,46,5,22000,5,9,N,16093,5,N,5,260,C,170,C,99999,9,False,
99999903948,35.25,-97.46667,360.3,2005-05-24 05:52:00,170,5,N,31,5,22000,5,9,N,16093,5,N,5,240,C,170,C,99999,9,False,
99999903948,35.25,-97.46667,360.3,2005-05-24 05:59:00,999,9,9,9999,9,99999,9,9,9,999999,9,9,9,9999,9,9999,9,99999,9,False,
99999903948,35.25,-97.46667,360.3,2005-05-24 06:52:00,170,5,N,36,5,22000,5,9,N,16093,5,N,5,230,C,170,C,99999,9,False,
99999903948,35.25,-97.46667,360.3,2005-05-24 07:52:00,170,5,N,31,5,22000,5,9,N,16093,5,N,5,220,C,170,C,99999,9,False,
99999903948,35.25,-97.46667,360.3,2005-05-24 08:52:00,200,5,N,36,5,22000,5,9,N,16093,5,N,5,220,C,170,C,99999,9,False,
99999903948,35.25,-97.46667,360.3,2005-05-24 09:52:00,160,5,N,31,5,22000,5,9,N,16093,5,N,5,230,C,170,C,99999,9,False,
99999903948,35.25,-97.46667,360.3,2005-05-24 10:52:00,320,5,N,82,5,22000,5,9,N,16093,5,N,5,220,C,170,C,99999,9,False,
99999903948,35.25,-97.46667,360.3,2005-05-24 11:52:00,230,5,N,31,5,3048,5,M,N,2414,5,N,5,230,C,170,C,99999,9,False,
99999903948,35.25,-97.46667,360.3,2005-05-24 12:53:00,260,5,N,21,5,22000,5,9,N,11265,5,N,5,210,C,190,C,99999,9,False,
99999903948,35.25,-97.46667,360.3,2005-05-24 13:52:00,110,5,N,41,5,22000,5,9,N,11265,5,N,5,230,C,200,C,99999,9,False,
99999903948,35.25,-97.46667,360.3,2005-05-24 14:53:00,120,5,N,46,5,22000,5,9,N,16093,5,N,5,260,C,210,C,99999,9,False,
99999903948,35.25,-97.46667,360.3,2005-05-24 15:53:00,190,5,N,72,5,22000,5,9,N,16093,5,N,5,260,C,190,C,99999,9,False,
99999903948,35.25,-97.46667,360.3,2005-05-24 16:53:00,260,5,N,46,5,22000,5,9,N,16093,5,N,5,280,C,200,C,99999,9,False,
99999903948,35.25,-97.46667,360.3,2005-05-24 17:52:00,290,5,N,21,5,22000,5,9,N,16093,5,N,5,310,C,200,C,99999,9,False,
99999903948,35.25,-97.46667,360.3,2005-05-24 18:55:00,999,9,C,0,5,22000,5,9,N,16093,5,N,5,330,C,190,C,99999,9,False,
99999903948,35.25,-97.46667,360.3,2005-05-24 19:52:00,350,5,N,21,5,22000,5,9,N,16093,5,N,5,340,C,190,C,99999,9,False,
99999903948,35.25,-97.46667,360.3,2005-05-24 20:52:00,999,9,C,0,5,22000,5,9,N,16093,5,N,5,340,C,190,C,99999,9,False,
99999903948,35.25,-97.46667,360.3,2005-05-24 21:52:00,999,9,C,0,5,22000,5,9,N,16093,5,N,5,350,C,170,C,99999,9,False,
99999903948,35.25,-97.46667,360.3,2005-05-24 22:52:00,50,5,N,51,5,22000,5,9,N,16093,5,N,5,340,C,190,C,99999,9,False,
99999903948,35.25,-97.46667,360.3,2005-05-24 23:52:00,40,5,N,51,5,22000,5,9,N,16093,5,N,5,320,C,210,C,99999,9,False,
99999903948,35.25,-97.46667,360.3,2005-05-25 00:52:00,50,5,N,72,5,22000,5,9,N,16093,5,N,5,290,C,210,C,99999,9,False,
99999903948,35.25,-97.46667,360.3,2005-05-25 01:52:00,80,5,N,67,5,22000,5,9,N,16093,5,N,5,250,C,210,C,99999,9,False,
99999903948,35.25,-97.46667,360.3,2005-05-25 02:52:00,70,5,N,36,5,22000,5,9,N,16093,5,N,5,220,C,190,C,99999,9,False,
99999903948,35.25,-97.46667,360.3,2005-05-25 03:53:00,60,5,N,41,5,22000,5,9,N,16093,5,N,5,210,C,180,C,99999,9,False,
99999903948,35.25,-97.46667,360.3,2005-05-25 04:52:00,90,5,N,26,5,22000,5,9,N,16093,5,N,5,210,C,180,C,99999,9,False,
99999903948,35.25,-97.46667,360.3,2005-05-25 05:52:00,70,5,N,36,5,22000,5,9,N,11265,5,N,5,190,C,180,C,99999,9,False,
99999903948,35.25,-97.46667,360.3,2005-05-25 05:59:00,999,9,9,9999,9,99999,9,9,9,999999,9,9,9,9999,9,9999,9,99999,9,False,
99999903948,35.25,-97.46667,360.3,2005-05-25 06:52:00,80,5,N,41,5,213,5,M,N,11265,5,N,5,200,C,180,C,99999,9,False,
99999903948,35.25,-97.46667,360.3,2005-05-25 07:52:00,70,5,N,46,5,274,5,M,N,16093,5,N,5,190,C,180,C,99999,9,False,
99999903948,35.25,-97.46667,360.3,2005-05-25 08:52:00,50,5,N,36,5,274,5,M,N,16093,5,N,5,190,C,170,C,99999,9,False,
99999903948,35.25,-97.46667,360.3,2005-05-25 09:52:00,10,5,N,36,5,518,5,M,N,16093,5,N,5,190,C,170,C,99999,9,False,
99999903948,35.25,-97.46667,360.3,2005-05-25 10:52:00,20,5,N,36,5,366,5,M,N,16093,5,N,5,180,C,160,C,99999,9,False,
99999903948,35.25,-97.46667,360.3,2005-05-25 11:56:00,60,5,N,62,5,457,5,M,N,16093,5,N,5,180,C,160,C,99999,9,False,
99999903948,35.25,-97.46667,360.3,2005-05-25 12:52:00,130,5,N,57,5,396,5,M,N,11265,5,N,5,190,C,170,C,99999,9,False,
99999903948,35.25,-97.46667,360.3,2005-05-25 13:53:00,999,9,C,0,5,244,5,M,N,16093,5,N,5,200,C,170,C,99999,9,False,
99999903948,35.25,-97.46667,360.3,2005-05-25 14:53:00,250,5,N,21,5,22000,5,9,N,16093,5,N,5,190,C,170,C,99999,9,False,
99999903948,35.25,-97.46667,360.3,2005-05-25 15:53:00,120,5,N,41,5,22000,5,9,N,11265,5,N,5,200,C,180,C,99999,9,False,
99999903948,35.25,-97.46667,360.3,2005-05-25 16:52:00,90,5,N,57,5,305,5,M,N,16093,5,N,5,210,C,190,C,99999,9,False,
99999903948,35.25,-97.46667,360.3,2005-05-25 17:52:00,80,5,N,36,5,366,5,M,N,16093,5,N,5,220,C,200,C,99999,9,False,
99999903948,35.25,-97.46667,360.3,2005-05-25 18:52:00,100,5,N,21,5,427,5,M,N,16093,5,N,5,230,C,200,C,99999,9,False,
99999903948,35.25,-97.46667,360.3,2005-05-25 19:52:00,999,9,C,0,5,549,5,M,N,16093,5,N,5,260,C,210,C,99999,9,False,
99999903948,35.25,-97.46667,360.3,2005-05-25 20:52:00,30,5,N,26,5,671,5,M,N,16093,5,N,5,260,C,210,C,99999,9,False,
99999903948,35.25,-97.46667,360.3,2005-05-25 21:53:00,30,5,N,31,5,732,5,M,N,16093,5,N,5,260,C,200,C,99999,9,False,
99999903948,35.25,-97.46667,360.3,2005-05-25 22:52:00,70,5,N,31,5,792,5,M,N,16093,5,N,5,260,C,190,C,99999,9,False,
99999903948,35.25,-97.46667,360.3,2005-05-25 23:52:00,90,5,N,41,5,853,5,M,N,16093,5,N,5,250,C,190,C,99999,9,False,
99999903948,35.25,-97.46667,360.3,2005-05-26 00:52:00,90,5,N,21,5,22000,5,9,N,16093,5,N,5,240,C,190,C,99999,9,False,
99999903948,35.25,-97.46667,360.3,2005-05-26 01:52:00,999,9,C,0,5,22000,5,9,N,16093,5,N,5,230,C,180,C,99999,9,False,
99999903948,35.25,-97.46667,360.3,2005-05-26 02:52:00,999,9,C,0,5,22000,5,9,N,16093,5,N,5,210,C,180,C,99999,9,False,
99999903948,35.25,-97.46667,360.3,2005-05-26 03:51:00,999,9,C,0,5,22000,5,9,N,16093,5,N,5,210,C,180,C,99999,9,False,
99999903948,35.25,-97.46667,360.3,2005-05-26 04:52:00,999,9,C,0,5,22000,5,9,N,16093,5,N,5,210,C,180,C,99999,9,False,
99999903948,35.25,-97.46667,360.3,2005-05-26 05:52:00,360,5,N,15,5,22000,5,9,N,11265,5,N,5,200,C,180,C,99999,9,False,
99999903948,35.25,-97.46667,360.3,2005-05-26 05:59:00,999,9,9,9999,9,99999,9,9,9,999999,9,9,9,9999,9,9999,9,99999,9,False,
99999903948,35.25,-97.46667,360.3,2005-05-26 06:53:00,999,9,C,0,5,2438,5,M,N,11265,5,N,5,210,C,180,C,99999,9,False,
99999903948,35.25,-97.46667,360.3,2005-05-26 07:52:00,999,9,C,0,5,2743,5,M,N,16093,5,N,5,200,C,180,C,99999,9,False,
99999903948,35.25,-97.46667,360.3,2005-05-26 08:52:00,340,5,N,31,5,22000,5,9,N,8047,5,N,5,190,C,170,C,99999,9,False,
99999903948,35.25,-97.46667,360.3,2005-05-26 09:52:00,20,5,N,36,5,1219,5,M,N,11265,5,N,5,200,C,180,C,99999,9,False,
99999903948,35.25,-97.46667,360.3,2005-05-26 10:52:00,10,5,N,72,5,427,5,M,N,16093,5,N,5,180,C,160,C,99999,9,False,
99999903948,35.25,-97.46667,360.3,2005-05-26 11:52:00,10,5,N,77,5,792,5,M,N,16093,5,N,5,180,C,130,C,99999,9,False,
99999903948,35.25,-97.46667,360.3,2005-05-26 12:52:00,30,5,N,82,5,975,5,M,N,16093,5,N,5,180,C,100,C,99999,9,False,
99999903948,35.25,-97.46667,360.3,2005-05-26 13:52:00,40,5,N,51,5,3048,5,M,N,16093,5,N,5,180,C,100,C,99999,9,False,
99999903948,35.25,-97.46667,360.3,2005-05-26 14:52:00,60,5,N,36,5,610,5,M,N,16093,5,N,5,160,C,120,C,99999,9,False,
99999903948,35.25,-97.46667,360.3,2005-05-26 15:52:00,20,5,N,41,5,22000,5,9,N,16093,5,N,5,170,C,140,C,99999,9,False,
99999903948,35.25,-97.46667,360.3,2005-05-26 16:52:00,20,5,N,57,5,22000,5,9,N,16093,5,N,5,170,C,130,C,99999,9,False,
99999903948,35.25,-97.46667,360.3,2005-05-26 17:53:00,20,5,N,67,5,22000,5,9,N,16093,5,N,5,190,C,130,C,99999,9,False,
99999903948,35.25,-97.46667,360.3,2005-05-26 18:52:00,60,5,N,57,5,22000,5,9,N,16093,5,N,5,210,C,140,C,99999,9,False,
99999903948,35.25,-97.46667,360.3,2005-05-26 19:52:00,40,5,N,41,5,22000,5,9,N,16093,5,N,5,230,C,140,C,99999,9,False,
99999903948,35.25,-97.46667,360.3,2005-05-26 20:52:00,20,5,N,21,5,22000,5,9,N,4023,5,N,5,240,C,140,C,99999,9,False,
99999903948,35.25,-97.46667,360.3,2005-05-26 21:52:00,90,5,N,26,5,22000,5,9,N,16093,5,N,5,250,C,140,C,99999,9,False,
99999903948,35.25,-97.46667,360.3,2005-05-26 22:52:00,20,5,N,46,5,22000,5,9,N,16093,5,N,5,250,C,140,C,99999,9,False,
99999903948,35.25,-97.46667,360.3,2005-05-26 23:53:00,50,5,N,31,5,22000,5,9,N,16093,5,N,5,240,C,130,C,99999,9,False,
99999903948,35.25,-97.46667,360.3,2005-05-27 00:52:00,50,5,N,26,5,22000,5,9,N,16093,5,N,5,230,C,130,C,99999,9,False,
99999903948,35.25,-97.46667,360.3,2005-05-27 01:52:00,50,5,N,21,5,22000,5,9,N,16093,5,N,5,190,C,130,C,99999,9,False,
99999903948,35.25,-97.46667,360.3,2005-05-27 02:52:00,70,5,N,15,5,22000,5,9,N,16093,5,N,5,180,C,130,C,99999,9,False,
99999903948,35.25,-97.46667,360.3,2005-05-27 03:52:00,999,9,C,0,5,22000,5,9,N,16093,5,N,5,170,C,130,C,99999,9,False,
99999903948,35.25,-97.46667,360.3,2005-05-27 04:52:00,70,5,N,15,5,22000,5,9,N,16093,5,N,5,160,C,120,C,99999,9,False,
99999903948,35.25,-97.46667,360.3,2005-05-27 05:52:00,60,5,N,15,5,22000,5,9,N,16093,5,N,5,160,C,120,C,99999,9,False,
99999903948,35.25,-97.46667,360.3,2005-05-27 05:59:00,999,9,9,9999,9,99999,9,9,9,999999,9,9,9,9999,9,9999,9,99999,9,False,
99999903948,35.25,-97.46667,360.3,2005-05-27 06:52:00,999,9,C,0,5,22000,5,9,N,16093,5,N,5,150,C,120,C,99999,9,False,
99999903948,35.25,-97.46667,360.3,2005-05-27 07:52:00,999,9,C,0,5,22000,5,9,N,16093,5,N,5,150,C,120,C,99999,9,False,
99999903948,35.25,-97.46667,360.3,2005-05-27 08:52:00,999,9,C,0,5,22000,5,9,N,16093,5,N,5,160,C,120,C,99999,9,False,
99999903948,35.25,-97.46667,360.3,2005-05-27 09:53:00,999,9,C,0,5,22000,5,9,N,16093,5,N,5,160,C,120,C,99999,9,False,
99999903948,35.25,-97.46667,360.3,2005-05-27 10:52:00,999,9,C,0,5,2743,5,M,N,16093,5,N,5,160,C,120,C,99999,9,False,
99999903948,35.25,-97.46667,360.3,2005-05-27 11:52:00,999,9,C,0,5,2743,5,M,N,16093,5,N,5,160,C,130,C,99999,9,False,
99999903948,35.25,-97.46667,360.3,2005-05-27 12:52:00,999,9,C,0,5,2743,5,M,N,16093,5,N,5,180,C,140,C,99999,9,False,
99999903948,35.25,-97.46667,360.3,2005-05-27 13:52:00,280,5,N,21,5,1829,5,M,N,16093,5,N,5,180,C,130,C,99999,9,False,
99999903948,35.25,-97.46667,360.3,2005-05-27 14:52:00,140,5,N,26,5,3353,5,M,N,16093,5,N,5,160,C,140,C,99999,9,False,
99999903948,35.25,-97.46667,360.3,2005-05-27 15:52:00,999,9,C,0,5,1829,5,M,N,16093,5,N,5,180,C,160,C,99999,9,False,
99999903948,35.25,-97.46667,360.3,2005-05-27 16:53:00,999,9,C,0,5,884,5,M,N,8047,5,N,5,160,C,130,C,99999,9,False,
99999903948,35.25,-97.46667,360.3,2005-05-27 17:52:00,110,5,N,26,5,22000,5,9,N,16093,5,N,5,180,C,160,C,99999,9,False,
99999903948,35.25,-97.46667,360.3,2005-05-27 18:52:00,40,5,N,21,5,22000,5,9,N,16093,5,N,5,200,C,180,C,99999,9,False,
99999903948,35.25,-97.46667,360.3,2005-05-27 19:52:00,999,9,C,0,5,2591,5,M,N,16093,5,N,5,190,C,170,C,99999,9,False,
99999903948,35.25,-97.46667,360.3,2005-05-27 20:52:00,999,9,C,0,5,22000,5,9,N,16093,5,N,5,210,C,170,C,99999,9,False,
99999903948,35.25,-97.46667,360.3,2005-05-27 21:52:00,999,9,C,0,5,2286,5,M,N,16093,5,N,5,210,C,160,C,99999,9,False,
99999903948,35.25,-97.46667,360.3,2005-05-27 22:52:00,999,9,C,0,5,22000,5,9,N,16093,5,N,5,210,C,150,C,99999,9,False,
99999903948,35.25,-97.46667,360.3,2005-05-27 23:52:00,999,9,C,0,5,2896,5,M,N,16093,5,N,5,200,C,170,C,99999,9,False,
99999903948,35.25,-97.46667,360.3,2005-05-28 00:52:00,60,5,N,15,5,2896,5,M,N,16093,5,N,5,200,C,180,C,99999,9,False,
99999903948,35.25,-97.46667,360.3,2005-05-28 01:52:00,999,9,C,0,5,22000,5,9,N,16093,5,N,5,170,C,150,C,99999,9,False,
99999903948,35.25,-97.46667,360.3,2005-05-28 02:51:00,999,9,C,0,5,22000,5,9,N,16093,5,N,5,170,C,150,C,99999,9,False,
99999903948,35.25,-97.46667,360.3,2005-05-28 03:52:00,999,9,C,0,5,22000,5,9,N,16093,5,N,5,160,C,140,C,99999,9,False,
99999903948,35.25,-97.46667,360.3,2005-05-28 04:52:00,999,9,C,0,5,22000,5,9,N,16093,5,N,5,150,C,130,C,99999,9,False,
99999903948,35.25,-97.46667,360.3,2005-05-28 05:52:00,999,9,C,0,5,22000,5,9,N,11265,5,N,5,140,C,130,C,99999,9,False,
99999903948,35.25,-97.46667,360.3,2005-05-28 05:59:00,999,9,9,9999,9,99999,9,9,9,999999,9,9,9,9999,9,9999,9,99999,9,False,
99999903948,35.25,-97.46667,360.3,2005-05-28 06:52:00,999,9,C,0,5,22000,5,9,N,11265,5,N,5,140,C,130,C,99999,9,False,
99999903948,35.25,-97.46667,360.3,2005-05-28 07:52:00,999,9,C,0,5,22000,5,9,N,11265,5,N,5,130,C,120,C,99999,9,False,
99999903948,35.25,-97.46667,360.3,2005-05-28 08:52:00,999,9,C,0,5,22000,5,9,N,4023,5,N,5,130,C,120,C,99999,9,False,
99999903948,35.25,-97.46667,360.3,2005-05-28 09:52:00,999,9,C,0,5,30,5,M,N,0,5,N,5,130,C,110,C,99999,9,False,
99999903948,35.25,-97.46667,360.3,2005-05-28 10:52:00,999,9,C,0,5,22000,5,9,N,2816,5,N,5,120,C,110,C,99999,9,False,
99999903948,35.25,-97.46667,360.3,2005-05-28 11:55:00,200,5,N,15,5,22000,5,9,N,11265,5,N,5,130,C,120,C,99999,9,False,
99999903948,35.25,-97.46667,360.3,2005-05-28 12:52:00,190,5,N,15,5,22000,5,9,N,11265,5,N,5,150,C,140,C,99999,9,False,
99999903948,35.25,-97.46667,360.3,2005-05-28 13:52:00,50,5,N,15,5,22000,5,9,N,16093,5,N,5,170,C,160,C,99999,9,False,
99999903948,35.25,-97.46667,360.3,2005-05-28 14:52:00,999,9,C,0,5,22000,5,9,N,16093,5,N,5,190,C,180,C,99999,9,False,
99999903948,35.25,-97.46667,360.3,2005-05-28 15:52:00,999,9,C,0,5,22000,5,9,N,16093,5,N,5,230,C,180,C,99999,9,False,
99999903948,35.25,-97.46667,360.3,2005-05-28 16:52:00,999,9,C,0,5,22000,5,9,N,16093,5,N,5,240,C,170,C,99999,9,False,
99999903948,35.25,-97.46667,360.3,2005-05-28 17:52:00,999,9,C,0,5,22000,5,9,N,16093,5,N,5,260,C,190,C,99999,9,False,
99999903948,35.25,-97.46667,360.3,2005-05-28 18:52:00,170,5,N,15,5,22000,5,9,N,16093,5,N,5,270,C,190,C,99999,9,False,
99999903948,35.25,-97.46667,360.3,2005-05-28 19:53:00,160,5,N,36,5,22000,5,9,N,16093,5,N,5,270,C,170,C,99999,9,False,
99999903948,35.25,-97.46667,360.3,2005-05-28 20:55:00,130,5,N,31,5,22000,5,9,N,16093,5,N,5,270,C,170,C,99999,9,False,
99999903948,35.25,-97.46667,360.3,2005-05-28 21:52:00,140,5,N,36,5,22000,5,9,N,16093,5,N,5,260,C,180,C,99999,9,False,
99999903948,35.25,-97.46667,360.3,2005-05-28 22:52:00,180,5,N,41,5,22000,5,9,N,16093,5,N,5,240,C,180,C,99999,9,False,
99999903948,35.25,-97.46667,360.3,2005-05-28 23:52:00,170,5,N,46,5,22000,5,9,N,16093,5,N,5,230,C,180,C,99999,9,False,
99999903948,35.25,-97.46667,360.3,2005-05-29 00:52:00,170,5,N,36,5,22000,5,9,N,16093,5,N,5,220,C,170,C,99999,9,False,
99999903948,35.25,-97.46667,360.3,2005-05-29 01:52:00,160,5,N,31,5,22000,5,9,N,16093,5,N,5,210,C,170,C,99999,9,False,
99999903948,35.25,-97.46667,360.3,2005-05-29 02:52:00,120,5,N,15,5,22000,5,9,N,16093,5,N,5,200,C,170,C,99999,9,False,
99999903948,35.25,-97.46667,360.3,2005-05-29 03:52:00,999,9,C,0,5,22000,5,9,N,16093,5,N,5,200,C,170,C,99999,9,False,
99999903948,35.25,-97.46667,360.3,2005-05-29 04:52:00,999,9,C,0,5,1981,5,M,N,16093,5,N,5,200,C,170,C,99999,9,False,
99999903948,35.25,-97.46667,360.3,2005-05-29 05:52:00,160,5,N,21,5,1981,5,M,N,16093,5,N,5,200,C,170,C,99999,9,False,
99999903948,35.25,-97.46667,360.3,2005-05-29 05:59:00,999,9,9,9999,9,99999,9,9,9,999999,9,9,9,9999,9,9999,9,99999,9,False,
99999903948,35.25,-97.46667,360.3,2005-05-29 06:52:00,100,5,N,15,5,22000,5,9,N,16093,5,N,5,200,C,170,C,99999,9,False,
99999903948,35.25,-97.46667,360.3,2005-05-29 07:52:00,30,5,N,21,5,2591,5,M,N,11265,5,N,5,190,C,170,C,99999,9,False,
99999903948,35.25,-97.46667,360.3,2005-05-29 08:52:00,60,5,N,15,5,2591,5,M,N,8047,5,N,5,180,C,160,C,99999,9,False,
99999903948,35.25,-97.46667,360.3,2005-05-29 09:52:00,60,5,N,26,5,1097,5,M,N,11265,5,N,5,190,C,170,C,99999,9,False,
99999903948,35.25,-97.46667,360.3,2005-05-29 10:52:00,70,5,N,15,5,427,5,M,N,8047,5,N,5,180,C,160,C,99999,9,False,
99999903948,35.25,-97.46667,360.3,2005-05-29 11:52:00,60,5,N,15,5,366,5,M,N,8047,5,N,5,190,C,170,C,99999,9,False,
99999903948,35.25,-97.46667,360.3,2005-05-29 12:52:00,70,5,N,36,5,2438,5,M,N,11265,5,N,5,200,C,180,C,99999,9,False,
99999903948,35.25,-97.46667,360.3,2005-05-29 13:52:00,70,5,N,21,5,274,5,M,N,6437,5,N,5,200,C,180,C,99999,9,False,
99999903948,35.25,-97.46667,360.3,2005-05-29 14:53:00,100,5,N,36,5,274,5,M,N,16093,5,N,5,210,C,180,C,99999,9,False,
99999903948,35.25,-97.46667,360.3,2005-05-29 15:52:00,100,5,N,41,5,274,5,M,N,11265,5,N,5,210,C,180,C,99999,9,False,
99999903948,35.25,-97.46667,360.3,2005-05-29 16:52:00,70,5,N,51,5,457,5,M,N,16093,5,N,5,230,C,190,C,99999,9,False,
99999903948,35.25,-97.46667,360.3,2005-05-29 17:52:00,80,5,N,51,5,396,5,M,N,16093,5,N,5,230,C,180,C,99999,9,False,
99999903948,35.25,-97.46667,360.3,2005-05-29 18:52:00,90,5,N,51,5,22000,5,9,N,16093,5,N,5,240,C,180,C,99999,9,False,
99999903948,35.25,-97.46667,360.3,2005-05-29 19:52:00,120,5,N,51,5,701,5,M,N,16093,5,N,5,260,C,180,C,99999,9,False,
99999903948,35.25,-97.46667,360.3,2005-05-29 20:52:00,80,5,N,51,5,22000,5,9,N,16093,5,N,5,260,C,180,C,99999,9,False,
99999903948,35.25,-97.46667,360.3,2005-05-29 21:52:00,90,5,N,41,5,22000,5,9,N,16093,5,N,5,270,C,180,C,99999,9,False,
99999903948,35.25,-97.46667,360.3,2005-05-29 22:52:00,100,5,N,51,5,22000,5,9,N,16093,5,N,5,270,C,9999,9,99999,9,False,
99999903948,35.25,-97.46667,360.3,2005-05-29 23:52:00,100,5,N,51,5,22000,5,9,N,16093,5,N,5,260,C,180,C,99999,9,False,
99999903948,35.25,-97.46667,360.3,2005-05-30 00:52:00,110,5,N,41,5,22000,5,9,N,16093,5,N,5,240,C,180,C,99999,9,False,
99999903948,35.25,-97.46667,360.3,2005-05-30 01:52:00,120,5,N,21,5,22000,5,9,N,16093,5,N,5,220,C,180,C,99999,9,False,
99999903948,35.25,-97.46667,360.3,2005-05-30 02:52:00,70,5,N,15,5,22000,5,9,N,16093,5,N,5,210,C,170,C,99999,9,False,
99999903948,35.25,-97.46667,360.3,2005-05-30 03:52:00,90,5,N,15,5,22000,5,9,N,16093,5,N,5,190,C,170,C,99999,9,False,
99999903948,35.25,-97.46667,360.3,2005-05-30 04:52:00,100,5,N,26,5,22000,5,9,N,11265,5,N,5,190,C,170,C,99999,9,False,
99999903948,35.25,-97.46667,360.3,2005-05-30 05:52:00,100,5,N,21,5,22000,5,9,N,11265,5,N,5,190,C,170,C,99999,9,False,
99999903948,35.25,-97.46667,360.3,2005-05-30 05:59:00,999,9,9,9999,9,99999,9,9,9,999999,9,9,9,9999,9,9999,9,99999,9,False,
99999903948,35.25,-97.46667,360.3,2005-05-30 06:52:00,110,5,N,15,5,22000,5,9,N,11265,5,N,5,190,C,170,C,99999,9,False,
99999903948,35.25,-97.46667,360.3,2005-05-30 07:52:00,50,5,N,21,5,1341,5,M,N,8047,5,N,5,190,C,180,C,99999,9,False,
99999903948,35.25,-97.46667,360.3,2005-05-30 08:52:00,60,5,N,21,5,152,5,M,N,8047,5,N,5,190,C,170,C,99999,9,False,
99999903948,35.25,-97.46667,360.3,2005-05-30 09:52:00,50,5,N,21,5,91,5,M,N,3219,5,N,5,190,C,180,C,99999,9,False,
99999903948,35.25,-97.46667,360.3,2005-05-30 10:52:00,30,5,N,26,5,91,5,M,N,2816,5,N,5,190,C,170,C,99999,9,False,
99999903948,35.25,-97.46667,360.3,2005-05-30 11:52:00,30,5,N,41,5,91,5,M,N,1609,5,N,5,190,C,180,C,99999,9,False,
99999903948,35.25,-97.46667,360.3,2005-05-30 12:52:00,20,5,N,36,5,244,5,M,N,6437,5,N,5,190,C,180,C,99999,9,False,
99999903948,35.25,-97.46667,360.3,2005-05-30 13:52:00,30,5,N,51,5,366,5,M,N,11265,5,N,5,210,C,190,C,99999,9,False,
99999903948,35.25,-97.46667,360.3,2005-05-30 14:52:00,60,5,N,41,5,274,5,M,N,11265,5,N,5,200,C,170,C,99999,9,False,
99999903948,35.25,-97.46667,360.3,2005-05-30 15:53:00,70,5,N,36,5,335,5,M,N,16093,5,N,5,210,C,170,C,99999,9,False,
99999903948,35.25,-97.46667,360.3,2005-05-30 16:52:00,70,5,N,41,5,457,5,M,N,16093,5,N,5,220,C,170,C,99999,9,False,
99999903948,35.25,-97.46667,360.3,2005-05-30 17:52:00,40,5,N,51,5,396,5,M,N,16093,5,N,5,230,C,180,C,99999,9,False,
99999903948,35.25,-97.46667,360.3,2005-05-30 18:53:00,50,5,N,36,5,457,5,M,N,16093,5,N,5,230,C,170,C,99999,9,False,
99999903948,35.25,-97.46667,360.3,2005-05-30 19:52:00,50,5,N,46,5,914,5,M,N,16093,5,N,5,260,C,9999,9,99999,9,False,
99999903948,35.25,-97.46667,360.3,2005-05-30 20:52:00,90,5,N,51,5,22000,5,9,N,999999,9,N,5,270,C,170,C,99999,9,False,
99999903948,35.25,-97.46667,360.3,2005-05-30 21:52:00,90,5,N,51,5,22000,5,9,N,16093,5,N,5,270,C,170,C,99999,9,False,
99999903948,35.25,-97.46667,360.3,2005-05-30 22:52:00,70,5,N,41,5,22000,5,9,N,16093,5,N,5,270,C,160,C,99999,9,False,
99999903948,35.25,-97.46667,360.3,2005-05-30 23:52:00,110,5,N,41,5,22000,5,9,N,16093,5,N,5,270,C,170,C,99999,9,False,
99999903948,35.25,-97.46667,360.3,2005-05-31 00:52:00,120,5,N,26,5,22000,5,9,N,16093,5,N,5,240,C,170,C,99999,9,False,
99999903948,35.25,-97.46667,360.3,2005-05-31 01:53:00,100,5,N,21,5,1311,5,M,N,16093,5,N,5,230,C,170,C,99999,9,False,
99999903948,35.25,-97.46667,360.3,2005-05-31 02:52:00,110,5,N,26,5,22000,5,9,N,16093,5,N,5,230,C,170,C,99999,9,False,
99999903948,35.25,-97.46667,360.3,2005-05-31 03:52:00,120,5,N,21,5,22000,5,9,N,16093,5,N,5,220,C,170,C,99999,9,False,
99999903948,35.25,-97.46667,360.3,2005-05-31 04:52:00,999,9,C,0,5,22000,5,9,N,16093,5,N,5,210,C,160,C,99999,9,False,
99999903948,35.25,-97.46667,360.3,2005-05-31 05:52:00,999,9,C,0,5,22000,5,9,N,16093,5,N,5,180,C,160,C,99999,9,False,
99999903948,35.25,-97.46667,360.3,2005-05-31 05:59:00,999,9,9,9999,9,99999,9,9,9,999999,9,9,9,9999,9,9999,9,99999,9,False,
99999903948,35.25,-97.46667,360.3,2005-05-31 06:52:00,999,9,C,0,5,22000,5,9,N,16093,5,N,5,170,C,140,C,99999,9,False,
99999903948,35.25,-97.46667,360.3,2005-05-31 07:52:00,140,5,N,21,5,22000,5,9,N,16093,5,N,5,190,C,170,C,99999,9,False,
99999903948,35.25,-97.46667,360.3,2005-05-31 08:52:00,150,5,N,36,5,22000,5,9,N,16093,5,N,5,190,C,170,C,99999,9,False,
99999903948,35.25,-97.46667,360.3,2005-05-31 09:52:00,170,5,N,15,5,22000,5,9,N,16093,5,N,5,190,C,170,C,99999,9,False,
99999903948,35.25,-97.46667,360.3,2005-05-31 10:52:00,999,9,C,0,5,22000,5,9,N,11265,5,N,5,190,C,170,C,99999,9,False,
99999903948,35.25,-97.46667,360.3,2005-05-31 11:52:00,180,5,N,15,5,2743,5,M,N,11265,5,N,5,190,C,180,C,99999,9,False,
99999903948,35.25,-97.46667,360.3,2005-05-31 12:55:00,160,5,N,31,5,22000,5,9,N,11265,5,N,5,210,C,180,C,99999,9,False,
99999903948,35.25,-97.46667,360.3,2005-05-31 13:52:00,140,5,N,46,5,22000,5,9,N,16093,5,N,5,220,C,180,C,99999,9,False,
99999903948,35.25,-97.46667,360.3,2005-05-31 14:52:00,150,5,N,36,5,427,5,M,N,16093,5,N,5,230,C,180,C,99999,9,False,
99999903948,35.25,-97.46667,360.3,2005-05-31 15:56:00,160,5,N,46,5,22000,5,9,N,16093,5,N,5,230,C,180,C,99999,9,False,
99999903948,35.25,-97.46667,360.3,2005-05-31 16:53:00,160,5,N,15,5,22000,5,9,N,16093,5,N,5,240,C,190,C,99999,9,False,
99999903948,35.25,-97.46667,360.3,2005-05-31 17:56:00,150,5,N,26,5,22000,5,9,N,16093,5,N,5,240,C,180,C,99999,9,False,
99999903948,35.25,-97.46667,360.3,2005-05-31 18:52:00,150,5,N,26,5,2134,5,M,N,16093,5,N,5,250,C,180,C,99999,9,False,
99999903948,35.25,-97.46667,360.3,2005-05-31 19:52:00,130,5,N,36,5,22000,5,9,N,16093,5,N,5,260,C,200,C,99999,9,False,
99999903948,35.25,-97.46667,360.3,2005-05-31 20:55:00,999,9,C,0,5,22000,5,9,N,16093,5,N,5,260,C,190,C,99999,9,False,
99999903948,35.25,-97.46667,360.3,2005-05-31 21:52:00,999,9,C,0,5,457,5,M,N,11265,5,N,5,240,C,190,C,99999,9,False,
99999903948,35.25,-97.46667,360.3,2005-05-31 22:52:00,100,5,N,26,5,22000,5,9,N,16093,5,N,5,240,C,210,C,99999,9,False,
99999903948,35.25,-97.46667,360.3,2005-05-31 23:52:00,350,5,N,72,5,2286,5,M,N,16093,5,N,5,230,C,200,C,99999,9,False,
99999903948,35.25,-97.46667,360.3,2005-06-01 00:56:00,50,5,N,31,5,914,5,M,N,16093,5,N,5,190,C,180,C,99999,9,False,
99999903948,35.25,-97.46667,360.3,2005-06-01 01:52:00,40,5,N,51,5,2286,5,M,N,16093,5,N,5,180,C,170,C,99999,9,False,
99999903948,35.25,-97.46667,360.3,2005-06-01 02:52:00,110,5,N,21,5,22000,5,9,N,16093,5,N,5,180,C,170,C,99999,9,False,
99999903948,35.25,-97.46667,360.3,2005-06-01 03:52:00,999,9,C,0,5,22000,5,9,N,16093,5,N,5,180,C,170,C,99999,9,False,
99999903948,35.25,-97.46667,360.3,2005-06-01 04:52:00,999,9,C,0,5,22000,5,9,N,11265,5,N,5,170,C,160,C,99999,9,False,
99999903948,35.25,-97.46667,360.3,2005-06-01 05:52:00,999,9,C,0,5,22000,5,9,N,8047,5,N,5,170,C,160,C,99999,9,False,
99999903948,35.25,-97.46667,360.3,2005-06-01 05:59:00,999,9,9,9999,9,99999,9,9,9,999999,9,9,9,9999,9,9999,9,99999,9,False,
99999903948,35.25,-97.46667,360.3,2005-06-01 06:52:00,10,5,N,15,5,22000,5,9,N,8047,5,N,5,170,C,160,C,99999,9,False,
99999903948,35.25,-97.46667,360.3,2005-06-01 07:52:00,999,9,C,0,5,22000,5,9,N,8047,5,N,5,170,C,160,C,99999,9,False,
99999903948,35.25,-97.46667,360.3,2005-06-01 08:53:00,20,5,N,15,5,22000,5,9,N,6437,5,N,5,170,C,160,C,99999,9,False,
99999903948,35.25,-97.46667,360.3,2005-06-01 09:52:00,20,5,N,26,5,579,5,M,N,6437,5,N,5,170,C,160,C,99999,9,False,
99999903948,35.25,-97.46667,360.3,2005-06-01 10:52:00,360,5,N,15,5,518,5,M,N,11265,5,N,5,170,C,160,C,99999,9,False,
99999903948,35.25,-97.46667,360.3,2005-06-01 11:52:00,20,5,N,15,5,518,5,M,N,6437,5,N,5,170,C,160,C,99999,9,False,
99999903948,35.25,-97.46667,360.3,2005-06-01 12:52:00,350,5,N,31,5,640,5,M,N,6437,5,N,5,180,C,170,C,99999,9,False,
99999903948,35.25,-97.46667,360.3,2005-06-01 13:52:00,10,5,N,15,5,22000,5,9,N,11265,5,N,5,210,C,200,C,99999,9,False,
99999903948,35.25,-97.46667,360.3,2005-06-01 14:52:00,360,5,N,15,5,22000,5,9,N,16093,5,N,5,230,C,220,C,99999,9,False,
99999903948,35.25,-97.46667,360.3,2005-06-01 15:52:00,999,9,C,0,5,22000,5,9,N,16093,5,N,5,250,C,230,C,99999,9,False,
99999903948,35.25,-97.46667,360.3,2005-06-01 16:52:00,50,5,N,31,5,22000,5,9,N,16093,5,N,5,260,C,230,C,99999,9,False,
99999903948,35.25,-97.46667,360.3,2005-06-01 17:52:00,70,5,N,31,5,22000,5,9,N,16093,5,N,5,270,C,210,C,99999,9,False,
99999903948,35.25,-97.46667,360.3,2005-06-01 18:52:00,999,9,C,0,5,22000,5,9,N,16093,5,N,5,290,C,180,C,99999,9,False,
99999903948,35.25,-97.46667,360.3,2005-06-01 19:52:00,110,5,N,15,5,22000,5,9,N,16093,5,N,5,290,C,170,C,99999,9,False,
99999903948,35.25,-97.46667,360.3,2005-06-01 20:52:00,999,9,C,0,5,22000,5,9,N,16093,5,N,5,310,C,180,C,99999,9,False,
99999903948,35.25,-97.46667,360.3,2005-06-01 21:52:00,999,9,C,0,5,1524,5,M,N,16093,5,N,5,310,C,170,C,99999,9,False,
99999903948,35.25,-97.46667,360.3,2005-06-01 22:52:00,999,9,C,0,5,1524,5,M,N,16093,5,N,5,310,C,160,C,99999,9,False,
99999903948,35.25,-97.46667,360.3,2005-06-01 23:52:00,100,5,N,31,5,22000,5,9,N,11265,5,N,5,270,C,150,C,99999,9,False,
99999903948,35.25,-97.46667,360.3,2005-06-02 00:52:00,90,5,N,41,5,22000,5,9,N,16093,5,N,5,280,C,160,C,99999,9,False,
99999903948,35.25,-97.46667,360.3,2005-06-02 01:52:00,100,5,N,36,5,22000,5,9,N,16093,5,N,5,240,C,180,C,99999,9,False,
99999903948,35.25,-97.46667,360.3,2005-06-02 02:52:00,110,5,N,36,5,22000,5,9,N,11265,5,N,5,230,C,180,C,99999,9,False,
99999903948,35.25,-97.46667,360.3,2005-06-02 03:52:00,110,5,N,26,5,22000,5,9,N,16093,5,N,5,220,C,180,C,99999,9,False,
99999903948,35.25,-97.46667,360.3,2005-06-02 04:52:00,120,5,N,36,5,22000,5,9,N,16093,5,N,5,210,C,180,C,99999,9,False,
99999903948,35.25,-97.46667,360.3,2005-06-02 05:52:00,120,5,N,36,5,22000,5,9,N,16093,5,N,5,200,C,170,C,99999,9,False,
99999903948,35.25,-97.46667,360.3,2005-06-02 05:59:00,999,9,9,9999,9,99999,9,9,9,999999,9,9,9,9999,9,9999,9,99999,9,False,
99999903948,35.25,-97.46667,360.3,2005-06-02 06:52:00,130,5,N,31,5,22000,5,9,N,16093,5,N,5,190,C,170,C,99999,9,False,
99999903948,35.25,-97.46667,360.3,2005-06-02 07:52:00,140,5,N,21,5,22000,5,9,N,16093,5,N,5,190,C,170,C,99999,9,False,
99999903948,35.25,-97.46667,360.3,2005-06-02 08:52:00,140,5,N,26,5,22000,5,9,N,16093,5,N,5,190,C,170,C,99999,9,False,
99999903948,35.25,-97.46667,360.3,2005-06-02 09:52:00,130,5,N,15,5,22000,5,9,N,16093,5,N,5,180,C,170,C,99999,9,False,
99999903948,35.25,-97.46667,360.3,2005-06-02 10:52:00,999,9,C,0,5,22000,5,9,N,4828,5,N,5,170,C,150,C,99999,9,False,
99999903948,35.25,-97.46667,360.3,2005-06-02 11:52:00,150,5,N,26,5,22000,5,9,N,16093,5,N,5,180,C,170,C,99999,9,False,
99999903948,35.25,-97.46667,360.3,2005-06-02 12:52:00,180,5,N,46,5,22000,5,9,N,4023,5,N,5,210,C,190,C,99999,9,False,
99999903948,35.25,-97.46667,360.3,2005-06-02 13:52:00,170,5,N,46,5,22000,5,9,N,16093,5,N,5,230,C,190,C,99999,9,False,
99999903948,35.25,-97.46667,360.3,2005-06-02 14:52:00,160,5,N,41,5,22000,5,9,N,16093,5,N,5,260,C,200,C,99999,9,False,
99999903948,35.25,-97.46667,360.3,2005-06-02 15:52:00,170,5,N,67,5,22000,5,9,N,11265,5,N,5,270,C,190,C,99999,9,False,
99999903948,35.25,-97.46667,360.3,2005-06-02 16:52:00,180,5,N,62,5,22000,5,9,N,16093,5,N,5,280,C,190,C,99999,9,False,
99999903948,35.25,-97.46667,360.3,2005-06-02 17:52:00,160,5,N,57,5,22000,5,9,N,16093,5,N,5,290,C,190,C,99999,9,False,
99999903948,35.25,-97.46667,360.3,2005-06-02 18:52:00,160,5,N,72,5,22000,5,9,N,16093,5,N,5,300,C,9999,9,99999,9,False,
99999903948,35.25,-97.46667,360.3,2005-06-02 19:52:00,170,5,N,62,5,22000,5,9,N,16093,5,N,5,310,C,190,C,99999,9,False,
99999903948,35.25,-97.46667,360.3,2005-06-02 20:56:00,160,5,N,67,5,22000,5,9,N,16093,5,N,5,320,C,190,C,99999,9,False,
99999903948,35.25,-97.46667,360.3,2005-06-02 21:53:00,170,5,N,72,5,22000,5,9,N,16093,5,N,5,320,C,190,C,99999,9,False,
99999903948,35.25,-97.46667,360.3,2005-06-02 22:52:00,150,5,N,72,5,22000,5,9,N,16093,5,N,5,320,C,190,C,99999,9,False,
99999903948,35.25,-97.46667,360.3,2005-06-02 23:52:00,160,5,N,57,5,22000,5,9,N,16093,5,N,5,310,C,190,C,99999,9,False,
99999903948,35.25,-97.46667,360.3,2005-06-03 00:52:00,160,5,N,67,5,22000,5,9,N,16093,5,N,5,300,C,190,C,99999,9,False,
99999903948,35.25,-97.46667,360.3,2005-06-03 01:52:00,140,5,N,51,5,1463,5,M,N,16093,5,N,5,280,C,190,C,99999,9,False,
99999903948,35.25,-97.46667,360.3,2005-06-03 02:52:00,140,5,N,57,5,22000,5,9,N,16093,5,N,5,270,C,190,C,99999,9,False,
99999903948,35.25,-97.46667,360.3,2005-06-03 03:52:00,140,5,N,72,5,22000,5,9,N,16093,5,N,5,260,C,190,C,99999,9,False,
99999903948,35.25,-97.46667,360.3,2005-06-03 04:52:00,160,5,N,62,5,22000,5,9,N,16093,5,N,5,260,C,190,C,99999,9,False,
99999903948,35.25,-97.46667,360.3,2005-06-03 05:52:00,160,5,N,62,5,22000,5,9,N,16093,5,N,5,250,C,190,C,99999,9,False,
99999903948,35.25,-97.46667,360.3,2005-06-03 05:59:00,999,9,9,9999,9,99999,9,9,9,999999,9,9,9,9999,9,9999,9,99999,9,False,
99999903948,35.25,-97.46667,360.3,2005-06-03 06:52:00,170,5,N,57,5,22000,5,9,N,16093,5,N,5,240,C,190,C,99999,9,False,
99999903948,35.25,-97.46667,360.3,2005-06-03 07:52:00,160,5,N,57,5,22000,5,9,N,16093,5,N,5,240,C,190,C,99999,9,False,
99999903948,35.25,-97.46667,360.3,2005-06-03 08:52:00,160,5,N,51,5,22000,5,9,N,16093,5,N,5,230,C,190,C,99999,9,False,
99999903948,35.25,-97.46667,360.3,2005-06-03 09:52:00,160,5,N,46,5,22000,5,9,N,16093,5,N,5,230,C,190,C,99999,9,False,
99999903948,35.25,-97.46667,360.3,2005-06-03 10:52:00,160,5,N,46,5,22000,5,9,N,16093,5,N,5,220,C,190,C,99999,9,False,
99999903948,35.25,-97.46667,360.3,2005-06-03 11:52:00,150,5,N,51,5,22000,5,9,N,11265,5,N,5,220,C,190,C,99999,9,False,
99999903948,35.25,-97.46667,360.3,2005-06-03 12:56:00,170,5,N,77,5,22000,5,9,N,11265,5,N,5,230,C,190,C,99999,9,False,
99999903948,35.25,-97.46667,360.3,2005-06-03 13:52:00,180,5,N,82,5,22000,5,9,N,16093,5,N,5,240,C,190,C,99999,9,False,
99999903948,35.25,-97.46667,360.3,2005-06-03 14:52:00,210,5,N,88,5,22000,5,9,N,16093,5,N,5,260,C,190,C,99999,9,False,
99999903948,35.25,-97.46667,360.3,2005-06-03 15:52:00,210,5,N,62,5,701,5,M,N,16093,5,N,5,250,C,200,C,99999,9,False,
99999903948,35.25,-97.46667,360.3,2005-06-03 16:52:00,250,5,N,88,5,1494,5,M,N,16093,5,N,5,260,C,160,C,99999,9,False,
99999903948,35.25,-97.46667,360.3,2005-06-03 17:56:00,240,5,N,62,5,22000,5,9,N,16093,5,N,5,290,C,150,C,99999,9,False,
99999903948,35.25,-97.46667,360.3,2005-06-03 18:52:00,110,5,N,51,5,22000,5,9,N,16093,5,N,5,290,C,140,C,99999,9,False,
99999903948,35.25,-97.46667,360.3,2005-06-03 19:51:00,150,5,N,72,5,22000,5,9,N,16093,5,N,5,290,C,150,C,99999,9,False,
99999903948,35.25,-97.46667,360.3,2005-06-03 20:51:00,170,5,N,57,5,22000,5,9,N,16093,5,N,5,290,C,160,C,99999,9,False,
99999903948,35.25,-97.46667,360.3,2005-06-03 21:51:00,170,5,N,72,5,99999,9,9,N,16093,5,N,5,300,C,160,C,99999,9,False,
99999903948,35.25,-97.46667,360.3,2005-06-03 22:51:00,170,5,N,77,5,22000,5,9,N,16093,5,N,5,310,C,170,C,99999,9,False,
99999903948,35.25,-97.46667,360.3,2005-06-03 23:51:00,190,5,N,77,5,22000,5,9,N,16093,5,N,5,290,C,140,C,99999,9,False,
99999903948,35.25,-97.46667,360.3,2005-06-04 00:51:00,180,5,N,51,5,22000,5,9,N,16093,5,N,5,280,C,170,C,99999,9,False,
99999903948,35.25,-97.46667,360.3,2005-06-04 01:51:00,180,5,N,62,5,22000,5,9,N,16093,5,N,5,270,C,170,C,99999,9,False,
99999903948,35.25,-97.46667,360.3,2005-06-04 02:51:00,170,5,N,67,5,22000,5,9,N,16093,5,N,5,260,C,180,C,99999,9,False,
99999903948,35.25,-97.46667,360.3,2005-06-04 03:51:00,170,5,N,77,5,22000,5,9,N,16093,5,N,5,240,C,190,C,99999,9,False,
99999903948,35.25,-97.46667,360.3,2005-06-04 04:51:00,170,5,N,77,5,22000,5,9,N,11265,5,N,5,240,C,200,C,99999,9,False,
99999903948,35.25,-97.46667,360.3,2005-06-04 05:51:00,180,5,N,77,5,22000,5,9,N,16093,5,N,5,230,C,190,C,99999,9,False,
99999903948,35.25,-97.46667,360.3,2005-06-04 06:51:00,180,5,N,82,5,22000,5,9,N,16093,5,N,5,230,C,190,C,99999,9,False,
99999903948,35.25,-97.46667,360.3,2005-06-04 07:51:00,190,5,N,72,5,22000,5,9,N,11265,5,N,5,230,C,200,C,99999,9,False,
99999903948,35.25,-97.46667,360.3,2005-06-04 08:51:00,180,5,N,51,5,22000,5,9,N,11265,5,N,5,230,C,210,C,99999,9,False,
99999903948,35.25,-97.46667,360.3,2005-06-04 09:51:00,190,5,N,57,5,305,5,M,N,11265,5,N,5,230,C,210,C,99999,9,False,
99999903948,35.25,-97.46667,360.3,2005-06-04 10:51:00,190,5,N,72,5,305,5,M,N,8047,5,N,5,230,C,210,C,99999,9,False,
99999903948,35.25,-97.46667,360.3,2005-06-04 11:55:00,200,5,N,72,5,488,5,M,N,8047,5,N,5,240,C,210,C,99999,9,False,
99999903948,35.25,-97.46667,360.3,2005-06-04 12:52:00,190,5,N,82,5,22000,5,9,N,11265,5,N,5,250,C,210,C,99999,9,False,
99999903948,35.25,-97.46667,360.3,2005-06-04 13:53:00,200,5,N,98,5,579,5,M,N,11265,5,N,5,260,C,210,C,99999,9,False,
99999903948,35.25,-97.46667,360.3,2005-06-04 14:51:00,200,5,N,88,5,701,5,M,N,11265,5,N,5,270,C,200,C,99999,9,False,
99999903948,35.25,-97.46667,360.3,2005-06-04 15:51:00,200,5,N,88,5,22000,5,9,N,16093,5,N,5,290,C,210,C,99999,9,False,
99999903948,35.25,-97.46667,360.3,2005-06-04 16:53:00,190,5,N,72,5,22000,5,9,N,16093,5,N,5,300,C,210,C,99999,9,False,
99999903948,35.25,-97.46667,360.3,2005-06-04 17:52:00,180,5,N,72,5,22000,5,9,N,16093,5,N,5,310,C,210,C,99999,9,False,
99999903948,35.25,-97.46667,360.3,2005-06-04 18:52:00,180,5,N,93,5,22000,5,9,N,16093,5,N,5,320,C,210,C,99999,9,False,
99999903948,35.25,-97.46667,360.3,2005-06-04 19:51:00,180,5,N,82,5,99999,9,9,N,16093,5,N,5,330,C,210,C,99999,9,False,
99999903948,35.25,-97.46667,360.3,2005-06-04 20:51:00,190,5,N,62,5,22000,5,9,N,11265,5,N,5,340,C,210,C,99999,9,False,
99999903948,35.25,-97.46667,360.3,2005-06-04 21:51:00,170,5,N,57,5,22000,5,9,N,11265,5,N,5,310,C,220,C,99999,9,False,
99999903948,35.25,-97.46667,360.3,2005-06-04 22:51:00,190,5,N,72,5,22000,5,9,N,16093,5,N,5,290,C,220,C,99999,9,False,
99999903948,35.25,-97.46667,360.3,2005-06-04 23:52:00,140,5,N,46,5,22000,5,9,N,11265,5,N,5,270,C,230,C,99999,9,False,
99999903948,35.25,-97.46667,360.3,2005-06-05 00:51:00,180,5,N,103,5,22000,5,9,N,16093,5,N,5,260,C,200,C,99999,9,False,
99999903948,35.25,-97.46667,360.3,2005-06-05 01:52:00,180,5,N,98,5,22000,5,9,N,16093,5,N,5,210,C,170,C,99999,9,False,
99999903948,35.25,-97.46667,360.3,2005-06-05 02:52:00,200,5,N,67,5,1524,5,M,N,16093,5,N,5,190,C,170,C,99999,9,False,
99999903948,35.25,-97.46667,360.3,2005-06-05 03:51:00,170,5,N,57,5,3353,5,M,N,16093,5,N,5,190,C,180,C,99999,9,False,
99999903948,35.25,-97.46667,360.3,2005-06-05 04:52:00,160,5,N,46,5,22000,5,9,N,16093,5,N,5,200,C,190,C,99999,9,False,
99999903948,35.25,-97.46667,360.3,2005-06-05 05:53:00,140,5,N,57,5,22000,5,9,N,16093,5,N,5,200,C,190,C,99999,9,False,
99999903948,35.25,-97.46667,360.3,2005-06-05 05:59:00,999,9,9,9999,9,99999,9,9,9,999999,9,9,9,9999,9,9999,9,99999,9,False,
99999903948,35.25,-97.46667,360.3,2005-06-05 06:52:00,180,5,N,51,5,22000,5,9,N,16093,5,N,5,190,C,180,C,99999,9,False,
99999903948,35.25,-97.46667,360.3,2005-06-05 07:52:00,999,9,C,0,5,22000,5,9,N,16093,5,N,5,190,C,180,C,99999,9,False,
99999903948,35.25,-97.46667,360.3,2005-06-05 08:52:00,320,5,N,21,5,22000,5,9,N,16093,5,N,5,190,C,180,C,99999,9,False,
99999903948,35.25,-97.46667,360.3,2005-06-05 09:52:00,999,9,C,0,5,823,5,M,N,16093,5,N,5,200,C,190,C,99999,9,False,
99999903948,35.25,-97.46667,360.3,2005-06-05 10:52:00,350,5,N,41,5,701,5,M,N,16093,5,N,5,200,C,180,C,99999,9,False,
99999903948,35.25,-97.46667,360.3,2005-06-05 11:56:00,999,9,C,0,5,640,5,M,N,16093,5,N,5,210,C,190,C,99999,9,False,
99999903948,35.25,-97.46667,360.3,2005-06-05 12:52:00,999,9,C,0,5,99999,9,9,N,8047,5,N,5,210,C,190,C,99999,9,False,
99999903948,35.25,-97.46667,360.3,2005-06-05 13:52:00,110,5,N,31,5,518,5,M,N,16093,5,N,5,220,C,200,C,99999,9,False,
99999903948,35.25,-97.46667,360.3,2005-06-05 14:52:00,130,5,N,31,5,518,5,M,N,16093,5,N,5,220,C,190,C,99999,9,False,
99999903948,35.25,-97.46667,360.3,2005-06-05 15:52:00,130,5,N,21,5,396,5,M,N,6437,5,N,5,220,C,190,C,99999,9,False,
99999903948,35.25,-97.46667,360.3,2005-06-05 16:52:00,170,5,N,46,5,457,5,M,N,16093,5,N,5,230,C,210,C,99999,9,False,
99999903948,35.25,-97.46667,360.3,2005-06-05 17:53:00,160,5,N,46,5,518,5,M,N,16093,5,N,5,260,C,220,C,99999,9,False,
99999903948,35.25,-97.46667,360.3,2005-06-05 18:52:00,210,5,N,51,5,1341,5,M,N,16093,5,N,5,280,C,220,C,99999,9,False,
99999903948,35.25,-97.46667,360.3,2005-06-05 19:52:00,200,5,N,41,5,22000,5,9,N,16093,5,N,5,280,C,220,C,99999,9,False,
99999903948,35.25,-97.46667,360.3,2005-06-05 20:52:00,180,5,N,46,5,22000,5,9,N,16093,5,N,5,290,C,220,C,99999,9,False,
99999903948,35.25,-97.46667,360.3,2005-06-05 21:52:00,160,5,N,41,5,22000,5,9,N,16093,5,N,5,290,C,220,C,99999,9,False,
99999903948,35.25,-97.46667,360.3,2005-06-05 22:52:00,170,5,N,31,5,22000,5,9,N,16093,5,N,5,290,C,220,C,99999,9,False,
99999903948,35.25,-97.46667,360.3,2005-06-05 23:52:00,150,5,N,26,5,22000,5,9,N,16093,5,N,5,280,C,220,C,99999,9,False,
99999903948,35.25,-97.46667,360.3,2005-06-06 00:52:00,110,5,N,31,5,22000,5,9,N,16093,5,N,5,270,C,220,C,99999,9,False,
99999903948,35.25,-97.46667,360.3,2005-06-06 01:52:00,140,5,N,36,5,22000,5,9,N,16093,5,N,5,270,C,220,C,99999,9,False,
99999903948,35.25,-97.46667,360.3,2005-06-06 02:52:00,150,5,N,46,5,22000,5,9,N,11265,5,N,5,260,C,220,C,99999,9,False,
99999903948,35.25,-97.46667,360.3,2005-06-06 03:52:00,140,5,N,26,5,22000,5,9,N,16093,5,N,5,260,C,210,C,99999,9,False,
99999903948,35.25,-97.46667,360.3,2005-06-06 04:52:00,999,9,C,0,5,22000,5,9,N,16093,5,N,5,260,C,210,C,99999,9,False,
99999903948,35.25,-97.46667,360.3,2005-06-06 05:52:00,170,5,N,46,5,22000,5,9,N,16093,5,N,5,260,C,200,C,99999,9,False,
99999903948,35.25,-97.46667,360.3,2005-06-06 05:59:00,999,9,9,9999,9,99999,9,9,9,999999,9,9,9,9999,9,9999,9,99999,9,False,
99999903948,35.25,-97.46667,360.3,2005-06-06 06:52:00,140,5,N,31,5,22000,5,9,N,16093,5,N,5,240,C,180,C,99999,9,False,
99999903948,35.25,-97.46667,360.3,2005-06-06 07:52:00,999,9,C,0,5,22000,5,9,N,16093,5,N,5,230,C,170,C,99999,9,False,
99999903948,35.25,-97.46667,360.3,2005-06-06 08:52:00,130,5,N,15,5,22000,5,9,N,16093,5,N,5,220,C,170,C,99999,9,False,
99999903948,35.25,-97.46667,360.3,2005-06-06 09:52:00,190,5,N,15,5,22000,5,9,N,16093,5,N,5,220,C,140,C,99999,9,False,
99999903948,35.25,-97.46667,360.3,2005-06-06 10:52:00,999,9,C,0,5,22000,5,9,N,16093,5,N,5,210,C,140,C,99999,9,False,
99999903948,35.25,-97.46667,360.3,2005-06-06 11:53:00,250,5,N,21,5,22000,5,9,N,16093,5,N,5,200,C,150,C,99999,9,False,
99999903948,35.25,-97.46667,360.3,2005-06-06 12:52:00,70,5,N,21,5,22000,5,9,N,16093,5,N,5,210,C,160,C,99999,9,False,
99999903948,35.25,-97.46667,360.3,2005-06-06 13:52:00,999,9,C,0,5,22000,5,9,N,16093,5,N,5,260,C,170,C,99999,9,False,
99999903948,35.25,-97.46667,360.3,2005-06-06 14:52:00,180,5,N,36,5,22000,5,9,N,16093,5,N,5,260,C,170,C,99999,9,False,
99999903948,35.25,-97.46667,360.3,2005-06-06 15:52:00,210,5,N,41,5,22000,5,9,N,16093,5,N,5,280,C,180,C,99999,9,False,
99999903948,35.25,-97.46667,360.3,2005-06-06 16:52:00,230,5,N,57,5,22000,5,9,N,16093,5,N,5,290,C,190,C,99999,9,False,
99999903948,35.25,-97.46667,360.3,2005-06-06 17:52:00,190,5,N,36,5,22000,5,9,N,16093,5,N,5,310,C,200,C,99999,9,False,
99999903948,35.25,-97.46667,360.3,2005-06-06 18:55:00,180,5,N,46,5,22000,5,9,N,16093,5,N,5,310,C,210,C,99999,9,False,
99999903948,35.25,-97.46667,360.3,2005-06-06 19:52:00,170,5,N,36,5,22000,5,9,N,16093,5,N,5,310,C,210,C,99999,9,False,
99999903948,35.25,-97.46667,360.3,2005-06-06 20:52:00,180,5,N,51,5,22000,5,9,N,16093,5,N,5,320,C,210,C,99999,9,False,
99999903948,35.25,-97.46667,360.3,2005-06-06 21:56:00,160,5,N,62,5,22000,5,9,N,16093,5,N,5,320,C,190,C,99999,9,False,
99999903948,35.25,-97.46667,360.3,2005-06-06 22:52:00,170,5,N,67,5,22000,5,9,N,16093,5,N,5,320,C,190,C,99999,9,False,
99999903948,35.25,-97.46667,360.3,2005-06-06 23:52:00,170,5,N,57,5,22000,5,9,N,16093,5,N,5,320,C,190,C,99999,9,False,
99999903948,35.25,-97.46667,360.3,2005-06-07 00:52:00,180,5,N,51,5,22000,5,9,N,16093,5,N,5,300,C,190,C,99999,9,False,
99999903948,35.25,-97.46667,360.3,2005-06-07 01:52:00,170,5,N,36,5,22000,5,9,N,16093,5,N,5,280,C,200,C,99999,9,False,
99999903948,35.25,-97.46667,360.3,2005-06-07 02:52:00,170,5,N,31,5,22000,5,9,N,16093,5,N,5,270,C,200,C,99999,9,False,
99999903948,35.25,-97.46667,360.3,2005-06-07 03:52:00,150,5,N,46,5,22000,5,9,N,16093,5,N,5,270,C,190,C,99999,9,False,
99999903948,35.25,-97.46667,360.3,2005-06-07 04:52:00,170,5,N,41,5,22000,5,9,N,16093,5,N,5,260,C,200,C,99999,9,False,
99999903948,35.25,-97.46667,360.3,2005-06-07 05:52:00,170,5,N,31,5,22000,5,9,N,16093,5,N,5,240,C,200,C,99999,9,False,
99999903948,35.25,-97.46667,360.3,2005-06-07 06:52:00,170,5,N,31,5,22000,5,9,N,16093,5,N,5,240,C,200,C,99999,9,False,
99999903948,35.25,-97.46667,360.3,2005-06-07 07:52:00,210,5,N,26,5,22000,5,9,N,16093,5,N,5,230,C,200,C,99999,9,False,
99999903948,35.25,-97.46667,360.3,2005-06-07 08:52:00,999,9,C,0,5,22000,5,9,N,16093,5,N,5,230,C,200,C,99999,9,False,
99999903948,35.25,-97.46667,360.3,2005-06-07 09:52:00,270,5,N,21,5,2591,5,M,N,16093,5,N,5,230,C,190,C,99999,9,False,
99999903948,35.25,-97.46667,360.3,2005-06-07 10:52:00,160,5,N,36,5,22000,5,9,N,16093,5,N,5,220,C,190,C,99999,9,False,
99999903948,35.25,-97.46667,360.3,2005-06-07 11:52:00,170,5,N,31,5,22000,5,9,N,16093,5,N,5,220,C,180,C,99999,9,False,
99999903948,35.25,-97.46667,360.3,2005-06-07 12:52:00,180,5,N,46,5,22000,5,9,N,16093,5,N,5,230,C,190,C,99999,9,False,
99999903948,35.25,-97.46667,360.3,2005-06-07 13:52:00,180,5,N,72,5,22000,5,9,N,16093,5,N,5,260,C,220,C,99999,9,False,
99999903948,35.25,-97.46667,360.3,2005-06-07 14:52:00,200,5,N,67,5,22000,5,9,N,16093,5,N,5,280,C,220,C,99999,9,False,
99999903948,35.25,-97.46667,360.3,2005-06-07 15:52:00,180,5,N,77,5,22000,5,9,N,16093,5,N,5,290,C,220,C,99999,9,False,
99999903948,35.25,-97.46667,360.3,2005-06-07 16:52:00,200,5,N,88,5,22000,5,9,N,16093,5,N,5,310,C,210,C,99999,9,False,
99999903948,35.25,-97.46667,360.3,2005-06-07 17:52:00,190,5,N,88,5,22000,5,9,N,16093,5,N,5,310,C,210,C,99999,9,False,
99999903948,35.25,-97.46667,360.3,2005-06-07 18:52:00,180,5,N,77,5,22000,5,9,N,16093,5,N,5,320,C,210,C,99999,9,False,
99999903948,35.25,-97.46667,360.3,2005-06-07 19:52:00,170,5,N,67,5,22000,5,9,N,16093,5,N,5,320,C,210,C,99999,9,False,
99999903948,35.25,-97.46667,360.3,2005-06-07 20:53:00,170,5,N,67,5,22000,5,9,N,16093,5,N,5,320,C,210,C,99999,9,False,
99999903948,35.25,-97.46667,360.3,2005-06-07 21:52:00,170,5,N,62,5,22000,5,9,N,16093,5,N,5,320,C,210,C,99999,9,False,
99999903948,35.25,-97.46667,360.3,2005-06-07 22:52:00,170,5,N,62,5,22000,5,9,N,16093,5,N,5,320,C,210,C,99999,9,False,
99999903948,35.25,-97.46667,360.3,2005-06-07 23:52:00,180,5,N,51,5,22000,5,9,N,16093,5,N,5,320,C,210,C,99999,9,False,
99999903948,35.25,-97.46667,360.3,2005-06-08 00:52:00,180,5,N,51,5,22000,5,9,N,16093,5,N,5,310,C,210,C,99999,9,False,
99999903948,35.25,-97.46667,360.3,2005-06-08 01:52:00,170,5,N,41,5,22000,5,9,N,16093,5,N,5,290,C,210,C,99999,9,False,
99999903948,35.25,-97.46667,360.3,2005-06-08 02:52:00,150,5,N,57,5,22000,5,9,N,16093,5,N,5,280,C,220,C,99999,9,False,
99999903948,35.25,-97.46667,360.3,2005-06-08 03:52:00,170,5,N,57,5,22000,5,9,N,16093,5,N,5,270,C,210,C,99999,9,False,
99999903948,35.25,-97.46667,360.3,2005-06-08 04:52:00,180,5,N,67,5,22000,5,9,N,16093,5,N,5,270,C,210,C,99999,9,False,
99999903948,35.25,-97.46667,360.3,2005-06-08 05:52:00,170,5,N,46,5,22000,5,9,N,16093,5,N,5,260,C,210,C,99999,9,False,
99999903948,35.25,-97.46667,360.3,2005-06-08 05:59:00,999,9,9,9999,9,99999,9,9,9,999999,9,9,9,9999,9,9999,9,99999,9,False,
99999903948,35.25,-97.46667,360.3,2005-06-08 06:52:00,170,5,N,41,5,22000,5,9,N,16093,5,N,5,260,C,210,C,99999,9,False,
99999903948,35.25,-97.46667,360.3,2005-06-08 07:52:00,180,5,N,62,5,22000,5,9,N,16093,5,N,5,260,C,210,C,99999,9,False,
99999903948,35.25,-97.46667,360.3,2005-06-08 08:52:00,200,5,N,67,5,22000,5,9,N,16093,5,N,5,260,C,200,C,99999,9,False,
99999903948,35.25,-97.46667,360.3,2005-06-08 09:52:00,200,5,N,67,5,22000,5,9,N,16093,5,N,5,250,C,210,C,99999,9,False,
99999903948,35.25,-97.46667,360.3,2005-06-08 10:52:00,190,5,N,67,5,22000,5,9,N,16093,5,N,5,250,C,210,C,99999,9,False,
99999903948,35.25,-97.46667,360.3,2005-06-08 11:52:00,190,5,N,62,5,22000,5,9,N,16093,5,N,5,240,C,210,C,99999,9,False,
99999903948,35.25,-97.46667,360.3,2005-06-08 12:52:00,200,5,N,62,5,22000,5,9,N,16093,5,N,5,260,C,220,C,99999,9,False,
99999903948,35.25,-97.46667,360.3,2005-06-08 13:52:00,200,5,N,82,5,22000,5,9,N,16093,5,N,5,270,C,220,C,99999,9,False,
99999903948,35.25,-97.46667,360.3,2005-06-08 14:52:00,200,5,N,103,5,22000,5,9,N,16093,5,N,5,290,C,220,C,99999,9,False,
99999903948,35.25,-97.46667,360.3,2005-06-08 15:52:00,210,5,N,88,5,22000,5,9,N,16093,5,N,5,310,C,220,C,99999,9,False,
99999903948,35.25,-97.46667,360.3,2005-06-08 16:52:00,220,5,N,77,5,975,5,M,N,16093,5,N,5,310,C,220,C,99999,9,False,
99999903948,35.25,-97.46667,360.3,2005-06-08 17:52:00,210,5,N,77,5,22000,5,9,N,16093,5,N,5,320,C,230,C,99999,9,False,
99999903948,35.25,-97.46667,360.3,2005-06-08 18:52:00,210,5,N,77,5,22000,5,9,N,16093,5,N,5,330,C,230,C,99999,9,False,
99999903948,35.25,-97.46667,360.3,2005-06-08 19:52:00,200,5,N,77,5,22000,5,9,N,16093,5,N,5,340,C,230,C,99999,9,False,
99999903948,35.25,-97.46667,360.3,2005-06-08 20:52:00,210,5,N,77,5,22000,5,9,N,16093,5,N,5,340,C,220,C,99999,9,False,
99999903948,35.25,-97.46667,360.3,2005-06-08 21:52:00,190,5,N,88,5,22000,5,9,N,16093,5,N,5,330,C,220,C,99999,9,False,
99999903948,35.25,-97.46667,360.3,2005-06-08 22:52:00,190,5,N,93,5,22000,5,9,N,16093,5,N,5,330,C,230,C,99999,9,False,
99999903948,35.25,-97.46667,360.3,2005-06-08 23:52:00,180,5,N,62,5,22000,5,9,N,16093,5,N,5,330,C,230,C,99999,9,False,
99999903948,35.25,-97.46667,360.3,2005-06-09 00:52:00,180,5,N,57,5,22000,5,9,N,16093,5,N,5,310,C,230,C,99999,9,False,
99999903948,35.25,-97.46667,360.3,2005-06-09 01:52:00,180,5,N,57,5,22000,5,9,N,16093,5,N,5,290,C,230,C,99999,9,False,
99999903948,35.25,-97.46667,360.3,2005-06-09 02:52:00,170,5,N,51,5,22000,5,9,N,16093,5,N,5,280,C,220,C,99999,9,False,
99999903948,35.25,-97.46667,360.3,2005-06-09 03:52:00,170,5,N,72,5,22000,5,9,N,16093,5,N,5,280,C,220,C,99999,9,False,
99999903948,35.25,-97.46667,360.3,2005-06-09 04:52:00,170,5,N,57,5,22000,5,9,N,16093,5,N,5,270,C,220,C,99999,9,False,
99999903948,35.25,-97.46667,360.3,2005-06-09 05:52:00,160,5,N,57,5,22000,5,9,N,16093,5,N,5,270,C,220,C,99999,9,False,
99999903948,35.25,-97.46667,360.3,2005-06-09 06:52:00,170,5,N,62,5,22000,5,9,N,16093,5,N,5,260,C,220,C,99999,9,False,
99999903948,35.25,-97.46667,360.3,2005-06-09 07:52:00,170,5,N,36,5,22000,5,9,N,16093,5,N,5,260,C,210,C,99999,9,False,
99999903948,35.25,-97.46667,360.3,2005-06-09 08:52:00,170,5,N,41,5,22000,5,9,N,16093,5,N,5,250,C,210,C,99999,9,False,
99999903948,35.25,-97.46667,360.3,2005-06-09 09:52:00,180,5,N,41,5,22000,5,9,N,16093,5,N,5,240,C,210,C,99999,9,False,
99999903948,35.25,-97.46667,360.3,2005-06-09 10:52:00,180,5,N,36,5,22000,5,9,N,16093,5,N,5,240,C,210,C,99999,9,False,
99999903948,35.25,-97.46667,360.3,2005-06-09 11:52:00,110,5,N,15,5,22000,5,9,N,16093,5,N,5,240,C,220,C,99999,9,False,
99999903948,35.25,-97.46667,360.3,2005-06-09 12:52:00,120,5,N,31,5,396,5,M,N,16093,5,N,5,240,C,220,C,99999,9,False,
99999903948,35.25,-97.46667,360.3,2005-06-09 13:52:00,140,5,N,41,5,549,5,M,N,16093,5,N,5,260,C,220,C,99999,9,False,
99999903948,35.25,-97.46667,360.3,2005-06-09 14:53:00,30,5,N,31,5,457,5,M,N,16093,5,N,5,270,C,220,C,99999,9,False,
99999903948,35.25,-97.46667,360.3,2005-06-09 15:52:00,50,5,N,36,5,640,5,M,N,16093,5,N,5,240,C,200,C,99999,9,False,
99999903948,35.25,-97.46667,360.3,2005-06-09 16:52:00,50,5,N,72,5,701,5,M,N,16093,5,N,5,230,C,190,C,99999,9,False,
99999903948,35.25,-97.46667,360.3,2005-06-09 17:52:00,80,5,N,62,5,1402,5,M,N,16093,5,N,5,250,C,200,C,99999,9,False,
99999903948,35.25,-97.46667,360.3,2005-06-09 18:52:00,160,5,N,82,5,22000,5,9,N,16093,5,N,5,310,C,210,C,99999,9,False,
99999903948,35.25,-97.46667,360.3,2005-06-09 19:52:00,160,5,N,82,5,22000,5,9,N,16093,5,N,5,320,C,200,C,99999,9,False,
99999903948,35.25,-97.46667,360.3,2005-06-09 20:53:00,180,5,N,98,5,22000,5,9,N,16093,5,N,5,320,C,190,C,99999,9,False,
99999903948,35.25,-97.46667,360.3,2005-06-09 21:52:00,190,5,N,108,5,22000,5,9,N,16093,5,N,5,330,C,190,C,99999,9,False,
99999903948,35.25,-97.46667,360.3,2005-06-09 22:52:00,170,5,N,93,5,22000,5,9,N,16093,5,N,5,320,C,190,C,99999,9,False,
99999903948,35.25,-97.46667,360.3,2005-06-09 23:52:00,190,5,N,93,5,22000,5,9,N,16093,5,N,5,320,C,190,C,99999,9,False,
99999903948,35.25,-97.46667,360.3,2005-06-10 00:52:00,170,5,N,72,5,22000,5,9,N,16093,5,N,5,310,C,200,C,99999,9,False,
99999903948,35.25,-97.46667,360.3,2005-06-10 01:52:00,180,5,N,57,5,22000,5,9,N,16093,5,N,5,290,C,200,C,99999,9,False,
99999903948,35.25,-97.46667,360.3,2005-06-10 02:52:00,170,5,N,46,5,22000,5,9,N,16093,5,N,5,280,C,200,C,99999,9,False,
99999903948,35.25,-97.46667,360.3,2005-06-10 03:53:00,170,5,N,41,5,22000,5,9,N,16093,5,N,5,270,C,210,C,99999,9,False,
99999903948,35.25,-97.46667,360.3,2005-06-10 04:52:00,190,5,N,31,5,22000,5,9,N,16093,5,N,5,260,C,210,C,99999,9,False,
99999903948,35.25,-97.46667,360.3,2005-06-10 05:53:00,310,5,N,51,5,1402,5,M,N,16093,5,N,5,240,C,140,C,99999,9,False,
99999903948,35.25,-97.46667,360.3,2005-06-10 05:59:00,999,9,9,9999,9,99999,9,9,9,999999,9,9,9,9999,9,9999,9,99999,9,False,
99999903948,35.25,-97.46667,360.3,2005-06-10 06:53:00,190,5,N,41,5,1676,5,M,N,11265,5,N,5,190,C,170,C,99999,9,False,
99999903948,35.25,-97.46667,360.3,2005-06-10 07:52:00,160,5,N,26,5,1829,5,M,N,16093,5,N,5,200,C,180,C,99999,9,False,
99999903948,35.25,-97.46667,360.3,2005-06-10 08:52:00,999,9,C,0,5,914,5,M,N,16093,5,N,5,190,C,170,C,99999,9,False,
99999903948,35.25,-97.46667,360.3,2005-06-10 09:52:00,30,5,N,26,5,22000,5,9,N,16093,5,N,5,180,C,170,C,99999,9,False,
99999903948,35.25,-97.46667,360.3,2005-06-10 10:52:00,140,5,N,36,5,22000,5,9,N,16093,5,N,5,190,C,180,C,99999,9,False,
99999903948,35.25,-97.46667,360.3,2005-06-10 11:53:00,140,5,N,46,5,22000,5,9,N,16093,5,N,5,190,C,180,C,99999,9,False,
99999903948,35.25,-97.46667,360.3,2005-06-10 12:52:00,150,5,N,36,5,22000,5,9,N,16093,5,N,5,210,C,190,C,99999,9,False,
99999903948,35.25,-97.46667,360.3,2005-06-10 13:52:00,180,5,N,57,5,22000,5,9,N,16093,5,N,5,220,C,210,C,99999,9,False,
99999903948,35.25,-97.46667,360.3,2005-06-10 14:52:00,180,5,N,77,5,22000,5,9,N,16093,5,N,5,240,C,210,C,99999,9,False,
99999903948,35.25,-97.46667,360.3,2005-06-10 15:52:00,180,5,N,88,5,22000,5,9,N,16093,5,N,5,270,C,210,C,99999,9,False,
99999903948,35.25,-97.46667,360.3,2005-06-10 16:53:00,170,5,N,82,5,22000,5,9,N,16093,5,N,5,280,C,210,C,99999,9,False,
99999903948,35.25,-97.46667,360.3,2005-06-10 17:33:00,190,5,N,72,5,22000,5,9,N,16093,5,N,5,290,C,200,C,99999,9,False,
99999903948,35.25,-97.46667,360.3,2005-06-10 18:52:00,180,5,N,67,5,1524,5,M,N,16093,5,N,5,290,C,200,C,99999,9,False,
99999903948,35.25,-97.46667,360.3,2005-06-10 19:52:00,160,5,N,93,5,22000,5,9,N,16093,5,N,5,310,C,200,C,99999,9,False,
99999903948,35.25,-97.46667,360.3,2005-06-10 20:52:00,180,5,N,93,5,22000,5,9,N,16093,5,N,5,300,C,190,C,99999,9,False,
99999903948,35.25,-97.46667,360.3,2005-06-10 21:52:00,170,5,N,77,5,22000,5,9,N,16093,5,N,5,300,C,190,C,99999,9,False,
99999903948,35.25,-97.46667,360.3,2005-06-10 22:52:00,170,5,N,67,5,22000,5,9,N,16093,5,N,5,310,C,190,C,99999,9,False,
99999903948,35.25,-97.46667,360.3,2005-06-10 23:52:00,190,5,N,67,5,22000,5,9,N,16093,5,N,5,300,C,180,C,99999,9,False,
99999903948,35.25,-97.46667,360.3,2005-06-11 00:57:00,160,5,N,62,5,22000,5,9,N,16093,5,N,5,290,C,180,C,99999,9,False,
99999903948,35.25,-97.46667,360.3,2005-06-11 01:52:00,140,5,N,46,5,22000,5,9,N,16093,5,N,5,280,C,190,C,99999,9,False,
99999903948,35.25,-97.46667,360.3,2005-06-11 02:52:00,120,5,N,26,5,22000,5,9,N,16093,5,N,5,270,C,190,C,99999,9,False,
99999903948,35.25,-97.46667,360.3,2005-06-11 03:52:00,160,5,N,26,5,22000,5,9,N,16093,5,N,5,270,C,190,C,99999,9,False,
99999903948,35.25,-97.46667,360.3,2005-06-11 04:52:00,160,5,N,21,5,1829,5,M,N,16093,5,N,5,260,C,190,C,99999,9,False,
99999903948,35.25,-97.46667,360.3,2005-06-11 05:52:00,150,5,N,31,5,22000,5,9,N,16093,5,N,5,260,C,190,C,99999,9,False,
99999903948,35.25,-97.46667,360.3,2005-06-11 05:59:00,999,9,9,9999,9,99999,9,9,9,999999,9,9,9,9999,9,9999,9,99999,9,False,
99999903948,35.25,-97.46667,360.3,2005-06-11 06:52:00,999,9,C,0,5,22000,5,9,N,16093,5,N,5,240,C,190,C,99999,9,False,
99999903948,35.25,-97.46667,360.3,2005-06-11 07:52:00,20,5,N,31,5,1402,5,M,N,16093,5,N,5,230,C,190,C,99999,9,False,
99999903948,35.25,-97.46667,360.3,2005-06-11 08:52:00,100,5,N,21,5,1524,5,M,N,16093,5,N,5,210,C,170,C,99999,9,False,
99999903948,35.25,-97.46667,360.3,2005-06-11 09:52:00,80,5,N,21,5,1311,5,M,N,16093,5,N,5,220,C,180,C,99999,9,False,
99999903948,35.25,-97.46667,360.3,2005-06-11 10:52:00,340,5,N,93,5,671,5,M,N,16093,5,N,5,190,C,160,C,99999,9,False,
99999903948,35.25,-97.46667,360.3,2005-06-12 05:59:00,999,9,9,9999,9,99999,9,9,9,999999,9,9,9,9999,9,9999,9,99999,9,False,
99999903948,35.25,-97.46667,360.3,2005-06-12 23:52:00,170,5,N,77,5,22000,5,9,N,16093,5,N,5,310,C,190,C,99999,9,False,
99999903948,35.25,-97.46667,360.3,2005-06-13 00:32:00,180,5,N,77,5,2286,5,M,N,16093,5,N,5,310,C,180,C,99999,9,False,
99999903948,35.25,-97.46667,360.3,2005-06-13 01:53:00,340,5,N,77,5,1524,5,M,N,16093,5,N,5,180,C,160,C,99999,9,False,
99999903948,35.25,-97.46667,360.3,2005-06-13 02:53:00,40,5,N,51,5,1676,5,M,N,16093,5,N,5,170,C,170,C,99999,9,False,
99999903948,35.25,-97.46667,360.3,2005-06-13 03:52:00,110,5,N,41,5,22000,5,9,N,16093,5,N,5,180,C,170,C,99999,9,False,
99999903948,35.25,-97.46667,360.3,2005-06-13 04:52:00,130,5,N,36,5,22000,5,9,N,16093,5,N,5,180,C,170,C,99999,9,False,
99999903948,35.25,-97.46667,360.3,2005-06-13 05:52:00,130,5,N,36,5,22000,5,9,N,16093,5,N,5,180,C,170,C,99999,9,False,
99999903948,35.25,-97.46667,360.3,2005-06-13 05:59:00,999,9,9,9999,9,99999,9,9,9,999999,9,9,9,9999,9,9999,9,99999,9,False,
99999903948,35.25,-97.46667,360.3,2005-06-13 06:52:00,130,5,N,21,5,22000,5,9,N,16093,5,N,5,180,C,170,C,99999,9,False,
99999903948,35.25,-97.46667,360.3,2005-06-13 07:52:00,150,5,N,46,5,22000,5,9,N,16093,5,N,5,180,C,170,C,99999,9,False,
99999903948,35.25,-97.46667,360.3,2005-06-13 08:52:00,170,5,N,46,5,22000,5,9,N,16093,5,N,5,190,C,180,C,99999,9,False,
99999903948,35.25,-97.46667,360.3,2005-06-13 09:52:00,210,5,N,21,5,22000,5,9,N,16093,5,N,5,190,C,180,C,99999,9,False,
99999903948,35.25,-97.46667,360.3,2005-06-13 10:52:00,180,5,N,41,5,22000,5,9,N,16093,5,N,5,200,C,190,C,99999,9,False,
99999903948,35.25,-97.46667,360.3,2005-06-13 11:52:00,190,5,N,51,5,22000,5,9,N,16093,5,N,5,210,C,210,C,99999,9,False,
99999903948,35.25,-97.46667,360.3,2005-06-13 12:52:00,190,5,N,46,5,22000,5,9,N,16093,5,N,5,230,C,220,C,99999,9,False,
99999903948,35.25,-97.46667,360.3,2005-06-13 13:52:00,200,5,N,67,5,22000,5,9,N,16093,5,N,5,260,C,220,C,99999,9,False,
99999903948,35.25,-97.46667,360.3,2005-06-13 14:55:00,220,5,N,62,5,22000,5,9,N,16093,5,N,5,280,C,230,C,99999,9,False,
99999903948,35.25,-97.46667,360.3,2005-06-13 15:12:00,210,5,N,77,5,22000,5,9,N,16093,5,N,5,280,C,230,C,99999,9,False,
99999903948,35.25,-97.46667,360.3,2005-06-13 23:52:00,999,9,C,0,5,1829,5,M,N,16093,5,N,5,270,C,180,C,99999,9,False,
99999903948,35.25,-97.46667,360.3,2005-06-14 00:52:00,999,9,C,0,5,1829,5,M,N,3219,5,N,5,270,C,190,C,99999,9,False,
99999903948,35.25,-97.46667,360.3,2005-06-14 01:52:00,999,9,C,0,5,22000,5,9,N,16093,5,N,5,260,C,190,C,99999,9,False,
99999903948,35.25,-97.46667,360.3,2005-06-14 02:52:00,170,5,N,21,5,22000,5,9,N,16093,5,N,5,240,C,190,C,99999,9,False,
99999903948,35.25,-97.46667,360.3,2005-06-14 03:52:00,180,5,N,21,5,22000,5,9,N,16093,5,N,5,230,C,180,C,99999,9,False,
99999903948,35.25,-97.46667,360.3,2005-06-14 04:52:00,999,9,C,0,5,22000,5,9,N,16093,5,N,5,220,C,180,C,99999,9,False,
99999903948,35.25,-97.46667,360.3,2005-06-14 05:52:00,170,5,N,21,5,22000,5,9,N,16093,5,N,5,210,C,180,C,99999,9,False,
99999903948,35.25,-97.46667,360.3,2005-06-14 05:59:00,999,9,9,9999,9,99999,9,9,9,999999,9,9,9,9999,9,9999,9,99999,9,False,
99999903948,35.25,-97.46667,360.3,2005-06-14 06:52:00,300,5,N,15,5,22000,5,9,N,16093,5,N,5,210,C,170,C,99999,9,False,
99999903948,35.25,-97.46667,360.3,2005-06-14 07:52:00,360,5,N,26,5,99999,9,9,N,16093,5,N,5,200,C,170,C,99999,9,False,
99999903948,35.25,-97.46667,360.3,2005-06-14 08:52:00,10,5,N,21,5,22000,5,9,N,16093,5,N,5,190,C,140,C,99999,9,False,
99999903948,35.25,-97.46667,360.3,2005-06-14 09:52:00,999,9,C,0,5,22000,5,9,N,16093,5,N,5,180,C,140,C,99999,9,False,
99999903948,35.25,-97.46667,360.3,2005-06-14 10:52:00,360,5,N,15,5,22000,5,9,N,16093,5,N,5,170,C,130,C,99999,9,False,
99999903948,35.25,-97.46667,360.3,2005-06-14 11:52:00,360,5,N,31,5,22000,5,9,N,16093,5,N,5,170,C,140,C,99999,9,False,
99999903948,35.25,-97.46667,360.3,2005-06-14 12:52:00,360,5,N,31,5,2743,5,M,N,16093,5,N,5,210,C,150,C,99999,9,False,
99999903948,35.25,-97.46667,360.3,2005-06-14 13:52:00,10,5,N,21,5,22000,5,9,N,16093,5,N,5,230,C,150,C,99999,9,False,
99999903948,35.25,-97.46667,360.3,2005-06-14 14:52:00,10,5,N,46,5,22000,5,9,N,16093,5,N,5,250,C,140,C,99999,9,False,
99999903948,35.25,-97.46667,360.3,2005-06-14 15:52:00,40,5,N,41,5,22000,5,9,N,16093,5,N,5,260,C,140,C,99999,9,False,
99999903948,35.25,-97.46667,360.3,2005-06-14 16:52:00,360,5,N,46,5,22000,5,9,N,16093,5,N,5,270,C,150,C,99999,9,False,
99999903948,35.25,-97.46667,360.3,2005-06-14 17:52:00,50,5,N,21,5,22000,5,9,N,16093,5,N,5,290,C,160,C,99999,9,False,
99999903948,35.25,-97.46667,360.3,2005-06-14 18:52:00,340,5,N,21,5,22000,5,9,N,16093,5,N,5,300,C,140,C,99999,9,False,
99999903948,35.25,-97.46667,360.3,2005-06-14 19:52:00,360,5,N,15,5,22000,5,9,N,16093,5,N,5,310,C,140,C,99999,9,False,
99999903948,35.25,-97.46667,360.3,2005-06-14 20:52:00,40,5,N,31,5,22000,5,9,N,16093,5,N,5,320,C,140,C,99999,9,False,
99999903948,35.25,-97.46667,360.3,2005-06-14 21:52:00,20,5,N,21,5,22000,5,9,N,16093,5,N,5,320,C,130,C,99999,9,False,
99999903948,35.25,-97.46667,360.3,2005-06-14 22:52:00,60,5,N,36,5,22000,5,9,N,16093,5,N,5,320,C,130,C,99999,9,False,
99999903948,35.25,-97.46667,360.3,2005-06-14 23:52:00,60,5,N,31,5,22000,5,9,N,16093,5,N,5,320,C,130,C,99999,9,False,
99999903948,35.25,-97.46667,360.3,2005-06-15 00:52:00,100,5,N,26,5,22000,5,9,N,16093,5,N,5,290,C,130,C,99999,9,False,
99999903948,35.25,-97.46667,360.3,2005-06-15 01:52:00,120,5,N,15,5,22000,5,9,N,16093,5,N,5,260,C,140,C,99999,9,False,
99999903948,35.25,-97.46667,360.3,2005-06-15 02:52:00,999,9,C,0,5,22000,5,9,N,16093,5,N,5,240,C,160,C,99999,9,False,
99999903948,35.25,-97.46667,360.3,2005-06-15 03:52:00,999,9,C,0,5,22000,5,9,N,16093,5,N,5,230,C,160,C,99999,9,False,
99999903948,35.25,-97.46667,360.3,2005-06-15 04:52:00,999,9,C,0,5,22000,5,9,N,16093,5,N,5,220,C,170,C,99999,9,False,
99999903948,35.25,-97.46667,360.3,2005-06-15 05:52:00,999,9,C,0,5,99999,9,9,N,16093,5,N,5,210,C,170,C,99999,9,False,
99999903948,35.25,-97.46667,360.3,2005-06-15 06:52:00,999,9,C,0,5,22000,5,9,N,16093,5,N,5,210,C,170,C,99999,9,False,
99999903948,35.25,-97.46667,360.3,2005-06-15 07:52:00,999,9,C,0,5,22000,5,9,N,16093,5,N,5,200,C,160,C,99999,9,False,
99999903948,35.25,-97.46667,360.3,2005-06-15 08:52:00,999,9,C,0,5,22000,5,9,N,16093,5,N,5,190,C,150,C,99999,9,False,
99999903948,35.25,-97.46667,360.3,2005-06-15 09:52:00,999,9,C,0,5,22000,5,9,N,16093,5,N,5,180,C,140,C,99999,9,False,
99999903948,35.25,-97.46667,360.3,2005-06-15 10:52:00,999,9,C,0,5,22000,5,9,N,16093,5,N,5,180,C,150,C,99999,9,False,
99999903948,35.25,-97.46667,360.3,2005-06-15 11:52:00,999,9,C,0,5,22000,5,9,N,16093,5,N,5,190,C,170,C,99999,9,False,
99999903948,35.25,-97.46667,360.3,2005-06-15 12:52:00,999,9,C,0,5,22000,5,9,N,11265,5,N,5,250,C,210,C,99999,9,False,
99999903948,35.25,-97.46667,360.3,2005-06-15 13:52:00,999,9,C,0,5,22000,5,9,N,16093,5,N,5,280,C,190,C,99999,9,False,
99999903948,35.25,-97.46667,360.3,2005-06-15 14:54:00,999,9,C,0,5,22000,5,9,N,16093,5,N,5,280,C,170,C,99999,9,False,
99999903948,35.25,-97.46667,360.3,2005-06-15 15:54:00,999,9,C,0,5,22000,5,9,N,16093,5,N,5,280,C,180,C,99999,9,False,
99999903948,35.25,-97.46667,360.3,2005-06-15 16:52:00,250,5,N,57,5,22000,5,9,N,16093,5,N,5,270,C,190,C,99999,9,False,
99999903948,35.25,-97.46667,360.3,2005-06-15 17:52:00,200,5,N,36,5,22000,5,9,N,16093,5,N,5,260,C,170,C,99999,9,False,
99999903948,35.25,-97.46667,360.3,2005-06-15 18:52:00,230,5,N,15,5,22000,5,9,N,16093,5,N,5,300,C,160,C,99999,9,False,
99999903948,35.25,-97.46667,360.3,2005-06-15 19:52:00,180,5,N,36,5,22000,5,9,N,16093,5,N,5,320,C,140,C,99999,9,False,
99999903948,35.25,-97.46667,360.3,2005-06-15 20:52:00,170,5,N,36,5,22000,5,9,N,16093,5,N,5,320,C,140,C,99999,9,False,
99999903948,35.25,-97.46667,360.3,2005-06-15 21:52:00,190,5,N,41,5,22000,5,9,N,16093,5,N,5,330,C,140,C,99999,9,False,
99999903948,35.25,-97.46667,360.3,2005-06-15 22:52:00,170,5,N,46,5,22000,5,9,N,16093,5,N,5,330,C,150,C,99999,9,False,
99999903948,35.25,-97.46667,360.3,2005-06-15 23:52:00,160,5,N,46,5,22000,5,9,N,16093,5,N,5,320,C,180,C,99999,9,False,
99999903948,35.25,-97.46667,360.3,2005-06-16 00:52:00,150,5,N,41,5,22000,5,9,N,16093,5,N,5,310,C,190,C,99999,9,False,
99999903948,35.25,-97.46667,360.3,2005-06-16 01:52:00,140,5,N,31,5,22000,5,9,N,16093,5,N,5,290,C,180,C,99999,9,False,
99999903948,35.25,-97.46667,360.3,2005-06-16 02:52:00,160,5,N,36,5,22000,5,9,N,16093,5,N,5,280,C,190,C,99999,9,False,
99999903948,35.25,-97.46667,360.3,2005-06-16 03:52:00,160,5,N,41,5,22000,5,9,N,16093,5,N,5,270,C,190,C,99999,9,False,
99999903948,35.25,-97.46667,360.3,2005-06-16 04:52:00,160,5,N,41,5,99999,9,9,N,16093,5,N,5,260,C,190,C,99999,9,False,
99999903948,35.25,-97.46667,360.3,2005-06-16 05:52:00,180,5,N,36,5,22000,5,9,N,16093,5,N,5,260,C,190,C,99999,9,False,
99999903948,35.25,-97.46667,360.3,2005-06-16 05:59:00,999,9,9,9999,9,99999,9,9,9,999999,9,9,9,9999,9,9999,9,99999,9,False,
99999903948,35.25,-97.46667,360.3,2005-06-16 06:52:00,170,5,N,31,5,22000,5,9,N,16093,5,N,5,250,C,190,C,99999,9,False,
99999903948,35.25,-97.46667,360.3,2005-06-16 07:52:00,360,5,N,144,6,1981,5,M,N,16093,5,N,5,240,C,190,C,99999,9,False,
99999903948,35.25,-97.46667,360.3,2005-06-16 08:52:00,30,5,N,31,6,22000,5,9,N,16093,5,N,5,200,C,180,C,99999,9,False,
99999903948,35.25,-97.46667,360.3,2005-06-16 09:53:00,120,5,N,46,5,22000,5,9,N,16093,5,N,5,210,C,190,C,99999,9,False,
99999903948,35.25,-97.46667,360.3,2005-06-16 10:52:00,120,5,N,51,5,22000,5,9,N,16093,5,N,5,200,C,180,C,99999,9,False,
99999903948,35.25,-97.46667,360.3,2005-06-16 11:52:00,120,5,N,21,5,22000,5,9,N,16093,5,N,5,200,C,180,C,99999,9,False,
99999903948,35.25,-97.46667,360.3,2005-06-16 12:57:00,170,5,N,26,5,213,5,M,N,16093,5,N,5,210,C,190,C,99999,9,False,
99999903948,35.25,-97.46667,360.3,2005-06-16 13:52:00,160,5,N,26,5,22000,5,9,N,16093,5,N,5,220,C,9999,9,99999,9,False,
99999903948,35.25,-97.46667,360.3,2005-06-16 14:53:00,170,5,N,31,5,22000,5,9,N,16093,5,N,5,240,C,200,C,99999,9,False,
99999903948,35.25,-97.46667,360.3,2005-06-16 15:52:00,130,5,N,26,5,22000,5,9,N,16093,5,N,5,240,C,200,C,99999,9,False,
99999903948,35.25,-97.46667,360.3,2005-06-16 16:52:00,40,5,N,36,5,22000,5,9,N,16093,5,N,5,240,C,220,C,99999,9,False,
99999903948,35.25,-97.46667,360.3,2005-06-16 17:52:00,140,5,N,31,5,22000,5,9,N,16093,5,N,5,240,C,210,C,99999,9,False,
99999903948,35.25,-97.46667,360.3,2005-06-16 18:52:00,110,5,N,31,5,22000,5,9,N,16093,5,N,5,280,C,230,C,99999,9,False,
99999903948,35.25,-97.46667,360.3,2005-06-16 19:52:00,160,5,N,46,5,22000,5,9,N,16093,5,N,5,310,C,230,C,99999,9,False,
99999903948,35.25,-97.46667,360.3,2005-06-16 20:52:00,180,5,N,41,5,22000,5,9,N,16093,5,N,5,330,C,220,C,99999,9,False,
99999903948,35.25,-97.46667,360.3,2005-06-16 21:52:00,180,5,N,41,5,22000,5,9,N,16093,5,N,5,330,C,220,C,99999,9,False,
99999903948,35.25,-97.46667,360.3,2005-06-16 22:52:00,160,5,N,31,5,22000,5,9,N,999999,9,N,5,340,C,220,C,99999,9,False,
99999903948,35.25,-97.46667,360.3,2005-06-16 23:52:00,140,5,N,41,5,22000,5,9,N,16093,5,N,5,330,C,220,C,99999,9,False,
99999903948,35.25,-97.46667,360.3,2005-06-17 00:52:00,130,5,N,31,5,22000,5,9,N,16093,5,N,5,320,C,220,C,99999,9,False,
99999903948,35.25,-97.46667,360.3,2005-06-17 01:52:00,110,5,N,41,5,22000,5,9,N,16093,5,N,5,280,C,230,C,99999,9,False,
99999903948,35.25,-97.46667,360.3,2005-06-17 02:52:00,130,5,N,36,5,22000,5,9,N,16093,5,N,5,270,C,230,C,99999,9,False,
99999903948,35.25,-97.46667,360.3,2005-06-17 03:52:00,150,5,N,57,5,22000,5,9,N,16093,5,N,5,270,C,230,C,99999,9,False,
99999903948,35.25,-97.46667,360.3,2005-06-17 04:32:00,140,5,N,51,5,22000,5,9,N,16093,5,N,5,270,C,220,C,99999,9,False,
99999903948,35.25,-97.46667,360.3,2005-06-17 05:52:00,360,5,N,108,5,518,5,M,N,16093,5,N,5,190,C,180,C,99999,9,False,
99999903948,35.25,-97.46667,360.3,2005-06-17 05:59:00,999,9,9,9999,9,99999,9,9,9,999999,9,9,9,9999,9,9999,9,99999,9,False,
99999903948,35.25,-97.46667,360.3,2005-06-17 06:52:00,50,5,N,82,5,1067,5,M,N,16093,5,N,5,180,C,170,C,99999,9,False,
99999903948,35.25,-97.46667,360.3,2005-06-17 07:52:00,80,5,N,31,5,22000,5,9,N,16093,5,N,5,190,C,180,C,99999,9,False,
99999903948,35.25,-97.46667,360.3,2005-06-17 08:52:00,240,5,N,31,5,22000,5,9,N,16093,5,N,5,190,C,180,C,99999,9,False,
99999903948,35.25,-97.46667,360.3,2005-06-17 09:52:00,160,5,N,15,5,22000,5,9,N,16093,5,N,5,190,C,180,C,99999,9,False,
99999903948,35.25,-97.46667,360.3,2005-06-17 10:52:00,100,5,N,31,5,22000,5,9,N,16093,5,N,5,190,C,180,C,99999,9,False,
99999903948,35.25,-97.46667,360.3,2005-06-17 11:52:00,110,5,N,41,5,22000,5,9,N,16093,5,N,5,190,C,180,C,99999,9,False,
99999903948,35.25,-97.46667,360.3,2005-06-17 12:58:00,100,5,N,57,5,183,5,M,N,16093,5,N,5,190,C,190,C,99999,9,False,
99999903948,35.25,-97.46667,360.3,2005-06-17 13:52:00,10,5,N,36,5,183,5,M,N,16093,5,N,5,210,C,190,C,99999,9,False,
99999903948,35.25,-97.46667,360.3,2005-06-17 14:52:00,110,5,N,31,5,22000,5,9,N,16093,5,N,5,220,C,220,C,99999,9,False,
99999903948,35.25,-97.46667,360.3,2005-06-17 15:52:00,100,5,N,57,5,22000,5,9,N,16093,5,N,5,240,C,220,C,99999,9,False,
99999903948,35.25,-97.46667,360.3,2005-06-17 16:52:00,90,5,N,41,5,22000,5,9,N,16093,5,N,5,260,C,240,C,99999,9,False,
99999903948,35.25,-97.46667,360.3,2005-06-17 17:52:00,90,5,N,46,5,22000,5,9,N,16093,5,N,5,270,C,230,C,99999,9,False,
99999903948,35.25,-97.46667,360.3,2005-06-17 18:32:00,110,5,N,46,5,22000,5,9,N,16093,5,N,5,280,C,230,C,99999,9,False,
99999903948,35.25,-97.46667,360.3,2005-06-17 19:52:00,110,5,N,41,5,914,5,M,N,16093,5,N,5,280,C,210,C,99999,9,False,
99999903948,35.25,-97.46667,360.3,2005-06-17 20:52:00,100,5,N,51,5,22000,5,9,N,16093,5,N,5,290,C,200,C,99999,9,False,
99999903948,35.25,-97.46667,360.3,2005-06-17 21:52:00,110,5,N,67,5,22000,5,9,N,16093,5,N,5,290,C,190,C,99999,9,False,
99999903948,35.25,-97.46667,360.3,2005-06-17 22:52:00,110,5,N,67,5,22000,5,9,N,16093,5,N,5,290,C,200,C,99999,9,False,
99999903948,35.25,-97.46667,360.3,2005-06-17 23:52:00,100,5,N,57,5,22000,5,9,N,16093,5,N,5,290,C,200,C,99999,9,False,
99999903948,35.25,-97.46667,360.3,2005-06-18 00:52:00,130,5,N,46,5,22000,5,9,N,16093,5,N,5,270,C,190,C,99999,9,False,
99999903948,35.25,-97.46667,360.3,2005-06-18 01:52:00,110,5,N,46,5,22000,5,9,N,16093,5,N,5,250,C,190,C,99999,9,False,
99999903948,35.25,-97.46667,360.3,2005-06-18 02:52:00,110,5,N,36,5,22000,5,9,N,16093,5,N,5,230,C,190,C,99999,9,False,
99999903948,35.25,-97.46667,360.3,2005-06-18 03:51:00,110,5,N,36,5,22000,5,9,N,16093,5,N,5,220,C,180,C,99999,9,False,
99999903948,35.25,-97.46667,360.3,2005-06-18 04:53:00,100,5,N,41,5,22000,5,9,N,16093,5,N,5,220,C,180,C,99999,9,False,
99999903948,35.25,-97.46667,360.3,2005-06-18 05:52:00,100,5,N,57,5,2743,5,M,N,16093,5,N,5,220,C,190,C,99999,9,False,
99999903948,35.25,-97.46667,360.3,2005-06-18 05:59:00,999,9,9,9999,9,99999,9,9,9,999999,9,9,9,9999,9,9999,9,99999,9,False,
99999903948,35.25,-97.46667,360.3,2005-06-18 06:52:00,130,5,N,36,5,3048,5,M,N,16093,5,N,5,210,C,180,C,99999,9,False,
99999903948,35.25,-97.46667,360.3,2005-06-18 07:52:00,140,5,N,26,5,22000,5,9,N,16093,5,N,5,210,C,180,C,99999,9,False,
99999903948,35.25,-97.46667,360.3,2005-06-18 08:51:00,140,5,N,26,5,22000,5,9,N,16093,5,N,5,210,C,180,C,99999,9,False,
99999903948,35.25,-97.46667,360.3,2005-06-18 09:51:00,130,5,N,26,5,99999,9,9,N,16093,5,N,5,200,C,180,C,99999,9,False,
99999903948,35.25,-97.46667,360.3,2005-06-18 10:52:00,140,5,N,31,5,3048,5,M,N,16093,5,N,5,190,C,180,C,99999,9,False,
99999903948,35.25,-97.46667,360.3,2005-06-18 11:52:00,130,5,N,36,5,22000,5,9,N,16093,5,N,5,200,C,180,C,99999,9,False,
99999903948,35.25,-97.46667,360.3,2005-06-18 12:52:00,130,5,N,36,5,22000,5,9,N,16093,5,N,5,210,C,180,C,99999,9,False,
99999903948,35.25,-97.46667,360.3,2005-06-18 13:52:00,130,5,N,41,5,22000,5,9,N,16093,5,N,5,220,C,180,C,99999,9,False,
99999903948,35.25,-97.46667,360.3,2005-06-18 14:52:00,130,5,N,51,5,22000,5,9,N,16093,5,N,5,240,C,180,C,99999,9,False,
99999903948,35.25,-97.46667,360.3,2005-06-18 15:52:00,130,5,N,67,5,22000,5,9,N,16093,5,N,5,260,C,180,C,99999,9,False,
99999903948,35.25,-97.46667,360.3,2005-06-18 16:52:00,130,5,N,67,5,22000,5,9,N,16093,5,N,5,280,C,180,C,99999,9,False,
99999903948,35.25,-97.46667,360.3,2005-06-18 17:52:00,120,5,N,57,5,22000,5,9,N,16093,5,N,5,290,C,190,C,99999,9,False,
99999903948,35.25,-97.46667,360.3,2005-06-18 18:52:00,130,5,N,77,5,22000,5,9,N,16093,5,N,5,290,C,190,C,99999,9,False,
99999903948,35.25,-97.46667,360.3,2005-06-18 19:52:00,130,5,N,51,5,22000,5,9,N,16093,5,N,5,300,C,190,C,99999,9,False,
99999903948,35.25,-97.46667,360.3,2005-06-18 20:52:00,130,5,N,51,5,22000,5,9,N,16093,5,N,5,310,C,190,C,99999,9,False,
99999903948,35.25,-97.46667,360.3,2005-06-18 21:52:00,140,5,N,57,5,22000,5,9,N,16093,5,N,5,310,C,190,C,99999,9,False,
99999903948,35.25,-97.46667,360.3,2005-06-18 22:53:00,150,5,N,62,5,22000,5,9,N,16093,5,N,5,310,C,190,C,99999,9,False,
99999903948,35.25,-97.46667,360.3,2005-06-18 23:51:00,120,5,N,67,5,22000,5,9,N,16093,5,N,5,300,C,190,C,99999,9,False,
99999903948,35.25,-97.46667,360.3,2005-06-19 00:53:00,120,5,N,51,5,22000,5,9,N,16093,5,N,5,280,C,180,C,99999,9,False,
99999903948,35.25,-97.46667,360.3,2005-06-19 01:52:00,120,5,N,41,5,22000,5,9,N,16093,5,N,5,270,C,180,C,99999,9,False,
99999903948,35.25,-97.46667,360.3,2005-06-19 02:51:00,130,5,N,36,5,22000,5,9,N,16093,5,N,5,260,C,180,C,99999,9,False,
99999903948,35.25,-97.46667,360.3,2005-06-19 03:52:00,140,5,N,36,5,22000,5,9,N,16093,5,N,5,250,C,180,C,99999,9,False,
99999903948,35.25,-97.46667,360.3,2005-06-19 04:51:00,140,5,N,41,5,22000,5,9,N,16093,5,N,5,240,C,180,C,99999,9,False,
99999903948,35.25,-97.46667,360.3,2005-06-19 05:53:00,140,5,N,41,5,22000,5,9,N,16093,5,N,5,240,C,180,C,99999,9,False,
99999903948,35.25,-97.46667,360.3,2005-06-19 06:52:00,160,5,N,36,5,22000,5,9,N,16093,5,N,5,230,C,170,C,99999,9,False,
99999903948,35.25,-97.46667,360.3,2005-06-19 07:52:00,150,5,N,41,5,22000,5,9,N,16093,5,N,5,230,C,170,C,99999,9,False,
99999903948,35.25,-97.46667,360.3,2005-06-19 08:52:00,150,5,N,41,5,22000,5,9,N,16093,5,N,5,230,C,170,C,99999,9,False,
99999903948,35.25,-97.46667,360.3,2005-06-19 09:52:00,140,5,N,36,5,22000,5,9,N,16093,5,N,5,220,C,170,C,99999,9,False,
99999903948,35.25,-97.46667,360.3,2005-06-19 10:52:00,150,5,N,36,5,22000,5,9,N,16093,5,N,5,220,C,160,C,99999,9,False,
99999903948,35.25,-97.46667,360.3,2005-06-19 11:52:00,140,5,N,41,5,22000,5,9,N,16093,5,N,5,220,C,160,C,99999,9,False,
99999903948,35.25,-97.46667,360.3,2005-06-19 12:52:00,150,5,N,41,5,22000,5,9,N,16093,5,N,5,230,C,160,C,99999,9,False,
99999903948,35.25,-97.46667,360.3,2005-06-19 13:52:00,160,5,N,72,5,22000,5,9,N,16093,5,N,5,250,C,170,C,99999,9,False,
99999903948,35.25,-97.46667,360.3,2005-06-19 14:52:00,170,5,N,77,5,22000,5,9,N,16093,5,N,5,260,C,170,C,99999,9,False,
99999903948,35.25,-97.46667,360.3,2005-06-19 15:52:00,160,5,N,67,5,22000,5,9,N,16093,5,N,5,270,C,180,C,99999,9,False,
99999903948,35.25,-97.46667,360.3,2005-06-19 16:52:00,150,5,N,67,5,22000,5,9,N,16093,5,N,5,290,C,190,C,99999,9,False,
99999903948,35.25,-97.46667,360.3,2005-06-19 17:52:00,180,5,N,62,5,99999,9,9,N,16093,5,N,5,290,C,190,C,99999,9,False,
99999903948,35.25,-97.46667,360.3,2005-06-19 18:52:00,170,5,N,62,5,22000,5,9,N,16093,5,N,5,300,C,190,C,99999,9,False,
99999903948,35.25,-97.46667,360.3,2005-06-19 19:52:00,150,5,N,46,5,22000,5,9,N,16093,5,N,5,310,C,190,C,99999,9,False,
99999903948,35.25,-97.46667,360.3,2005-06-19 20:52:00,130,5,N,41,5,22000,5,9,N,16093,5,N,5,310,C,190,C,99999,9,False,
99999903948,35.25,-97.46667,360.3,2005-06-19 21:52:00,140,5,N,46,5,22000,5,9,N,16093,5,N,5,320,C,180,C,99999,9,False,
99999903948,35.25,-97.46667,360.3,2005-06-19 22:52:00,120,5,N,57,5,22000,5,9,N,16093,5,N,5,320,C,190,C,99999,9,False,
99999903948,35.25,-97.46667,360.3,2005-06-19 23:52:00,130,5,N,46,5,22000,5,9,N,16093,5,N,5,310,C,190,C,99999,9,False,
99999903948,35.25,-97.46667,360.3,2005-06-20 00:52:00,130,5,N,41,5,22000,5,9,N,16093,5,N,5,290,C,180,C,99999,9,False,
99999903948,35.25,-97.46667,360.3,2005-06-20 01:52:00,120,5,N,31,5,22000,5,9,N,16093,5,N,5,270,C,180,C,99999,9,False,
99999903948,35.25,-97.46667,360.3,2005-06-20 02:52:00,130,5,N,36,5,22000,5,9,N,16093,5,N,5,260,C,180,C,99999,9,False,
99999903948,35.25,-97.46667,360.3,2005-06-20 03:52:00,130,5,N,31,5,22000,5,9,N,16093,5,N,5,250,C,180,C,99999,9,False,
99999903948,35.25,-97.46667,360.3,2005-06-20 04:52:00,150,5,N,26,5,22000,5,9,N,16093,5,N,5,250,C,170,C,99999,9,False,
99999903948,35.25,-97.46667,360.3,2005-06-20 05:52:00,150,5,N,21,5,22000,5,9,N,16093,5,N,5,240,C,170,C,99999,9,False,
99999903948,35.25,-97.46667,360.3,2005-06-20 06:52:00,100,5,N,15,5,22000,5,9,N,16093,5,N,5,230,C,170,C,99999,9,False,
99999903948,35.25,-97.46667,360.3,2005-06-20 07:52:00,999,9,C,0,5,22000,5,9,N,16093,5,N,5,220,C,170,C,99999,9,False,
99999903948,35.25,-97.46667,360.3,2005-06-20 08:52:00,120,5,N,15,5,22000,5,9,N,16093,5,N,5,210,C,170,C,99999,9,False,
99999903948,35.25,-97.46667,360.3,2005-06-20 09:52:00,999,9,C,0,5,22000,5,9,N,16093,5,N,5,200,C,170,C,99999,9,False,
99999903948,35.25,-97.46667,360.3,2005-06-20 10:52:00,120,5,N,15,5,22000,5,9,N,16093,5,N,5,200,C,170,C,99999,9,False,
99999903948,35.25,-97.46667,360.3,2005-06-20 11:52:00,120,5,N,21,5,22000,5,9,N,16093,5,N,5,210,C,170,C,99999,9,False,
99999903948,35.25,-97.46667,360.3,2005-06-20 12:52:00,130,5,N,26,5,22000,5,9,N,16093,5,N,5,230,C,170,C,99999,9,False,
99999903948,35.25,-97.46667,360.3,2005-06-20 13:52:00,180,5,N,41,5,22000,5,9,N,16093,5,N,5,260,C,170,C,99999,9,False,
99999903948,35.25,-97.46667,360.3,2005-06-20 14:52:00,180,5,N,46,5,22000,5,9,N,16093,5,N,5,260,C,170,C,99999,9,False,
99999903948,35.25,-97.46667,360.3,2005-06-20 15:52:00,190,5,N,46,5,22000,5,9,N,16093,5,N,5,280,C,170,C,99999,9,False,
99999903948,35.25,-97.46667,360.3,2005-06-20 16:52:00,140,5,N,31,5,22000,5,9,N,16093,5,N,5,290,C,180,C,99999,9,False,
99999903948,35.25,-97.46667,360.3,2005-06-20 17:52:00,160,5,N,26,5,22000,5,9,N,16093,5,N,5,310,C,180,C,99999,9,False,
99999903948,35.25,-97.46667,360.3,2005-06-20 18:52:00,999,9,C,0,5,22000,5,9,N,16093,5,N,5,320,C,180,C,99999,9,False,
99999903948,35.25,-97.46667,360.3,2005-06-20 19:53:00,160,5,N,31,5,22000,5,9,N,16093,5,N,5,320,C,180,C,99999,9,False,
99999903948,35.25,-97.46667,360.3,2005-06-20 20:52:00,100,5,N,21,5,22000,5,9,N,16093,5,N,5,330,C,180,C,99999,9,False,
99999903948,35.25,-97.46667,360.3,2005-06-20 21:52:00,70,5,N,31,5,22000,5,9,N,16093,5,N,5,330,C,170,C,99999,9,False,
99999903948,35.25,-97.46667,360.3,2005-06-20 22:52:00,110,5,N,41,5,22000,5,9,N,16093,5,N,5,320,C,170,C,99999,9,False,
99999903948,35.25,-97.46667,360.3,2005-06-20 23:52:00,130,5,N,26,5,22000,5,9,N,16093,5,N,5,320,C,160,C,99999,9,False,
99999903948,35.25,-97.46667,360.3,2005-06-21 00:52:00,110,5,N,36,5,22000,5,9,N,16093,5,N,5,300,C,160,C,99999,9,False,
99999903948,35.25,-97.46667,360.3,2005-06-21 01:52:00,120,5,N,31,5,22000,5,9,N,16093,5,N,5,270,C,170,C,99999,9,False,
99999903948,35.25,-97.46667,360.3,2005-06-21 02:52:00,130,5,N,26,5,22000,5,9,N,16093,5,N,5,260,C,170,C,99999,9,False,
99999903948,35.25,-97.46667,360.3,2005-06-21 03:52:00,130,5,N,21,5,22000,5,9,N,16093,5,N,5,240,C,170,C,99999,9,False,
99999903948,35.25,-97.46667,360.3,2005-06-21 04:52:00,120,5,N,21,5,22000,5,9,N,16093,5,N,5,240,C,160,C,99999,9,False,
99999903948,35.25,-97.46667,360.3,2005-06-21 05:52:00,130,5,N,26,5,22000,5,9,N,16093,5,N,5,230,C,170,C,99999,9,False,
99999903948,35.25,-97.46667,360.3,2005-06-21 06:52:00,120,5,N,26,5,22000,5,9,N,16093,5,N,5,220,C,170,C,99999,9,False,
99999903948,35.25,-97.46667,360.3,2005-06-21 07:52:00,130,5,N,15,5,22000,5,9,N,16093,5,N,5,210,C,160,C,99999,9,False,
99999903948,35.25,-97.46667,360.3,2005-06-21 08:52:00,999,9,C,0,5,22000,5,9,N,16093,5,N,5,200,C,160,C,99999,9,False,
99999903948,35.25,-97.46667,360.3,2005-06-21 09:52:00,999,9,C,0,5,22000,5,9,N,16093,5,N,5,180,C,140,C,99999,9,False,
99999903948,35.25,-97.46667,360.3,2005-06-21 10:52:00,220,5,N,21,5,22000,5,9,N,16093,5,N,5,170,C,150,C,99999,9,False,
99999903948,35.25,-97.46667,360.3,2005-06-21 11:52:00,999,9,9,9999,9,22000,5,9,N,11265,5,N,5,180,C,150,C,99999,9,False,
99999903948,35.25,-97.46667,360.3,2005-06-21 12:53:00,340,5,N,15,5,22000,5,9,N,16093,5,N,5,230,C,190,C,99999,9,False,
99999903948,35.25,-97.46667,360.3,2005-06-21 13:52:00,999,9,C,0,5,22000,5,9,N,11265,5,N,5,270,C,190,C,99999,9,False,
99999903948,35.25,-97.46667,360.3,2005-06-21 14:52:00,999,9,C,0,5,22000,5,9,N,16093,5,N,5,290,C,180,C,99999,9,False,
99999903948,35.25,-97.46667,360.3,2005-06-21 15:52:00,999,9,C,0,5,22000,5,9,N,16093,5,N,5,310,C,170,C,99999,9,False,
99999903948,35.25,-97.46667,360.3,2005-06-21 16:52:00,999,9,C,0,5,22000,5,9,N,16093,5,N,5,310,C,170,C,99999,9,False,
99999903948,35.25,-97.46667,360.3,2005-06-21 17:52:00,999,9,C,0,5,22000,5,9,N,16093,5,N,5,320,C,160,C,99999,9,False,
99999903948,35.25,-97.46667,360.3,2005-06-21 18:56:00,70,5,N,26,5,22000,5,9,N,16093,5,N,5,320,C,160,C,99999,9,False,
99999903948,35.25,-97.46667,360.3,2005-06-21 19:52:00,999,9,C,0,5,22000,5,9,N,16093,5,N,5,320,C,140,C,99999,9,False,
99999903948,35.25,-97.46667,360.3,2005-06-21 20:52:00,999,9,C,0,5,22000,5,9,N,16093,5,N,5,330,C,150,C,99999,9,False,
99999903948,35.25,-97.46667,360.3,2005-06-21 21:52:00,100,5,N,21,5,22000,5,9,N,16093,5,N,5,330,C,160,C,99999,9,False,
99999903948,35.25,-97.46667,360.3,2005-06-21 22:52:00,90,5,N,36,5,22000,5,9,N,16093,5,N,5,320,C,160,C,99999,9,False,
99999903948,35.25,-97.46667,360.3,2005-06-21 23:52:00,90,5,N,31,5,22000,5,9,N,16093,5,N,5,310,C,140,C,99999,9,False,
99999903948,35.25,-97.46667,360.3,2005-06-22 00:52:00,100,5,N,31,5,22000,5,9,N,16093,5,N,5,290,C,170,C,99999,9,False,
99999903948,35.25,-97.46667,360.3,2005-06-22 01:52:00,130,5,N,31,5,22000,5,9,N,16093,5,N,5,270,C,180,C,99999,9,False,
99999903948,35.25,-97.46667,360.3,2005-06-22 02:52:00,130,5,N,26,5,22000,5,9,N,16093,5,N,5,260,C,180,C,99999,9,False,
99999903948,35.25,-97.46667,360.3,2005-06-22 03:52:00,130,5,N,21,5,22000,5,9,N,16093,5,N,5,250,C,180,C,99999,9,False,
99999903948,35.25,-97.46667,360.3,2005-06-22 04:52:00,170,5,N,21,5,22000,5,9,N,16093,5,N,5,240,C,170,C,99999,9,False,
99999903948,35.25,-97.46667,360.3,2005-06-22 05:52:00,999,9,C,0,5,22000,5,9,N,16093,5,N,5,230,C,170,C,99999,9,False,
99999903948,35.25,-97.46667,360.3,2005-06-22 06:52:00,170,5,N,21,5,22000,5,9,N,16093,5,N,5,220,C,170,C,99999,9,False,
99999903948,35.25,-97.46667,360.3,2005-06-22 07:52:00,180,5,N,15,5,22000,5,9,N,16093,5,N,5,210,C,170,C,99999,9,False,
99999903948,35.25,-97.46667,360.3,2005-06-22 08:52:00,999,9,C,0,5,22000,5,9,N,16093,5,N,5,210,C,170,C,99999,9,False,
99999903948,35.25,-97.46667,360.3,2005-06-22 09:52:00,999,9,C,0,5,22000,5,9,N,16093,5,N,5,190,C,150,C,99999,9,False,
99999903948,35.25,-97.46667,360.3,2005-06-22 10:52:00,999,9,C,0,5,22000,5,9,N,16093,5,N,5,190,C,170,C,99999,9,False,
99999903948,35.25,-97.46667,360.3,2005-06-22 11:52:00,999,9,C,0,5,22000,5,9,N,8047,5,N,5,190,C,160,C,99999,9,False,
99999903948,35.25,-97.46667,360.3,2005-06-22 12:52:00,999,9,C,0,5,22000,5,9,N,8047,5,N,5,230,C,190,C,99999,9,False,
99999903948,35.25,-97.46667,360.3,2005-06-22 13:52:00,170,5,N,15,5,22000,5,9,N,11265,5,N,5,270,C,180,C,99999,9,False,
99999903948,35.25,-97.46667,360.3,2005-06-22 14:53:00,180,5,N,21,5,22000,5,9,N,16093,5,N,5,280,C,180,C,99999,9,False,
99999903948,35.25,-97.46667,360.3,2005-06-22 15:52:00,220,5,N,21,5,22000,5,9,N,16093,5,N,5,310,C,190,C,99999,9,False,
99999903948,35.25,-97.46667,360.3,2005-06-22 16:52:00,210,5,N,26,5,22000,5,9,N,16093,5,N,5,320,C,180,C,99999,9,False,
99999903948,35.25,-97.46667,360.3,2005-06-22 17:52:00,170,5,N,31,5,22000,5,9,N,11265,5,N,5,330,C,170,C,99999,9,False,
99999903948,35.25,-97.46667,360.3,2005-06-22 18:52:00,150,5,N,36,5,22000,5,9,N,16093,5,N,5,330,C,160,C,99999,9,False,
99999903948,35.25,-97.46667,360.3,2005-06-22 19:52:00,230,5,N,36,5,22000,5,9,N,16093,5,N,5,330,C,160,C,99999,9,False,
99999903948,35.25,-97.46667,360.3,2005-06-22 20:52:00,200,5,N,21,5,22000,5,9,N,16093,5,N,5,340,C,160,C,99999,9,False,
99999903948,35.25,-97.46667,360.3,2005-06-22 21:52:00,150,5,N,41,5,22000,5,9,N,16093,5,N,5,340,C,170,C,99999,9,False,
99999903948,35.25,-97.46667,360.3,2005-06-22 22:52:00,190,5,N,36,5,22000,5,9,N,16093,5,N,5,330,C,160,C,99999,9,False,
99999903948,35.25,-97.46667,360.3,2005-06-22 23:52:00,170,5,N,51,5,22000,5,9,N,16093,5,N,5,320,C,160,C,99999,9,False,
99999903948,35.25,-97.46667,360.3,2005-06-23 00:52:00,180,5,N,31,5,22000,5,9,N,16093,5,N,5,310,C,160,C,99999,9,False,
99999903948,35.25,-97.46667,360.3,2005-06-23 01:52:00,160,5,N,41,5,22000,5,9,N,16093,5,N,5,290,C,160,C,99999,9,False,
99999903948,35.25,-97.46667,360.3,2005-06-23 02:52:00,150,5,N,41,5,22000,5,9,N,16093,5,N,5,280,C,170,C,99999,9,False,
99999903948,35.25,-97.46667,360.3,2005-06-23 03:52:00,150,5,N,36,5,22000,5,9,N,16093,5,N,5,270,C,160,C,99999,9,False,
99999903948,35.25,-97.46667,360.3,2005-06-23 04:52:00,150,5,N,31,5,22000,5,9,N,16093,5,N,5,260,C,160,C,99999,9,False,
99999903948,35.25,-97.46667,360.3,2005-06-23 05:52:00,150,5,N,31,5,22000,5,9,N,16093,5,N,5,250,C,170,C,99999,9,False,
99999903948,35.25,-97.46667,360.3,2005-06-23 05:59:00,999,9,9,9999,9,99999,9,9,9,999999,9,9,9,9999,9,9999,9,99999,9,False,
99999903948,35.25,-97.46667,360.3,2005-06-23 06:52:00,150,5,N,21,5,22000,5,9,N,16093,5,N,5,240,C,170,C,99999,9,False,
99999903948,35.25,-97.46667,360.3,2005-06-23 07:52:00,160,5,N,36,5,22000,5,9,N,16093,5,N,5,240,C,170,C,99999,9,False,
99999903948,35.25,-97.46667,360.3,2005-06-23 08:52:00,160,5,N,36,5,22000,5,9,N,11265,5,N,5,230,C,170,C,99999,9,False,
99999903948,35.25,-97.46667,360.3,2005-06-23 09:52:00,170,5,N,31,5,22000,5,9,N,11265,5,N,5,230,C,170,C,99999,9,False,
99999903948,35.25,-97.46667,360.3,2005-06-23 10:52:00,180,5,N,36,5,22000,5,9,N,11265,5,N,5,220,C,170,C,99999,9,False,
99999903948,35.25,-97.46667,360.3,2005-06-23 11:52:00,170,5,N,36,5,22000,5,9,N,8047,5,N,5,220,C,170,C,99999,9,False,
99999903948,35.25,-97.46667,360.3,2005-06-23 12:53:00,180,5,N,31,5,22000,5,9,N,8047,5,N,5,240,C,180,C,99999,9,False,
99999903948,35.25,-97.46667,360.3,2005-06-23 13:52:00,180,5,N,41,5,22000,5,9,N,8047,5,N,5,260,C,190,C,99999,9,False,
99999903948,35.25,-97.46667,360.3,2005-06-23 14:52:00,180,5,N,46,5,22000,5,9,N,11265,5,N,5,290,C,180,C,99999,9,False,
99999903948,35.25,-97.46667,360.3,2005-06-23 15:52:00,200,5,N,46,5,22000,5,9,N,16093,5,N,5,310,C,180,C,99999,9,False,
99999903948,35.25,-97.46667,360.3,2005-06-23 16:52:00,210,5,N,51,5,22000,5,9,N,16093,5,N,5,320,C,180,C,99999,9,False,
99999903948,35.25,-97.46667,360.3,2005-06-23 17:53:00,200,5,N,46,5,22000,5,9,N,16093,5,N,5,330,C,170,C,99999,9,False,
99999903948,35.25,-97.46667,360.3,2005-06-23 18:52:00,220,5,N,62,5,22000,5,9,N,16093,5,N,5,340,C,170,C,99999,9,False,
99999903948,35.25,-97.46667,360.3,2005-06-23 19:52:00,210,5,N,46,5,22000,5,9,N,16093,5,N,5,340,C,160,C,99999,9,False,
99999903948,35.25,-97.46667,360.3,2005-06-23 20:52:00,200,5,N,51,5,22000,5,9,N,11265,5,N,5,340,C,160,C,99999,9,False,
99999903948,35.25,-97.46667,360.3,2005-06-23 21:52:00,190,5,N,62,5,22000,5,9,N,16093,5,N,5,340,C,160,C,99999,9,False,
99999903948,35.25,-97.46667,360.3,2005-06-23 22:52:00,170,5,N,62,5,22000,5,9,N,16093,5,N,5,340,C,160,C,99999,9,False,
99999903948,35.25,-97.46667,360.3,2005-06-23 23:53:00,180,5,N,46,5,22000,5,9,N,16093,5,N,5,330,C,160,C,99999,9,False,
99999903948,35.25,-97.46667,360.3,2005-06-24 00:52:00,170,5,N,41,5,22000,5,9,N,16093,5,N,5,320,C,160,C,99999,9,False,
99999903948,35.25,-97.46667,360.3,2005-06-24 01:52:00,160,5,N,41,5,22000,5,9,N,16093,5,N,5,300,C,170,C,99999,9,False,
99999903948,35.25,-97.46667,360.3,2005-06-24 02:52:00,150,5,N,41,5,22000,5,9,N,16093,5,N,5,290,C,170,C,99999,9,False,
99999903948,35.25,-97.46667,360.3,2005-06-24 03:52:00,160,5,N,46,5,22000,5,9,N,16093,5,N,5,280,C,170,C,99999,9,False,
99999903948,35.25,-97.46667,360.3,2005-06-24 04:52:00,160,5,N,46,5,22000,5,9,N,16093,5,N,5,270,C,170,C,99999,9,False,
99999903948,35.25,-97.46667,360.3,2005-06-24 05:52:00,160,5,N,51,5,22000,5,9,N,16093,5,N,5,260,C,170,C,99999,9,False,
99999903948,35.25,-97.46667,360.3,2005-06-24 05:59:00,999,9,9,9999,9,99999,9,9,9,999999,9,9,9,9999,9,9999,9,99999,9,False,
99999903948,35.25,-97.46667,360.3,2005-06-24 06:52:00,170,5,N,51,5,22000,5,9,N,11265,5,N,5,260,C,180,C,99999,9,False,
99999903948,35.25,-97.46667,360.3,2005-06-24 07:52:00,170,5,N,46,5,22000,5,9,N,11265,5,N,5,250,C,180,C,99999,9,False,
99999903948,35.25,-97.46667,360.3,2005-06-24 08:52:00,170,5,N,41,5,22000,5,9,N,11265,5,N,5,240,C,180,C,99999,9,False,
99999903948,35.25,-97.46667,360.3,2005-06-24 09:52:00,170,5,N,31,5,22000,5,9,N,11265,5,N,5,230,C,180,C,99999,9,False,
99999903948,35.25,-97.46667,360.3,2005-06-24 10:52:00,180,5,N,31,5,22000,5,9,N,11265,5,N,5,220,C,180,C,99999,9,False,
99999903948,35.25,-97.46667,360.3,2005-06-24 11:52:00,180,5,N,31,5,22000,5,9,N,8047,5,N,5,230,C,180,C,99999,9,False,
99999903948,35.25,-97.46667,360.3,2005-06-24 12:56:00,180,5,N,41,5,22000,5,9,N,8047,5,N,5,250,C,180,C,99999,9,False,
99999903948,35.25,-97.46667,360.3,2005-06-24 13:52:00,190,5,N,57,5,22000,5,9,N,11265,5,N,5,270,C,180,C,99999,9,False,
99999903948,35.25,-97.46667,360.3,2005-06-24 14:52:00,200,5,N,57,5,22000,5,9,N,16093,5,N,5,290,C,180,C,99999,9,False,
99999903948,35.25,-97.46667,360.3,2005-06-24 15:52:00,200,5,N,51,5,22000,5,9,N,16093,5,N,5,320,C,180,C,99999,9,False,
99999903948,35.25,-97.46667,360.3,2005-06-24 16:52:00,240,5,N,57,5,22000,5,9,N,16093,5,N,5,330,C,170,C,99999,9,False,
99999903948,35.25,-97.46667,360.3,2005-06-24 17:52:00,220,5,N,51,5,22000,5,9,N,16093,5,N,5,330,C,160,C,99999,9,False,
99999903948,35.25,-97.46667,360.3,2005-06-24 18:52:00,190,5,N,51,5,22000,5,9,N,16093,5,N,5,340,C,160,C,99999,9,False,
99999903948,35.25,-97.46667,360.3,2005-06-24 19:52:00,170,5,N,46,5,22000,5,9,N,16093,5,N,5,340,C,160,C,99999,9,False,
99999903948,35.25,-97.46667,360.3,2005-06-24 20:52:00,170,5,N,62,5,22000,5,9,N,16093,5,N,5,340,C,160,C,99999,9,False,
99999903948,35.25,-97.46667,360.3,2005-06-24 21:52:00,210,5,N,46,5,22000,5,9,N,16093,5,N,5,350,C,150,C,99999,9,False,
99999903948,35.25,-97.46667,360.3,2005-06-24 22:52:00,190,5,N,51,5,22000,5,9,N,16093,5,N,5,340,C,160,C,99999,9,False,
99999903948,35.25,-97.46667,360.3,2005-06-24 23:52:00,180,5,N,46,5,22000,5,9,N,16093,5,N,5,330,C,170,C,99999,9,False,
99999903948,35.25,-97.46667,360.3,2005-06-25 00:52:00,170,5,N,36,5,22000,5,9,N,16093,5,N,5,320,C,170,C,99999,9,False,
99999903948,35.25,-97.46667,360.3,2005-06-25 01:52:00,150,5,N,31,5,22000,5,9,N,16093,5,N,5,310,C,180,C,99999,9,False,
99999903948,35.25,-97.46667,360.3,2005-06-25 02:52:00,140,5,N,26,5,22000,5,9,N,16093,5,N,5,290,C,190,C,99999,9,False,
99999903948,35.25,-97.46667,360.3,2005-06-25 03:52:00,160,5,N,41,5,22000,5,9,N,16093,5,N,5,280,C,190,C,99999,9,False,
99999903948,35.25,-97.46667,360.3,2005-06-25 04:52:00,140,5,N,31,5,22000,5,9,N,16093,5,N,5,280,C,180,C,99999,9,False,
99999903948,35.25,-97.46667,360.3,2005-06-25 05:52:00,150,5,N,51,5,22000,5,9,N,16093,5,N,5,270,C,180,C,99999,9,False,
99999903948,35.25,-97.46667,360.3,2005-06-25 05:59:00,999,9,9,9999,9,99999,9,9,9,999999,9,9,9,9999,9,9999,9,99999,9,False,
99999903948,35.25,-97.46667,360.3,2005-06-25 06:52:00,160,5,N,41,5,22000,5,9,N,16093,5,N,5,270,C,180,C,99999,9,False,
99999903948,35.25,-97.46667,360.3,2005-06-25 07:52:00,160,5,N,31,5,22000,5,9,N,11265,5,N,5,260,C,180,C,99999,9,False,
99999903948,35.25,-97.46667,360.3,2005-06-25 08:52:00,190,5,N,15,5,22000,5,9,N,11265,5,N,5,240,C,180,C,99999,9,False,
99999903948,35.25,-97.46667,360.3,2005-06-25 09:52:00,170,5,N,15,5,22000,5,9,N,999999,9,N,5,230,C,180,C,99999,9,False,
99999903948,35.25,-97.46667,360.3,2005-06-25 10:52:00,999,9,C,0,5,22000,5,9,N,11265,5,N,5,220,C,180,C,99999,9,False,
99999903948,35.25,-97.46667,360.3,2005-06-25 11:52:00,999,9,C,0,5,22000,5,9,N,8047,5,N,5,230,C,180,C,99999,9,False,
99999903948,35.25,-97.46667,360.3,2005-06-25 12:53:00,180,5,N,26,5,22000,5,9,N,11265,5,N,5,260,C,190,C,99999,9,False,
99999903948,35.25,-97.46667,360.3,2005-06-25 13:53:00,180,5,N,31,5,22000,5,9,N,8047,5,N,5,280,C,190,C,99999,9,False,
99999903948,35.25,-97.46667,360.3,2005-06-25 14:52:00,230,5,N,36,5,22000,5,9,N,11265,5,N,5,290,C,190,C,99999,9,False,
99999903948,35.25,-97.46667,360.3,2005-06-25 15:52:00,250,5,N,36,5,22000,5,9,N,16093,5,N,5,320,C,190,C,99999,9,False,
99999903948,35.25,-97.46667,360.3,2005-06-25 16:52:00,200,5,N,26,5,22000,5,9,N,16093,5,N,5,320,C,190,C,99999,9,False,
99999903948,35.25,-97.46667,360.3,2005-06-25 17:52:00,190,5,N,41,5,22000,5,9,N,16093,5,N,5,330,C,180,C,99999,9,False,
99999903948,35.25,-97.46667,360.3,2005-06-25 18:52:00,180,5,N,46,5,22000,5,9,N,16093,5,N,5,340,C,180,C,99999,9,False,
99999903948,35.25,-97.46667,360.3,2005-06-25 19:52:00,190,5,N,41,5,22000,5,9,N,16093,5,N,5,330,C,180,C,99999,9,False,
99999903948,35.25,-97.46667,360.3,2005-06-25 20:52:00,180,5,N,46,5,22000,5,9,N,16093,5,N,5,340,C,170,C,99999,9,False,
99999903948,35.25,-97.46667,360.3,2005-06-25 21:52:00,160,5,N,67,5,22000,5,9,N,16093,5,N,5,340,C,180,C,99999,9,False,
99999903948,35.25,-97.46667,360.3,2005-06-25 22:52:00,140,5,N,57,5,22000,5,9,N,16093,5,N,5,340,C,170,C,99999,9,False,
99999903948,35.25,-97.46667,360.3,2005-06-25 23:52:00,150,5,N,51,5,22000,5,9,N,16093,5,N,5,330,C,170,C,99999,9,False,
99999903948,35.25,-97.46667,360.3,2005-06-26 00:52:00,150,5,N,36,5,22000,5,9,N,16093,5,N,5,320,C,170,C,99999,9,False,
99999903948,35.25,-97.46667,360.3,2005-06-26 01:52:00,130,5,N,26,5,22000,5,9,N,16093,5,N,5,290,C,190,C,99999,9,False,
99999903948,35.25,-97.46667,360.3,2005-06-26 02:52:00,140,5,N,31,5,22000,5,9,N,16093,5,N,5,290,C,180,C,99999,9,False,
99999903948,35.25,-97.46667,360.3,2005-06-26 03:52:00,140,5,N,26,5,22000,5,9,N,16093,5,N,5,280,C,180,C,99999,9,False,
99999903948,35.25,-97.46667,360.3,2005-06-26 04:52:00,120,5,N,31,5,22000,5,9,N,16093,5,N,5,260,C,190,C,99999,9,False,
99999903948,35.25,-97.46667,360.3,2005-06-26 05:52:00,140,5,N,31,5,22000,5,9,N,16093,5,N,5,260,C,180,C,99999,9,False,
99999903948,35.25,-97.46667,360.3,2005-06-26 05:59:00,999,9,9,9999,9,99999,9,9,9,999999,9,9,9,9999,9,9999,9,99999,9,False,
99999903948,35.25,-97.46667,360.3,2005-06-26 06:53:00,140,5,N,31,5,22000,5,9,N,16093,5,N,5,260,C,180,C,99999,9,False,
99999903948,35.25,-97.46667,360.3,2005-06-26 07:52:00,160,5,N,41,5,22000,5,9,N,16093,5,N,5,260,C,170,C,99999,9,False,
99999903948,35.25,-97.46667,360.3,2005-06-26 08:52:00,170,5,N,36,5,22000,5,9,N,11265,5,N,5,260,C,180,C,99999,9,False,
99999903948,35.25,-97.46667,360.3,2005-06-26 09:52:00,180,5,N,26,5,22000,5,9,N,11265,5,N,5,240,C,180,C,99999,9,False,
99999903948,35.25,-97.46667,360.3,2005-06-26 10:52:00,170,5,N,26,5,22000,5,9,N,11265,5,N,5,240,C,180,C,99999,9,False,
99999903948,35.25,-97.46667,360.3,2005-06-26 11:52:00,170,5,N,21,5,22000,5,9,N,8047,5,N,5,230,C,180,C,99999,9,False,
99999903948,35.25,-97.46667,360.3,2005-06-26 12:52:00,180,5,N,31,5,22000,5,9,N,8047,5,N,5,250,C,190,C,99999,9,False,
99999903948,35.25,-97.46667,360.3,2005-06-26 13:52:00,180,5,N,26,5,22000,5,9,N,11265,5,N,5,280,C,190,C,99999,9,False,
99999903948,35.25,-97.46667,360.3,2005-06-26 14:52:00,210,5,N,41,5,22000,5,9,N,11265,5,N,5,290,C,190,C,99999,9,False,
99999903948,35.25,-97.46667,360.3,2005-06-26 15:52:00,240,5,N,36,5,22000,5,9,N,11265,5,N,5,320,C,190,C,99999,9,False,
99999903948,35.25,-97.46667,360.3,2005-06-26 16:52:00,240,5,N,36,5,22000,5,9,N,16093,5,N,5,330,C,190,C,99999,9,False,
99999903948,35.25,-97.46667,360.3,2005-06-26 17:52:00,200,5,N,46,5,22000,5,9,N,16093,5,N,5,340,C,170,C,99999,9,False,
99999903948,35.25,-97.46667,360.3,2005-06-26 18:52:00,190,5,N,62,5,22000,5,9,N,16093,5,N,5,350,C,160,C,99999,9,False,
99999903948,35.25,-97.46667,360.3,2005-06-26 19:52:00,210,5,N,57,5,22000,5,9,N,16093,5,N,5,340,C,160,C,99999,9,False,
99999903948,35.25,-97.46667,360.3,2005-06-26 20:52:00,180,5,N,46,5,22000,5,9,N,16093,5,N,5,350,C,160,C,99999,9,False,
99999903948,35.25,-97.46667,360.3,2005-06-26 21:52:00,190,5,N,41,5,22000,5,9,N,16093,5,N,5,350,C,160,C,99999,9,False,
99999903948,35.25,-97.46667,360.3,2005-06-26 22:52:00,180,5,N,41,5,22000,5,9,N,16093,5,N,5,340,C,160,C,99999,9,False,
99999903948,35.25,-97.46667,360.3,2005-06-26 23:52:00,170,5,N,36,5,22000,5,9,N,16093,5,N,5,340,C,170,C,99999,9,False,
99999903948,35.25,-97.46667,360.3,2005-06-27 00:52:00,130,5,N,36,5,22000,5,9,N,16093,5,N,5,330,C,170,C,99999,9,False,
99999903948,35.25,-97.46667,360.3,2005-06-27 01:52:00,140,5,N,31,5,22000,5,9,N,16093,5,N,5,310,C,180,C,99999,9,False,
99999903948,35.25,-97.46667,360.3,2005-06-27 02:52:00,160,5,N,41,5,22000,5,9,N,16093,5,N,5,290,C,180,C,99999,9,False,
99999903948,35.25,-97.46667,360.3,2005-06-27 03:52:00,150,5,N,36,5,22000,5,9,N,16093,5,N,5,290,C,180,C,99999,9,False,
99999903948,35.25,-97.46667,360.3,2005-06-27 04:52:00,170,5,N,36,5,22000,5,9,N,16093,5,N,5,280,C,170,C,99999,9,False,
99999903948,35.25,-97.46667,360.3,2005-06-27 05:52:00,170,5,N,41,5,22000,5,9,N,16093,5,N,5,270,C,180,C,99999,9,False,
99999903948,35.25,-97.46667,360.3,2005-06-27 05:59:00,999,9,9,9999,9,99999,9,9,9,999999,9,9,9,9999,9,9999,9,99999,9,False,
99999903948,35.25,-97.46667,360.3,2005-06-27 06:52:00,170,5,N,36,5,22000,5,9,N,16093,5,N,5,260,C,180,C,99999,9,False,
99999903948,35.25,-97.46667,360.3,2005-06-27 07:52:00,180,5,N,36,5,22000,5,9,N,16093,5,N,5,250,C,180,C,99999,9,False,
99999903948,35.25,-97.46667,360.3,2005-06-27 08:52:00,180,5,N,31,5,22000,5,9,N,11265,5,N,5,240,C,180,C,99999,9,False,
99999903948,35.25,-97.46667,360.3,2005-06-27 09:52:00,180,5,N,36,5,22000,5,9,N,11265,5,N,5,230,C,180,C,99999,9,False,
99999903948,35.25,-97.46667,360.3,2005-06-27 10:52:00,170,5,N,36,5,22000,5,9,N,11265,5,N,5,230,C,170,C,99999,9,False,
99999903948,35.25,-97.46667,360.3,2005-06-27 11:52:00,180,5,N,21,5,22000,5,9,N,11265,5,N,5,230,C,170,C,99999,9,False,
99999903948,35.25,-97.46667,360.3,2005-06-27 12:52:00,180,5,N,26,5,22000,5,9,N,11265,5,N,5,250,C,180,C,99999,9,False,
99999903948,35.25,-97.46667,360.3,2005-06-27 13:53:00,170,5,N,31,5,22000,5,9,N,11265,5,N,5,270,C,180,C,99999,9,False,
99999903948,35.25,-97.46667,360.3,2005-06-27 14:52:00,200,5,N,51,5,22000,5,9,N,16093,5,N,5,290,C,180,C,99999,9,False,
99999903948,35.25,-97.46667,360.3,2005-06-27 15:52:00,230,5,N,67,5,22000,5,9,N,16093,5,N,5,320,C,180,C,99999,9,False,
99999903948,35.25,-97.46667,360.3,2005-06-27 16:52:00,230,5,N,62,5,22000,5,9,N,16093,5,N,5,330,C,170,C,99999,9,False,
99999903948,35.25,-97.46667,360.3,2005-06-27 17:52:00,200,5,N,51,5,22000,5,9,N,16093,5,N,5,340,C,170,C,99999,9,False,
99999903948,35.25,-97.46667,360.3,2005-06-27 18:52:00,210,5,N,31,5,22000,5,9,N,16093,5,N,5,340,C,170,C,99999,9,False,
99999903948,35.25,-97.46667,360.3,2005-06-27 19:52:00,200,5,N,46,5,22000,5,9,N,16093,5,N,5,360,C,170,C,99999,9,False,
99999903948,35.25,-97.46667,360.3,2005-06-27 20:52:00,200,5,N,41,5,22000,5,9,N,16093,5,N,5,360,C,160,C,99999,9,False,
99999903948,35.25,-97.46667,360.3,2005-06-27 21:52:00,200,5,N,57,5,22000,5,9,N,16093,5,N,5,360,C,160,C,99999,9,False,
99999903948,35.25,-97.46667,360.3,2005-06-27 22:52:00,200,5,N,51,5,22000,5,9,N,16093,5,N,5,350,C,160,C,99999,9,False,
99999903948,35.25,-97.46667,360.3,2005-06-27 23:52:00,190,5,N,57,5,22000,5,9,N,16093,5,N,5,340,C,160,C,99999,9,False,
99999903948,35.25,-97.46667,360.3,2005-06-28 00:52:00,170,5,N,36,5,22000,5,9,N,16093,5,N,5,330,C,160,C,99999,9,False,
99999903948,35.25,-97.46667,360.3,2005-06-28 01:52:00,170,5,N,31,5,22000,5,9,N,16093,5,N,5,310,C,160,C,99999,9,False,
99999903948,35.25,-97.46667,360.3,2005-06-28 02:52:00,160,5,N,41,5,22000,5,9,N,16093,5,N,5,300,C,160,C,99999,9,False,
99999903948,35.25,-97.46667,360.3,2005-06-28 03:52:00,160,5,N,46,5,22000,5,9,N,16093,5,N,5,290,C,170,C,99999,9,False,
99999903948,35.25,-97.46667,360.3,2005-06-28 04:52:00,160,5,N,46,5,22000,5,9,N,16093,5,N,5,280,C,170,C,99999,9,False,
99999903948,35.25,-97.46667,360.3,2005-06-28 05:52:00,170,5,N,41,5,22000,5,9,N,16093,5,N,5,270,C,170,C,99999,9,False,
99999903948,35.25,-97.46667,360.3,2005-06-28 06:52:00,180,5,N,36,5,22000,5,9,N,11265,5,N,5,260,C,170,C,99999,9,False,
99999903948,35.25,-97.46667,360.3,2005-06-28 07:52:00,190,5,N,31,5,22000,5,9,N,11265,5,N,5,250,C,170,C,99999,9,False,
99999903948,35.25,-97.46667,360.3,2005-06-28 08:52:00,190,5,N,31,5,22000,5,9,N,11265,5,N,5,240,C,170,C,99999,9,False,
99999903948,35.25,-97.46667,360.3,2005-06-28 09:52:00,180,5,N,26,5,22000,5,9,N,11265,5,N,5,230,C,170,C,99999,9,False,
99999903948,35.25,-97.46667,360.3,2005-06-28 10:52:00,180,5,N,36,5,22000,5,9,N,11265,5,N,5,230,C,170,C,99999,9,False,
99999903948,35.25,-97.46667,360.3,2005-06-28 11:52:00,180,5,N,31,5,22000,5,9,N,8047,5,N,5,230,C,170,C,99999,9,False,
99999903948,35.25,-97.46667,360.3,2005-06-28 12:56:00,190,5,N,36,5,22000,5,9,N,11265,5,N,5,250,C,180,C,99999,9,False,
99999903948,35.25,-97.46667,360.3,2005-06-28 13:52:00,200,5,N,41,5,22000,5,9,N,11265,5,N,5,280,C,180,C,99999,9,False,
99999903948,35.25,-97.46667,360.3,2005-06-28 14:52:00,210,5,N,46,5,22000,5,9,N,16093,5,N,5,310,C,180,C,99999,9,False,
99999903948,35.25,-97.46667,360.3,2005-06-28 15:52:00,220,5,N,57,5,22000,5,9,N,16093,5,N,5,330,C,180,C,99999,9,False,
99999903948,35.25,-97.46667,360.3,2005-06-28 16:52:00,220,5,N,67,5,22000,5,9,N,16093,5,N,5,340,C,160,C,99999,9,False,
99999903948,35.25,-97.46667,360.3,2005-06-28 17:52:00,200,5,N,62,5,22000,5,9,N,16093,5,N,5,350,C,160,C,99999,9,False,
99999903948,35.25,-97.46667,360.3,2005-06-28 18:52:00,190,5,N,57,5,22000,5,9,N,16093,5,N,5,360,C,170,C,99999,9,False,
99999903948,35.25,-97.46667,360.3,2005-06-28 19:52:00,190,5,N,51,5,22000,5,9,N,16093,5,N,5,360,C,160,C,99999,9,False,
99999903948,35.25,-97.46667,360.3,2005-06-28 20:53:00,180,5,N,82,5,22000,5,9,N,16093,5,N,5,360,C,160,C,99999,9,False,
99999903948,35.25,-97.46667,360.3,2005-06-28 21:52:00,180,5,N,67,5,22000,5,9,N,16093,5,N,5,360,C,160,C,99999,9,False,
99999903948,35.25,-97.46667,360.3,2005-06-28 22:52:00,180,5,N,62,5,22000,5,9,N,16093,5,N,5,360,C,160,C,99999,9,False,
99999903948,35.25,-97.46667,360.3,2005-06-28 23:52:00,180,5,N,62,5,22000,5,9,N,16093,5,N,5,350,C,160,C,99999,9,False,
99999903948,35.25,-97.46667,360.3,2005-06-29 00:52:00,180,5,N,26,5,22000,5,9,N,16093,5,N,5,330,C,160,C,99999,9,False,
99999903948,35.25,-97.46667,360.3,2005-06-29 01:52:00,160,5,N,41,5,22000,5,9,N,16093,5,N,5,320,C,170,C,99999,9,False,
99999903948,35.25,-97.46667,360.3,2005-06-29 02:52:00,170,5,N,36,5,22000,5,9,N,16093,5,N,5,300,C,160,C,99999,9,False,
99999903948,35.25,-97.46667,360.3,2005-06-29 03:52:00,170,5,N,46,5,22000,5,9,N,16093,5,N,5,290,C,170,C,99999,9,False,
99999903948,35.25,-97.46667,360.3,2005-06-29 04:52:00,180,5,N,41,5,22000,5,9,N,16093,5,N,5,270,C,170,C,99999,9,False,
99999903948,35.25,-97.46667,360.3,2005-06-29 05:52:00,170,5,N,41,5,22000,5,9,N,16093,5,N,5,270,C,170,C,99999,9,False,
99999903948,35.25,-97.46667,360.3,2005-06-29 05:59:00,999,9,9,9999,9,99999,9,9,9,999999,9,9,9,9999,9,9999,9,99999,9,False,
99999903948,35.25,-97.46667,360.3,2005-06-29 06:52:00,180,5,N,36,5,22000,5,9,N,16093,5,N,5,260,C,170,C,99999,9,False,
99999903948,35.25,-97.46667,360.3,2005-06-29 07:52:00,190,5,N,26,5,22000,5,9,N,11265,5,N,5,240,C,170,C,99999,9,False,
99999903948,35.25,-97.46667,360.3,2005-06-29 08:52:00,190,5,N,21,5,22000,5,9,N,11265,5,N,5,230,C,170,C,99999,9,False,
99999903948,35.25,-97.46667,360.3,2005-06-29 09:52:00,180,5,N,31,5,22000,5,9,N,11265,5,N,5,220,C,170,C,99999,9,False,
99999903948,35.25,-97.46667,360.3,2005-06-29 10:52:00,180,5,N,26,5,22000,5,9,N,11265,5,N,5,230,C,170,C,99999,9,False,
99999903948,35.25,-97.46667,360.3,2005-06-29 11:52:00,200,5,N,21,5,22000,5,9,N,11265,5,N,5,230,C,170,C,99999,9,False,
99999903948,35.25,-97.46667,360.3,2005-06-29 12:52:00,190,5,N,26,5,22000,5,9,N,11265,5,N,5,250,C,180,C,99999,9,False,
99999903948,35.25,-97.46667,360.3,2005-06-29 13:52:00,200,5,N,46,5,22000,5,9,N,11265,5,N,5,280,C,180,C,99999,9,False,
99999903948,35.25,-97.46667,360.3,2005-06-29 14:52:00,200,5,N,46,5,22000,5,9,N,16093,5,N,5,310,C,180,C,99999,9,False,
99999903948,35.25,-97.46667,360.3,2005-06-29 15:52:00,210,5,N,46,5,22000,5,9,N,16093,5,N,5,330,C,180,C,99999,9,False,
99999903948,35.25,-97.46667,360.3,2005-06-29 16:52:00,220,5,N,62,5,22000,5,9,N,16093,5,N,5,340,C,160,C,99999,9,False,
99999903948,35.25,-97.46667,360.3,2005-06-29 17:53:00,200,5,N,72,5,22000,5,9,N,16093,5,N,5,350,C,160,C,99999,9,False,
99999903948,35.25,-97.46667,360.3,2005-06-29 18:52:00,210,5,N,41,5,22000,5,9,N,16093,5,N,5,350,C,160,C,99999,9,False,
99999903948,35.25,-97.46667,360.3,2005-06-29 19:52:00,210,5,N,88,5,22000,5,9,N,16093,5,N,5,360,C,160,C,99999,9,False,
99999903948,35.25,-97.46667,360.3,2005-06-29 20:52:00,210,5,N,67,5,22000,5,9,N,16093,5,N,5,370,C,160,C,99999,9,False,
99999903948,35.25,-97.46667,360.3,2005-06-29 21:52:00,170,5,N,77,5,22000,5,9,N,16093,5,N,5,370,C,160,C,99999,9,False,
99999903948,35.25,-97.46667,360.3,2005-06-29 22:52:00,190,5,N,72,5,22000,5,9,N,16093,5,N,5,360,C,160,C,99999,9,False,
99999903948,35.25,-97.46667,360.3,2005-06-29 23:52:00,180,5,N,57,5,22000,5,9,N,16093,5,N,5,350,C,170,C,99999,9,False,
99999903948,35.25,-97.46667,360.3,2005-06-30 00:52:00,180,5,N,51,5,22000,5,9,N,16093,5,N,5,340,C,170,C,99999,9,False,
99999903948,35.25,-97.46667,360.3,2005-06-30 01:52:00,160,5,N,41,5,22000,5,9,N,16093,5,N,5,320,C,170,C,99999,9,False,
99999903948,35.25,-97.46667,360.3,2005-06-30 02:52:00,170,5,N,46,5,22000,5,9,N,16093,5,N,5,310,C,160,C,99999,9,False,
99999903948,35.25,-97.46667,360.3,2005-06-30 03:52:00,170,5,N,51,5,22000,5,9,N,16093,5,N,5,300,C,170,C,99999,9,False,
99999903948,35.25,-97.46667,360.3,2005-06-30 04:52:00,170,5,N,41,5,22000,5,9,N,16093,5,N,5,290,C,170,C,99999,9,False,
99999903948,35.25,-97.46667,360.3,2005-06-30 05:52:00,170,5,N,31,5,22000,5,9,N,16093,5,N,5,280,C,170,C,99999,9,False,
99999903948,35.25,-97.46667,360.3,2005-06-30 06:32:00,180,5,N,31,5,22000,5,9,N,16093,5,N,5,270,5,170,5,99999,9,False,
99999903948,35.25,-97.46667,360.3,2005-06-30 06:52:00,180,5,N,31,5,22000,5,9,N,11265,5,N,5,270,C,180,C,99999,9,False,
99999903948,35.25,-97.46667,360.3,2005-06-30 07:52:00,180,5,N,31,5,22000,5,9,N,16093,5,N,5,260,C,180,C,99999,9,False,
99999903948,35.25,-97.46667,360.3,2005-06-30 08:52:00,170,5,N,41,5,22000,5,9,N,16093,5,N,5,250,C,180,C,99999,9,False,
99999903948,35.25,-97.46667,360.3,2005-06-30 09:52:00,180,5,N,41,5,22000,5,9,N,11265,5,N,5,240,C,180,C,99999,9,False,
99999903948,35.25,-97.46667,360.3,2005-06-30 10:52:00,180,5,N,26,5,22000,5,9,N,11265,5,N,5,230,C,180,C,99999,9,False,
99999903948,35.25,-97.46667,360.3,2005-06-30 11:52:00,170,5,N,21,5,22000,5,9,N,11265,5,N,5,230,C,180,C,99999,9,False,
99999903948,35.25,-97.46667,360.3,2005-06-30 12:52:00,190,5,N,36,5,22000,5,9,N,11265,5,N,5,260,C,180,C,99999,9,False,
99999903948,35.25,-97.46667,360.3,2005-06-30 13:52:00,200,5,N,41,5,22000,5,9,N,16093,5,N,5,290,C,190,C,99999,9,False,
99999903948,35.25,-97.46667,360.3,2005-06-30 14:52:00,210,5,N,46,5,22000,5,9,N,16093,5,N,5,310,C,190,C,99999,9,False,
99999903948,35.25,-97.46667,360.3,2005-06-30 15:52:00,230,5,N,41,5,22000,5,9,N,16093,5,N,5,330,C,180,C,99999,9,False,
99999903948,35.25,-97.46667,360.3,2005-06-30 16:53:00,210,5,N,51,5,22000,5,9,N,16093,5,N,5,350,C,180,C,99999,9,False,
99999903948,35.25,-97.46667,360.3,2005-06-30 17:52:00,210,5,N,51,5,22000,5,9,N,16093,5,N,5,360,C,170,C,99999,9,False,
99999903948,35.25,-97.46667,360.3,2005-06-30 18:52:00,180,5,N,62,5,22000,5,9,N,16093,5,N,5,360,C,170,C,99999,9,False,
99999903948,35.25,-97.46667,360.3,2005-06-30 19:52:00,210,5,N,51,5,22000,5,9,N,16093,5,N,5,370,C,170,C,99999,9,False,
99999903948,35.25,-97.46667,360.3,2005-06-30 20:52:00,200,5,N,57,5,22000,5,9,N,16093,5,N,5,370,C,170,C,99999,9,False,
99999903948,35.25,-97.46667,360.3,2005-06-30 21:52:00,190,5,N,62,5,22000,5,9,N,16093,5,N,5,370,C,170,C,99999,9,False,
99999903948,35.25,-97.46667,360.3,2005-06-30 22:52:00,180,5,N,46,5,22000,5,9,N,16093,5,N,5,370,C,160,C,99999,9,False,
99999903948,35.25,-97.46667,360.3,2005-06-30 23:52:00,190,5,N,51,5,22000,5,9,N,16093,5,N,5,360,C,160,C,99999,9,False,
99999903948,35.25,-97.46667,360.3,2005-07-01 00:52:00,180,5,N,51,5,22000,5,9,N,16093,5,N,5,350,C,160,C,99999,9,False,
99999903948,35.25,-97.46667,360.3,2005-07-01 01:52:00,170,5,N,26,5,22000,5,9,N,16093,5,N,5,320,C,170,C,99999,9,False,
99999903948,35.25,-97.46667,360.3,2005-07-01 02:52:00,170,5,N,21,5,22000,5,9,N,16093,5,N,5,310,C,170,C,99999,9,False,
99999903948,35.25,-97.46667,360.3,2005-07-01 03:52:00,160,5,N,26,5,22000,5,9,N,16093,5,N,5,290,C,180,C,99999,9,False,
99999903948,35.25,-97.46667,360.3,2005-07-01 04:52:00,170,5,N,36,5,22000,5,9,N,16093,5,N,5,290,C,180,C,99999,9,False,
99999903948,35.25,-97.46667,360.3,2005-07-01 05:52:00,180,5,N,41,5,22000,5,9,N,16093,5,N,5,280,C,180,C,99999,9,False,
99999903948,35.25,-97.46667,360.3,2005-07-01 06:52:00,190,5,N,46,5,22000,5,9,N,16093,5,N,5,280,C,180,C,99999,9,False,
99999903948,35.25,-97.46667,360.3,2005-07-01 07:52:00,180,5,N,31,5,22000,5,9,N,16093,5,N,5,270,C,180,C,99999,9,False,
99999903948,35.25,-97.46667,360.3,2005-07-01 08:52:00,190,5,N,26,5,22000,5,9,N,16093,5,N,5,260,C,180,C,99999,9,False,
99999903948,35.25,-97.46667,360.3,2005-07-01 09:52:00,180,5,N,15,5,2896,5,M,N,16093,5,N,5,260,C,180,C,99999,9,False,
99999903948,35.25,-97.46667,360.3,2005-07-01 10:52:00,310,5,N,103,5,3048,5,M,N,16093,5,N,5,260,C,180,C,99999,9,False,
99999903948,35.25,-97.46667,360.3,2005-07-01 11:52:00,80,5,N,26,5,1829,5,M,N,8047,5,N,5,220,C,210,C,99999,9,False,
99999903948,35.25,-97.46667,360.3,2005-07-01 12:53:00,10,5,N,31,5,2438,5,M,N,11265,5,N,5,220,C,210,C,99999,9,False,
99999903948,35.25,-97.46667,360.3,2005-07-01 13:52:00,60,5,N,88,5,366,5,M,N,16093,5,N,5,210,C,190,C,99999,9,False,
99999903948,35.25,-97.46667,360.3,2005-07-01 14:52:00,90,5,N,36,5,22000,5,9,N,16093,5,N,5,220,C,200,C,99999,9,False,
99999903948,35.25,-97.46667,360.3,2005-07-01 15:52:00,120,5,N,82,5,22000,5,9,N,16093,5,N,5,210,C,190,C,99999,9,False,
99999903948,35.25,-97.46667,360.3,2005-07-01 16:52:00,90,5,N,57,5,22000,5,9,N,16093,5,N,5,240,C,210,C,99999,9,False,
99999903948,35.25,-97.46667,360.3,2005-07-01 17:52:00,120,5,N,36,5,22000,5,9,N,16093,5,N,5,260,C,190,C,99999,9,False,
99999903948,35.25,-97.46667,360.3,2005-07-01 18:52:00,170,5,N,46,5,22000,5,9,N,16093,5,N,5,290,C,210,C,99999,9,False,
99999903948,35.25,-97.46667,360.3,2005-07-01 19:52:00,140,5,N,36,5,22000,5,9,N,16093,5,N,5,300,C,210,C,99999,9,False,
99999903948,35.25,-97.46667,360.3,2005-07-01 20:52:00,170,5,N,15,5,22000,5,9,N,16093,5,N,5,310,C,200,C,99999,9,False,
99999903948,35.25,-97.46667,360.3,2005-07-01 21:52:00,100,5,N,31,5,22000,5,9,N,16093,5,N,5,320,C,260,C,99999,9,False,
99999903948,35.25,-97.46667,360.3,2005-07-01 22:52:00,60,5,N,36,5,22000,5,9,N,16093,5,N,5,310,C,190,C,99999,9,False,
99999903948,35.25,-97.46667,360.3,2005-07-01 23:52:00,120,5,N,41,5,22000,5,9,N,16093,5,N,5,310,C,200,C,99999,9,False,
99999903948,35.25,-97.46667,360.3,2005-07-02 00:52:00,80,5,N,31,5,22000,5,9,N,16093,5,N,5,290,C,190,C,99999,9,False,
99999903948,35.25,-97.46667,360.3,2005-07-02 01:52:00,100,5,N,15,5,22000,5,9,N,16093,5,N,5,270,C,190,C,99999,9,False,
99999903948,35.25,-97.46667,360.3,2005-07-02 02:52:00,999,9,C,0,5,22000,5,9,N,16093,5,N,5,250,C,200,C,99999,9,False,
99999903948,35.25,-97.46667,360.3,2005-07-02 03:52:00,100,5,N,26,5,22000,5,9,N,16093,5,N,5,240,C,210,C,99999,9,False,
99999903948,35.25,-97.46667,360.3,2005-07-02 04:52:00,120,5,N,21,5,22000,5,9,N,16093,5,N,5,230,C,200,C,99999,9,False,
99999903948,35.25,-97.46667,360.3,2005-07-02 05:52:00,100,5,N,21,5,22000,5,9,N,16093,5,N,5,230,C,190,C,99999,9,False,
99999903948,35.25,-97.46667,360.3,2005-07-02 05:59:00,999,9,9,9999,9,99999,9,9,9,999999,9,9,9,9999,9,9999,9,99999,9,False,
99999903948,35.25,-97.46667,360.3,2005-07-02 06:52:00,100,5,N,26,5,22000,5,9,N,16093,5,N,5,220,C,190,C,99999,9,False,
99999903948,35.25,-97.46667,360.3,2005-07-02 07:52:00,110,5,N,31,5,22000,5,9,N,16093,5,N,5,220,C,190,C,99999,9,False,
99999903948,35.25,-97.46667,360.3,2005-07-02 08:52:00,100,5,N,15,5,22000,5,9,N,16093,5,N,5,220,C,180,C,99999,9,False,
99999903948,35.25,-97.46667,360.3,2005-07-02 09:52:00,110,5,N,15,5,22000,5,9,N,16093,5,N,5,210,C,180,C,99999,9,False,
99999903948,35.25,-97.46667,360.3,2005-07-02 10:52:00,999,9,C,0,5,22000,5,9,N,16093,5,N,5,210,C,180,C,99999,9,False,
99999903948,35.25,-97.46667,360.3,2005-07-02 11:52:00,320,5,N,26,5,1097,5,M,N,11265,5,N,5,210,C,190,C,99999,9,False,
99999903948,35.25,-97.46667,360.3,2005-07-02 12:52:00,120,5,N,15,5,22000,5,9,N,11265,5,N,5,220,C,190,C,99999,9,False,
99999903948,35.25,-97.46667,360.3,2005-07-02 13:52:00,130,5,N,41,5,22000,5,9,N,16093,5,N,5,230,C,200,C,99999,9,False,
99999903948,35.25,-97.46667,360.3,2005-07-02 14:52:00,120,5,N,26,5,22000,5,9,N,16093,5,N,5,230,C,200,C,99999,9,False,
99999903948,35.25,-97.46667,360.3,2005-07-02 15:52:00,360,5,N,15,5,22000,5,9,N,16093,5,N,5,260,C,220,C,99999,9,False,
99999903948,35.25,-97.46667,360.3,2005-07-02 16:52:00,140,5,N,36,5,22000,5,9,N,16093,5,N,5,260,C,200,C,99999,9,False,
99999903948,35.25,-97.46667,360.3,2005-07-02 17:52:00,999,9,C,0,5,22000,5,9,N,16093,5,N,5,280,C,210,C,99999,9,False,
99999903948,35.25,-97.46667,360.3,2005-07-02 18:52:00,80,5,N,15,5,22000,5,9,N,16093,5,N,5,310,C,230,C,99999,9,False,
99999903948,35.25,-97.46667,360.3,2005-07-02 19:52:00,170,5,N,46,5,22000,5,9,N,16093,5,N,5,320,C,210,C,99999,9,False,
99999903948,35.25,-97.46667,360.3,2005-07-02 20:52:00,180,5,N,21,5,22000,5,9,N,16093,5,N,5,330,C,190,C,99999,9,False,
99999903948,35.25,-97.46667,360.3,2005-07-02 21:52:00,160,5,N,41,5,22000,5,9,N,16093,5,N,5,330,C,180,C,99999,9,False,
99999903948,35.25,-97.46667,360.3,2005-07-02 22:52:00,170,5,N,31,5,22000,5,9,N,16093,5,N,5,330,C,180,C,99999,9,False,
99999903948,35.25,-97.46667,360.3,2005-07-02 23:52:00,180,5,N,51,5,22000,5,9,N,16093,5,N,5,330,C,170,C,99999,9,False,
99999903948,35.25,-97.46667,360.3,2005-07-03 00:52:00,130,5,N,36,5,22000,5,9,N,16093,5,N,5,320,C,190,C,99999,9,False,
99999903948,35.25,-97.46667,360.3,2005-07-03 01:52:00,140,5,N,31,5,22000,5,9,N,16093,5,N,5,290,C,210,C,99999,9,False,
99999903948,35.25,-97.46667,360.3,2005-07-03 02:52:00,140,5,N,36,5,22000,5,9,N,16093,5,N,5,270,C,210,C,99999,9,False,
99999903948,35.25,-97.46667,360.3,2005-07-03 03:52:00,150,5,N,41,5,22000,5,9,N,16093,5,N,5,260,C,210,C,99999,9,False,
99999903948,35.25,-97.46667,360.3,2005-07-03 04:52:00,170,5,N,51,5,22000,5,9,N,16093,5,N,5,260,C,200,C,99999,9,False,
99999903948,35.25,-97.46667,360.3,2005-07-03 05:52:00,170,5,N,41,5,22000,5,9,N,16093,5,N,5,250,C,200,C,99999,9,False,
99999903948,35.25,-97.46667,360.3,2005-07-03 05:59:00,999,9,9,9999,9,99999,9,9,9,999999,9,9,9,9999,9,9999,9,99999,9,False,
99999903948,35.25,-97.46667,360.3,2005-07-03 06:52:00,170,5,N,41,5,22000,5,9,N,16093,5,N,5,240,C,200,C,99999,9,False,
99999903948,35.25,-97.46667,360.3,2005-07-03 07:52:00,180,5,N,36,5,22000,5,9,N,16093,5,N,5,230,C,200,C,99999,9,False,
99999903948,35.25,-97.46667,360.3,2005-07-03 08:52:00,180,5,N,36,5,22000,5,9,N,16093,5,N,5,230,C,200,C,99999,9,False,
99999903948,35.25,-97.46667,360.3,2005-07-03 09:52:00,190,5,N,46,5,22000,5,9,N,16093,5,N,5,230,C,200,C,99999,9,False,
99999903948,35.25,-97.46667,360.3,2005-07-03 10:52:00,180,5,N,31,5,22000,5,9,N,16093,5,N,5,220,C,190,C,99999,9,False,
99999903948,35.25,-97.46667,360.3,2005-07-03 11:52:00,180,5,N,31,5,22000,5,9,N,11265,5,N,5,220,C,190,C,99999,9,False,
99999903948,35.25,-97.46667,360.3,2005-07-03 12:52:00,190,5,N,26,5,22000,5,9,N,16093,5,N,5,240,C,190,C,99999,9,False,
99999903948,35.25,-97.46667,360.3,2005-07-03 13:52:00,190,5,N,36,5,22000,5,9,N,16093,5,N,5,270,C,200,C,99999,9,False,
99999903948,35.25,-97.46667,360.3,2005-07-03 14:52:00,150,5,N,36,5,22000,5,9,N,16093,5,N,5,290,C,210,C,99999,9,False,
99999903948,35.25,-97.46667,360.3,2005-07-03 15:52:00,180,5,N,46,5,22000,5,9,N,8047,5,N,5,310,C,210,C,99999,9,False,
99999903948,35.25,-97.46667,360.3,2005-07-03 16:52:00,150,5,N,46,5,22000,5,9,N,16093,5,N,5,330,C,220,C,99999,9,False,
99999903948,35.25,-97.46667,360.3,2005-07-03 17:52:00,160,5,N,51,5,22000,5,9,N,16093,5,N,5,340,C,220,C,99999,9,False,
99999903948,35.25,-97.46667,360.3,2005-07-03 18:52:00,160,5,N,72,5,22000,5,9,N,16093,5,N,5,350,C,230,C,99999,9,False,
99999903948,35.25,-97.46667,360.3,2005-07-03 19:52:00,160,5,N,62,5,22000,5,9,N,16093,5,N,5,370,C,220,C,99999,9,False,
99999903948,35.25,-97.46667,360.3,2005-07-03 20:52:00,160,5,N,82,5,22000,5,9,N,16093,5,N,5,370,C,210,C,99999,9,False,
99999903948,35.25,-97.46667,360.3,2005-07-03 21:54:00,160,5,N,88,5,22000,5,9,N,16093,5,N,5,380,C,200,C,99999,9,False,
99999903948,35.25,-97.46667,360.3,2005-07-03 22:52:00,170,5,N,88,5,22000,5,9,N,16093,5,N,5,380,C,190,C,99999,9,False,
99999903948,35.25,-97.46667,360.3,2005-07-03 23:52:00,150,5,N,72,5,22000,5,9,N,16093,5,N,5,370,C,210,C,99999,9,False,
99999903948,35.25,-97.46667,360.3,2005-07-04 00:52:00,160,5,N,77,5,22000,5,9,N,16093,5,N,5,350,C,210,C,99999,9,False,
99999903948,35.25,-97.46667,360.3,2005-07-04 01:12:00,160,5,N,62,5,22000,5,9,N,16093,5,N,5,340,C,190,C,99999,9,False,
99999903948,35.25,-97.46667,360.3,2005-07-04 03:32:00,160,5,N,88,5,22000,5,9,N,16093,5,N,5,320,C,200,C,99999,9,False,
99999903948,35.25,-97.46667,360.3,2005-07-04 05:59:00,999,9,9,9999,9,99999,9,9,9,999999,9,9,9,9999,9,9999,9,99999,9,False,
99999903948,35.25,-97.46667,360.3,2005-07-04 13:54:00,999,9,9,9999,9,99999,9,9,N,999999,9,N,5,9999,9,9999,9,99999,9,False,
99999903948,35.25,-97.46667,360.3,2005-07-04 14:52:00,140,5,N,62,5,22000,5,9,N,16093,5,N,5,200,C,180,C,99999,9,False,
99999903948,35.25,-97.46667,360.3,2005-07-04 15:52:00,170,5,N,36,5,22000,5,9,N,16093,5,N,5,240,C,210,C,99999,9,False,
99999903948,35.25,-97.46667,360.3,2005-07-04 16:52:00,20,5,N,15,5,22000,5,9,N,16093,5,N,5,270,C,240,C,99999,9,False,
99999903948,35.25,-97.46667,360.3,2005-07-04 17:52:00,360,5,N,26,5,22000,5,9,N,16093,5,N,5,290,C,270,C,99999,9,False,
99999903948,35.25,-97.46667,360.3,2005-07-04 18:52:00,320,5,N,21,5,22000,5,9,N,16093,5,N,5,280,C,260,C,99999,9,False,
99999903948,35.25,-97.46667,360.3,2005-07-04 19:52:00,20,5,N,31,5,22000,5,9,N,16093,5,N,5,300,C,270,C,99999,9,False,
99999903948,35.25,-97.46667,360.3,2005-07-04 20:52:00,350,5,N,15,5,22000,5,9,N,16093,5,N,5,320,C,230,C,99999,9,False,
99999903948,35.25,-97.46667,360.3,2005-07-04 21:52:00,130,5,N,21,5,22000,5,9,N,16093,5,N,5,330,C,210,C,99999,9,False,
99999903948,35.25,-97.46667,360.3,2005-07-04 22:52:00,100,5,N,15,5,22000,5,9,N,16093,5,N,5,320,C,210,C,99999,9,False,
99999903948,35.25,-97.46667,360.3,2005-07-04 23:52:00,120,5,N,31,5,22000,5,9,N,16093,5,N,5,310,C,190,C,99999,9,False,
99999903948,35.25,-97.46667,360.3,2005-07-05 00:52:00,100,5,N,31,5,22000,5,9,N,16093,5,N,5,290,C,210,C,99999,9,False,
99999903948,35.25,-97.46667,360.3,2005-07-05 01:52:00,90,5,N,26,5,22000,5,9,N,16093,5,N,5,280,C,210,C,99999,9,False,
99999903948,35.25,-97.46667,360.3,2005-07-05 02:52:00,70,5,N,31,5,22000,5,9,N,16093,5,N,5,250,C,220,C,99999,9,False,
99999903948,35.25,-97.46667,360.3,2005-07-05 03:52:00,100,5,N,31,5,22000,5,9,N,16093,5,N,5,250,C,210,C,99999,9,False,
99999903948,35.25,-97.46667,360.3,2005-07-05 04:52:00,100,5,N,15,5,2896,5,M,N,16093,5,N,5,250,C,210,C,99999,9,False,
99999903948,35.25,-97.46667,360.3,2005-07-05 05:52:00,40,5,N,21,5,22000,5,9,N,11265,5,N,5,240,C,200,C,99999,9,False,
99999903948,35.25,-97.46667,360.3,2005-07-05 05:59:00,999,9,9,9999,9,99999,9,9,9,999999,9,9,9,9999,9,9999,9,99999,9,False,
99999903948,35.25,-97.46667,360.3,2005-07-05 06:52:00,10,5,N,15,5,22000,5,9,N,11265,5,N,5,230,C,190,C,99999,9,False,
99999903948,35.25,-97.46667,360.3,2005-07-05 07:52:00,140,5,N,21,5,1829,5,M,N,16093,5,N,5,240,C,210,C,99999,9,False,
99999903948,35.25,-97.46667,360.3,2005-07-05 08:52:00,50,5,N,21,5,22000,5,9,N,16093,5,N,5,230,C,200,C,99999,9,False,
99999903948,35.25,-97.46667,360.3,2005-07-05 09:52:00,999,9,C,0,5,22000,5,9,N,11265,5,N,5,220,C,210,C,99999,9,False,
99999903948,35.25,-97.46667,360.3,2005-07-05 10:52:00,10,5,N,67,5,853,5,M,N,16093,5,N,5,210,C,190,C,99999,9,False,
99999903948,35.25,-97.46667,360.3,2005-07-05 11:53:00,100,5,N,46,5,22000,5,9,N,16093,5,N,5,200,C,180,C,99999,9,False,
99999903948,35.25,-97.46667,360.3,2005-07-05 12:56:00,100,5,N,46,5,22000,5,9,N,16093,5,N,5,210,C,190,C,99999,9,False,
99999903948,35.25,-97.46667,360.3,2005-07-05 13:52:00,190,5,N,46,5,99999,9,9,N,16093,5,N,5,200,C,180,C,99999,9,False,
99999903948,35.25,-97.46667,360.3,2005-07-05 14:52:00,160,5,N,31,5,22000,5,9,N,16093,5,N,5,210,C,190,C,99999,9,False,
99999903948,35.25,-97.46667,360.3,2005-07-05 15:52:00,190,5,N,46,5,22000,5,9,N,16093,5,N,5,240,C,200,C,99999,9,False,
99999903948,35.25,-97.46667,360.3,2005-07-05 16:52:00,320,5,N,15,5,22000,5,9,N,16093,5,N,5,270,C,230,C,99999,9,False,
99999903948,35.25,-97.46667,360.3,2005-07-05 17:52:00,10,5,N,21,5,792,5,M,N,16093,5,N,5,290,C,270,C,99999,9,False,
99999903948,35.25,-97.46667,360.3,2005-07-05 18:52:00,50,5,N,36,5,22000,5,9,N,16093,5,N,5,280,C,220,C,99999,9,False,
99999903948,35.25,-97.46667,360.3,2005-07-05 19:53:00,50,5,N,41,5,22000,5,9,N,16093,5,N,5,290,C,210,C,99999,9,False,
99999903948,35.25,-97.46667,360.3,2005-07-05 20:52:00,60,5,N,41,5,22000,5,9,N,16093,5,N,5,300,C,210,C,99999,9,False,
99999903948,35.25,-97.46667,360.3,2005-07-05 21:52:00,40,5,N,31,5,22000,5,9,N,16093,5,N,5,310,C,210,C,99999,9,False,
99999903948,35.25,-97.46667,360.3,2005-07-05 22:52:00,999,9,C,0,5,22000,5,9,N,16093,5,N,5,300,C,200,C,99999,9,False,
99999903948,35.25,-97.46667,360.3,2005-07-05 23:52:00,70,5,N,15,5,22000,5,9,N,16093,5,N,5,310,C,190,C,99999,9,False,
99999903948,35.25,-97.46667,360.3,2005-07-06 00:52:00,80,5,N,31,5,22000,5,9,N,16093,5,N,5,290,C,190,C,99999,9,False,
99999903948,35.25,-97.46667,360.3,2005-07-06 01:52:00,90,5,N,26,5,22000,5,9,N,16093,5,N,5,270,C,200,C,99999,9,False,
99999903948,35.25,-97.46667,360.3,2005-07-06 02:52:00,30,5,N,15,5,22000,5,9,N,16093,5,N,5,240,C,200,C,99999,9,False,
99999903948,35.25,-97.46667,360.3,2005-07-06 03:32:00,70,5,N,15,5,22000,5,9,N,16093,5,N,5,230,C,200,C,99999,9,False,
99999903948,35.25,-97.46667,360.3,2005-07-06 04:52:00,50,5,N,15,5,22000,5,9,N,16093,5,N,5,230,C,200,C,99999,9,False,
99999903948,35.25,-97.46667,360.3,2005-07-06 05:52:00,999,9,C,0,5,22000,5,9,N,16093,5,N,5,220,C,190,C,99999,9,False,
99999903948,35.25,-97.46667,360.3,2005-07-06 05:59:00,999,9,9,9999,9,99999,9,9,9,999999,9,9,9,9999,9,9999,9,99999,9,False,
99999903948,35.25,-97.46667,360.3,2005-07-06 06:52:00,999,9,C,0,5,22000,5,9,N,11265,5,N,5,220,C,190,C,99999,9,False,
99999903948,35.25,-97.46667,360.3,2005-07-06 07:52:00,330,5,N,41,5,22000,5,9,N,8047,5,N,5,210,C,190,C,99999,9,False,
99999903948,35.25,-97.46667,360.3,2005-07-06 08:52:00,999,9,C,0,5,22000,5,9,N,11265,5,N,5,210,C,190,C,99999,9,False,
99999903948,35.25,-97.46667,360.3,2005-07-06 09:52:00,70,5,N,21,5,22000,5,9,N,11265,5,N,5,210,C,190,C,99999,9,False,
99999903948,35.25,-97.46667,360.3,2005-07-06 10:52:00,100,5,N,15,5,22000,5,9,N,11265,5,N,5,210,C,190,C,99999,9,False,
99999903948,35.25,-97.46667,360.3,2005-07-06 11:52:00,999,9,C,0,5,22000,5,9,N,16093,5,N,5,210,C,190,C,99999,9,False,
99999903948,35.25,-97.46667,360.3,2005-07-06 12:52:00,999,9,C,0,5,22000,5,9,N,16093,5,N,5,230,C,220,C,99999,9,False,
99999903948,35.25,-97.46667,360.3,2005-07-06 13:52:00,80,5,N,15,5,22000,5,9,N,16093,5,N,5,260,C,200,C,99999,9,False,
99999903948,35.25,-97.46667,360.3,2005-07-06 14:52:00,90,5,N,41,5,22000,5,9,N,16093,5,N,5,270,C,210,C,99999,9,False,
99999903948,35.25,-97.46667,360.3,2005-07-06 15:52:00,100,5,N,31,5,22000,5,9,N,16093,5,N,5,290,C,200,C,99999,9,False,
99999903948,35.25,-97.46667,360.3,2005-07-06 16:52:00,130,5,N,36,5,22000,5,9,N,16093,5,N,5,300,C,180,C,99999,9,False,
99999903948,35.25,-97.46667,360.3,2005-07-06 17:52:00,110,5,N,36,5,22000,5,9,N,16093,5,N,5,310,C,180,C,99999,9,False,
99999903948,35.25,-97.46667,360.3,2005-07-06 18:52:00,130,5,N,21,5,22000,5,9,N,16093,5,N,5,310,C,190,C,99999,9,False,
99999903948,35.25,-97.46667,360.3,2005-07-06 19:52:00,70,5,N,41,5,22000,5,9,N,16093,5,N,5,310,C,190,C,99999,9,False,
99999903948,35.25,-97.46667,360.3,2005-07-06 20:52:00,100,5,N,46,5,22000,5,9,N,16093,5,N,5,320,C,190,C,99999,9,False,
99999903948,35.25,-97.46667,360.3,2005-07-06 21:52:00,110,5,N,31,5,22000,5,9,N,16093,5,N,5,320,C,180,C,99999,9,False,
99999903948,35.25,-97.46667,360.3,2005-07-06 22:52:00,90,5,N,36,5,22000,5,9,N,16093,5,N,5,320,C,180,C,99999,9,False,
99999903948,35.25,-97.46667,360.3,2005-07-06 23:52:00,100,5,N,36,5,22000,5,9,N,16093,5,N,5,310,C,190,C,99999,9,False,
99999903948,35.25,-97.46667,360.3,2005-07-07 00:53:00,120,5,N,36,5,22000,5,9,N,16093,5,N,5,290,C,180,C,99999,9,False,
99999903948,35.25,-97.46667,360.3,2005-07-07 01:52:00,120,5,N,26,5,22000,5,9,N,16093,5,N,5,270,C,180,C,99999,9,False,
99999903948,35.25,-97.46667,360.3,2005-07-07 02:53:00,110,5,N,31,5,22000,5,9,N,16093,5,N,5,260,C,180,C,99999,9,False,
99999903948,35.25,-97.46667,360.3,2005-07-07 03:52:00,120,5,N,26,5,22000,5,9,N,16093,5,N,5,250,C,190,C,99999,9,False,
99999903948,35.25,-97.46667,360.3,2005-07-07 04:52:00,120,5,N,26,5,22000,5,9,N,16093,5,N,5,240,C,190,C,99999,9,False,
99999903948,35.25,-97.46667,360.3,2005-07-07 05:52:00,110,5,N,31,5,22000,5,9,N,16093,5,N,5,240,C,190,C,99999,9,False,
99999903948,35.25,-97.46667,360.3,2005-07-07 05:59:00,999,9,9,9999,9,99999,9,9,9,999999,9,9,9,9999,9,9999,9,99999,9,False,
99999903948,35.25,-97.46667,360.3,2005-07-07 06:52:00,110,5,N,21,5,22000,5,9,N,16093,5,N,5,230,C,190,C,99999,9,False,
99999903948,35.25,-97.46667,360.3,2005-07-07 07:58:00,999,9,C,0,5,22000,5,9,N,16093,5,N,5,230,C,180,C,99999,9,False,
99999903948,35.25,-97.46667,360.3,2005-07-07 08:52:00,999,9,C,0,5,22000,5,9,N,11265,5,N,5,210,C,170,C,99999,9,False,
99999903948,35.25,-97.46667,360.3,2005-07-07 09:52:00,140,5,N,31,5,22000,5,9,N,16093,5,N,5,220,C,190,C,99999,9,False,
99999903948,35.25,-97.46667,360.3,2005-07-07 10:52:00,150,5,N,31,5,22000,5,9,N,16093,5,N,5,230,C,190,C,99999,9,False,
99999903948,35.25,-97.46667,360.3,2005-07-07 11:52:00,150,5,N,15,5,22000,5,9,N,16093,5,N,5,220,C,190,C,99999,9,False,
99999903948,35.25,-97.46667,360.3,2005-07-07 12:52:00,170,5,N,31,5,22000,5,9,N,16093,5,N,5,230,C,190,C,99999,9,False,
99999903948,35.25,-97.46667,360.3,2005-07-07 13:52:00,180,5,N,46,5,22000,5,9,N,16093,5,N,5,240,C,190,C,99999,9,False,
99999903948,35.25,-97.46667,360.3,2005-07-07 14:52:00,170,5,N,46,5,22000,5,9,N,16093,5,N,5,260,C,190,C,99999,9,False,
99999903948,35.25,-97.46667,360.3,2005-07-07 15:52:00,170,5,N,51,5,22000,5,9,N,16093,5,N,5,270,C,190,C,99999,9,False,
99999903948,35.25,-97.46667,360.3,2005-07-07 16:52:00,160,5,N,46,5,22000,5,9,N,16093,5,N,5,280,C,190,C,99999,9,False,
99999903948,35.25,-97.46667,360.3,2005-07-07 17:52:00,130,5,N,41,5,22000,5,9,N,16093,5,N,5,290,C,180,C,99999,9,False,
99999903948,35.25,-97.46667,360.3,2005-07-07 18:53:00,110,5,N,46,5,22000,5,9,N,16093,5,N,5,300,C,180,C,99999,9,False,
99999903948,35.25,-97.46667,360.3,2005-07-07 19:52:00,130,5,N,26,5,22000,5,9,N,16093,5,N,5,300,C,180,C,99999,9,False,
99999903948,35.25,-97.46667,360.3,2005-07-07 20:52:00,100,5,N,41,5,22000,5,9,N,16093,5,N,5,300,C,180,C,99999,9,False,
99999903948,35.25,-97.46667,360.3,2005-07-07 21:52:00,90,5,N,31,5,22000,5,9,N,16093,5,N,5,310,C,180,C,99999,9,False,
99999903948,35.25,-97.46667,360.3,2005-07-07 22:52:00,90,5,N,15,5,22000,5,9,N,16093,5,N,5,310,C,180,C,99999,9,False,
99999903948,35.25,-97.46667,360.3,2005-07-07 23:52:00,120,5,N,31,5,22000,5,9,N,16093,5,N,5,290,C,170,C,99999,9,False,
99999903948,35.25,-97.46667,360.3,2005-07-08 00:52:00,100,5,N,31,5,22000,5,9,N,16093,5,N,5,280,C,180,C,99999,9,False,
99999903948,35.25,-97.46667,360.3,2005-07-08 01:52:00,110,5,N,31,5,22000,5,9,N,16093,5,N,5,270,C,190,C,99999,9,False,
99999903948,35.25,-97.46667,360.3,2005-07-08 02:52:00,120,5,N,21,5,22000,5,9,N,16093,5,N,5,250,C,190,C,99999,9,False,
99999903948,35.25,-97.46667,360.3,2005-07-08 03:52:00,110,5,N,15,5,22000,5,9,N,16093,5,N,5,240,C,190,C,99999,9,False,
99999903948,35.25,-97.46667,360.3,2005-07-08 04:52:00,100,5,N,15,5,22000,5,9,N,16093,5,N,5,220,C,190,C,99999,9,False,
99999903948,35.25,-97.46667,360.3,2005-07-08 05:52:00,100,5,N,15,5,22000,5,9,N,16093,5,N,5,230,C,190,C,99999,9,False,
99999903948,35.25,-97.46667,360.3,2005-07-08 06:52:00,999,9,C,0,5,22000,5,9,N,16093,5,N,5,220,C,180,C,99999,9,False,
99999903948,35.25,-97.46667,360.3,2005-07-08 07:52:00,999,9,C,0,5,22000,5,9,N,11265,5,N,5,210,C,180,C,99999,9,False,
99999903948,35.25,-97.46667,360.3,2005-07-08 08:52:00,999,9,C,0,5,22000,5,9,N,11265,5,N,5,210,C,180,C,99999,9,False,
99999903948,35.25,-97.46667,360.3,2005-07-08 09:52:00,999,9,C,0,5,22000,5,9,N,11265,5,N,5,200,C,180,C,99999,9,False,
99999903948,35.25,-97.46667,360.3,2005-07-08 10:52:00,999,9,C,0,5,22000,5,9,N,11265,5,N,5,210,C,190,C,99999,9,False,
99999903948,35.25,-97.46667,360.3,2005-07-08 11:52:00,999,9,C,0,5,22000,5,9,N,11265,5,N,5,210,C,190,C,99999,9,False,
99999903948,35.25,-97.46667,360.3,2005-07-08 12:52:00,70,5,N,21,5,22000,5,9,N,11265,5,N,5,240,C,210,C,99999,9,False,
99999903948,35.25,-97.46667,360.3,2005-07-08 13:35:00,70,5,N,36,5,22000,5,9,N,16093,5,N,5,260,5,210,5,99999,9,False,
99999903948,35.25,-97.46667,360.3,2005-07-08 13:52:00,140,5,N,26,5,22000,5,9,N,16093,5,N,5,260,C,210,C,99999,9,False,
99999903948,35.25,-97.46667,360.3,2005-07-08 14:52:00,180,5,N,31,5,22000,5,9,N,16093,5,N,5,280,C,210,C,99999,9,False,
99999903948,35.25,-97.46667,360.3,2005-07-08 15:52:00,190,5,N,31,5,22000,5,9,N,16093,5,N,5,290,C,210,C,99999,9,False,
99999903948,35.25,-97.46667,360.3,2005-07-08 16:52:00,170,5,N,51,5,22000,5,9,N,16093,5,N,5,310,C,200,C,99999,9,False,
99999903948,35.25,-97.46667,360.3,2005-07-08 17:53:00,160,5,N,46,5,22000,5,9,N,16093,5,N,5,320,C,190,C,99999,9,False,
99999903948,35.25,-97.46667,360.3,2005-07-08 18:52:00,160,5,N,31,5,22000,5,9,N,16093,5,N,5,320,C,190,C,99999,9,False,
99999903948,35.25,-97.46667,360.3,2005-07-08 20:52:00,110,5,N,41,5,22000,5,9,N,16093,5,N,5,330,C,190,C,99999,9,False,
99999903948,35.25,-97.46667,360.3,2005-07-08 21:52:00,180,5,N,31,5,22000,5,9,N,16093,5,N,5,330,C,190,C,99999,9,False,
99999903948,35.25,-97.46667,360.3,2005-07-08 22:52:00,140,5,N,46,5,22000,5,9,N,16093,5,N,5,330,C,180,C,99999,9,False,
99999903948,35.25,-97.46667,360.3,2005-07-08 23:52:00,100,5,N,46,5,22000,5,9,N,16093,5,N,5,320,C,180,C,99999,9,False,
99999903948,35.25,-97.46667,360.3,2005-07-09 00:52:00,130,5,N,36,5,22000,5,9,N,16093,5,N,5,310,C,170,C,99999,9,False,
99999903948,35.25,-97.46667,360.3,2005-07-09 01:52:00,130,5,N,26,5,22000,5,9,N,16093,5,N,5,280,C,190,C,99999,9,False,
99999903948,35.25,-97.46667,360.3,2005-07-09 02:52:00,130,5,N,21,5,22000,5,9,N,16093,5,N,5,270,C,190,C,99999,9,False,
99999903948,35.25,-97.46667,360.3,2005-07-09 03:53:00,130,5,N,21,5,22000,5,9,N,16093,5,N,5,260,C,190,C,99999,9,False,
99999903948,35.25,-97.46667,360.3,2005-07-09 04:53:00,140,5,N,15,5,22000,5,9,N,16093,5,N,5,260,C,190,C,99999,9,False,
99999903948,35.25,-97.46667,360.3,2005-07-09 05:12:00,999,9,C,0,5,99999,9,9,N,16093,5,N,5,260,C,190,C,99999,9,False,
99999903948,35.25,-97.46667,360.3,2005-07-09 17:52:00,180,5,N,31,5,22000,5,9,N,16093,5,N,5,330,C,180,C,99999,9,False,
99999903948,35.25,-97.46667,360.3,2005-07-09 18:52:00,120,5,N,31,5,22000,5,9,N,16093,5,N,5,330,C,170,C,99999,9,False,
99999903948,35.25,-97.46667,360.3,2005-07-09 19:52:00,120,5,N,51,5,22000,5,9,N,16093,5,N,5,330,C,170,C,99999,9,False,
99999903948,35.25,-97.46667,360.3,2005-07-09 20:52:00,140,5,N,21,5,22000,5,9,N,16093,5,N,5,330,C,160,C,99999,9,False,
99999903948,35.25,-97.46667,360.3,2005-07-09 21:52:00,110,5,N,62,5,22000,5,9,N,16093,5,N,5,330,C,170,C,99999,9,False,
99999903948,35.25,-97.46667,360.3,2005-07-09 22:52:00,110,5,N,57,5,22000,5,9,N,16093,5,N,5,320,C,170,C,99999,9,False,
99999903948,35.25,-97.46667,360.3,2005-07-09 23:52:00,100,5,N,62,5,22000,5,9,N,16093,5,N,5,320,C,170,C,99999,9,False,
99999903948,35.25,-97.46667,360.3,2005-07-10 00:52:00,100,5,N,41,5,22000,5,9,N,16093,5,N,5,300,C,160,C,99999,9,False,
99999903948,35.25,-97.46667,360.3,2005-07-10 01:52:00,999,9,C,0,5,22000,5,9,N,16093,5,N,5,270,C,170,C,99999,9,False,
99999903948,35.25,-97.46667,360.3,2005-07-10 02:52:00,999,9,C,0,5,22000,5,9,N,16093,5,N,5,250,C,170,C,99999,9,False,
99999903948,35.25,-97.46667,360.3,2005-07-10 03:52:00,100,5,N,15,5,22000,5,9,N,16093,5,N,5,240,C,180,C,99999,9,False,
99999903948,35.25,-97.46667,360.3,2005-07-10 04:52:00,999,9,C,0,5,22000,5,9,N,16093,5,N,5,220,C,180,C,99999,9,False,
99999903948,35.25,-97.46667,360.3,2005-07-10 05:52:00,999,9,C,0,5,22000,5,9,N,16093,5,N,5,220,C,180,C,99999,9,False,
99999903948,35.25,-97.46667,360.3,2005-07-10 06:52:00,999,9,C,0,5,22000,5,9,N,16093,5,N,5,220,C,180,C,99999,9,False,
99999903948,35.25,-97.46667,360.3,2005-07-10 07:52:00,999,9,C,0,5,22000,5,9,N,11265,5,N,5,220,C,180,C,99999,9,False,
99999903948,35.25,-97.46667,360.3,2005-07-10 08:52:00,150,5,N,26,5,99999,9,9,N,11265,5,N,5,230,C,190,C,99999,9,False,
99999903948,35.25,-97.46667,360.3,2005-07-10 09:52:00,160,5,N,41,5,22000,5,9,N,16093,5,N,5,230,C,190,C,99999,9,False,
99999903948,35.25,-97.46667,360.3,2005-07-10 10:52:00,160,5,N,36,5,22000,5,9,N,16093,5,N,5,220,C,190,C,99999,9,False,
99999903948,35.25,-97.46667,360.3,2005-07-10 11:52:00,999,9,C,0,5,22000,5,9,N,11265,5,N,5,220,C,190,C,99999,9,False,
99999903948,35.25,-97.46667,360.3,2005-07-10 12:52:00,150,5,N,21,5,22000,5,9,N,11265,5,N,5,250,C,210,C,99999,9,False,
99999903948,35.25,-97.46667,360.3,2005-07-10 13:52:00,150,5,N,26,5,22000,5,9,N,16093,5,N,5,260,C,210,C,99999,9,False,
99999903948,35.25,-97.46667,360.3,2005-07-10 14:53:00,180,5,N,26,5,22000,5,9,N,16093,5,N,5,290,C,220,C,99999,9,False,
99999903948,35.25,-97.46667,360.3,2005-07-10 15:52:00,170,5,N,21,5,22000,5,9,N,16093,5,N,5,310,C,220,C,99999,9,False,
99999903948,35.25,-97.46667,360.3,2005-07-10 16:52:00,160,5,N,15,5,22000,5,9,N,16093,5,N,5,320,C,210,C,99999,9,False,
99999903948,35.25,-97.46667,360.3,2005-07-10 17:52:00,140,5,N,15,5,22000,5,9,N,16093,5,N,5,320,C,200,C,99999,9,False,
99999903948,35.25,-97.46667,360.3,2005-07-10 18:52:00,120,5,N,41,5,22000,5,9,N,16093,5,N,5,330,C,210,C,99999,9,False,
99999903948,35.25,-97.46667,360.3,2005-07-10 19:52:00,999,9,C,0,5,22000,5,9,N,16093,5,N,5,340,C,210,C,99999,9,False,
99999903948,35.25,-97.46667,360.3,2005-07-10 20:52:00,140,5,N,26,5,22000,5,9,N,16093,5,N,5,330,C,200,C,99999,9,False,
99999903948,35.25,-97.46667,360.3,2005-07-10 21:52:00,100,5,N,31,5,22000,5,9,N,16093,5,N,5,320,C,190,C,99999,9,False,
99999903948,35.25,-97.46667,360.3,2005-07-10 22:52:00,80,5,N,31,5,22000,5,9,N,16093,5,N,5,340,C,190,C,99999,9,False,
99999903948,35.25,-97.46667,360.3,2005-07-10 23:52:00,100,5,N,41,5,22000,5,9,N,16093,5,N,5,330,C,200,C,99999,9,False,
99999903948,35.25,-97.46667,360.3,2005-07-11 00:52:00,110,5,N,46,5,22000,5,9,N,16093,5,N,5,310,C,200,C,99999,9,False,
99999903948,35.25,-97.46667,360.3,2005-07-11 01:52:00,90,5,N,36,5,22000,5,9,N,16093,5,N,5,290,C,210,C,99999,9,False,
99999903948,35.25,-97.46667,360.3,2005-07-11 02:52:00,100,5,N,15,5,22000,5,9,N,16093,5,N,5,270,C,210,C,99999,9,False,
99999903948,35.25,-97.46667,360.3,2005-07-11 03:52:00,110,5,N,15,5,22000,5,9,N,16093,5,N,5,260,C,210,C,99999,9,False,
99999903948,35.25,-97.46667,360.3,2005-07-11 04:52:00,120,5,N,31,5,22000,5,9,N,16093,5,N,5,260,C,210,C,99999,9,False,
99999903948,35.25,-97.46667,360.3,2005-07-11 05:52:00,999,9,C,0,5,22000,5,9,N,16093,5,N,5,250,C,200,C,99999,9,False,
99999903948,35.25,-97.46667,360.3,2005-07-11 06:52:00,999,9,C,0,5,22000,5,9,N,11265,5,N,5,230,C,190,C,99999,9,False,
99999903948,35.25,-97.46667,360.3,2005-07-11 07:52:00,999,9,C,0,5,22000,5,9,N,11265,5,N,5,220,C,190,C,99999,9,False,
99999903948,35.25,-97.46667,360.3,2005-07-11 08:52:00,100,5,N,21,5,22000,5,9,N,11265,5,N,5,220,C,190,C,99999,9,False,
99999903948,35.25,-97.46667,360.3,2005-07-11 09:52:00,90,5,N,15,5,22000,5,9,N,11265,5,N,5,220,C,190,C,99999,9,False,
99999903948,35.25,-97.46667,360.3,2005-07-11 10:53:00,100,5,N,21,5,22000,5,9,N,11265,5,N,5,220,C,190,C,99999,9,False,
99999903948,35.25,-97.46667,360.3,2005-07-11 11:53:00,999,9,C,0,5,22000,5,9,N,2816,5,N,5,210,C,180,C,99999,9,False,
99999903948,35.25,-97.46667,360.3,2005-07-11 12:52:00,999,9,C,0,5,22000,5,9,N,6437,5,N,5,240,C,210,C,99999,9,False,
99999903948,35.25,-97.46667,360.3,2005-07-11 13:52:00,999,9,C,0,5,22000,5,9,N,11265,5,N,5,270,C,220,C,99999,9,False,
99999903948,35.25,-97.46667,360.3,2005-07-11 14:52:00,999,9,C,0,5,22000,5,9,N,16093,5,N,5,300,C,220,C,99999,9,False,
99999903948,35.25,-97.46667,360.3,2005-07-11 15:52:00,999,9,C,0,5,22000,5,9,N,16093,5,N,5,320,C,210,C,99999,9,False,
99999903948,35.25,-97.46667,360.3,2005-07-11 16:52:00,999,9,C,0,5,22000,5,9,N,16093,5,N,5,330,C,210,C,99999,9,False,
99999903948,35.25,-97.46667,360.3,2005-07-11 17:52:00,100,5,N,15,5,22000,5,9,N,11265,5,N,5,330,C,200,C,99999,9,False,
99999903948,35.25,-97.46667,360.3,2005-07-11 18:52:00,50,5,N,21,5,22000,5,9,N,16093,5,N,5,340,C,200,C,99999,9,False,
99999903948,35.25,-97.46667,360.3,2005-07-11 19:52:00,30,5,N,21,5,22000,5,9,N,16093,5,N,5,350,C,180,C,99999,9,False,
99999903948,35.25,-97.46667,360.3,2005-07-11 20:53:00,999,9,C,0,5,22000,5,9,N,16093,5,N,5,360,C,190,C,99999,9,False,
99999903948,35.25,-97.46667,360.3,2005-07-11 21:52:00,90,5,N,15,5,22000,5,9,N,16093,5,N,5,360,C,190,C,99999,9,False,
99999903948,35.25,-97.46667,360.3,2005-07-11 22:52:00,60,5,N,36,5,22000,5,9,N,16093,5,N,5,350,C,190,C,99999,9,False,
99999903948,35.25,-97.46667,360.3,2005-07-11 23:52:00,60,5,N,36,5,22000,5,9,N,16093,5,N,5,340,C,190,C,99999,9,False,
99999903948,35.25,-97.46667,360.3,2005-07-12 00:52:00,70,5,N,31,5,22000,5,9,N,16093,5,N,5,320,C,200,C,99999,9,False,
99999903948,35.25,-97.46667,360.3,2005-07-12 01:52:00,70,5,N,26,5,22000,5,9,N,11265,5,N,5,280,C,210,C,99999,9,False,
99999903948,35.25,-97.46667,360.3,2005-07-12 02:52:00,999,9,C,0,5,22000,5,9,N,16093,5,N,5,270,C,210,C,99999,9,False,
99999903948,35.25,-97.46667,360.3,2005-07-12 03:52:00,100,5,N,21,5,22000,5,9,N,16093,5,N,5,270,C,220,C,99999,9,False,
99999903948,35.25,-97.46667,360.3,2005-07-12 04:52:00,999,9,C,0,5,22000,5,9,N,11265,5,N,5,260,C,210,C,99999,9,False,
99999903948,35.25,-97.46667,360.3,2005-07-12 05:52:00,999,9,C,0,5,22000,5,9,N,11265,5,N,5,240,C,210,C,99999,9,False,
99999903948,35.25,-97.46667,360.3,2005-07-12 05:59:00,999,9,9,9999,9,99999,9,9,9,999999,9,9,9,9999,9,9999,9,99999,9,False,
99999903948,35.25,-97.46667,360.3,2005-07-12 06:52:00,999,9,C,0,5,22000,5,9,N,8047,5,N,5,230,C,210,C,99999,9,False,
99999903948,35.25,-97.46667,360.3,2005-07-12 07:52:00,60,5,N,15,5,22000,5,9,N,6437,5,N,5,230,C,210,C,99999,9,False,
99999903948,35.25,-97.46667,360.3,2005-07-12 08:52:00,999,9,C,0,5,22000,5,9,N,6437,5,N,5,220,C,210,C,99999,9,False,
99999903948,35.25,-97.46667,360.3,2005-07-12 09:52:00,999,9,C,0,5,22000,5,9,N,8047,5,N,5,220,C,210,C,99999,9,False,
99999903948,35.25,-97.46667,360.3,2005-07-12 10:52:00,999,9,C,0,5,22000,5,9,N,6437,5,N,5,220,C,190,C,99999,9,False,
99999903948,35.25,-97.46667,360.3,2005-07-12 11:52:00,999,9,C,0,5,22000,5,9,N,4828,5,N,5,220,C,200,C,99999,9,False,
99999903948,35.25,-97.46667,360.3,2005-07-12 12:52:00,999,9,C,0,5,22000,5,9,N,4828,5,N,5,260,C,230,C,99999,9,False,
99999903948,35.25,-97.46667,360.3,2005-07-12 13:52:00,999,9,C,0,5,22000,5,9,N,8047,5,N,5,300,C,240,C,99999,9,False,
99999903948,35.25,-97.46667,360.3,2005-07-12 14:52:00,999,9,C,0,5,22000,5,9,N,16093,5,N,5,340,C,220,C,99999,9,False,
99999903948,35.25,-97.46667,360.3,2005-07-12 15:52:00,999,9,C,0,5,22000,5,9,N,11265,5,N,5,330,C,210,C,99999,9,False,
99999903948,35.25,-97.46667,360.3,2005-07-12 16:52:00,360,5,N,26,5,22000,5,9,N,16093,5,N,5,340,C,190,C,99999,9,False,
99999903948,35.25,-97.46667,360.3,2005-07-12 17:52:00,50,5,N,26,5,22000,5,9,N,16093,5,N,5,350,C,190,C,99999,9,False,
99999903948,35.25,-97.46667,360.3,2005-07-12 18:52:00,90,5,N,26,5,22000,5,9,N,16093,5,N,5,360,C,190,C,99999,9,False,
99999903948,35.25,-97.46667,360.3,2005-07-12 19:52:00,50,5,N,36,5,22000,5,9,N,16093,5,N,5,370,C,180,C,99999,9,False,
99999903948,35.25,-97.46667,360.3,2005-07-12 20:52:00,60,5,N,21,5,22000,5,9,N,16093,5,N,5,370,C,160,C,99999,9,False,
99999903948,35.25,-97.46667,360.3,2005-07-12 21:52:00,50,5,N,31,5,22000,5,9,N,16093,5,N,5,370,C,180,C,99999,9,False,
99999903948,35.25,-97.46667,360.3,2005-07-12 22:52:00,110,5,N,46,5,22000,5,9,N,16093,5,N,5,350,C,190,C,99999,9,False,
99999903948,35.25,-97.46667,360.3,2005-07-12 23:52:00,100,5,N,46,5,22000,5,9,N,16093,5,N,5,330,C,200,C,99999,9,False,
99999903948,35.25,-97.46667,360.3,2005-07-13 00:53:00,40,5,N,72,5,22000,5,9,N,16093,5,N,5,270,C,180,C,99999,9,False,
99999903948,35.25,-97.46667,360.3,2005-07-13 01:52:00,330,5,N,62,5,22000,5,9,N,16093,5,N,5,260,C,190,C,99999,9,False,
99999903948,35.25,-97.46667,360.3,2005-07-13 02:52:00,240,5,N,21,5,2743,5,M,N,11265,5,N,5,220,C,200,C,99999,9,False,
99999903948,35.25,-97.46667,360.3,2005-07-13 03:52:00,999,9,C,0,5,22000,5,9,N,11265,5,N,5,230,C,210,C,99999,9,False,
99999903948,35.25,-97.46667,360.3,2005-07-13 04:52:00,70,5,N,15,5,22000,5,9,N,11265,5,N,5,230,C,210,C,99999,9,False,
99999903948,35.25,-97.46667,360.3,2005-07-13 05:52:00,999,9,C,0,5,22000,5,9,N,16093,5,N,5,220,C,200,C,99999,9,False,
99999903948,35.25,-97.46667,360.3,2005-07-13 05:59:00,999,9,9,9999,9,99999,9,9,9,999999,9,9,9,9999,9,9999,9,99999,9,False,
99999903948,35.25,-97.46667,360.3,2005-07-13 06:52:00,999,9,C,0,5,22000,5,9,N,11265,5,N,5,220,C,190,C,99999,9,False,
99999903948,35.25,-97.46667,360.3,2005-07-13 07:52:00,10,5,N,15,5,22000,5,9,N,6437,5,N,5,220,C,210,C,99999,9,False,
99999903948,35.25,-97.46667,360.3,2005-07-13 08:52:00,999,9,C,0,5,22000,5,9,N,8047,5,N,5,230,C,210,C,99999,9,False,
99999903948,35.25,-97.46667,360.3,2005-07-13 09:52:00,999,9,C,0,5,22000,5,9,N,8047,5,N,5,220,C,210,C,99999,9,False,
99999903948,35.25,-97.46667,360.3,2005-07-13 10:52:00,999,9,C,0,5,22000,5,9,N,8047,5,N,5,220,C,200,C,99999,9,False,
99999903948,35.25,-97.46667,360.3,2005-07-13 11:51:00,999,9,C,0,5,22000,5,9,N,11265,5,N,5,230,C,210,C,99999,9,False,
99999903948,35.25,-97.46667,360.3,2005-07-13 12:52:00,999,9,C,0,5,22000,5,9,N,8047,5,N,5,240,C,220,C,99999,9,False,
99999903948,35.25,-97.46667,360.3,2005-07-13 13:52:00,999,9,C,0,5,22000,5,9,N,11265,5,N,5,270,C,240,C,99999,9,False,
99999903948,35.25,-97.46667,360.3,2005-07-13 14:52:00,999,9,C,0,5,22000,5,9,N,16093,5,N,5,290,C,270,C,99999,9,False,
99999903948,35.25,-97.46667,360.3,2005-07-13 15:52:00,999,9,C,0,5,22000,5,9,N,16093,5,N,5,310,C,240,C,99999,9,False,
99999903948,35.25,-97.46667,360.3,2005-07-13 16:55:00,999,9,C,0,5,22000,5,9,N,16093,5,N,5,330,C,210,C,99999,9,False,
99999903948,35.25,-97.46667,360.3,2005-07-13 17:52:00,320,5,N,15,5,22000,5,9,N,16093,5,N,5,340,C,220,C,99999,9,False,
99999903948,35.25,-97.46667,360.3,2005-07-13 18:52:00,999,9,C,0,5,22000,5,9,N,16093,5,N,5,340,C,190,C,99999,9,False,
99999903948,35.25,-97.46667,360.3,2005-07-13 19:52:00,310,5,N,26,5,22000,5,9,N,16093,5,N,5,360,C,190,C,99999,9,False,
99999903948,35.25,-97.46667,360.3,2005-07-13 20:52:00,320,5,N,26,5,22000,5,9,N,16093,5,N,5,340,C,180,C,99999,9,False,
99999903948,35.25,-97.46667,360.3,2005-07-13 21:53:00,999,9,C,0,5,22000,5,9,N,16093,5,N,5,340,C,180,C,99999,9,False,
99999903948,35.25,-97.46667,360.3,2005-07-13 22:52:00,70,5,N,36,5,22000,5,9,N,16093,5,N,5,360,C,180,C,99999,9,False,
99999903948,35.25,-97.46667,360.3,2005-07-13 23:52:00,110,5,N,26,5,22000,5,9,N,16093,5,N,5,330,C,200,C,99999,9,False,
99999903948,35.25,-97.46667,360.3,2005-07-14 00:52:00,110,5,N,26,5,22000,5,9,N,16093,5,N,5,310,C,200,C,99999,9,False,
99999903948,35.25,-97.46667,360.3,2005-07-14 01:52:00,110,5,N,21,5,22000,5,9,N,16093,5,N,5,290,C,210,C,99999,9,False,
99999903948,35.25,-97.46667,360.3,2005-07-14 02:52:00,40,5,N,26,5,22000,5,9,N,16093,5,N,5,280,C,210,C,99999,9,False,
99999903948,35.25,-97.46667,360.3,2005-07-14 03:52:00,999,9,C,0,5,3353,5,M,N,16093,5,N,5,270,C,210,C,99999,9,False,
99999903948,35.25,-97.46667,360.3,2005-07-14 04:54:00,999,9,C,0,5,22000,5,9,N,16093,5,N,5,270,C,210,C,99999,9,False,
99999903948,35.25,-97.46667,360.3,2005-07-14 05:52:00,999,9,C,0,5,22000,5,9,N,16093,5,N,5,260,C,210,C,99999,9,False,
99999903948,35.25,-97.46667,360.3,2005-07-14 05:59:00,999,9,9,9999,9,99999,9,9,9,999999,9,9,9,9999,9,9999,9,99999,9,False,
99999903948,35.25,-97.46667,360.3,2005-07-14 06:52:00,999,9,C,0,5,2743,5,M,N,16093,5,N,5,260,C,210,C,99999,9,False,
99999903948,35.25,-97.46667,360.3,2005-07-14 07:52:00,340,5,N,31,5,1524,5,M,N,16093,5,N,5,260,C,200,C,99999,9,False,
99999903948,35.25,-97.46667,360.3,2005-07-14 08:52:00,70,5,N,41,5,2743,5,M,N,16093,5,N,5,240,C,190,C,99999,9,False,
99999903948,35.25,-97.46667,360.3,2005-07-14 09:52:00,20,5,N,31,5,2743,5,M,N,16093,5,N,5,220,C,200,C,99999,9,False,
99999903948,35.25,-97.46667,360.3,2005-07-14 10:52:00,190,5,N,26,5,1494,5,M,N,8047,5,N,5,210,C,190,C,99999,9,False,
99999903948,35.25,-97.46667,360.3,2005-07-14 11:52:00,999,9,C,0,5,1128,5,M,N,16093,5,N,5,210,C,190,C,99999,9,False,
99999903948,35.25,-97.46667,360.3,2005-07-14 12:51:00,350,5,N,21,5,22000,5,9,N,8047,5,N,5,210,C,200,C,99999,9,False,
99999903948,35.25,-97.46667,360.3,2005-07-14 13:52:00,170,5,N,15,5,3048,5,M,N,16093,5,N,5,220,C,210,C,99999,9,False,
99999903948,35.25,-97.46667,360.3,2005-07-14 14:51:00,999,9,C,0,5,22000,5,9,N,16093,5,N,5,250,C,220,C,99999,9,False,
99999903948,35.25,-97.46667,360.3,2005-07-14 15:52:00,999,9,C,0,5,22000,5,9,N,16093,5,N,5,260,C,220,C,99999,9,False,
99999903948,35.25,-97.46667,360.3,2005-07-14 16:52:00,999,9,C,0,5,22000,5,9,N,16093,5,N,5,310,C,270,C,99999,9,False,
99999903948,35.25,-97.46667,360.3,2005-07-14 17:52:00,90,5,N,15,5,22000,5,9,N,16093,5,N,5,330,C,290,C,99999,9,False,
99999903948,35.25,-97.46667,360.3,2005-07-14 18:52:00,100,5,N,15,5,22000,5,9,N,16093,5,N,5,320,C,240,C,99999,9,False,
99999903948,35.25,-97.46667,360.3,2005-07-14 19:53:00,70,5,N,26,5,22000,5,9,N,16093,5,N,5,330,C,230,C,99999,9,False,
99999903948,35.25,-97.46667,360.3,2005-07-14 20:52:00,50,5,N,36,5,22000,5,9,N,16093,5,N,5,330,C,220,C,99999,9,False,
99999903948,35.25,-97.46667,360.3,2005-07-14 21:52:00,50,5,N,41,5,22000,5,9,N,16093,5,N,5,340,C,200,C,99999,9,False,
99999903948,35.25,-97.46667,360.3,2005-07-14 22:52:00,60,5,N,57,5,22000,5,9,N,16093,5,N,5,320,C,200,C,99999,9,False,
99999903948,35.25,-97.46667,360.3,2005-07-14 23:52:00,80,5,N,46,5,22000,5,9,N,16093,5,N,5,320,C,190,C,99999,9,False,
99999903948,35.25,-97.46667,360.3,2005-07-15 00:52:00,90,5,N,31,5,22000,5,9,N,16093,5,N,5,310,C,210,C,99999,9,False,
99999903948,35.25,-97.46667,360.3,2005-07-15 01:52:00,999,9,C,0,5,22000,5,9,N,11265,5,N,5,280,C,210,C,99999,9,False,
99999903948,35.25,-97.46667,360.3,2005-07-15 02:52:00,10,5,N,15,5,22000,5,9,N,16093,5,N,5,260,C,210,C,99999,9,False,
99999903948,35.25,-97.46667,360.3,2005-07-15 03:52:00,40,5,N,26,5,22000,5,9,N,11265,5,N,5,250,C,210,C,99999,9,False,
99999903948,35.25,-97.46667,360.3,2005-07-15 04:52:00,999,9,C,0,5,22000,5,9,N,11265,5,N,5,250,C,210,C,99999,9,False,
99999903948,35.25,-97.46667,360.3,2005-07-15 05:52:00,50,5,N,15,5,22000,5,9,N,11265,5,N,5,240,C,210,C,99999,9,False,
99999903948,35.25,-97.46667,360.3,2005-07-15 05:59:00,999,9,9,9999,9,99999,9,9,9,999999,9,9,9,9999,9,9999,9,99999,9,False,
99999903948,35.25,-97.46667,360.3,2005-07-15 06:52:00,40,5,N,21,5,22000,5,9,N,11265,5,N,5,240,C,210,C,99999,9,False,
99999903948,35.25,-97.46667,360.3,2005-07-15 07:52:00,70,5,N,15,5,22000,5,9,N,11265,5,N,5,240,C,210,C,99999,9,False,
99999903948,35.25,-97.46667,360.3,2005-07-15 08:52:00,10,5,N,21,5,22000,5,9,N,11265,5,N,5,230,C,210,C,99999,9,False,
99999903948,35.25,-97.46667,360.3,2005-07-15 09:52:00,999,9,C,0,5,99999,9,9,N,11265,5,N,5,230,C,210,C,99999,9,False,
99999903948,35.25,-97.46667,360.3,2005-07-15 10:52:00,360,5,N,21,5,22000,5,9,N,8047,5,N,5,230,C,200,C,99999,9,False,
99999903948,35.25,-97.46667,360.3,2005-07-15 11:52:00,999,9,C,0,5,22000,5,9,N,6437,5,N,5,230,C,200,C,99999,9,False,
99999903948,35.25,-97.46667,360.3,2005-07-15 12:52:00,999,9,C,0,5,22000,5,9,N,8047,5,N,5,260,C,230,C,99999,9,False,
99999903948,35.25,-97.46667,360.3,2005-07-15 13:52:00,30,5,N,26,5,22000,5,9,N,11265,5,N,5,280,C,220,C,99999,9,False,
99999903948,35.25,-97.46667,360.3,2005-07-15 14:55:00,20,5,N,26,5,99999,9,9,N,11265,5,N,5,300,C,220,C,99999,9,False,
99999903948,35.25,-97.46667,360.3,2005-07-15 15:52:00,50,5,N,41,5,22000,5,9,N,11265,5,N,5,320,C,220,C,99999,9,False,
99999903948,35.25,-97.46667,360.3,2005-07-15 16:52:00,50,5,N,31,5,22000,5,9,N,11265,5,N,5,330,C,220,C,99999,9,False,
99999903948,35.25,-97.46667,360.3,2005-07-15 17:52:00,60,5,N,51,5,22000,5,9,N,16093,5,N,5,340,C,210,C,99999,9,False,
99999903948,35.25,-97.46667,360.3,2005-07-15 18:52:00,60,5,N,36,5,22000,5,9,N,11265,5,N,5,340,C,200,C,99999,9,False,
99999903948,35.25,-97.46667,360.3,2005-07-15 19:52:00,80,5,N,26,5,22000,5,9,N,16093,5,N,5,340,C,210,C,99999,9,False,
99999903948,35.25,-97.46667,360.3,2005-07-15 20:52:00,60,5,N,21,5,22000,5,9,N,16093,5,N,5,340,C,210,C,99999,9,False,
99999903948,35.25,-97.46667,360.3,2005-07-15 21:52:00,70,5,N,46,5,22000,5,9,N,16093,5,N,5,350,C,210,C,99999,9,False,
99999903948,35.25,-97.46667,360.3,2005-07-15 22:52:00,60,5,N,36,5,22000,5,9,N,16093,5,N,5,340,C,210,C,99999,9,False,
99999903948,35.25,-97.46667,360.3,2005-07-15 23:52:00,90,5,N,41,5,22000,5,9,N,16093,5,N,5,330,C,210,C,99999,9,False,
99999903948,35.25,-97.46667,360.3,2005-07-16 00:52:00,110,5,N,46,5,22000,5,9,N,16093,5,N,5,290,C,200,C,99999,9,False,
99999903948,35.25,-97.46667,360.3,2005-07-16 01:52:00,130,5,N,26,5,22000,5,9,N,16093,5,N,5,280,C,190,C,99999,9,False,
99999903948,35.25,-97.46667,360.3,2005-07-16 02:52:00,999,9,C,0,5,22000,5,9,N,16093,5,N,5,270,C,190,C,99999,9,False,
99999903948,35.25,-97.46667,360.3,2005-07-16 03:52:00,120,5,N,21,5,22000,5,9,N,16093,5,N,5,260,C,190,C,99999,9,False,
99999903948,35.25,-97.46667,360.3,2005-07-16 04:52:00,999,9,C,0,5,22000,5,9,N,16093,5,N,5,250,C,190,C,99999,9,False,
99999903948,35.25,-97.46667,360.3,2005-07-16 05:52:00,999,9,C,0,5,22000,5,9,N,16093,5,N,5,240,C,190,C,99999,9,False,
99999903948,35.25,-97.46667,360.3,2005-07-16 05:59:00,999,9,9,9999,9,99999,9,9,9,999999,9,9,9,9999,9,9999,9,99999,9,False,
99999903948,35.25,-97.46667,360.3,2005-07-16 06:52:00,999,9,C,0,5,22000,5,9,N,11265,5,N,5,230,C,200,C,99999,9,False,
99999903948,35.25,-97.46667,360.3,2005-07-16 07:52:00,999,9,C,0,5,22000,5,9,N,11265,5,N,5,220,C,190,C,99999,9,False,
99999903948,35.25,-97.46667,360.3,2005-07-16 08:52:00,999,9,C,0,5,22000,5,9,N,11265,5,N,5,220,C,190,C,99999,9,False,
99999903948,35.25,-97.46667,360.3,2005-07-16 09:52:00,999,9,C,0,5,22000,5,9,N,11265,5,N,5,220,C,190,C,99999,9,False,
99999903948,35.25,-97.46667,360.3,2005-07-16 10:52:00,180,5,N,15,5,22000,5,9,N,6437,5,N,5,220,C,200,C,99999,9,False,
99999903948,35.25,-97.46667,360.3,2005-07-16 11:52:00,999,9,C,0,5,22000,5,9,N,6437,5,N,5,220,C,200,C,99999,9,False,
99999903948,35.25,-97.46667,360.3,2005-07-16 12:52:00,999,9,C,0,5,22000,5,9,N,8047,5,N,5,240,C,210,C,99999,9,False,
99999903948,35.25,-97.46667,360.3,2005-07-16 13:53:00,140,5,N,15,5,22000,5,9,N,11265,5,N,5,270,C,220,C,99999,9,False,
99999903948,35.25,-97.46667,360.3,2005-07-16 14:52:00,190,5,N,15,5,22000,5,9,N,16093,5,N,5,290,C,210,C,99999,9,False,
99999903948,35.25,-97.46667,360.3,2005-07-16 15:52:00,140,5,N,15,5,22000,5,9,N,16093,5,N,5,310,C,210,C,99999,9,False,
99999903948,35.25,-97.46667,360.3,2005-07-16 16:52:00,140,5,N,31,5,22000,5,9,N,16093,5,N,5,320,C,210,C,99999,9,False,
99999903948,35.25,-97.46667,360.3,2005-07-16 17:52:00,90,5,N,31,5,22000,5,9,N,16093,5,N,5,320,C,210,C,99999,9,False,
99999903948,35.25,-97.46667,360.3,2005-07-16 18:52:00,180,5,N,31,5,22000,5,9,N,16093,5,N,5,330,C,210,C,99999,9,False,
99999903948,35.25,-97.46667,360.3,2005-07-16 19:52:00,130,5,N,46,5,1341,5,M,N,16093,5,N,5,330,C,200,C,99999,9,False,
99999903948,35.25,-97.46667,360.3,2005-07-16 20:52:00,150,5,N,36,5,22000,5,9,N,16093,5,N,5,330,C,210,C,99999,9,False,
99999903948,35.25,-97.46667,360.3,2005-07-16 21:52:00,190,5,N,41,5,22000,5,9,N,16093,5,N,5,340,C,200,C,99999,9,False,
99999903948,35.25,-97.46667,360.3,2005-07-16 22:52:00,120,5,N,46,5,22000,5,9,N,16093,5,N,5,330,C,200,C,99999,9,False,
99999903948,35.25,-97.46667,360.3,2005-07-16 23:52:00,110,5,N,51,5,22000,5,9,N,16093,5,N,5,320,C,210,C,99999,9,False,
99999903948,35.25,-97.46667,360.3,2005-07-17 00:52:00,120,5,N,46,5,22000,5,9,N,16093,5,N,5,310,C,210,C,99999,9,False,
99999903948,35.25,-97.46667,360.3,2005-07-17 01:52:00,130,5,N,36,5,22000,5,9,N,16093,5,N,5,280,C,210,C,99999,9,False,
99999903948,35.25,-97.46667,360.3,2005-07-17 02:52:00,160,5,N,36,5,22000,5,9,N,16093,5,N,5,280,C,210,C,99999,9,False,
99999903948,35.25,-97.46667,360.3,2005-07-17 03:52:00,170,5,N,31,5,22000,5,9,N,16093,5,N,5,270,C,210,C,99999,9,False,
99999903948,35.25,-97.46667,360.3,2005-07-17 04:52:00,170,5,N,46,5,22000,5,9,N,16093,5,N,5,260,C,210,C,99999,9,False,
99999903948,35.25,-97.46667,360.3,2005-07-17 05:52:00,180,5,N,31,5,22000,5,9,N,16093,5,N,5,250,C,210,C,99999,9,False,
99999903948,35.25,-97.46667,360.3,2005-07-17 05:59:00,999,9,9,9999,9,99999,9,9,9,999999,9,9,9,9999,9,9999,9,99999,9,False,
99999903948,35.25,-97.46667,360.3,2005-07-17 06:52:00,190,5,N,31,5,22000,5,9,N,16093,5,N,5,240,C,210,C,99999,9,False,
99999903948,35.25,-97.46667,360.3,2005-07-17 07:52:00,170,5,N,31,5,22000,5,9,N,16093,5,N,5,230,C,210,C,99999,9,False,
99999903948,35.25,-97.46667,360.3,2005-07-17 08:52:00,180,5,N,31,5,22000,5,9,N,16093,5,N,5,230,C,210,C,99999,9,False,
99999903948,35.25,-97.46667,360.3,2005-07-17 09:52:00,180,5,N,26,5,22000,5,9,N,11265,5,N,5,230,C,210,C,99999,9,False,
99999903948,35.25,-97.46667,360.3,2005-07-17 10:52:00,180,5,N,26,5,22000,5,9,N,11265,5,N,5,220,C,210,C,99999,9,False,
99999903948,35.25,-97.46667,360.3,2005-07-17 11:52:00,160,5,N,36,5,22000,5,9,N,8047,5,N,5,230,C,210,C,99999,9,False,
99999903948,35.25,-97.46667,360.3,2005-07-17 12:52:00,180,5,N,57,5,22000,5,9,N,11265,5,N,5,240,C,210,C,99999,9,False,
99999903948,35.25,-97.46667,360.3,2005-07-17 13:52:00,190,5,N,62,5,22000,5,9,N,16093,5,N,5,260,C,220,C,99999,9,False,
99999903948,35.25,-97.46667,360.3,2005-07-17 14:52:00,190,5,N,57,5,22000,5,9,N,16093,5,N,5,280,C,220,C,99999,9,False,
99999903948,35.25,-97.46667,360.3,2005-07-17 15:52:00,190,5,N,57,5,22000,5,9,N,16093,5,N,5,300,C,220,C,99999,9,False,
99999903948,35.25,-97.46667,360.3,2005-07-17 16:52:00,180,5,N,57,5,22000,5,9,N,16093,5,N,5,320,C,220,C,99999,9,False,
99999903948,35.25,-97.46667,360.3,2005-07-17 17:52:00,200,5,N,72,5,22000,5,9,N,16093,5,N,5,330,C,210,C,99999,9,False,
99999903948,35.25,-97.46667,360.3,2005-07-17 18:52:00,210,5,N,67,5,22000,5,9,N,16093,5,N,5,330,C,210,C,99999,9,False,
99999903948,35.25,-97.46667,360.3,2005-07-17 19:52:00,210,5,N,67,5,22000,5,9,N,16093,5,N,5,340,C,200,C,99999,9,False,
99999903948,35.25,-97.46667,360.3,2005-07-17 20:52:00,180,5,N,77,5,22000,5,9,N,16093,5,N,5,350,C,200,C,99999,9,False,
99999903948,35.25,-97.46667,360.3,2005-07-17 21:52:00,180,5,N,72,5,22000,5,9,N,16093,5,N,5,350,C,200,C,99999,9,False,
99999903948,35.25,-97.46667,360.3,2005-07-17 22:52:00,180,5,N,67,5,22000,5,9,N,16093,5,N,5,350,C,200,C,99999,9,False,
99999903948,35.25,-97.46667,360.3,2005-07-17 23:52:00,180,5,N,62,5,22000,5,9,N,16093,5,N,5,340,C,200,C,99999,9,False,
99999903948,35.25,-97.46667,360.3,2005-07-18 00:52:00,170,5,N,51,5,22000,5,9,N,16093,5,N,5,330,C,190,C,99999,9,False,
99999903948,35.25,-97.46667,360.3,2005-07-18 01:53:00,180,5,N,62,5,22000,5,9,N,16093,5,N,5,310,C,210,C,99999,9,False,
99999903948,35.25,-97.46667,360.3,2005-07-18 02:52:00,170,5,N,46,5,22000,5,9,N,16093,5,N,5,290,C,210,C,99999,9,False,
99999903948,35.25,-97.46667,360.3,2005-07-18 03:52:00,170,5,N,51,5,22000,5,9,N,16093,5,N,5,280,C,210,C,99999,9,False,
99999903948,35.25,-97.46667,360.3,2005-07-18 04:52:00,180,5,N,41,5,22000,5,9,N,16093,5,N,5,270,C,200,C,99999,9,False,
99999903948,35.25,-97.46667,360.3,2005-07-18 05:52:00,170,5,N,46,5,22000,5,9,N,16093,5,N,5,260,C,200,C,99999,9,False,
99999903948,35.25,-97.46667,360.3,2005-07-18 05:59:00,999,9,9,9999,9,99999,9,9,9,999999,9,9,9,9999,9,9999,9,99999,9,False,
99999903948,35.25,-97.46667,360.3,2005-07-18 06:52:00,180,5,N,46,5,22000,5,9,N,16093,5,N,5,260,C,210,C,99999,9,False,
99999903948,35.25,-97.46667,360.3,2005-07-18 07:52:00,190,5,N,57,5,22000,5,9,N,16093,5,N,5,260,C,210,C,99999,9,False,
99999903948,35.25,-97.46667,360.3,2005-07-18 08:52:00,180,5,N,67,5,22000,5,9,N,16093,5,N,5,250,C,210,C,99999,9,False,
99999903948,35.25,-97.46667,360.3,2005-07-18 09:52:00,190,5,N,51,5,22000,5,9,N,16093,5,N,5,240,C,210,C,99999,9,False,
99999903948,35.25,-97.46667,360.3,2005-07-18 10:52:00,180,5,N,57,5,22000,5,9,N,16093,5,N,5,240,C,210,C,99999,9,False,
99999903948,35.25,-97.46667,360.3,2005-07-18 11:52:00,180,5,N,51,5,22000,5,9,N,16093,5,N,5,240,C,210,C,99999,9,False,
99999903948,35.25,-97.46667,360.3,2005-07-18 12:53:00,200,5,N,36,5,22000,5,9,N,16093,5,N,5,250,C,210,C,99999,9,False,
99999903948,35.25,-97.46667,360.3,2005-07-18 13:52:00,200,5,N,51,5,457,5,M,N,16093,5,N,5,270,C,220,C,99999,9,False,
99999903948,35.25,-97.46667,360.3,2005-07-18 14:52:00,210,5,N,51,5,22000,5,9,N,16093,5,N,5,280,C,220,C,99999,9,False,
99999903948,35.25,-97.46667,360.3,2005-07-18 15:52:00,210,5,N,57,5,22000,5,9,N,16093,5,N,5,290,C,220,C,99999,9,False,
99999903948,35.25,-97.46667,360.3,2005-07-18 16:54:00,200,5,N,51,5,22000,5,9,N,16093,5,N,5,320,C,220,C,99999,9,False,
99999903948,35.25,-97.46667,360.3,2005-07-18 17:52:00,180,5,N,46,5,22000,5,9,N,16093,5,N,5,330,C,220,C,99999,9,False,
99999903948,35.25,-97.46667,360.3,2005-07-18 18:52:00,180,5,N,46,5,22000,5,9,N,16093,5,N,5,340,C,220,C,99999,9,False,
99999903948,35.25,-97.46667,360.3,2005-07-18 19:54:00,170,5,N,41,5,22000,5,9,N,16093,5,N,5,340,C,220,C,99999,9,False,
99999903948,35.25,-97.46667,360.3,2005-07-18 20:52:00,170,5,N,41,5,22000,5,9,N,16093,5,N,5,340,C,220,C,99999,9,False,
99999903948,35.25,-97.46667,360.3,2005-07-18 21:52:00,160,5,N,57,5,22000,5,9,N,16093,5,N,5,320,C,220,C,99999,9,False,
99999903948,35.25,-97.46667,360.3,2005-07-18 22:52:00,170,5,N,67,5,22000,5,9,N,16093,5,N,5,310,C,220,C,99999,9,False,
99999903948,35.25,-97.46667,360.3,2005-07-18 23:52:00,170,5,N,67,5,22000,5,9,N,16093,5,N,5,290,C,220,C,99999,9,False,
99999903948,35.25,-97.46667,360.3,2005-07-19 00:54:00,170,5,N,41,5,22000,5,9,N,16093,5,N,5,280,C,210,C,99999,9,False,
99999903948,35.25,-97.46667,360.3,2005-07-19 01:52:00,180,5,N,26,5,22000,5,9,N,16093,5,N,5,260,C,210,C,99999,9,False,
99999903948,35.25,-97.46667,360.3,2005-07-19 02:52:00,160,5,N,46,5,22000,5,9,N,16093,5,N,5,250,C,210,C,99999,9,False,
99999903948,35.25,-97.46667,360.3,2005-07-19 03:52:00,180,5,N,41,5,22000,5,9,N,16093,5,N,5,240,C,210,C,99999,9,False,
99999903948,35.25,-97.46667,360.3,2005-07-19 04:52:00,170,5,N,57,5,22000,5,9,N,16093,5,N,5,240,C,210,C,99999,9,False,
99999903948,35.25,-97.46667,360.3,2005-07-19 05:54:00,160,5,N,41,5,22000,5,9,N,16093,5,N,5,240,C,210,C,99999,9,False,
99999903948,35.25,-97.46667,360.3,2005-07-19 06:52:00,170,5,N,26,5,22000,5,9,N,16093,5,N,5,250,C,210,C,99999,9,False,
99999903948,35.25,-97.46667,360.3,2005-07-19 07:52:00,190,5,N,26,5,22000,5,9,N,16093,5,N,5,240,C,220,C,99999,9,False,
99999903948,35.25,-97.46667,360.3,2005-07-19 08:52:00,170,5,N,26,5,22000,5,9,N,16093,5,N,5,240,C,220,C,99999,9,False,
99999903948,35.25,-97.46667,360.3,2005-07-19 09:52:00,180,5,N,26,5,22000,5,9,N,11265,5,N,5,240,C,220,C,99999,9,False,
99999903948,35.25,-97.46667,360.3,2005-07-19 10:54:00,180,5,N,36,5,22000,5,9,N,11265,5,N,5,240,C,220,C,99999,9,False,
99999903948,35.25,-97.46667,360.3,2005-07-19 11:52:00,170,5,N,36,5,22000,5,9,N,8047,5,N,5,240,C,220,C,99999,9,False,
99999903948,35.25,-97.46667,360.3,2005-07-19 12:52:00,180,5,N,51,5,22000,5,9,N,11265,5,N,5,260,C,220,C,99999,9,False,
99999903948,35.25,-97.46667,360.3,2005-07-19 13:52:00,180,5,N,57,5,22000,5,9,N,16093,5,N,5,270,C,220,C,99999,9,False,
99999903948,35.25,-97.46667,360.3,2005-07-19 14:52:00,200,5,N,57,5,22000,5,9,N,16093,5,N,5,290,C,220,C,99999,9,False,
99999903948,35.25,-97.46667,360.3,2005-07-19 15:52:00,190,5,N,57,5,22000,5,9,N,16093,5,N,5,320,C,220,C,99999,9,False,
99999903948,35.25,-97.46667,360.3,2005-07-19 16:52:00,200,5,N,62,5,22000,5,9,N,16093,5,N,5,330,C,210,C,99999,9,False,
99999903948,35.25,-97.46667,360.3,2005-07-19 17:52:00,200,5,N,57,5,22000,5,9,N,16093,5,N,5,340,C,220,C,99999,9,False,
99999903948,35.25,-97.46667,360.3,2005-07-19 18:52:00,180,5,N,62,5,22000,5,9,N,16093,5,N,5,350,C,210,C,99999,9,False,
99999903948,35.25,-97.46667,360.3,2005-07-19 19:52:00,190,5,N,67,5,22000,5,9,N,16093,5,N,5,350,C,200,C,99999,9,False,
99999903948,35.25,-97.46667,360.3,2005-07-19 20:52:00,170,5,N,46,5,22000,5,9,N,16093,5,N,5,360,C,200,C,99999,9,False,
99999903948,35.25,-97.46667,360.3,2005-07-19 21:52:00,180,5,N,72,5,22000,5,9,N,16093,5,N,5,360,C,210,C,99999,9,False,
99999903948,35.25,-97.46667,360.3,2005-07-19 22:52:00,160,5,N,62,5,22000,5,9,N,16093,5,N,5,360,C,200,C,99999,9,False,
99999903948,35.25,-97.46667,360.3,2005-07-19 23:52:00,160,5,N,62,5,22000,5,9,N,16093,5,N,5,340,C,210,C,99999,9,False,
99999903948,35.25,-97.46667,360.3,2005-07-20 00:52:00,150,5,N,77,5,22000,5,9,N,16093,5,N,5,330,C,210,C,99999,9,False,
99999903948,35.25,-97.46667,360.3,2005-07-20 01:52:00,150,5,N,51,5,22000,5,9,N,16093,5,N,5,310,C,200,C,99999,9,False,
99999903948,35.25,-97.46667,360.3,2005-07-20 02:52:00,160,5,N,51,5,22000,5,9,N,16093,5,N,5,300,C,200,C,99999,9,False,
99999903948,35.25,-97.46667,360.3,2005-07-20 03:52:00,150,5,N,46,5,22000,5,9,N,16093,5,N,5,290,C,200,C,99999,9,False,
99999903948,35.25,-97.46667,360.3,2005-07-20 04:52:00,160,5,N,41,5,22000,5,9,N,16093,5,N,5,280,C,200,C,99999,9,False,
99999903948,35.25,-97.46667,360.3,2005-07-20 05:52:00,170,5,N,51,5,22000,5,9,N,16093,5,N,5,280,C,210,C,99999,9,False,
99999903948,35.25,-97.46667,360.3,2005-07-20 05:59:00,999,9,9,9999,9,99999,9,9,9,999999,9,9,9,9999,9,9999,9,99999,9,False,
99999903948,35.25,-97.46667,360.3,2005-07-20 06:52:00,170,5,N,36,5,22000,5,9,N,16093,5,N,5,270,C,210,C,99999,9,False,
99999903948,35.25,-97.46667,360.3,2005-07-20 07:52:00,180,5,N,41,5,22000,5,9,N,16093,5,N,5,260,C,210,C,99999,9,False,
99999903948,35.25,-97.46667,360.3,2005-07-20 08:52:00,180,5,N,36,5,22000,5,9,N,16093,5,N,5,260,C,210,C,99999,9,False,
99999903948,35.25,-97.46667,360.3,2005-07-20 09:52:00,190,5,N,41,5,22000,5,9,N,16093,5,N,5,260,C,210,C,99999,9,False,
99999903948,35.25,-97.46667,360.3,2005-07-20 10:52:00,200,5,N,36,5,22000,5,9,N,16093,5,N,5,240,C,210,C,99999,9,False,
99999903948,35.25,-97.46667,360.3,2005-07-20 11:52:00,190,5,N,31,5,22000,5,9,N,16093,5,N,5,240,C,210,C,99999,9,False,
99999903948,35.25,-97.46667,360.3,2005-07-20 12:52:00,180,5,N,51,5,22000,5,9,N,16093,5,N,5,260,C,210,C,99999,9,False,
99999903948,35.25,-97.46667,360.3,2005-07-20 13:52:00,210,5,N,41,5,22000,5,9,N,16093,5,N,5,280,C,210,C,99999,9,False,
99999903948,35.25,-97.46667,360.3,2005-07-20 14:52:00,220,5,N,72,5,22000,5,9,N,16093,5,N,5,310,C,210,C,99999,9,False,
99999903948,35.25,-97.46667,360.3,2005-07-20 15:52:00,210,5,N,67,5,22000,5,9,N,16093,5,N,5,320,C,210,C,99999,9,False,
99999903948,35.25,-97.46667,360.3,2005-07-20 16:52:00,210,5,N,62,5,22000,5,9,N,16093,5,N,5,330,C,200,C,99999,9,False,
99999903948,35.25,-97.46667,360.3,2005-07-20 17:52:00,200,5,N,62,5,22000,5,9,N,16093,5,N,5,340,C,190,C,99999,9,False,
99999903948,35.25,-97.46667,360.3,2005-07-20 18:52:00,190,5,N,62,5,22000,5,9,N,16093,5,N,5,360,C,180,C,99999,9,False,
99999903948,35.25,-97.46667,360.3,2005-07-20 19:52:00,180,5,N,77,5,22000,5,9,N,16093,5,N,5,370,C,180,C,99999,9,False,
99999903948,35.25,-97.46667,360.3,2005-07-20 20:52:00,220,5,N,51,5,22000,5,9,N,16093,5,N,5,370,C,180,C,99999,9,False,
99999903948,35.25,-97.46667,360.3,2005-07-20 21:52:00,220,5,N,67,5,22000,5,9,N,16093,5,N,5,370,C,180,C,99999,9,False,
99999903948,35.25,-97.46667,360.3,2005-07-20 22:52:00,190,5,N,57,5,22000,5,9,N,16093,5,N,5,370,C,170,C,99999,9,False,
99999903948,35.25,-97.46667,360.3,2005-07-20 23:52:00,200,5,N,51,5,22000,5,9,N,16093,5,N,5,360,C,170,C,99999,9,False,
99999903948,35.25,-97.46667,360.3,2005-07-21 00:52:00,170,5,N,51,5,22000,5,9,N,16093,5,N,5,350,C,180,C,99999,9,False,
99999903948,35.25,-97.46667,360.3,2005-07-21 01:52:00,170,5,N,41,5,22000,5,9,N,16093,5,N,5,320,C,180,C,99999,9,False,
99999903948,35.25,-97.46667,360.3,2005-07-21 02:52:00,160,5,N,41,5,22000,5,9,N,16093,5,N,5,310,C,190,C,99999,9,False,
99999903948,35.25,-97.46667,360.3,2005-07-21 03:52:00,170,5,N,41,5,22000,5,9,N,16093,5,N,5,300,C,200,C,99999,9,False,
99999903948,35.25,-97.46667,360.3,2005-07-21 04:52:00,190,5,N,46,5,22000,5,9,N,16093,5,N,5,280,C,210,C,99999,9,False,
99999903948,35.25,-97.46667,360.3,2005-07-21 05:52:00,200,5,N,36,5,22000,5,9,N,16093,5,N,5,280,C,200,C,99999,9,False,
99999903948,35.25,-97.46667,360.3,2005-07-21 06:52:00,210,5,N,46,5,22000,5,9,N,16093,5,N,5,270,C,190,C,99999,9,False,
99999903948,35.25,-97.46667,360.3,2005-07-21 07:52:00,200,5,N,31,5,22000,5,9,N,16093,5,N,5,260,C,180,C,99999,9,False,
99999903948,35.25,-97.46667,360.3,2005-07-21 08:52:00,190,5,N,41,5,22000,5,9,N,16093,5,N,5,250,C,180,C,99999,9,False,
99999903948,35.25,-97.46667,360.3,2005-07-21 09:52:00,200,5,N,41,5,22000,5,9,N,16093,5,N,5,240,C,180,C,99999,9,False,
99999903948,35.25,-97.46667,360.3,2005-07-21 10:52:00,190,5,N,36,5,22000,5,9,N,16093,5,N,5,230,C,180,C,99999,9,False,
99999903948,35.25,-97.46667,360.3,2005-07-21 11:52:00,220,5,N,31,5,22000,5,9,N,16093,5,N,5,230,C,190,C,99999,9,False,
99999903948,35.25,-97.46667,360.3,2005-07-21 12:52:00,210,5,N,41,5,22000,5,9,N,16093,5,N,5,260,C,200,C,99999,9,False,
99999903948,35.25,-97.46667,360.3,2005-07-21 13:52:00,230,5,N,51,5,22000,5,9,N,16093,5,N,5,290,C,210,C,99999,9,False,
99999903948,35.25,-97.46667,360.3,2005-07-21 14:52:00,220,5,N,62,5,22000,5,9,N,16093,5,N,5,310,C,220,C,99999,9,False,
99999903948,35.25,-97.46667,360.3,2005-07-21 15:52:00,200,5,N,57,5,22000,5,9,N,16093,5,N,5,330,C,210,C,99999,9,False,
99999903948,35.25,-97.46667,360.3,2005-07-21 16:52:00,220,5,N,57,5,22000,5,9,N,16093,5,N,5,340,C,200,C,99999,9,False,
99999903948,35.25,-97.46667,360.3,2005-07-21 17:52:00,180,5,N,57,5,22000,5,9,N,16093,5,N,5,350,C,190,C,99999,9,False,
99999903948,35.25,-97.46667,360.3,2005-07-21 18:52:00,230,5,N,51,5,22000,5,9,N,16093,5,N,5,360,C,180,C,99999,9,False,
99999903948,35.25,-97.46667,360.3,2005-07-21 19:52:00,200,5,N,51,5,22000,5,9,N,16093,5,N,5,370,C,180,C,99999,9,False,
99999903948,35.25,-97.46667,360.3,2005-07-21 20:52:00,240,5,N,36,5,22000,5,9,N,16093,5,N,5,370,C,180,C,99999,9,False,
99999903948,35.25,-97.46667,360.3,2005-07-21 21:53:00,230,5,N,46,5,22000,5,9,N,16093,5,N,5,380,C,180,C,99999,9,False,
99999903948,35.25,-97.46667,360.3,2005-07-21 22:52:00,250,5,N,36,5,22000,5,9,N,16093,5,N,5,380,C,170,C,99999,9,False,
99999903948,35.25,-97.46667,360.3,2005-07-21 23:52:00,210,5,N,51,5,22000,5,9,N,16093,5,N,5,370,C,180,C,99999,9,False,
99999903948,35.25,-97.46667,360.3,2005-07-22 00:52:00,190,5,N,41,5,22000,5,9,N,16093,5,N,5,360,C,170,C,99999,9,False,
99999903948,35.25,-97.46667,360.3,2005-07-22 01:52:00,160,5,N,36,5,22000,5,9,N,16093,5,N,5,330,C,180,C,99999,9,False,
99999903948,35.25,-97.46667,360.3,2005-07-22 02:52:00,170,5,N,31,5,22000,5,9,N,16093,5,N,5,310,C,190,C,99999,9,False,
99999903948,35.25,-97.46667,360.3,2005-07-22 03:52:00,180,5,N,36,5,22000,5,9,N,16093,5,N,5,300,C,190,C,99999,9,False,
99999903948,35.25,-97.46667,360.3,2005-07-22 04:52:00,170,5,N,21,5,22000,5,9,N,16093,5,N,5,280,C,210,C,99999,9,False,
99999903948,35.25,-97.46667,360.3,2005-07-22 05:52:00,180,5,N,31,5,22000,5,9,N,16093,5,N,5,280,C,210,C,99999,9,False,
99999903948,35.25,-97.46667,360.3,2005-07-22 06:52:00,190,5,N,36,5,22000,5,9,N,16093,5,N,5,270,C,210,C,99999,9,False,
99999903948,35.25,-97.46667,360.3,2005-07-22 07:52:00,180,5,N,26,5,22000,5,9,N,16093,5,N,5,260,C,210,C,99999,9,False,
99999903948,35.25,-97.46667,360.3,2005-07-22 08:52:00,180,5,N,26,5,22000,5,9,N,16093,5,N,5,260,C,210,C,99999,9,False,
99999903948,35.25,-97.46667,360.3,2005-07-22 09:52:00,200,5,N,21,5,22000,5,9,N,16093,5,N,5,250,C,210,C,99999,9,False,
99999903948,35.25,-97.46667,360.3,2005-07-22 10:52:00,210,5,N,15,5,22000,5,9,N,16093,5,N,5,250,C,200,C,99999,9,False,
99999903948,35.25,-97.46667,360.3,2005-07-22 11:52:00,220,5,N,21,5,22000,5,9,N,16093,5,N,5,250,C,200,C,99999,9,False,
99999903948,35.25,-97.46667,360.3,2005-07-22 12:52:00,230,5,N,21,5,22000,5,9,N,16093,5,N,5,280,C,210,C,99999,9,False,
99999903948,35.25,-97.46667,360.3,2005-07-22 13:52:00,230,5,N,31,5,22000,5,9,N,16093,5,N,5,310,C,210,C,99999,9,False,
99999903948,35.25,-97.46667,360.3,2005-07-22 14:52:00,250,5,N,41,5,99999,9,9,N,16093,5,N,5,330,C,210,C,99999,9,False,
99999903948,35.25,-97.46667,360.3,2005-07-22 15:52:00,240,5,N,36,5,22000,5,9,N,16093,5,N,5,350,C,210,C,99999,9,False,
99999903948,35.25,-97.46667,360.3,2005-07-22 16:52:00,220,5,N,31,5,22000,5,9,N,16093,5,N,5,360,C,200,C,99999,9,False,
99999903948,35.25,-97.46667,360.3,2005-07-22 17:52:00,280,5,N,21,5,22000,5,9,N,16093,5,N,5,370,C,190,C,99999,9,False,
99999903948,35.25,-97.46667,360.3,2005-07-22 18:52:00,120,5,N,21,5,22000,5,9,N,16093,5,N,5,390,C,190,C,99999,9,False,
99999903948,35.25,-97.46667,360.3,2005-07-22 19:52:00,100,5,N,26,5,22000,5,9,N,16093,5,N,5,390,C,190,C,99999,9,False,
99999903948,35.25,-97.46667,360.3,2005-07-22 20:52:00,180,5,N,31,5,22000,5,9,N,16093,5,N,5,390,C,170,C,99999,9,False,
99999903948,35.25,-97.46667,360.3,2005-07-22 21:52:00,180,5,N,31,5,22000,5,9,N,16093,5,N,5,400,C,180,C,99999,9,False,
99999903948,35.25,-97.46667,360.3,2005-07-22 22:52:00,180,5,N,41,5,22000,5,9,N,16093,5,N,5,390,C,170,C,99999,9,False,
99999903948,35.25,-97.46667,360.3,2005-07-22 23:52:00,160,5,N,31,5,22000,5,9,N,16093,5,N,5,380,C,170,C,99999,9,False,
99999903948,35.25,-97.46667,360.3,2005-07-23 00:52:00,150,5,N,26,5,22000,5,9,N,16093,5,N,5,370,C,170,C,99999,9,False,
99999903948,35.25,-97.46667,360.3,2005-07-23 01:52:00,130,5,N,36,5,22000,5,9,N,16093,5,N,5,330,C,200,C,99999,9,False,
99999903948,35.25,-97.46667,360.3,2005-07-23 02:52:00,170,5,N,41,5,22000,5,9,N,16093,5,N,5,320,C,190,C,99999,9,False,
99999903948,35.25,-97.46667,360.3,2005-07-23 03:52:00,180,5,N,21,5,22000,5,9,N,16093,5,N,5,300,C,200,C,99999,9,False,
99999903948,35.25,-97.46667,360.3,2005-07-23 04:52:00,170,5,N,26,5,22000,5,9,N,16093,5,N,5,290,C,200,C,99999,9,False,
99999903948,35.25,-97.46667,360.3,2005-07-23 05:52:00,170,5,N,31,5,22000,5,9,N,16093,5,N,5,290,C,200,C,99999,9,False,
99999903948,35.25,-97.46667,360.3,2005-07-23 06:52:00,180,5,N,26,5,22000,5,9,N,16093,5,N,5,280,C,210,C,99999,9,False,
99999903948,35.25,-97.46667,360.3,2005-07-23 07:52:00,190,5,N,31,5,22000,5,9,N,16093,5,N,5,270,C,210,C,99999,9,False,
99999903948,35.25,-97.46667,360.3,2005-07-23 08:52:00,220,5,N,31,5,22000,5,9,N,16093,5,N,5,270,C,200,C,99999,9,False,
99999903948,35.25,-97.46667,360.3,2005-07-23 09:52:00,210,5,N,36,5,22000,5,9,N,16093,5,N,5,270,C,200,C,99999,9,False,
99999903948,35.25,-97.46667,360.3,2005-07-23 10:52:00,200,5,N,31,5,22000,5,9,N,16093,5,N,5,260,C,200,C,99999,9,False,
99999903948,35.25,-97.46667,360.3,2005-07-23 11:52:00,210,5,N,21,5,22000,5,9,N,16093,5,N,5,260,C,210,C,99999,9,False,
99999903948,35.25,-97.46667,360.3,2005-07-23 12:52:00,230,5,N,26,5,22000,5,9,N,16093,5,N,5,280,C,210,C,99999,9,False,
99999903948,35.25,-97.46667,360.3,2005-07-23 13:52:00,250,5,N,26,5,22000,5,9,N,16093,5,N,5,310,C,210,C,99999,9,False,
99999903948,35.25,-97.46667,360.3,2005-07-23 14:52:00,230,5,N,41,5,22000,5,9,N,16093,5,N,5,340,C,210,C,99999,9,False,
99999903948,35.25,-97.46667,360.3,2005-07-23 15:52:00,230,5,N,26,5,22000,5,9,N,16093,5,N,5,360,C,190,C,99999,9,False,
99999903948,35.25,-97.46667,360.3,2005-07-23 16:52:00,220,5,N,21,5,22000,5,9,N,999999,9,N,5,370,C,190,C,99999,9,False,
99999903948,35.25,-97.46667,360.3,2005-07-23 17:52:00,160,5,N,31,5,22000,5,9,N,16093,5,N,5,380,C,190,C,99999,9,False,
99999903948,35.25,-97.46667,360.3,2005-07-23 18:52:00,160,5,N,36,5,22000,5,9,N,16093,5,N,5,380,C,190,C,99999,9,False,
99999903948,35.25,-97.46667,360.3,2005-07-23 19:52:00,170,5,N,36,5,22000,5,9,N,16093,5,N,5,390,C,190,C,99999,9,False,
99999903948,35.25,-97.46667,360.3,2005-07-23 20:52:00,150,5,N,46,5,22000,5,9,N,999999,9,N,5,380,C,190,C,99999,9,False,
99999903948,35.25,-97.46667,360.3,2005-07-23 21:52:00,150,5,N,67,5,22000,5,9,N,16093,5,N,5,380,C,180,C,99999,9,False,
99999903948,35.25,-97.46667,360.3,2005-07-23 22:52:00,160,5,N,62,5,22000,5,9,N,16093,5,N,5,380,C,190,C,99999,9,False,
99999903948,35.25,-97.46667,360.3,2005-07-23 23:52:00,160,5,N,62,5,22000,5,9,N,16093,5,N,5,370,C,190,C,99999,9,False,
99999903948,35.25,-97.46667,360.3,2005-07-24 00:52:00,150,5,N,62,5,22000,5,9,N,16093,5,N,5,360,C,170,C,99999,9,False,
99999903948,35.25,-97.46667,360.3,2005-07-24 01:52:00,140,5,N,41,5,22000,5,9,N,16093,5,N,5,330,C,190,C,99999,9,False,
99999903948,35.25,-97.46667,360.3,2005-07-24 02:52:00,130,5,N,36,5,22000,5,9,N,16093,5,N,5,320,C,190,C,99999,9,False,
99999903948,35.25,-97.46667,360.3,2005-07-24 03:52:00,120,5,N,36,5,22000,5,9,N,16093,5,N,5,310,C,210,C,99999,9,False,
99999903948,35.25,-97.46667,360.3,2005-07-24 04:52:00,140,5,N,36,5,22000,5,9,N,16093,5,N,5,290,C,210,C,99999,9,False,
99999903948,35.25,-97.46667,360.3,2005-07-24 05:52:00,170,5,N,31,5,22000,5,9,N,11265,5,N,5,280,C,210,C,99999,9,False,
99999903948,35.25,-97.46667,360.3,2005-07-24 06:52:00,190,5,N,31,5,22000,5,9,N,16093,5,N,5,270,C,200,C,99999,9,False,
99999903948,35.25,-97.46667,360.3,2005-07-24 07:52:00,200,5,N,26,5,22000,5,9,N,16093,5,N,5,270,C,190,C,99999,9,False,
99999903948,35.25,-97.46667,360.3,2005-07-24 08:52:00,180,5,N,21,5,22000,5,9,N,16093,5,N,5,250,C,190,C,99999,9,False,
99999903948,35.25,-97.46667,360.3,2005-07-24 09:52:00,180,5,N,26,5,22000,5,9,N,16093,5,N,5,240,C,190,C,99999,9,False,
99999903948,35.25,-97.46667,360.3,2005-07-24 10:52:00,190,5,N,26,5,22000,5,9,N,16093,5,N,5,240,C,190,C,99999,9,False,
99999903948,35.25,-97.46667,360.3,2005-07-24 11:52:00,190,5,N,31,5,22000,5,9,N,16093,5,N,5,240,C,190,C,99999,9,False,
99999903948,35.25,-97.46667,360.3,2005-07-24 12:52:00,200,5,N,41,5,22000,5,9,N,16093,5,N,5,260,C,200,C,99999,9,False,
99999903948,35.25,-97.46667,360.3,2005-07-24 13:52:00,190,5,N,41,5,22000,5,9,N,16093,5,N,5,270,C,200,C,99999,9,False,
99999903948,35.25,-97.46667,360.3,2005-07-24 14:52:00,210,5,N,57,5,22000,5,9,N,16093,5,N,5,310,C,210,C,99999,9,False,
99999903948,35.25,-97.46667,360.3,2005-07-24 15:52:00,230,5,N,62,5,22000,5,9,N,16093,5,N,5,320,C,210,C,99999,9,False,
99999903948,35.25,-97.46667,360.3,2005-07-24 16:52:00,220,5,N,72,5,22000,5,9,N,16093,5,N,5,340,C,210,C,99999,9,False,
99999903948,35.25,-97.46667,360.3,2005-07-24 17:52:00,190,5,N,67,5,22000,5,9,N,16093,5,N,5,350,C,210,C,99999,9,False,
99999903948,35.25,-97.46667,360.3,2005-07-24 18:52:00,190,5,N,67,5,22000,5,9,N,16093,5,N,5,360,C,200,C,99999,9,False,
99999903948,35.25,-97.46667,360.3,2005-07-24 19:52:00,160,5,N,51,5,22000,5,9,N,16093,5,N,5,360,C,210,C,99999,9,False,
99999903948,35.25,-97.46667,360.3,2005-07-24 20:52:00,190,5,N,51,5,22000,5,9,N,16093,5,N,5,370,C,190,C,99999,9,False,
99999903948,35.25,-97.46667,360.3,2005-07-24 21:52:00,170,5,N,82,5,22000,5,9,N,16093,5,N,5,370,C,190,C,99999,9,False,
99999903948,35.25,-97.46667,360.3,2005-07-24 22:52:00,180,5,N,72,5,22000,5,9,N,16093,5,N,5,340,C,190,C,99999,9,False,
99999903948,35.25,-97.46667,360.3,2005-07-24 23:52:00,260,5,N,26,5,22000,5,9,N,16093,5,N,5,320,C,200,C,99999,9,False,
99999903948,35.25,-97.46667,360.3,2005-07-25 00:52:00,220,5,N,36,5,22000,5,9,N,16093,5,N,5,340,C,190,C,99999,9,False,
99999903948,35.25,-97.46667,360.3,2005-07-25 01:52:00,170,5,N,31,5,22000,5,9,N,16093,5,N,5,320,C,190,C,99999,9,False,
99999903948,35.25,-97.46667,360.3,2005-07-25 02:52:00,180,5,N,41,5,22000,5,9,N,16093,5,N,5,310,C,190,C,99999,9,False,
99999903948,35.25,-97.46667,360.3,2005-07-25 03:52:00,190,5,N,67,5,22000,5,9,N,16093,5,N,5,310,C,180,C,99999,9,False,
99999903948,35.25,-97.46667,360.3,2005-07-25 04:52:00,180,5,N,51,5,22000,5,9,N,16093,5,N,5,310,C,180,C,99999,9,False,
99999903948,35.25,-97.46667,360.3,2005-07-25 05:52:00,190,5,N,57,5,22000,5,9,N,16093,5,N,5,300,C,180,C,99999,9,False,
99999903948,35.25,-97.46667,360.3,2005-07-25 06:52:00,200,5,N,46,5,22000,5,9,N,16093,5,N,5,290,C,180,C,99999,9,False,
99999903948,35.25,-97.46667,360.3,2005-07-25 07:52:00,200,5,N,51,5,22000,5,9,N,16093,5,N,5,280,C,190,C,99999,9,False,
99999903948,35.25,-97.46667,360.3,2005-07-25 08:52:00,200,5,N,41,5,22000,5,9,N,16093,5,N,5,270,C,190,C,99999,9,False,
99999903948,35.25,-97.46667,360.3,2005-07-25 09:52:00,200,5,N,36,5,22000,5,9,N,16093,5,N,5,270,C,190,C,99999,9,False,
99999903948,35.25,-97.46667,360.3,2005-07-25 10:52:00,180,5,N,41,5,22000,5,9,N,16093,5,N,5,270,C,190,C,99999,9,False,
99999903948,35.25,-97.46667,360.3,2005-07-25 11:52:00,160,5,N,31,5,22000,5,9,N,16093,5,N,5,260,C,200,C,99999,9,False,
99999903948,35.25,-97.46667,360.3,2005-07-25 12:53:00,170,5,N,31,5,22000,5,9,N,16093,5,N,5,260,C,200,C,99999,9,False,
99999903948,35.25,-97.46667,360.3,2005-07-25 13:52:00,190,5,N,62,5,22000,5,9,N,16093,5,N,5,280,C,210,C,99999,9,False,
99999903948,35.25,-97.46667,360.3,2005-07-25 14:52:00,190,5,N,62,5,22000,5,9,N,16093,5,N,5,310,C,210,C,99999,9,False,
99999903948,35.25,-97.46667,360.3,2005-07-25 15:52:00,180,5,N,46,5,22000,5,9,N,16093,5,N,5,320,C,210,C,99999,9,False,
99999903948,35.25,-97.46667,360.3,2005-07-25 16:52:00,220,5,N,62,5,22000,5,9,N,16093,5,N,5,340,C,210,C,99999,9,False,
99999903948,35.25,-97.46667,360.3,2005-07-25 17:52:00,190,5,N,67,5,22000,5,9,N,16093,5,N,5,340,C,210,C,99999,9,False,
99999903948,35.25,-97.46667,360.3,2005-07-25 18:53:00,180,5,N,77,5,22000,5,9,N,16093,5,N,5,360,C,190,C,99999,9,False,
99999903948,35.25,-97.46667,360.3,2005-07-25 19:52:00,190,5,N,88,5,22000,5,9,N,16093,5,N,5,360,C,190,C,99999,9,False,
99999903948,35.25,-97.46667,360.3,2005-07-25 20:52:00,190,5,N,82,5,22000,5,9,N,16093,5,N,5,370,C,180,C,99999,9,False,
99999903948,35.25,-97.46667,360.3,2005-07-25 21:52:00,190,5,N,82,5,22000,5,9,N,16093,5,N,5,370,C,170,C,99999,9,False,
99999903948,35.25,-97.46667,360.3,2005-07-25 22:52:00,190,5,N,82,5,22000,5,9,N,16093,5,N,5,360,C,170,C,99999,9,False,
99999903948,35.25,-97.46667,360.3,2005-07-25 23:52:00,190,5,N,82,5,22000,5,9,N,16093,5,N,5,350,C,140,C,99999,9,False,
99999903948,35.25,-97.46667,360.3,2005-07-26 00:52:00,180,5,N,67,5,22000,5,9,N,16093,5,N,5,340,C,140,C,99999,9,False,
99999903948,35.25,-97.46667,360.3,2005-07-26 01:52:00,160,5,N,46,5,22000,5,9,N,16093,5,N,5,320,C,140,C,99999,9,False,
99999903948,35.25,-97.46667,360.3,2005-07-26 02:52:00,170,5,N,57,5,22000,5,9,N,16093,5,N,5,310,C,170,C,99999,9,False,
99999903948,35.25,-97.46667,360.3,2005-07-26 03:52:00,180,5,N,62,5,22000,5,9,N,16093,5,N,5,300,C,170,C,99999,9,False,
99999903948,35.25,-97.46667,360.3,2005-07-26 04:52:00,180,5,N,51,5,22000,5,9,N,16093,5,N,5,290,C,170,C,99999,9,False,
99999903948,35.25,-97.46667,360.3,2005-07-26 05:52:00,190,5,N,62,5,22000,5,9,N,16093,5,N,5,290,C,170,C,99999,9,False,
99999903948,35.25,-97.46667,360.3,2005-07-26 06:52:00,190,5,N,67,5,22000,5,9,N,16093,5,N,5,9999,9,9999,9,99999,9,False,
99999903948,35.25,-97.46667,360.3,2005-07-26 07:52:00,190,5,N,77,5,22000,5,9,N,16093,5,N,5,280,C,9999,9,99999,9,False,
99999903948,35.25,-97.46667,360.3,2005-07-26 08:52:00,200,5,N,88,5,22000,5,9,N,16093,5,N,5,280,C,180,C,99999,9,False,
99999903948,35.25,-97.46667,360.3,2005-07-26 09:52:00,210,5,N,72,5,22000,5,9,N,16093,5,N,5,280,C,180,C,99999,9,False,
99999903948,35.25,-97.46667,360.3,2005-07-26 10:52:00,210,5,N,67,5,22000,5,9,N,16093,5,N,5,270,C,180,C,99999,9,False,
99999903948,35.25,-97.46667,360.3,2005-07-26 11:52:00,200,5,N,62,5,22000,5,9,N,16093,5,N,5,260,C,180,C,99999,9,False,
99999903948,35.25,-97.46667,360.3,2005-07-26 12:52:00,190,5,N,67,5,22000,5,9,N,16093,5,N,5,270,C,190,C,99999,9,False,
99999903948,35.25,-97.46667,360.3,2005-07-26 13:52:00,210,5,N,82,5,22000,5,9,N,11265,5,N,5,290,C,190,C,99999,9,False,
99999903948,35.25,-97.46667,360.3,2005-07-26 14:56:00,210,5,N,88,5,22000,5,9,N,16093,5,N,5,310,C,190,C,99999,9,False,
99999903948,35.25,-97.46667,360.3,2005-07-26 15:52:00,210,5,N,77,5,22000,5,9,N,16093,5,N,5,320,C,190,C,99999,9,False,
99999903948,35.25,-97.46667,360.3,2005-07-26 16:52:00,220,5,N,77,5,22000,5,9,N,16093,5,N,5,340,C,190,C,99999,9,False,
99999903948,35.25,-97.46667,360.3,2005-07-26 17:52:00,190,5,N,67,5,22000,5,9,N,16093,5,N,5,350,C,190,C,99999,9,False,
99999903948,35.25,-97.46667,360.3,2005-07-26 18:52:00,240,5,N,62,5,22000,5,9,N,16093,5,N,5,340,C,190,C,99999,9,False,
99999903948,35.25,-97.46667,360.3,2005-07-26 19:52:00,240,5,N,57,5,22000,5,9,N,16093,5,N,5,340,C,190,C,99999,9,False,
99999903948,35.25,-97.46667,360.3,2005-07-26 20:52:00,280,5,N,46,5,22000,5,9,N,16093,5,N,5,340,C,190,C,99999,9,False,
99999903948,35.25,-97.46667,360.3,2005-07-26 21:52:00,280,5,N,46,5,22000,5,9,N,16093,5,N,5,330,C,190,C,99999,9,False,
99999903948,35.25,-97.46667,360.3,2005-07-26 22:52:00,330,5,N,77,5,22000,5,9,N,16093,5,N,5,320,C,210,C,99999,9,False,
99999903948,35.25,-97.46667,360.3,2005-07-26 23:52:00,350,5,N,93,5,22000,5,9,N,16093,5,N,5,280,C,210,C,99999,9,False,
99999903948,35.25,-97.46667,360.3,2005-07-27 00:52:00,360,5,N,88,5,22000,5,9,N,16093,5,N,5,260,C,200,C,99999,9,False,
99999903948,35.25,-97.46667,360.3,2005-07-27 01:52:00,350,5,N,88,5,518,5,M,N,16093,5,N,5,240,C,190,C,99999,9,False,
99999903948,35.25,-97.46667,360.3,2005-07-27 02:52:00,20,5,N,72,5,518,5,M,N,16093,5,N,5,230,C,190,C,99999,9,False,
99999903948,35.25,-97.46667,360.3,2005-07-27 03:52:00,20,5,N,82,5,518,5,M,N,16093,5,N,5,230,C,180,C,99999,9,False,
99999903948,35.25,-97.46667,360.3,2005-07-27 04:52:00,10,5,N,72,5,396,5,M,N,16093,5,N,5,220,C,190,C,99999,9,False,
99999903948,35.25,-97.46667,360.3,2005-07-27 05:52:00,10,5,N,67,5,396,5,M,N,16093,5,N,5,210,C,190,C,99999,9,False,
99999903948,35.25,-97.46667,360.3,2005-07-27 05:59:00,999,9,9,9999,9,99999,9,9,9,999999,9,9,9,9999,9,9999,9,99999,9,False,
99999903948,35.25,-97.46667,360.3,2005-07-27 06:52:00,20,5,N,46,5,457,5,M,N,11265,5,N,5,210,C,180,C,99999,9,False,
99999903948,35.25,-97.46667,360.3,2005-07-27 07:52:00,20,5,N,67,5,396,5,M,N,16093,5,N,5,200,C,180,C,99999,9,False,
99999903948,35.25,-97.46667,360.3,2005-07-27 08:52:00,30,5,N,67,5,396,5,M,N,16093,5,N,5,190,C,180,C,99999,9,False,
99999903948,35.25,-97.46667,360.3,2005-07-27 09:52:00,20,5,N,41,5,975,5,M,N,16093,5,N,5,190,C,180,C,99999,9,False,
99999903948,35.25,-97.46667,360.3,2005-07-27 10:52:00,50,5,N,41,5,640,5,M,N,16093,5,N,5,190,C,180,C,99999,9,False,
99999903948,35.25,-97.46667,360.3,2005-07-27 11:52:00,30,5,N,72,5,2591,5,M,N,16093,5,N,5,190,C,170,C,99999,9,False,
99999903948,35.25,-97.46667,360.3,2005-07-27 12:52:00,30,5,N,103,5,3353,5,M,N,16093,5,N,5,190,C,160,C,99999,9,False,
99999903948,35.25,-97.46667,360.3,2005-07-27 13:52:00,20,5,N,62,5,732,5,M,N,16093,5,N,5,210,C,180,C,99999,9,False,
99999903948,35.25,-97.46667,360.3,2005-07-27 14:52:00,20,5,N,72,5,22000,5,9,N,16093,5,N,5,210,C,160,C,99999,9,False,
99999903948,35.25,-97.46667,360.3,2005-07-27 15:54:00,360,5,N,57,5,22000,5,9,N,16093,5,N,5,240,C,150,C,99999,9,False,
99999903948,35.25,-97.46667,360.3,2005-07-27 16:52:00,10,5,N,57,5,22000,5,9,N,16093,5,N,5,260,C,140,C,99999,9,False,
99999903948,35.25,-97.46667,360.3,2005-07-27 17:52:00,40,5,N,51,5,22000,5,9,N,16093,5,N,5,280,C,120,C,99999,9,False,
99999903948,35.25,-97.46667,360.3,2005-07-27 18:52:00,360,5,N,51,5,22000,5,9,N,16093,5,N,5,280,C,110,C,99999,9,False,
99999903948,35.25,-97.46667,360.3,2005-07-27 19:52:00,20,5,N,62,5,99999,9,9,N,16093,5,N,5,290,C,120,C,99999,9,False,
99999903948,35.25,-97.46667,360.3,2005-07-27 20:52:00,30,5,N,62,5,22000,5,9,N,16093,5,N,5,290,C,110,C,99999,9,False,
99999903948,35.25,-97.46667,360.3,2005-07-27 21:52:00,60,5,N,36,5,22000,5,9,N,16093,5,N,5,300,C,120,C,99999,9,False,
99999903948,35.25,-97.46667,360.3,2005-07-27 22:52:00,60,5,N,26,5,22000,5,9,N,16093,5,N,5,290,C,110,C,99999,9,False,
99999903948,35.25,-97.46667,360.3,2005-07-27 23:52:00,20,5,N,31,5,22000,5,9,N,16093,5,N,5,280,C,110,C,99999,9,False,
99999903948,35.25,-97.46667,360.3,2005-07-28 00:52:00,999,9,C,0,5,22000,5,9,N,16093,5,N,5,250,C,110,C,99999,9,False,
99999903948,35.25,-97.46667,360.3,2005-07-28 01:52:00,999,9,C,0,5,99999,9,9,N,16093,5,N,5,230,C,110,C,99999,9,False,
99999903948,35.25,-97.46667,360.3,2005-07-28 02:52:00,999,9,C,0,5,22000,5,9,N,16093,5,N,5,220,C,110,C,99999,9,False,
99999903948,35.25,-97.46667,360.3,2005-07-28 03:52:00,50,5,N,15,5,22000,5,9,N,16093,5,N,5,210,C,120,C,99999,9,False,
99999903948,35.25,-97.46667,360.3,2005-07-28 04:52:00,30,5,N,15,5,22000,5,9,N,16093,5,N,5,190,C,120,C,99999,9,False,
99999903948,35.25,-97.46667,360.3,2005-07-28 05:52:00,999,9,C,0,5,22000,5,9,N,16093,5,N,5,180,C,120,C,99999,9,False,
99999903948,35.25,-97.46667,360.3,2005-07-28 05:59:00,999,9,9,9999,9,99999,9,9,9,999999,9,9,9,9999,9,9999,9,99999,9,False,
99999903948,35.25,-97.46667,360.3,2005-07-28 06:52:00,999,9,C,0,5,22000,5,9,N,16093,5,N,5,170,C,120,C,99999,9,False,
99999903948,35.25,-97.46667,360.3,2005-07-28 07:52:00,360,5,N,21,5,22000,5,9,N,16093,5,N,5,160,C,120,C,99999,9,False,
99999903948,35.25,-97.46667,360.3,2005-07-28 08:52:00,999,9,C,0,5,22000,5,9,N,16093,5,N,5,160,C,120,C,99999,9,False,
99999903948,35.25,-97.46667,360.3,2005-07-28 09:52:00,360,5,N,15,5,22000,5,9,N,16093,5,N,5,150,C,110,C,99999,9,False,
99999903948,35.25,-97.46667,360.3,2005-07-28 10:52:00,999,9,C,0,5,22000,5,9,N,16093,5,N,5,140,C,110,C,99999,9,False,
99999903948,35.25,-97.46667,360.3,2005-07-28 11:52:00,999,9,C,0,5,22000,5,9,N,16093,5,N,5,140,C,110,C,99999,9,False,
99999903948,35.25,-97.46667,360.3,2005-07-28 12:52:00,999,9,C,0,5,22000,5,9,N,16093,5,N,5,190,C,150,C,99999,9,False,
99999903948,35.25,-97.46667,360.3,2005-07-28 13:52:00,999,9,C,0,5,22000,5,9,N,16093,5,N,5,220,C,160,C,99999,9,False,
99999903948,35.25,-97.46667,360.3,2005-07-28 14:52:00,100,5,N,21,5,22000,5,9,N,16093,5,N,5,250,C,140,C,99999,9,False,
99999903948,35.25,-97.46667,360.3,2005-07-28 15:52:00,40,5,N,31,5,22000,5,9,N,16093,5,N,5,270,C,120,C,99999,9,False,
99999903948,35.25,-97.46667,360.3,2005-07-28 16:52:00,70,5,N,36,5,22000,5,9,N,16093,5,N,5,290,C,110,C,99999,9,False,
99999903948,35.25,-97.46667,360.3,2005-07-28 17:52:00,90,5,N,21,5,22000,5,9,N,16093,5,N,5,300,C,110,C,99999,9,False,
99999903948,35.25,-97.46667,360.3,2005-07-28 18:52:00,140,5,N,26,5,22000,5,9,N,16093,5,N,5,310,C,90,C,99999,9,False,
99999903948,35.25,-97.46667,360.3,2005-07-28 19:52:00,70,5,N,31,5,22000,5,9,N,16093,5,N,5,320,C,90,C,99999,9,False,
99999903948,35.25,-97.46667,360.3,2005-07-28 20:52:00,999,9,C,0,5,22000,5,9,N,16093,5,N,5,320,C,90,C,99999,9,False,
99999903948,35.25,-97.46667,360.3,2005-07-28 21:52:00,130,5,N,21,5,22000,5,9,N,16093,5,N,5,320,C,100,C,99999,9,False,
99999903948,35.25,-97.46667,360.3,2005-07-28 22:52:00,100,5,N,15,5,22000,5,9,N,16093,5,N,5,320,C,100,C,99999,9,False,
99999903948,35.25,-97.46667,360.3,2005-07-28 23:56:00,120,5,N,21,5,22000,5,9,N,16093,5,N,5,310,C,110,C,99999,9,False,
99999903948,35.25,-97.46667,360.3,2005-07-29 00:52:00,130,5,N,26,5,22000,5,9,N,16093,5,N,5,290,C,110,C,99999,9,False,
99999903948,35.25,-97.46667,360.3,2005-07-29 01:52:00,150,5,N,15,5,22000,5,9,N,16093,5,N,5,260,C,110,C,99999,9,False,
99999903948,35.25,-97.46667,360.3,2005-07-29 02:52:00,999,9,C,0,5,22000,5,9,N,16093,5,N,5,230,C,130,C,99999,9,False,
99999903948,35.25,-97.46667,360.3,2005-07-29 03:52:00,120,5,N,26,5,22000,5,9,N,16093,5,N,5,230,C,130,C,99999,9,False,
99999903948,35.25,-97.46667,360.3,2005-07-29 04:52:00,999,9,C,0,5,22000,5,9,N,16093,5,N,5,210,C,130,C,99999,9,False,
99999903948,35.25,-97.46667,360.3,2005-07-29 05:52:00,999,9,C,0,5,22000,5,9,N,16093,5,N,5,190,C,130,C,99999,9,False,
99999903948,35.25,-97.46667,360.3,2005-07-29 06:52:00,999,9,C,0,5,22000,5,9,N,16093,5,N,5,180,C,120,C,99999,9,False,
99999903948,35.25,-97.46667,360.3,2005-07-29 07:52:00,999,9,C,0,5,22000,5,9,N,16093,5,N,5,170,C,120,C,99999,9,False,
99999903948,35.25,-97.46667,360.3,2005-07-29 08:52:00,999,9,C,0,5,22000,5,9,N,16093,5,N,5,160,C,120,C,99999,9,False,
99999903948,35.25,-97.46667,360.3,2005-07-29 09:52:00,999,9,C,0,5,22000,5,9,N,16093,5,N,5,160,C,130,C,99999,9,False,
99999903948,35.25,-97.46667,360.3,2005-07-29 10:52:00,999,9,C,0,5,22000,5,9,N,16093,5,N,5,160,C,120,C,99999,9,False,
99999903948,35.25,-97.46667,360.3,2005-07-29 11:52:00,999,9,C,0,5,22000,5,9,N,16093,5,N,5,160,C,120,C,99999,9,False,
99999903948,35.25,-97.46667,360.3,2005-07-29 12:52:00,999,9,C,0,5,22000,5,9,N,16093,5,N,5,220,C,160,C,99999,9,False,
99999903948,35.25,-97.46667,360.3,2005-07-29 13:52:00,999,9,C,0,5,22000,5,9,N,16093,5,N,5,260,C,160,C,99999,9,False,
99999903948,35.25,-97.46667,360.3,2005-07-29 14:52:00,999,9,C,0,5,22000,5,9,N,16093,5,N,5,290,C,130,C,99999,9,False,
99999903948,35.25,-97.46667,360.3,2005-07-29 15:52:00,200,5,N,15,5,22000,5,9,N,16093,5,N,5,310,C,130,C,99999,9,False,
99999903948,35.25,-97.46667,360.3,2005-07-29 16:52:00,190,5,N,15,5,22000,5,9,N,16093,5,N,5,310,C,120,C,99999,9,False,
99999903948,35.25,-97.46667,360.3,2005-07-29 17:52:00,160,5,N,21,5,22000,5,9,N,16093,5,N,5,320,C,130,C,99999,9,False,
99999903948,35.25,-97.46667,360.3,2005-07-29 18:53:00,170,5,N,31,5,22000,5,9,N,16093,5,N,5,330,C,130,C,99999,9,False,
99999903948,35.25,-97.46667,360.3,2005-07-29 19:53:00,160,5,N,31,5,22000,5,9,N,16093,5,N,5,340,C,130,C,99999,9,False,
99999903948,35.25,-97.46667,360.3,2005-07-29 20:52:00,150,5,N,31,5,22000,5,9,N,16093,5,N,5,340,C,120,C,99999,9,False,
99999903948,35.25,-97.46667,360.3,2005-07-29 21:52:00,999,9,C,0,5,22000,5,9,N,16093,5,N,5,340,C,120,C,99999,9,False,
99999903948,35.25,-97.46667,360.3,2005-07-29 22:52:00,120,5,N,21,5,22000,5,9,N,16093,5,N,5,340,C,120,C,99999,9,False,
99999903948,35.25,-97.46667,360.3,2005-07-29 23:52:00,130,5,N,26,5,22000,5,9,N,16093,5,N,5,320,C,140,C,99999,9,False,
99999903948,35.25,-97.46667,360.3,2005-07-30 00:52:00,130,5,N,41,5,22000,5,9,N,16093,5,N,5,300,C,150,C,99999,9,False,
99999903948,35.25,-97.46667,360.3,2005-07-30 01:52:00,110,5,N,31,5,22000,5,9,N,16093,5,N,5,270,C,140,C,99999,9,False,
99999903948,35.25,-97.46667,360.3,2005-07-30 02:52:00,140,5,N,21,5,22000,5,9,N,16093,5,N,5,260,C,160,C,99999,9,False,
99999903948,35.25,-97.46667,360.3,2005-07-30 03:52:00,130,5,N,21,5,22000,5,9,N,16093,5,N,5,240,C,150,C,99999,9,False,
99999903948,35.25,-97.46667,360.3,2005-07-30 04:52:00,999,9,C,0,5,22000,5,9,N,16093,5,N,5,230,C,140,C,99999,9,False,
99999903948,35.25,-97.46667,360.3,2005-07-30 05:52:00,999,9,C,0,5,22000,5,9,N,16093,5,N,5,220,C,140,C,99999,9,False,
99999903948,35.25,-97.46667,360.3,2005-07-30 06:52:00,999,9,C,0,5,22000,5,9,N,16093,5,N,5,210,C,140,C,99999,9,False,
99999903948,35.25,-97.46667,360.3,2005-07-30 07:52:00,999,9,C,0,5,22000,5,9,N,16093,5,N,5,210,C,160,C,99999,9,False,
99999903948,35.25,-97.46667,360.3,2005-07-30 08:52:00,999,9,C,0,5,22000,5,9,N,16093,5,N,5,190,C,130,C,99999,9,False,
99999903948,35.25,-97.46667,360.3,2005-07-30 09:52:00,999,9,C,0,5,22000,5,9,N,16093,5,N,5,180,C,140,C,99999,9,False,
99999903948,35.25,-97.46667,360.3,2005-07-30 10:52:00,999,9,C,0,5,22000,5,9,N,16093,5,N,5,170,C,140,C,99999,9,False,
99999903948,35.25,-97.46667,360.3,2005-07-30 11:52:00,999,9,C,0,5,22000,5,9,N,16093,5,N,5,170,C,140,C,99999,9,False,
99999903948,35.25,-97.46667,360.3,2005-07-30 12:52:00,999,9,C,0,5,22000,5,9,N,16093,5,N,5,220,C,180,C,99999,9,False,
99999903948,35.25,-97.46667,360.3,2005-07-30 13:52:00,170,5,N,31,5,22000,5,9,N,16093,5,N,5,270,C,170,C,99999,9,False,
99999903948,35.25,-97.46667,360.3,2005-07-30 14:52:00,190,5,N,26,5,22000,5,9,N,16093,5,N,5,290,C,170,C,99999,9,False,
99999903948,35.25,-97.46667,360.3,2005-07-30 15:52:00,190,5,N,41,5,22000,5,9,N,16093,5,N,5,310,C,160,C,99999,9,False,
99999903948,35.25,-97.46667,360.3,2005-07-30 16:52:00,160,5,N,31,5,22000,5,9,N,16093,5,N,5,320,C,160,C,99999,9,False,
99999903948,35.25,-97.46667,360.3,2005-07-30 17:52:00,999,9,C,0,5,22000,5,9,N,16093,5,N,5,340,C,160,C,99999,9,False,
99999903948,35.25,-97.46667,360.3,2005-07-30 18:52:00,130,5,N,36,5,22000,5,9,N,16093,5,N,5,360,C,140,C,99999,9,False,
99999903948,35.25,-97.46667,360.3,2005-07-30 19:52:00,140,5,N,46,5,22000,5,9,N,16093,5,N,5,360,C,140,C,99999,9,False,
99999903948,35.25,-97.46667,360.3,2005-07-30 20:52:00,100,5,N,31,5,22000,5,9,N,16093,5,N,5,350,C,130,C,99999,9,False,
99999903948,35.25,-97.46667,360.3,2005-07-30 21:52:00,140,5,N,31,5,22000,5,9,N,16093,5,N,5,360,C,140,C,99999,9,False,
99999903948,35.25,-97.46667,360.3,2005-07-30 22:52:00,150,5,N,41,5,22000,5,9,N,16093,5,N,5,350,C,130,C,99999,9,False,
99999903948,35.25,-97.46667,360.3,2005-07-30 23:52:00,110,5,N,36,5,22000,5,9,N,16093,5,N,5,340,C,150,C,99999,9,False,
99999903948,35.25,-97.46667,360.3,2005-07-31 00:52:00,110,5,N,31,5,22000,5,9,N,16093,5,N,5,320,C,140,C,99999,9,False,
99999903948,35.25,-97.46667,360.3,2005-07-31 01:52:00,130,5,N,21,5,22000,5,9,N,16093,5,N,5,280,C,160,C,99999,9,False,
99999903948,35.25,-97.46667,360.3,2005-07-31 02:52:00,150,5,N,15,5,22000,5,9,N,16093,5,N,5,270,C,170,C,99999,9,False,
99999903948,35.25,-97.46667,360.3,2005-07-31 03:52:00,130,5,N,21,5,22000,5,9,N,16093,5,N,5,270,C,170,C,99999,9,False,
99999903948,35.25,-97.46667,360.3,2005-07-31 04:52:00,120,5,N,36,5,22000,5,9,N,16093,5,N,5,260,C,160,C,99999,9,False,
99999903948,35.25,-97.46667,360.3,2005-07-31 05:52:00,130,5,N,26,5,22000,5,9,N,16093,5,N,5,260,C,160,C,99999,9,False,
99999903948,35.25,-97.46667,360.3,2005-07-31 06:52:00,130,5,N,15,5,22000,5,9,N,16093,5,N,5,240,C,160,C,99999,9,False,
99999903948,35.25,-97.46667,360.3,2005-07-31 07:52:00,130,5,N,31,5,22000,5,9,N,16093,5,N,5,230,C,160,C,99999,9,False,
99999903948,35.25,-97.46667,360.3,2005-07-31 08:52:00,120,5,N,21,5,22000,5,9,N,16093,5,N,5,240,C,140,C,99999,9,False,
99999903948,35.25,-97.46667,360.3,2005-07-31 09:52:00,999,9,C,0,5,22000,5,9,N,16093,5,N,5,230,C,150,C,99999,9,False,
99999903948,35.25,-97.46667,360.3,2005-07-31 10:52:00,999,9,C,0,5,22000,5,9,N,16093,5,N,5,210,C,150,C,99999,9,False,
99999903948,35.25,-97.46667,360.3,2005-07-31 11:52:00,999,9,C,0,5,22000,5,9,N,16093,5,N,5,200,C,140,C,99999,9,False,
99999903948,35.25,-97.46667,360.3,2005-07-31 12:52:00,180,5,N,15,5,22000,5,9,N,16093,5,N,5,230,C,170,C,99999,9,False,
99999903948,35.25,-97.46667,360.3,2005-07-31 13:52:00,190,5,N,36,5,22000,5,9,N,16093,5,N,5,260,C,160,C,99999,9,False,
99999903948,35.25,-97.46667,360.3,2005-07-31 14:52:00,190,5,N,36,5,22000,5,9,N,16093,5,N,5,280,C,170,C,99999,9,False,
99999903948,35.25,-97.46667,360.3,2005-07-31 15:52:00,180,5,N,31,5,22000,5,9,N,16093,5,N,5,310,C,160,C,99999,9,False,
99999903948,35.25,-97.46667,360.3,2005-07-31 16:52:00,200,5,N,26,5,22000,5,9,N,16093,5,N,5,320,C,160,C,99999,9,False,
99999903948,35.25,-97.46667,360.3,2005-07-31 17:52:00,150,5,N,15,5,22000,5,9,N,16093,5,N,5,330,C,160,C,99999,9,False,
99999903948,35.25,-97.46667,360.3,2005-07-31 18:52:00,160,5,N,36,5,22000,5,9,N,16093,5,N,5,360,C,160,C,99999,9,False,
99999903948,35.25,-97.46667,360.3,2005-07-31 19:52:00,180,5,N,36,5,99999,9,9,N,16093,5,N,5,360,C,160,C,99999,9,False,
99999903948,35.25,-97.46667,360.3,2005-07-31 20:52:00,170,5,N,36,5,22000,5,9,N,16093,5,N,5,350,C,160,C,99999,9,False,
99999903948,35.25,-97.46667,360.3,2005-07-31 21:52:00,170,5,N,31,5,22000,5,9,N,16093,5,N,5,360,C,140,C,99999,9,False,
99999903948,35.25,-97.46667,360.3,2005-07-31 22:52:00,140,5,N,36,5,22000,5,9,N,16093,5,N,5,350,C,140,C,99999,9,False,
99999903948,35.25,-97.46667,360.3,2005-07-31 23:52:00,130,5,N,26,5,22000,5,9,N,16093,5,N,5,340,C,150,C,99999,9,False,
99999903948,35.25,-97.46667,360.3,2005-08-01 00:52:00,130,5,N,31,5,22000,5,9,N,16093,5,N,5,320,C,160,C,99999,9,False,
99999903948,35.25,-97.46667,360.3,2005-08-01 01:52:00,130,5,N,21,5,22000,5,9,N,16093,5,N,5,280,C,160,C,99999,9,False,
99999903948,35.25,-97.46667,360.3,2005-08-01 02:52:00,140,5,N,15,5,22000,5,9,N,16093,5,N,5,270,C,170,C,99999,9,False,
99999903948,35.25,-97.46667,360.3,2005-08-01 03:52:00,150,5,N,15,5,22000,5,9,N,16093,5,N,5,260,C,170,C,99999,9,False,
99999903948,35.25,-97.46667,360.3,2005-08-01 04:52:00,180,5,N,15,5,22000,5,9,N,16093,5,N,5,230,C,160,C,99999,9,False,
99999903948,35.25,-97.46667,360.3,2005-08-01 05:52:00,160,5,N,21,5,22000,5,9,N,16093,5,N,5,240,C,170,C,99999,9,False,
99999903948,35.25,-97.46667,360.3,2005-08-01 06:52:00,160,5,N,15,5,22000,5,9,N,16093,5,N,5,230,C,170,C,99999,9,False,
99999903948,35.25,-97.46667,360.3,2005-08-01 07:52:00,999,9,C,0,5,22000,5,9,N,16093,5,N,5,230,C,170,C,99999,9,False,
99999903948,35.25,-97.46667,360.3,2005-08-01 08:52:00,999,9,C,0,5,22000,5,9,N,16093,5,N,5,210,C,170,C,99999,9,False,
99999903948,35.25,-97.46667,360.3,2005-08-01 09:52:00,999,9,C,0,5,22000,5,9,N,16093,5,N,5,220,C,170,C,99999,9,False,
99999903948,35.25,-97.46667,360.3,2005-08-01 10:52:00,999,9,C,0,5,22000,5,9,N,11265,5,N,5,200,C,160,C,99999,9,False,
99999903948,35.25,-97.46667,360.3,2005-08-01 11:52:00,999,9,C,0,5,22000,5,9,N,11265,5,N,5,190,C,160,C,99999,9,False,
99999903948,35.25,-97.46667,360.3,2005-08-01 12:52:00,999,9,C,0,5,22000,5,9,N,11265,5,N,5,240,C,190,C,99999,9,False,
99999903948,35.25,-97.46667,360.3,2005-08-01 13:52:00,190,5,N,26,5,22000,5,9,N,16093,5,N,5,280,C,180,C,99999,9,False,
99999903948,35.25,-97.46667,360.3,2005-08-01 14:52:00,180,5,N,26,5,22000,5,9,N,16093,5,N,5,310,C,170,C,99999,9,False,
99999903948,35.25,-97.46667,360.3,2005-08-01 15:52:00,200,5,N,26,5,22000,5,9,N,16093,5,N,5,320,C,170,C,99999,9,False,
99999903948,35.25,-97.46667,360.3,2005-08-01 16:52:00,190,5,N,36,5,22000,5,9,N,16093,5,N,5,340,C,160,C,99999,9,False,
99999903948,35.25,-97.46667,360.3,2005-08-01 17:52:00,160,5,N,21,5,22000,5,9,N,16093,5,N,5,360,C,150,C,99999,9,False,
99999903948,35.25,-97.46667,360.3,2005-08-01 18:52:00,999,9,C,0,5,22000,5,9,N,16093,5,N,5,370,C,140,C,99999,9,False,
99999903948,35.25,-97.46667,360.3,2005-08-01 19:52:00,240,5,N,15,5,22000,5,9,N,16093,5,N,5,370,C,130,C,99999,9,False,
99999903948,35.25,-97.46667,360.3,2005-08-01 20:52:00,210,5,N,21,5,22000,5,9,N,16093,5,N,5,370,C,140,C,99999,9,False,
99999903948,35.25,-97.46667,360.3,2005-08-01 21:52:00,200,5,N,26,5,22000,5,9,N,16093,5,N,5,370,C,160,C,99999,9,False,
99999903948,35.25,-97.46667,360.3,2005-08-01 22:52:00,230,5,N,36,5,22000,5,9,N,16093,5,N,5,360,C,160,C,99999,9,False,
99999903948,35.25,-97.46667,360.3,2005-08-01 23:52:00,180,5,N,36,5,22000,5,9,N,16093,5,N,5,350,C,160,C,99999,9,False,
99999903948,35.25,-97.46667,360.3,2005-08-02 00:52:00,180,5,N,26,5,22000,5,9,N,16093,5,N,5,330,C,160,C,99999,9,False,
99999903948,35.25,-97.46667,360.3,2005-08-02 01:52:00,180,5,N,21,5,22000,5,9,N,16093,5,N,5,300,C,170,C,99999,9,False,
99999903948,35.25,-97.46667,360.3,2005-08-02 02:52:00,150,5,N,21,5,22000,5,9,N,16093,5,N,5,290,C,170,C,99999,9,False,
99999903948,35.25,-97.46667,360.3,2005-08-02 03:52:00,170,5,N,26,5,22000,5,9,N,16093,5,N,5,280,C,180,C,99999,9,False,
99999903948,35.25,-97.46667,360.3,2005-08-02 04:53:00,170,5,N,21,5,22000,5,9,N,16093,5,N,5,280,C,180,C,99999,9,False,
99999903948,35.25,-97.46667,360.3,2005-08-02 05:52:00,999,9,C,0,5,22000,5,9,N,16093,5,N,5,270,C,180,C,99999,9,False,
99999903948,35.25,-97.46667,360.3,2005-08-02 06:52:00,190,5,N,21,5,22000,5,9,N,11265,5,N,5,250,C,180,C,99999,9,False,
99999903948,35.25,-97.46667,360.3,2005-08-02 07:52:00,190,5,N,21,5,22000,5,9,N,11265,5,N,5,240,C,190,C,99999,9,False,
99999903948,35.25,-97.46667,360.3,2005-08-02 08:52:00,180,5,N,15,5,22000,5,9,N,11265,5,N,5,240,C,190,C,99999,9,False,
99999903948,35.25,-97.46667,360.3,2005-08-02 09:52:00,190,5,N,21,5,22000,5,9,N,11265,5,N,5,230,C,190,C,99999,9,False,
99999903948,35.25,-97.46667,360.3,2005-08-02 10:52:00,180,5,N,15,5,22000,5,9,N,11265,5,N,5,230,C,190,C,99999,9,False,
99999903948,35.25,-97.46667,360.3,2005-08-02 11:52:00,999,9,C,0,5,22000,5,9,N,8047,5,N,5,230,C,190,C,99999,9,False,
99999903948,35.25,-97.46667,360.3,2005-08-02 12:53:00,180,5,N,21,5,22000,5,9,N,8047,5,N,5,250,C,190,C,99999,9,False,
99999903948,35.25,-97.46667,360.3,2005-08-02 13:52:00,180,5,N,36,5,22000,5,9,N,11265,5,N,5,280,C,180,C,99999,9,False,
99999903948,35.25,-97.46667,360.3,2005-08-02 14:52:00,170,5,N,31,5,22000,5,9,N,11265,5,N,5,310,C,190,C,99999,9,False,
99999903948,35.25,-97.46667,360.3,2005-08-02 15:52:00,180,5,N,26,5,22000,5,9,N,16093,5,N,5,340,C,180,C,99999,9,False,
99999903948,35.25,-97.46667,360.3,2005-08-02 16:52:00,210,5,N,26,5,22000,5,9,N,16093,5,N,5,360,C,160,C,99999,9,False,
99999903948,35.25,-97.46667,360.3,2005-08-02 17:52:00,180,5,N,31,5,22000,5,9,N,16093,5,N,5,370,C,160,C,99999,9,False,
99999903948,35.25,-97.46667,360.3,2005-08-02 18:52:00,140,5,N,62,5,22000,5,9,N,11265,5,N,5,380,C,170,C,99999,9,False,
99999903948,35.25,-97.46667,360.3,2005-08-02 19:52:00,11,5,N,36,5,22000,5,9,N,16093,5,N,5,380,C,170,C,99999,9,False,
99999903948,35.25,-97.46667,360.3,2005-08-02 20:52:00,150,5,N,36,5,22000,5,9,N,16093,5,N,5,380,C,9999,9,99999,9,False,
99999903948,35.25,-97.46667,360.3,2005-08-02 21:52:00,160,5,N,36,5,22000,5,9,N,16093,5,N,5,370,C,160,C,99999,9,False,
99999903948,35.25,-97.46667,360.3,2005-08-02 22:52:00,160,5,N,41,5,22000,5,9,N,16093,5,N,5,370,C,160,C,99999,9,False,
99999903948,35.25,-97.46667,360.3,2005-08-02 23:52:00,140,5,N,36,5,22000,5,9,N,16093,5,N,5,360,C,150,C,99999,9,False,
99999903948,35.25,-97.46667,360.3,2005-08-03 00:52:00,160,5,N,31,5,22000,5,9,N,16093,5,N,5,340,C,160,C,99999,9,False,
99999903948,35.25,-97.46667,360.3,2005-08-03 01:52:00,130,5,N,21,5,22000,5,9,N,16093,5,N,5,310,C,180,C,99999,9,False,
99999903948,35.25,-97.46667,360.3,2005-08-03 02:52:00,140,5,N,21,5,22000,5,9,N,16093,5,N,5,300,C,190,C,99999,9,False,
99999903948,35.25,-97.46667,360.3,2005-08-03 03:52:00,999,9,C,0,5,22000,5,9,N,11265,5,N,5,280,C,190,C,99999,9,False,
99999903948,35.25,-97.46667,360.3,2005-08-03 04:52:00,999,9,C,0,5,22000,5,9,N,16093,5,N,5,270,C,180,C,99999,9,False,
99999903948,35.25,-97.46667,360.3,2005-08-03 05:52:00,150,5,N,15,5,22000,5,9,N,16093,5,N,5,270,C,180,C,99999,9,False,
99999903948,35.25,-97.46667,360.3,2005-08-03 05:59:00,999,9,9,9999,9,99999,9,9,9,999999,9,9,9,9999,9,9999,9,99999,9,False,
99999903948,35.25,-97.46667,360.3,2005-08-03 06:52:00,999,9,C,0,5,22000,5,9,N,16093,5,N,5,250,C,170,C,99999,9,False,
99999903948,35.25,-97.46667,360.3,2005-08-03 07:52:00,999,9,C,0,5,22000,5,9,N,11265,5,N,5,240,C,170,C,99999,9,False,
99999903948,35.25,-97.46667,360.3,2005-08-03 08:52:00,999,9,C,0,5,22000,5,9,N,11265,5,N,5,220,C,170,C,99999,9,False,
99999903948,35.25,-97.46667,360.3,2005-08-03 09:52:00,210,5,N,21,5,22000,5,9,N,11265,5,N,5,230,C,180,C,99999,9,False,
99999903948,35.25,-97.46667,360.3,2005-08-03 10:52:00,999,9,C,0,5,22000,5,9,N,11265,5,N,5,230,C,180,C,99999,9,False,
99999903948,35.25,-97.46667,360.3,2005-08-03 11:52:00,999,9,C,0,5,22000,5,9,N,8047,5,N,5,230,C,190,C,99999,9,False,
99999903948,35.25,-97.46667,360.3,2005-08-03 12:52:00,190,5,N,21,5,22000,5,9,N,8047,5,N,5,260,C,190,C,99999,9,False,
99999903948,35.25,-97.46667,360.3,2005-08-03 13:52:00,180,5,N,21,5,22000,5,9,N,11265,5,N,5,290,C,190,C,99999,9,False,
99999903948,35.25,-97.46667,360.3,2005-08-03 14:52:00,200,5,N,21,5,22000,5,9,N,11265,5,N,5,320,C,190,C,99999,9,False,
99999903948,35.25,-97.46667,360.3,2005-08-03 15:52:00,200,5,N,26,5,22000,5,9,N,16093,5,N,5,340,C,180,C,99999,9,False,
99999903948,35.25,-97.46667,360.3,2005-08-03 16:52:00,200,5,N,21,5,22000,5,9,N,16093,5,N,5,360,C,180,C,99999,9,False,
99999903948,35.25,-97.46667,360.3,2005-08-03 17:52:00,170,5,N,46,5,22000,5,9,N,16093,5,N,5,370,C,180,C,99999,9,False,
99999903948,35.25,-97.46667,360.3,2005-08-03 18:52:00,180,5,N,57,5,22000,5,9,N,16093,5,N,5,370,C,160,C,99999,9,False,
99999903948,35.25,-97.46667,360.3,2005-08-03 19:52:00,160,5,N,51,5,22000,5,9,N,16093,5,N,5,370,C,150,C,99999,9,False,
99999903948,35.25,-97.46667,360.3,2005-08-03 20:52:00,180,5,N,36,5,22000,5,9,N,16093,5,N,5,370,C,160,C,99999,9,False,
99999903948,35.25,-97.46667,360.3,2005-08-03 21:52:00,150,5,N,57,5,22000,5,9,N,16093,5,N,5,370,C,160,C,99999,9,False,
99999903948,35.25,-97.46667,360.3,2005-08-03 22:53:00,180,5,N,41,5,22000,5,9,N,16093,5,N,5,370,C,150,C,99999,9,False,
99999903948,35.25,-97.46667,360.3,2005-08-03 23:52:00,110,5,N,62,5,22000,5,9,N,16093,5,N,5,360,C,180,C,99999,9,False,
99999903948,35.25,-97.46667,360.3,2005-08-04 00:52:00,130,5,N,31,5,22000,5,9,N,16093,5,N,5,330,C,180,C,99999,9,False,
99999903948,35.25,-97.46667,360.3,2005-08-04 01:53:00,130,5,N,41,5,22000,5,9,N,16093,5,N,5,310,C,190,C,99999,9,False,
99999903948,35.25,-97.46667,360.3,2005-08-04 02:52:00,150,5,N,51,5,22000,5,9,N,16093,5,N,5,300,C,190,C,99999,9,False,
99999903948,35.25,-97.46667,360.3,2005-08-04 03:52:00,170,5,N,36,5,22000,5,9,N,16093,5,N,5,290,C,190,C,99999,9,False,
99999903948,35.25,-97.46667,360.3,2005-08-04 04:52:00,170,5,N,41,5,22000,5,9,N,16093,5,N,5,280,C,190,C,99999,9,False,
99999903948,35.25,-97.46667,360.3,2005-08-04 05:52:00,180,5,N,31,5,22000,5,9,N,11265,5,N,5,260,C,190,C,99999,9,False,
99999903948,35.25,-97.46667,360.3,2005-08-04 05:59:00,999,9,9,9999,9,99999,9,9,9,999999,9,9,9,9999,9,9999,9,99999,9,False,
99999903948,35.25,-97.46667,360.3,2005-08-04 06:52:00,180,5,N,21,5,22000,5,9,N,11265,5,N,5,250,C,190,C,99999,9,False,
99999903948,35.25,-97.46667,360.3,2005-08-04 07:52:00,180,5,N,21,5,22000,5,9,N,11265,5,N,5,250,C,190,C,99999,9,False,
99999903948,35.25,-97.46667,360.3,2005-08-04 08:52:00,999,9,C,0,5,22000,5,9,N,11265,5,N,5,240,C,190,C,99999,9,False,
99999903948,35.25,-97.46667,360.3,2005-08-04 09:52:00,999,9,C,0,5,22000,5,9,N,11265,5,N,5,230,C,190,C,99999,9,False,
99999903948,35.25,-97.46667,360.3,2005-08-04 10:52:00,999,9,C,0,5,22000,5,9,N,11265,5,N,5,240,C,190,C,99999,9,False,
99999903948,35.25,-97.46667,360.3,2005-08-04 11:52:00,999,9,C,0,5,22000,5,9,N,8047,5,N,5,230,C,190,C,99999,9,False,
99999903948,35.25,-97.46667,360.3,2005-08-04 12:53:00,999,9,C,0,5,22000,5,9,N,6437,5,N,5,240,C,200,C,99999,9,False,
99999903948,35.25,-97.46667,360.3,2005-08-04 13:52:00,130,5,N,15,5,22000,5,9,N,8047,5,N,5,280,C,210,C,99999,9,False,
99999903948,35.25,-97.46667,360.3,2005-08-04 14:52:00,170,5,N,21,5,22000,5,9,N,11265,5,N,5,310,C,210,C,99999,9,False,
99999903948,35.25,-97.46667,360.3,2005-08-04 15:52:00,160,5,N,21,5,22000,5,9,N,16093,5,N,5,330,C,210,C,99999,9,False,
99999903948,35.25,-97.46667,360.3,2005-08-04 16:53:00,999,9,C,0,5,22000,5,9,N,16093,5,N,5,340,C,200,C,99999,9,False,
99999903948,35.25,-97.46667,360.3,2005-08-04 17:52:00,200,5,N,26,5,22000,5,9,N,16093,5,N,5,360,C,190,C,99999,9,False,
99999903948,35.25,-97.46667,360.3,2005-08-04 18:52:00,170,5,N,31,5,22000,5,9,N,16093,5,N,5,380,C,190,C,99999,9,False,
99999903948,35.25,-97.46667,360.3,2005-08-04 19:32:00,180,5,N,21,5,22000,5,9,N,16093,5,N,5,380,C,190,C,99999,9,False,
99999903948,35.25,-97.46667,360.3,2005-08-04 19:52:00,160,5,N,46,5,22000,5,9,N,16093,5,N,5,370,5,190,5,99999,9,False,
99999903948,35.25,-97.46667,360.3,2005-08-04 20:52:00,130,5,N,46,5,22000,5,9,N,16093,5,N,5,370,C,180,C,99999,9,False,
99999903948,35.25,-97.46667,360.3,2005-08-04 21:52:00,80,5,N,67,5,22000,5,9,N,16093,5,N,5,350,C,180,C,99999,9,False,
99999903948,35.25,-97.46667,360.3,2005-08-04 22:52:00,100,5,N,36,5,22000,5,9,N,16093,5,N,5,340,C,180,C,99999,9,False,
99999903948,35.25,-97.46667,360.3,2005-08-04 23:52:00,100,5,N,67,5,22000,5,9,N,16093,5,N,5,330,C,190,C,99999,9,False,
99999903948,35.25,-97.46667,360.3,2005-08-05 00:52:00,130,5,N,62,5,22000,5,9,N,16093,5,N,5,300,C,190,C,99999,9,False,
99999903948,35.25,-97.46667,360.3,2005-08-05 01:52:00,120,5,N,36,5,22000,5,9,N,16093,5,N,5,280,C,200,C,99999,9,False,
99999903948,35.25,-97.46667,360.3,2005-08-05 02:52:00,140,5,N,15,5,22000,5,9,N,16093,5,N,5,280,C,190,C,99999,9,False,
99999903948,35.25,-97.46667,360.3,2005-08-05 03:52:00,999,9,C,0,5,22000,5,9,N,16093,5,N,5,270,C,190,C,99999,9,False,
99999903948,35.25,-97.46667,360.3,2005-08-05 04:52:00,350,5,N,41,5,22000,5,9,N,16093,5,N,5,260,C,190,C,99999,9,False,
99999903948,35.25,-97.46667,360.3,2005-08-05 05:32:00,280,5,N,31,5,22000,5,9,N,16093,5,N,5,260,C,190,C,99999,9,False,
99999903948,35.25,-97.46667,360.3,2005-08-05 05:52:00,20,5,N,41,5,22000,5,9,N,16093,5,N,5,260,5,190,5,99999,9,False,
99999903948,35.25,-97.46667,360.3,2005-08-05 05:59:00,999,9,9,9999,9,99999,9,9,9,999999,9,9,9,9999,9,9999,9,99999,9,False,
99999903948,35.25,-97.46667,360.3,2005-08-05 06:52:00,350,5,N,31,5,22000,5,9,N,16093,5,N,5,240,C,190,C,99999,9,False,
99999903948,35.25,-97.46667,360.3,2005-08-05 07:52:00,320,5,N,21,5,22000,5,9,N,16093,5,N,5,240,C,190,C,99999,9,False,
99999903948,35.25,-97.46667,360.3,2005-08-05 08:52:00,340,5,N,31,5,22000,5,9,N,16093,5,N,5,240,C,190,C,99999,9,False,
99999903948,35.25,-97.46667,360.3,2005-08-05 09:52:00,999,9,C,0,5,22000,5,9,N,16093,5,N,5,230,C,190,C,99999,9,False,
99999903948,35.25,-97.46667,360.3,2005-08-05 10:52:00,360,5,N,31,5,22000,5,9,N,16093,5,N,5,230,C,190,C,99999,9,False,
99999903948,35.25,-97.46667,360.3,2005-08-05 11:52:00,10,5,N,51,5,22000,5,9,N,16093,5,N,5,230,C,190,C,99999,9,False,
99999903948,35.25,-97.46667,360.3,2005-08-05 12:52:00,20,5,N,41,5,22000,5,9,N,16093,5,N,5,230,C,180,C,99999,9,False,
99999903948,35.25,-97.46667,360.3,2005-08-05 13:53:00,30,5,N,36,5,22000,5,9,N,16093,5,N,5,240,C,190,C,99999,9,False,
99999903948,35.25,-97.46667,360.3,2005-08-05 14:52:00,20,5,N,41,5,22000,5,9,N,16093,5,N,5,250,C,190,C,99999,9,False,
99999903948,35.25,-97.46667,360.3,2005-08-05 15:52:00,20,5,N,31,5,22000,5,9,N,16093,5,N,5,260,C,190,C,99999,9,False,
99999903948,35.25,-97.46667,360.3,2005-08-05 16:52:00,30,5,N,31,5,22000,5,9,N,11265,5,N,5,280,C,200,C,99999,9,False,
99999903948,35.25,-97.46667,360.3,2005-08-05 17:53:00,350,5,N,26,5,22000,5,9,N,16093,5,N,5,290,C,200,C,99999,9,False,
99999903948,35.25,-97.46667,360.3,2005-08-05 18:52:00,20,5,N,15,5,22000,5,9,N,11265,5,N,5,300,C,200,C,99999,9,False,
99999903948,35.25,-97.46667,360.3,2005-08-05 19:52:00,350,5,N,15,5,22000,5,9,N,16093,5,N,5,340,C,200,C,99999,9,False,
99999903948,35.25,-97.46667,360.3,2005-08-05 20:52:00,999,9,C,0,5,22000,5,9,N,16093,5,N,5,350,C,190,C,99999,9,False,
99999903948,35.25,-97.46667,360.3,2005-08-05 21:52:00,90,5,N,26,5,22000,5,9,N,16093,5,N,5,360,C,190,C,99999,9,False,
99999903948,35.25,-97.46667,360.3,2005-08-05 22:52:00,30,5,N,26,5,22000,5,9,N,16093,5,N,5,350,C,190,C,99999,9,False,
99999903948,35.25,-97.46667,360.3,2005-08-05 23:52:00,120,5,N,98,5,1372,5,M,N,8047,5,N,5,270,C,200,C,99999,9,False,
99999903948,35.25,-97.46667,360.3,2005-08-06 00:52:00,160,5,N,36,5,1829,5,M,N,16093,5,N,5,230,C,200,C,99999,9,False,
99999903948,35.25,-97.46667,360.3,2005-08-06 01:52:00,220,5,N,15,5,22000,5,9,N,16093,5,N,5,230,C,200,C,99999,9,False,
99999903948,35.25,-97.46667,360.3,2005-08-06 02:52:00,999,9,C,0,5,22000,5,9,N,16093,5,N,5,230,C,210,C,99999,9,False,
99999903948,35.25,-97.46667,360.3,2005-08-06 03:52:00,10,5,N,36,5,22000,5,9,N,16093,5,N,5,230,C,220,C,99999,9,False,
99999903948,35.25,-97.46667,360.3,2005-08-06 04:52:00,10,5,N,36,5,22000,5,9,N,16093,5,N,5,230,C,210,C,99999,9,False,
99999903948,35.25,-97.46667,360.3,2005-08-06 05:52:00,20,5,N,31,5,22000,5,9,N,16093,5,N,5,230,C,200,C,99999,9,False,
99999903948,35.25,-97.46667,360.3,2005-08-06 05:59:00,999,9,9,9999,9,99999,9,9,9,999999,9,9,9,9999,9,9999,9,99999,9,False,
99999903948,35.25,-97.46667,360.3,2005-08-06 06:52:00,90,5,N,15,5,22000,5,9,N,16093,5,N,5,220,C,200,C,99999,9,False,
99999903948,35.25,-97.46667,360.3,2005-08-06 07:52:00,20,5,N,15,5,22000,5,9,N,16093,5,N,5,220,C,200,C,99999,9,False,
99999903948,35.25,-97.46667,360.3,2005-08-06 08:52:00,999,9,C,0,5,22000,5,9,N,16093,5,N,5,220,C,190,C,99999,9,False,
99999903948,35.25,-97.46667,360.3,2005-08-06 09:52:00,80,5,N,21,5,3048,5,M,N,11265,5,N,5,220,C,190,C,99999,9,False,
99999903948,35.25,-97.46667,360.3,2005-08-06 10:32:00,60,5,N,15,5,22000,5,9,N,11265,5,N,5,220,C,190,C,99999,9,False,
99999903948,35.25,-97.46667,360.3,2005-08-06 10:52:00,999,9,C,0,5,22000,5,9,N,11265,5,N,5,210,5,190,5,99999,9,False,
99999903948,35.25,-97.46667,360.3,2005-08-06 11:52:00,999,9,C,0,5,22000,5,9,N,6437,5,N,5,210,C,190,C,99999,9,False,
99999903948,35.25,-97.46667,360.3,2005-08-06 12:52:00,999,9,C,0,5,22000,5,9,N,6437,5,N,5,220,C,200,C,99999,9,False,
99999903948,35.25,-97.46667,360.3,2005-08-06 13:52:00,10,5,N,15,5,22000,5,9,N,11265,5,N,5,230,C,210,C,99999,9,False,
99999903948,35.25,-97.46667,360.3,2005-08-06 14:52:00,999,9,C,0,5,22000,5,9,N,11265,5,N,5,240,C,210,C,99999,9,False,
99999903948,35.25,-97.46667,360.3,2005-08-06 15:52:00,110,5,N,15,5,22000,5,9,N,11265,5,N,5,250,C,210,C,99999,9,False,
99999903948,35.25,-97.46667,360.3,2005-08-06 16:52:00,110,5,N,21,5,22000,5,9,N,11265,5,N,5,270,C,210,C,99999,9,False,
99999903948,35.25,-97.46667,360.3,2005-08-06 17:52:00,999,9,C,0,5,22000,5,9,N,16093,5,N,5,310,C,210,C,99999,9,False,
99999903948,35.25,-97.46667,360.3,2005-08-06 18:52:00,110,5,N,15,5,22000,5,9,N,16093,5,N,5,330,C,210,C,99999,9,False,
99999903948,35.25,-97.46667,360.3,2005-08-06 19:12:00,999,9,C,0,5,22000,5,9,N,16093,5,N,5,330,5,200,5,99999,9,False,
99999903948,35.25,-97.46667,360.3,2005-08-06 19:52:00,190,5,N,21,5,22000,5,9,N,16093,5,N,5,340,C,190,C,99999,9,False,
99999903948,35.25,-97.46667,360.3,2005-08-06 20:52:00,220,5,N,26,5,22000,5,9,N,16093,5,N,5,350,C,180,C,99999,9,False,
99999903948,35.25,-97.46667,360.3,2005-08-06 21:52:00,999,9,C,0,5,22000,5,9,N,16093,5,N,5,340,C,180,C,99999,9,False,
99999903948,35.25,-97.46667,360.3,2005-08-06 22:52:00,160,5,N,15,5,22000,5,9,N,16093,5,N,5,340,C,170,C,99999,9,False,
99999903948,35.25,-97.46667,360.3,2005-08-06 23:52:00,120,5,N,41,5,22000,5,9,N,16093,5,N,5,310,C,180,C,99999,9,False,
99999903948,35.25,-97.46667,360.3,2005-08-07 00:52:00,120,5,N,36,5,22000,5,9,N,16093,5,N,5,290,C,190,C,99999,9,False,
99999903948,35.25,-97.46667,360.3,2005-08-07 01:52:00,130,5,N,31,5,22000,5,9,N,16093,5,N,5,280,C,190,C,99999,9,False,
99999903948,35.25,-97.46667,360.3,2005-08-07 02:52:00,140,5,N,26,5,22000,5,9,N,16093,5,N,5,270,C,200,C,99999,9,False,
99999903948,35.25,-97.46667,360.3,2005-08-07 03:52:00,130,5,N,21,5,22000,5,9,N,16093,5,N,5,260,C,200,C,99999,9,False,
99999903948,35.25,-97.46667,360.3,2005-08-07 04:52:00,999,9,C,0,5,22000,5,9,N,11265,5,N,5,260,C,190,C,99999,9,False,
99999903948,35.25,-97.46667,360.3,2005-08-07 05:52:00,999,9,C,0,5,22000,5,9,N,11265,5,N,5,240,C,200,C,99999,9,False,
99999903948,35.25,-97.46667,360.3,2005-08-07 05:59:00,999,9,9,9999,9,99999,9,9,9,999999,9,9,9,9999,9,9999,9,99999,9,False,
99999903948,35.25,-97.46667,360.3,2005-08-07 06:52:00,190,5,N,15,5,22000,5,9,N,11265,5,N,5,240,C,210,C,99999,9,False,
99999903948,35.25,-97.46667,360.3,2005-08-07 07:52:00,190,5,N,15,5,22000,5,9,N,8047,5,N,5,240,C,210,C,99999,9,False,
99999903948,35.25,-97.46667,360.3,2005-08-07 08:52:00,180,5,N,21,5,22000,5,9,N,8047,5,N,5,240,C,210,C,99999,9,False,
99999903948,35.25,-97.46667,360.3,2005-08-07 09:52:00,140,5,N,15,5,22000,5,9,N,11265,5,N,5,240,C,210,C,99999,9,False,
99999903948,35.25,-97.46667,360.3,2005-08-07 10:52:00,160,5,N,15,5,22000,5,9,N,11265,5,N,5,240,C,210,C,99999,9,False,
99999903948,35.25,-97.46667,360.3,2005-08-07 11:52:00,190,5,N,15,5,22000,5,9,N,8047,5,N,5,230,C,210,C,99999,9,False,
99999903948,35.25,-97.46667,360.3,2005-08-07 12:52:00,999,9,C,0,5,22000,5,9,N,8047,5,N,5,260,C,220,C,99999,9,False,
99999903948,35.25,-97.46667,360.3,2005-08-07 13:52:00,160,5,N,26,5,22000,5,9,N,11265,5,N,5,270,C,210,C,99999,9,False,
99999903948,35.25,-97.46667,360.3,2005-08-07 14:52:00,160,5,N,31,5,22000,5,9,N,11265,5,N,5,290,C,210,C,99999,9,False,
99999903948,35.25,-97.46667,360.3,2005-08-07 15:52:00,190,5,N,36,5,22000,5,9,N,11265,5,N,5,310,C,200,C,99999,9,False,
99999903948,35.25,-97.46667,360.3,2005-08-07 16:52:00,180,5,N,36,5,22000,5,9,N,16093,5,N,5,330,C,200,C,99999,9,False,
99999903948,35.25,-97.46667,360.3,2005-08-07 17:52:00,160,5,N,26,5,22000,5,9,N,16093,5,N,5,340,C,190,C,99999,9,False,
99999903948,35.25,-97.46667,360.3,2005-08-07 18:52:00,190,5,N,41,5,22000,5,9,N,16093,5,N,5,340,C,190,C,99999,9,False,
99999903948,35.25,-97.46667,360.3,2005-08-07 19:53:00,999,9,C,0,5,1829,5,M,N,16093,5,N,5,350,C,190,C,99999,9,False,
99999903948,35.25,-97.46667,360.3,2005-08-07 20:52:00,200,5,N,21,5,22000,5,9,N,16093,5,N,5,340,C,180,C,99999,9,False,
99999903948,35.25,-97.46667,360.3,2005-08-07 21:52:00,999,9,C,0,5,22000,5,9,N,16093,5,N,5,330,C,220,C,99999,9,False,
99999903948,35.25,-97.46667,360.3,2005-08-07 22:52:00,200,5,N,21,5,22000,5,9,N,16093,5,N,5,330,C,210,C,99999,9,False,
99999903948,35.25,-97.46667,360.3,2005-08-07 23:52:00,250,5,N,77,5,2743,5,M,N,16093,5,N,5,260,C,190,C,99999,9,False,
99999903948,35.25,-97.46667,360.3,2005-08-08 00:52:00,170,5,N,72,5,99999,9,9,N,16093,5,N,5,240,C,200,C,99999,9,False,
99999903948,35.25,-97.46667,360.3,2005-08-08 01:52:00,150,5,N,21,5,152,5,M,N,16093,5,N,5,230,C,210,C,99999,9,False,
99999903948,35.25,-97.46667,360.3,2005-08-08 02:52:00,240,5,N,15,5,22000,5,9,N,16093,5,N,5,230,C,210,C,99999,9,False,
99999903948,35.25,-97.46667,360.3,2005-08-08 03:52:00,250,5,N,21,5,22000,5,9,N,11265,5,N,5,220,C,210,C,99999,9,False,
99999903948,35.25,-97.46667,360.3,2005-08-08 04:52:00,999,9,C,0,5,22000,5,9,N,16093,5,N,5,220,C,200,C,99999,9,False,
99999903948,35.25,-97.46667,360.3,2005-08-08 05:52:00,120,5,N,26,5,22000,5,9,N,11265,5,N,5,210,C,190,C,99999,9,False,
99999903948,35.25,-97.46667,360.3,2005-08-08 05:59:00,999,9,9,9999,9,99999,9,9,9,999999,9,9,9,9999,9,9999,9,99999,9,False,
99999903948,35.25,-97.46667,360.3,2005-08-08 06:52:00,170,5,N,26,5,22000,5,9,N,16093,5,N,5,210,C,190,C,99999,9,False,
99999903948,35.25,-97.46667,360.3,2005-08-08 07:52:00,999,9,C,0,5,22000,5,9,N,11265,5,N,5,210,C,190,C,99999,9,False,
99999903948,35.25,-97.46667,360.3,2005-08-08 08:52:00,999,9,C,0,5,22000,5,9,N,16093,5,N,5,210,C,190,C,99999,9,False,
99999903948,35.25,-97.46667,360.3,2005-08-08 09:52:00,999,9,C,0,5,22000,5,9,N,11265,5,N,5,210,C,190,C,99999,9,False,
99999903948,35.25,-97.46667,360.3,2005-08-08 10:52:00,999,9,C,0,5,22000,5,9,N,11265,5,N,5,200,C,190,C,99999,9,False,
99999903948,35.25,-97.46667,360.3,2005-08-08 11:52:00,999,9,C,0,5,22000,5,9,N,4828,5,N,5,200,C,180,C,99999,9,False,
99999903948,35.25,-97.46667,360.3,2005-08-08 12:52:00,999,9,C,0,5,22000,5,9,N,8047,5,N,5,230,C,210,C,99999,9,False,
99999903948,35.25,-97.46667,360.3,2005-08-08 13:12:00,190,5,N,15,5,22000,5,9,N,8047,5,N,5,240,C,210,C,99999,9,False,
99999903948,35.25,-97.46667,360.3,2005-08-08 14:52:00,190,5,N,36,5,22000,5,9,N,11265,5,N,5,270,C,220,C,99999,9,False,
99999903948,35.25,-97.46667,360.3,2005-08-08 15:52:00,180,5,N,41,5,22000,5,9,N,11265,5,N,5,290,C,220,C,99999,9,False,
99999903948,35.25,-97.46667,360.3,2005-08-08 16:52:00,180,5,N,41,5,22000,5,9,N,16093,5,N,5,320,C,220,C,99999,9,False,
99999903948,35.25,-97.46667,360.3,2005-08-08 17:52:00,180,5,N,36,5,22000,5,9,N,16093,5,N,5,320,C,210,C,99999,9,False,
99999903948,35.25,-97.46667,360.3,2005-08-08 18:52:00,220,5,N,41,5,22000,5,9,N,16093,5,N,5,340,C,200,C,99999,9,False,
99999903948,35.25,-97.46667,360.3,2005-08-08 19:52:00,170,5,N,36,5,22000,5,9,N,16093,5,N,5,350,C,180,C,99999,9,False,
99999903948,35.25,-97.46667,360.3,2005-08-08 20:32:00,210,5,N,41,5,22000,5,9,N,16093,5,N,5,340,C,170,C,99999,9,False,
99999903948,35.25,-97.46667,360.3,2005-08-08 21:52:00,200,5,N,98,5,22000,5,9,N,16093,5,N,5,340,C,200,C,99999,9,False,
99999903948,35.25,-97.46667,360.3,2005-08-08 22:52:00,200,5,N,67,5,22000,5,9,N,16093,5,N,5,310,C,210,C,99999,9,False,
99999903948,35.25,-97.46667,360.3,2005-08-08 23:52:00,200,5,N,46,5,22000,5,9,N,16093,5,N,5,290,C,200,C,99999,9,False,
99999903948,35.25,-97.46667,360.3,2005-08-09 00:52:00,190,5,N,51,5,22000,5,9,N,16093,5,N,5,280,C,200,C,99999,9,False,
99999903948,35.25,-97.46667,360.3,2005-08-09 01:52:00,220,5,N,15,5,22000,5,9,N,16093,5,N,5,260,C,210,C,99999,9,False,
99999903948,35.25,-97.46667,360.3,2005-08-09 02:52:00,220,5,N,15,5,22000,5,9,N,16093,5,N,5,250,C,210,C,99999,9,False,
99999903948,35.25,-97.46667,360.3,2005-08-09 03:52:00,999,9,C,0,5,22000,5,9,N,16093,5,N,5,250,C,210,C,99999,9,False,
99999903948,35.25,-97.46667,360.3,2005-08-09 04:52:00,190,5,N,21,5,22000,5,9,N,16093,5,N,5,240,C,210,C,99999,9,False,
99999903948,35.25,-97.46667,360.3,2005-08-09 05:52:00,180,5,N,21,5,22000,5,9,N,11265,5,N,5,240,C,210,C,99999,9,False,
99999903948,35.25,-97.46667,360.3,2005-08-09 05:59:00,999,9,9,9999,9,99999,9,9,9,999999,9,9,9,9999,9,9999,9,99999,9,False,
99999903948,35.25,-97.46667,360.3,2005-08-09 06:52:00,200,5,N,36,5,22000,5,9,N,11265,5,N,5,230,C,210,C,99999,9,False,
99999903948,35.25,-97.46667,360.3,2005-08-09 07:52:00,190,5,N,31,5,22000,5,9,N,11265,5,N,5,230,C,210,C,99999,9,False,
99999903948,35.25,-97.46667,360.3,2005-08-09 08:52:00,190,5,N,26,5,22000,5,9,N,11265,5,N,5,220,C,200,C,99999,9,False,
99999903948,35.25,-97.46667,360.3,2005-08-09 09:52:00,200,5,N,21,5,22000,5,9,N,16093,5,N,5,220,C,200,C,99999,9,False,
99999903948,35.25,-97.46667,360.3,2005-08-09 10:52:00,999,9,C,0,5,22000,5,9,N,11265,5,N,5,210,C,190,C,99999,9,False,
99999903948,35.25,-97.46667,360.3,2005-08-09 11:52:00,180,5,N,15,5,22000,5,9,N,6437,5,N,5,210,C,190,C,99999,9,False,
99999903948,35.25,-97.46667,360.3,2005-08-09 12:52:00,999,9,C,0,5,22000,5,9,N,8047,5,N,5,220,C,210,C,99999,9,False,
99999903948,35.25,-97.46667,360.3,2005-08-09 13:52:00,240,5,N,26,5,22000,5,9,N,16093,5,N,5,260,C,210,C,99999,9,False,
99999903948,35.25,-97.46667,360.3,2005-08-09 14:52:00,230,5,N,36,5,22000,5,9,N,16093,5,N,5,280,C,210,C,99999,9,False,
99999903948,35.25,-97.46667,360.3,2005-08-09 15:52:00,210,5,N,41,5,22000,5,9,N,16093,5,N,5,300,C,210,C,99999,9,False,
99999903948,35.25,-97.46667,360.3,2005-08-09 16:53:00,150,5,N,41,5,22000,5,9,N,16093,5,N,5,320,C,200,C,99999,9,False,
99999903948,35.25,-97.46667,360.3,2005-08-09 17:52:00,190,5,N,46,5,22000,5,9,N,16093,5,N,5,320,C,190,C,99999,9,False,
99999903948,35.25,-97.46667,360.3,2005-08-09 18:52:00,170,5,N,57,5,22000,5,9,N,16093,5,N,5,330,C,190,C,99999,9,False,
99999903948,35.25,-97.46667,360.3,2005-08-09 19:52:00,180,5,N,46,5,22000,5,9,N,16093,5,N,5,340,C,190,C,99999,9,False,
99999903948,35.25,-97.46667,360.3,2005-08-09 20:53:00,160,5,N,57,5,22000,5,9,N,16093,5,N,5,340,C,190,C,99999,9,False,
99999903948,35.25,-97.46667,360.3,2005-08-09 21:52:00,140,5,N,51,5,22000,5,9,N,16093,5,N,5,340,C,190,C,99999,9,False,
99999903948,35.25,-97.46667,360.3,2005-08-09 22:52:00,180,5,N,31,5,22000,5,9,N,16093,5,N,5,320,C,190,C,99999,9,False,
99999903948,35.25,-97.46667,360.3,2005-08-09 23:52:00,200,5,N,41,5,22000,5,9,N,16093,5,N,5,330,C,180,C,99999,9,False,
99999903948,35.25,-97.46667,360.3,2005-08-10 00:52:00,160,5,N,41,5,22000,5,9,N,16093,5,N,5,320,C,190,C,99999,9,False,
99999903948,35.25,-97.46667,360.3,2005-08-10 01:52:00,170,5,N,26,5,22000,5,9,N,16093,5,N,5,290,C,190,C,99999,9,False,
99999903948,35.25,-97.46667,360.3,2005-08-10 02:52:00,170,5,N,21,5,22000,5,9,N,16093,5,N,5,270,C,190,C,99999,9,False,
99999903948,35.25,-97.46667,360.3,2005-08-10 03:52:00,180,5,N,21,5,22000,5,9,N,16093,5,N,5,270,C,200,C,99999,9,False,
99999903948,35.25,-97.46667,360.3,2005-08-10 04:52:00,180,5,N,21,5,22000,5,9,N,16093,5,N,5,260,C,200,C,99999,9,False,
99999903948,35.25,-97.46667,360.3,2005-08-10 05:52:00,180,5,N,26,5,22000,5,9,N,16093,5,N,5,250,C,200,C,99999,9,False,
99999903948,35.25,-97.46667,360.3,2005-08-10 05:59:00,999,9,9,9999,9,99999,9,9,9,999999,9,9,9,9999,9,9999,9,99999,9,False,
99999903948,35.25,-97.46667,360.3,2005-08-10 06:52:00,200,5,N,21,5,22000,5,9,N,16093,5,N,5,240,C,200,C,99999,9,False,
99999903948,35.25,-97.46667,360.3,2005-08-10 07:52:00,190,5,N,31,5,22000,5,9,N,16093,5,N,5,240,C,210,C,99999,9,False,
99999903948,35.25,-97.46667,360.3,2005-08-10 08:52:00,999,9,C,0,5,22000,5,9,N,16093,5,N,5,230,C,200,C,99999,9,False,
99999903948,35.25,-97.46667,360.3,2005-08-10 09:52:00,999,9,C,0,5,22000,5,9,N,11265,5,N,5,220,C,180,C,99999,9,False,
99999903948,35.25,-97.46667,360.3,2005-08-10 10:52:00,999,9,C,0,5,99999,9,9,N,11265,5,N,5,220,C,190,C,99999,9,False,
99999903948,35.25,-97.46667,360.3,2005-08-10 11:52:00,180,5,N,15,5,22000,5,9,N,8047,5,N,5,220,C,200,C,99999,9,False,
99999903948,35.25,-97.46667,360.3,2005-08-10 12:53:00,170,5,N,21,5,22000,5,9,N,6437,5,N,5,240,C,210,C,99999,9,False,
99999903948,35.25,-97.46667,360.3,2005-08-10 13:52:00,180,5,N,15,5,22000,5,9,N,16093,5,N,5,270,C,210,C,99999,9,False,
99999903948,35.25,-97.46667,360.3,2005-08-10 14:52:00,999,9,C,0,5,22000,5,9,N,16093,5,N,5,300,C,210,C,99999,9,False,
99999903948,35.25,-97.46667,360.3,2005-08-10 15:52:00,999,9,C,0,5,22000,5,9,N,16093,5,N,5,320,C,190,C,99999,9,False,
99999903948,35.25,-97.46667,360.3,2005-08-10 16:52:00,120,5,N,31,5,22000,5,9,N,16093,5,N,5,320,C,180,C,99999,9,False,
99999903948,35.25,-97.46667,360.3,2005-08-10 17:52:00,140,5,N,51,5,22000,5,9,N,16093,5,N,5,330,C,190,C,99999,9,False,
99999903948,35.25,-97.46667,360.3,2005-08-10 18:52:00,130,5,N,36,5,22000,5,9,N,16093,5,N,5,340,C,190,C,99999,9,False,
99999903948,35.25,-97.46667,360.3,2005-08-10 19:52:00,120,5,N,57,5,22000,5,9,N,16093,5,N,5,340,C,180,C,99999,9,False,
99999903948,35.25,-97.46667,360.3,2005-08-10 20:52:00,130,5,N,51,5,22000,5,9,N,999999,9,N,5,340,C,180,C,99999,9,False,
99999903948,35.25,-97.46667,360.3,2005-08-10 21:52:00,110,5,N,51,5,22000,5,9,N,16093,5,N,5,340,C,180,C,99999,9,False,
99999903948,35.25,-97.46667,360.3,2005-08-10 22:52:00,150,5,N,72,5,22000,5,9,N,16093,5,N,5,340,C,180,C,99999,9,False,
99999903948,35.25,-97.46667,360.3,2005-08-10 23:52:00,150,5,N,57,5,22000,5,9,N,16093,5,N,5,330,C,180,C,99999,9,False,
99999903948,35.25,-97.46667,360.3,2005-08-11 00:52:00,130,5,N,46,5,22000,5,9,N,16093,5,N,5,320,C,180,C,99999,9,False,
99999903948,35.25,-97.46667,360.3,2005-08-11 01:52:00,130,5,N,31,5,22000,5,9,N,16093,5,N,5,290,C,190,C,99999,9,False,
99999903948,35.25,-97.46667,360.3,2005-08-11 02:52:00,170,5,N,21,5,22000,5,9,N,16093,5,N,5,290,C,9999,9,99999,9,False,
99999903948,35.25,-97.46667,360.3,2005-08-11 03:52:00,170,5,N,21,5,22000,5,9,N,16093,5,N,5,270,C,200,C,99999,9,False,
99999903948,35.25,-97.46667,360.3,2005-08-11 04:52:00,180,5,N,36,5,22000,5,9,N,16093,5,N,5,270,C,200,C,99999,9,False,
99999903948,35.25,-97.46667,360.3,2005-08-11 05:52:00,190,5,N,36,5,99999,9,9,N,16093,5,N,5,260,C,190,C,99999,9,False,
99999903948,35.25,-97.46667,360.3,2005-08-11 05:59:00,999,9,9,9999,9,99999,9,9,9,999999,9,9,9,9999,9,9999,9,99999,9,False,
99999903948,35.25,-97.46667,360.3,2005-08-11 06:52:00,180,5,N,21,5,22000,5,9,N,16093,5,N,5,240,C,190,C,99999,9,False,
99999903948,35.25,-97.46667,360.3,2005-08-11 07:52:00,200,5,N,26,5,22000,5,9,N,16093,5,N,5,240,C,190,C,99999,9,False,
99999903948,35.25,-97.46667,360.3,2005-08-11 08:52:00,180,5,N,31,5,22000,5,9,N,16093,5,N,5,230,C,190,C,99999,9,False,
99999903948,35.25,-97.46667,360.3,2005-08-11 09:52:00,180,5,N,31,5,22000,5,9,N,16093,5,N,5,230,C,190,C,99999,9,False,
99999903948,35.25,-97.46667,360.3,2005-08-11 10:52:00,180,5,N,15,5,22000,5,9,N,16093,5,N,5,220,C,190,C,99999,9,False,
99999903948,35.25,-97.46667,360.3,2005-08-11 11:52:00,180,5,N,15,5,99999,9,9,N,16093,5,N,5,220,C,190,C,99999,9,False,
99999903948,35.25,-97.46667,360.3,2005-08-11 12:52:00,180,5,N,31,5,22000,5,9,N,16093,5,N,5,230,C,190,C,99999,9,False,
99999903948,35.25,-97.46667,360.3,2005-08-11 13:52:00,200,5,N,46,5,22000,5,9,N,16093,5,N,5,250,C,200,C,99999,9,False,
99999903948,35.25,-97.46667,360.3,2005-08-11 14:52:00,200,5,N,46,5,22000,5,9,N,16093,5,N,5,270,C,200,C,99999,9,False,
99999903948,35.25,-97.46667,360.3,2005-08-11 15:52:00,200,5,N,67,5,22000,5,9,N,16093,5,N,5,290,C,210,C,99999,9,False,
99999903948,35.25,-97.46667,360.3,2005-08-11 16:52:00,200,5,N,62,5,22000,5,9,N,16093,5,N,5,310,C,210,C,99999,9,False,
99999903948,35.25,-97.46667,360.3,2005-08-11 17:52:00,210,5,N,51,5,1128,5,M,N,16093,5,N,5,320,C,210,C,99999,9,False,
99999903948,35.25,-97.46667,360.3,2005-08-11 18:52:00,180,5,N,51,5,22000,5,9,N,16093,5,N,5,320,C,200,C,99999,9,False,
99999903948,35.25,-97.46667,360.3,2005-08-11 19:52:00,190,5,N,51,5,22000,5,9,N,16093,5,N,5,340,C,190,C,99999,9,False,
99999903948,35.25,-97.46667,360.3,2005-08-11 20:52:00,180,5,N,57,5,22000,5,9,N,16093,5,N,5,330,C,9999,9,99999,9,False,
99999903948,35.25,-97.46667,360.3,2005-08-11 21:52:00,180,5,N,77,5,22000,5,9,N,16093,5,N,5,340,C,190,C,99999,9,False,
99999903948,35.25,-97.46667,360.3,2005-08-11 22:52:00,190,5,N,57,5,22000,5,9,N,16093,5,N,5,340,C,190,C,99999,9,False,
99999903948,35.25,-97.46667,360.3,2005-08-11 23:52:00,180,5,N,57,5,22000,5,9,N,16093,5,N,5,340,C,190,C,99999,9,False,
99999903948,35.25,-97.46667,360.3,2005-08-12 00:52:00,170,5,N,41,5,22000,5,9,N,16093,5,N,5,320,C,190,C,99999,9,False,
99999903948,35.25,-97.46667,360.3,2005-08-12 01:52:00,150,5,N,36,5,22000,5,9,N,16093,5,N,5,310,C,190,C,99999,9,False,
99999903948,35.25,-97.46667,360.3,2005-08-12 02:52:00,160,5,N,46,5,22000,5,9,N,16093,5,N,5,300,C,210,C,99999,9,False,
99999903948,35.25,-97.46667,360.3,2005-08-12 03:52:00,170,5,N,51,5,22000,5,9,N,16093,5,N,5,290,C,210,C,99999,9,False,
99999903948,35.25,-97.46667,360.3,2005-08-12 04:52:00,180,5,N,41,5,22000,5,9,N,16093,5,N,5,270,C,200,C,99999,9,False,
99999903948,35.25,-97.46667,360.3,2005-08-12 05:52:00,190,5,N,46,5,22000,5,9,N,16093,5,N,5,270,C,190,C,99999,9,False,
99999903948,35.25,-97.46667,360.3,2005-08-12 06:52:00,190,5,N,41,5,22000,5,9,N,16093,5,N,5,270,C,190,C,99999,9,False,
99999903948,35.25,-97.46667,360.3,2005-08-12 07:52:00,180,5,N,36,5,22000,5,9,N,16093,5,N,5,260,C,190,C,99999,9,False,
99999903948,35.25,-97.46667,360.3,2005-08-12 08:52:00,180,5,N,41,5,22000,5,9,N,16093,5,N,5,250,C,190,C,99999,9,False,
99999903948,35.25,-97.46667,360.3,2005-08-12 09:52:00,190,5,N,41,5,22000,5,9,N,16093,5,N,5,240,C,190,C,99999,9,False,
99999903948,35.25,-97.46667,360.3,2005-08-12 10:52:00,190,5,N,41,5,22000,5,9,N,16093,5,N,5,240,C,190,C,99999,9,False,
99999903948,35.25,-97.46667,360.3,2005-08-12 11:52:00,190,5,N,31,5,22000,5,9,N,11265,5,N,5,240,C,190,C,99999,9,False,
99999903948,35.25,-97.46667,360.3,2005-08-12 12:52:00,180,5,N,36,5,22000,5,9,N,11265,5,N,5,250,C,190,C,99999,9,False,
99999903948,35.25,-97.46667,360.3,2005-08-12 13:52:00,210,5,N,51,5,22000,5,9,N,11265,5,N,5,270,C,190,C,99999,9,False,
99999903948,35.25,-97.46667,360.3,2005-08-12 14:52:00,210,5,N,62,5,22000,5,9,N,16093,5,N,5,300,C,190,C,99999,9,False,
99999903948,35.25,-97.46667,360.3,2005-08-12 15:52:00,210,5,N,67,5,22000,5,9,N,16093,5,N,5,310,C,200,C,99999,9,False,
99999903948,35.25,-97.46667,360.3,2005-08-12 16:52:00,200,5,N,41,5,22000,5,9,N,16093,5,N,5,320,C,200,C,99999,9,False,
99999903948,35.25,-97.46667,360.3,2005-08-12 17:52:00,200,5,N,51,5,22000,5,9,N,16093,5,N,5,340,C,190,C,99999,9,False,
99999903948,35.25,-97.46667,360.3,2005-08-12 18:52:00,210,5,N,77,5,22000,5,9,N,16093,5,N,5,350,C,200,C,99999,9,False,
99999903948,35.25,-97.46667,360.3,2005-08-12 19:52:00,170,5,N,77,5,22000,5,9,N,16093,5,N,5,350,C,210,C,99999,9,False,
99999903948,35.25,-97.46667,360.3,2005-08-12 20:52:00,180,5,N,82,5,22000,5,9,N,16093,5,N,5,340,C,200,C,99999,9,False,
99999903948,35.25,-97.46667,360.3,2005-08-12 21:52:00,170,5,N,67,5,22000,5,9,N,16093,5,N,5,350,C,180,C,99999,9,False,
99999903948,35.25,-97.46667,360.3,2005-08-12 22:52:00,180,5,N,88,5,22000,5,9,N,16093,5,N,5,360,C,170,C,99999,9,False,
99999903948,35.25,-97.46667,360.3,2005-08-12 23:52:00,170,5,N,77,5,22000,5,9,N,16093,5,N,5,340,C,180,C,99999,9,False,
99999903948,35.25,-97.46667,360.3,2005-08-13 00:52:00,170,5,N,51,5,22000,5,9,N,16093,5,N,5,320,C,190,C,99999,9,False,
99999903948,35.25,-97.46667,360.3,2005-08-13 01:52:00,160,5,N,46,5,22000,5,9,N,16093,5,N,5,310,C,190,C,99999,9,False,
99999903948,35.25,-97.46667,360.3,2005-08-13 02:52:00,170,5,N,67,5,22000,5,9,N,16093,5,N,5,310,C,190,C,99999,9,False,
99999903948,35.25,-97.46667,360.3,2005-08-13 03:52:00,170,5,N,51,5,22000,5,9,N,16093,5,N,5,300,C,180,C,99999,9,False,
99999903948,35.25,-97.46667,360.3,2005-08-13 04:52:00,180,5,N,57,5,22000,5,9,N,16093,5,N,5,290,C,190,C,99999,9,False,
99999903948,35.25,-97.46667,360.3,2005-08-13 05:52:00,180,5,N,41,5,22000,5,9,N,16093,5,N,5,280,C,190,C,99999,9,False,
99999903948,35.25,-97.46667,360.3,2005-08-13 05:59:00,999,9,9,9999,9,99999,9,9,9,999999,9,9,9,9999,9,9999,9,99999,9,False,
99999903948,35.25,-97.46667,360.3,2005-08-13 06:56:00,180,5,N,41,5,22000,5,9,N,16093,5,N,5,270,C,190,C,99999,9,False,
99999903948,35.25,-97.46667,360.3,2005-08-13 07:52:00,180,5,N,41,5,22000,5,9,N,16093,5,N,5,270,C,190,C,99999,9,False,
99999903948,35.25,-97.46667,360.3,2005-08-13 08:52:00,180,5,N,36,5,22000,5,9,N,16093,5,N,5,270,C,200,C,99999,9,False,
99999903948,35.25,-97.46667,360.3,2005-08-13 09:52:00,999,9,C,0,5,22000,5,9,N,16093,5,N,5,260,C,200,C,99999,9,False,
99999903948,35.25,-97.46667,360.3,2005-08-13 10:52:00,230,5,N,26,5,2134,5,M,N,16093,5,N,5,260,C,210,C,99999,9,False,
99999903948,35.25,-97.46667,360.3,2005-08-13 11:53:00,999,9,C,0,5,22000,5,9,N,16093,5,N,5,240,C,220,C,99999,9,False,
99999903948,35.25,-97.46667,360.3,2005-08-13 12:52:00,170,5,N,46,5,1097,5,M,N,16093,5,N,5,240,C,220,C,99999,9,False,
99999903948,35.25,-97.46667,360.3,2005-08-13 13:52:00,200,5,N,26,5,1524,5,M,N,16093,5,N,5,210,C,190,C,99999,9,False,
99999903948,35.25,-97.46667,360.3,2005-08-13 14:53:00,170,5,N,26,5,305,5,M,N,16093,5,N,5,210,C,190,C,99999,9,False,
99999903948,35.25,-97.46667,360.3,2005-08-13 15:52:00,190,5,N,46,5,22000,5,9,N,16093,5,N,5,230,C,210,C,99999,9,False,
99999903948,35.25,-97.46667,360.3,2005-08-13 16:52:00,210,5,N,57,5,22000,5,9,N,16093,5,N,5,230,C,210,C,99999,9,False,
99999903948,35.25,-97.46667,360.3,2005-08-13 17:52:00,180,5,N,36,5,22000,5,9,N,16093,5,N,5,240,C,220,C,99999,9,False,
99999903948,35.25,-97.46667,360.3,2005-08-13 18:52:00,200,5,N,72,5,22000,5,9,N,16093,5,N,5,300,C,230,C,99999,9,False,
99999903948,35.25,-97.46667,360.3,2005-08-13 19:52:00,190,5,N,57,5,22000,5,9,N,16093,5,N,5,310,C,220,C,99999,9,False,
99999903948,35.25,-97.46667,360.3,2005-08-13 20:52:00,200,5,N,77,5,22000,5,9,N,16093,5,N,5,330,C,190,C,99999,9,False,
99999903948,35.25,-97.46667,360.3,2005-08-13 21:52:00,190,5,N,67,5,22000,5,9,N,16093,5,N,5,330,C,200,C,99999,9,False,
99999903948,35.25,-97.46667,360.3,2005-08-13 22:52:00,260,5,N,26,5,3353,5,M,N,16093,5,N,5,220,C,190,C,99999,9,False,
99999903948,35.25,-97.46667,360.3,2005-08-13 23:52:00,240,5,N,15,5,22000,5,9,N,16093,5,N,5,220,C,190,C,99999,9,False,
99999903948,35.25,-97.46667,360.3,2005-08-14 00:52:00,999,9,C,0,5,22000,5,9,N,16093,5,N,5,220,C,200,C,99999,9,False,
99999903948,35.25,-97.46667,360.3,2005-08-14 01:52:00,999,9,C,0,5,22000,5,9,N,16093,5,N,5,220,C,210,C,99999,9,False,
99999903948,35.25,-97.46667,360.3,2005-08-14 02:52:00,999,9,C,0,5,22000,5,9,N,16093,5,N,5,230,C,210,C,99999,9,False,
99999903948,35.25,-97.46667,360.3,2005-08-14 03:52:00,999,9,C,0,5,2438,5,M,N,16093,5,N,5,230,C,210,C,99999,9,False,
99999903948,35.25,-97.46667,360.3,2005-08-14 04:52:00,270,5,N,15,5,3048,5,M,N,16093,5,N,5,220,C,210,C,99999,9,False,
99999903948,35.25,-97.46667,360.3,2005-08-14 05:52:00,999,9,C,0,5,2743,5,M,N,16093,5,N,5,230,C,210,C,99999,9,False,
99999903948,35.25,-97.46667,360.3,2005-08-14 05:59:00,999,9,9,9999,9,99999,9,9,9,999999,9,9,9,9999,9,9999,9,99999,9,False,
99999903948,35.25,-97.46667,360.3,2005-08-14 06:52:00,999,9,C,0,5,22000,5,9,N,16093,5,N,5,220,C,210,C,99999,9,False,
99999903948,35.25,-97.46667,360.3,2005-08-14 07:52:00,999,9,C,0,5,2743,5,M,N,16093,5,N,5,230,C,210,C,99999,9,False,
99999903948,35.25,-97.46667,360.3,2005-08-14 08:52:00,100,5,N,26,5,457,5,M,N,16093,5,N,5,220,C,210,C,99999,9,False,
99999903948,35.25,-97.46667,360.3,2005-08-14 09:52:00,150,5,N,36,5,1097,5,M,N,11265,5,N,5,220,C,210,C,99999,9,False,
99999903948,35.25,-97.46667,360.3,2005-08-14 10:52:00,140,5,N,31,5,640,5,M,N,8047,5,N,5,220,C,210,C,99999,9,False,
99999903948,35.25,-97.46667,360.3,2005-08-14 11:52:00,130,5,N,26,5,152,5,M,N,16093,5,N,5,220,C,210,C,99999,9,False,
99999903948,35.25,-97.46667,360.3,2005-08-14 12:52:00,140,5,N,36,5,152,5,M,N,16093,5,N,5,220,C,210,C,99999,9,False,
99999903948,35.25,-97.46667,360.3,2005-08-14 13:52:00,160,5,N,26,5,152,5,M,N,16093,5,N,5,220,C,210,C,99999,9,False,
99999903948,35.25,-97.46667,360.3,2005-08-14 14:52:00,180,5,N,26,5,152,5,M,N,16093,5,N,5,230,C,220,C,99999,9,False,
99999903948,35.25,-97.46667,360.3,2005-08-14 15:52:00,180,5,N,31,5,274,5,M,N,16093,5,N,5,240,C,220,C,99999,9,False,
99999903948,35.25,-97.46667,360.3,2005-08-14 16:52:00,200,5,N,51,5,518,5,M,N,16093,5,N,5,240,C,220,C,99999,9,False,
99999903948,35.25,-97.46667,360.3,2005-08-14 17:52:00,210,5,N,41,5,823,5,M,N,16093,5,N,5,240,C,220,C,99999,9,False,
99999903948,35.25,-97.46667,360.3,2005-08-14 18:52:00,220,5,N,46,5,22000,5,9,N,16093,5,N,5,260,C,220,C,99999,9,False,
99999903948,35.25,-97.46667,360.3,2005-08-14 19:52:00,220,5,N,36,5,22000,5,9,N,16093,5,N,5,260,C,220,C,99999,9,False,
99999903948,35.25,-97.46667,360.3,2005-08-14 20:52:00,230,5,N,15,5,22000,5,9,N,16093,5,N,5,260,C,220,C,99999,9,False,
99999903948,35.25,-97.46667,360.3,2005-08-14 21:52:00,250,5,N,15,5,1250,5,M,N,16093,5,N,5,260,C,210,C,99999,9,False,
99999903948,35.25,-97.46667,360.3,2005-08-14 22:52:00,999,9,C,0,5,22000,5,9,N,16093,5,N,5,270,C,240,C,99999,9,False,
99999903948,35.25,-97.46667,360.3,2005-08-14 23:52:00,999,9,C,0,5,1341,5,M,N,16093,5,N,5,260,C,240,C,99999,9,False,
99999903948,35.25,-97.46667,360.3,2005-08-15 00:54:00,999,9,C,0,5,1158,5,M,N,16093,5,N,5,250,C,230,C,99999,9,False,
99999903948,35.25,-97.46667,360.3,2005-08-15 01:52:00,320,5,N,21,5,853,5,M,N,16093,5,N,5,240,C,220,C,99999,9,False,
99999903948,35.25,-97.46667,360.3,2005-08-15 02:52:00,330,5,N,36,5,22000,5,9,N,16093,5,N,5,230,C,220,C,99999,9,False,
99999903948,35.25,-97.46667,360.3,2005-08-15 03:53:00,360,5,N,21,5,22000,5,9,N,16093,5,N,5,230,C,210,C,99999,9,False,
99999903948,35.25,-97.46667,360.3,2005-08-15 04:52:00,999,9,C,0,5,1128,5,M,N,16093,5,N,5,220,C,210,C,99999,9,False,
99999903948,35.25,-97.46667,360.3,2005-08-15 05:52:00,999,9,C,0,5,640,5,M,N,16093,5,N,5,220,C,210,C,99999,9,False,
99999903948,35.25,-97.46667,360.3,2005-08-15 05:59:00,999,9,9,9999,9,99999,9,9,9,999999,9,9,9,9999,9,9999,9,99999,9,False,
99999903948,35.25,-97.46667,360.3,2005-08-15 06:52:00,999,9,C,0,5,518,5,M,N,16093,5,N,5,220,C,210,C,99999,9,False,
99999903948,35.25,-97.46667,360.3,2005-08-15 07:53:00,350,5,N,21,5,274,5,M,N,16093,5,N,5,220,C,210,C,99999,9,False,
99999903948,35.25,-97.46667,360.3,2005-08-15 08:52:00,320,5,N,21,5,274,5,M,N,16093,5,N,5,220,C,210,C,99999,9,False,
99999903948,35.25,-97.46667,360.3,2005-08-15 09:53:00,340,5,N,21,5,152,5,M,N,4828,5,N,5,220,C,210,C,99999,9,False,
99999903948,35.25,-97.46667,360.3,2005-08-15 10:52:00,350,5,N,15,5,213,5,M,N,8047,5,N,5,220,C,210,C,99999,9,False,
99999903948,35.25,-97.46667,360.3,2005-08-15 11:52:00,999,9,C,0,5,183,5,M,N,11265,5,N,5,220,C,210,C,99999,9,False,
99999903948,35.25,-97.46667,360.3,2005-08-15 12:52:00,999,9,C,0,5,122,5,M,N,4828,5,N,5,220,C,210,C,99999,9,False,
99999903948,35.25,-97.46667,360.3,2005-08-15 13:52:00,290,5,N,15,5,122,5,M,N,11265,5,N,5,220,C,210,C,99999,9,False,
99999903948,35.25,-97.46667,360.3,2005-08-15 14:52:00,999,9,C,0,5,122,5,M,N,8047,5,N,5,220,C,210,C,99999,9,False,
99999903948,35.25,-97.46667,360.3,2005-08-15 15:54:00,320,5,N,26,5,183,5,M,N,16093,5,N,5,240,C,230,C,99999,9,False,
99999903948,35.25,-97.46667,360.3,2005-08-15 16:52:00,300,5,N,26,5,366,5,M,N,16093,5,N,5,240,C,220,C,99999,9,False,
99999903948,35.25,-97.46667,360.3,2005-08-15 17:52:00,260,5,N,21,5,945,5,M,N,16093,5,N,5,240,C,220,C,99999,9,False,
99999903948,35.25,-97.46667,360.3,2005-08-15 18:52:00,240,5,N,31,5,853,5,M,N,11265,5,N,5,260,C,220,C,99999,9,False,
99999903948,35.25,-97.46667,360.3,2005-08-15 19:52:00,250,5,N,31,5,457,5,M,N,4023,5,N,5,230,C,220,C,99999,9,False,
99999903948,35.25,-97.46667,360.3,2005-08-15 20:52:00,250,5,N,15,5,488,5,M,N,16093,5,N,5,250,C,220,C,99999,9,False,
99999903948,35.25,-97.46667,360.3,2005-08-15 21:52:00,290,5,N,26,5,884,5,M,N,16093,5,N,5,260,C,220,C,99999,9,False,
99999903948,35.25,-97.46667,360.3,2005-08-15 22:52:00,350,5,N,21,5,1524,5,M,N,16093,5,N,5,270,C,240,C,99999,9,False,
99999903948,35.25,-97.46667,360.3,2005-08-15 23:53:00,999,9,C,0,5,22000,5,9,N,16093,5,N,5,290,C,250,C,99999,9,False,
99999903948,35.25,-97.46667,360.3,2005-08-16 00:52:00,999,9,C,0,5,22000,5,9,N,16093,5,N,5,270,C,210,C,99999,9,False,
99999903948,35.25,-97.46667,360.3,2005-08-16 01:52:00,999,9,C,0,5,22000,5,9,N,16093,5,N,5,240,C,210,C,99999,9,False,
99999903948,35.25,-97.46667,360.3,2005-08-16 02:52:00,999,9,C,0,5,22000,5,9,N,16093,5,N,5,240,C,210,C,99999,9,False,
99999903948,35.25,-97.46667,360.3,2005-08-16 03:52:00,999,9,C,0,5,22000,5,9,N,16093,5,N,5,230,C,210,C,99999,9,False,
99999903948,35.25,-97.46667,360.3,2005-08-16 04:52:00,999,9,C,0,5,22000,5,9,N,11265,5,N,5,220,C,210,C,99999,9,False,
99999903948,35.25,-97.46667,360.3,2005-08-16 05:53:00,999,9,C,0,5,22000,5,9,N,11265,5,N,5,220,C,210,C,99999,9,False,
99999903948,35.25,-97.46667,360.3,2005-08-16 05:59:00,999,9,9,9999,9,99999,9,9,9,999999,9,9,9,9999,9,9999,9,99999,9,False,
99999903948,35.25,-97.46667,360.3,2005-08-16 06:52:00,999,9,C,0,5,22000,5,9,N,6437,5,N,5,210,C,200,C,99999,9,False,
99999903948,35.25,-97.46667,360.3,2005-08-16 07:52:00,999,9,C,0,5,22000,5,9,N,8047,5,N,5,210,C,200,C,99999,9,False,
99999903948,35.25,-97.46667,360.3,2005-08-16 08:52:00,50,5,N,15,5,22000,5,9,N,8047,5,N,5,220,C,200,C,99999,9,False,
99999903948,35.25,-97.46667,360.3,2005-08-16 09:52:00,40,5,N,15,5,701,5,M,N,8047,5,N,5,210,C,200,C,99999,9,False,
99999903948,35.25,-97.46667,360.3,2005-08-16 10:52:00,50,5,N,15,5,22000,5,9,N,8047,5,N,5,210,C,200,C,99999,9,False,
99999903948,35.25,-97.46667,360.3,2005-08-16 11:53:00,80,5,N,15,5,640,5,M,N,6437,5,N,5,220,C,210,C,99999,9,False,
99999903948,35.25,-97.46667,360.3,2005-08-16 12:52:00,70,5,N,15,5,1311,5,M,N,8047,5,N,5,220,C,210,C,99999,9,False,
99999903948,35.25,-97.46667,360.3,2005-08-16 13:52:00,70,5,N,21,5,610,5,M,N,11265,5,N,5,230,C,220,C,99999,9,False,
99999903948,35.25,-97.46667,360.3,2005-08-16 14:52:00,70,5,N,26,5,914,5,M,N,16093,5,N,5,230,C,220,C,99999,9,False,
99999903948,35.25,-97.46667,360.3,2005-08-16 15:52:00,120,5,N,36,5,640,5,M,N,11265,5,N,5,230,C,210,C,99999,9,False,
99999903948,35.25,-97.46667,360.3,2005-08-16 16:56:00,140,5,N,21,5,640,5,M,N,8047,5,N,5,230,C,210,C,99999,9,False,
99999903948,35.25,-97.46667,360.3,2005-08-16 17:52:00,120,5,N,26,5,488,5,M,N,6437,5,N,5,240,C,220,C,99999,9,False,
99999903948,35.25,-97.46667,360.3,2005-08-16 18:56:00,80,5,N,26,5,549,5,M,N,11265,5,N,5,240,C,230,C,99999,9,False,
99999903948,35.25,-97.46667,360.3,2005-08-16 19:56:00,130,5,N,26,5,335,5,M,N,16093,5,N,5,240,C,230,C,99999,9,False,
99999903948,35.25,-97.46667,360.3,2005-08-16 20:53:00,160,5,N,15,5,335,5,M,N,16093,5,N,5,260,C,230,C,99999,9,False,
99999903948,35.25,-97.46667,360.3,2005-08-16 21:52:00,999,9,C,0,5,1036,5,M,N,16093,5,N,5,270,C,220,C,99999,9,False,
99999903948,35.25,-97.46667,360.3,2005-08-16 22:52:00,160,5,N,31,5,1189,5,M,N,16093,5,N,5,280,C,220,C,99999,9,False,
99999903948,35.25,-97.46667,360.3,2005-08-16 23:52:00,200,5,N,26,5,1128,5,M,N,16093,5,N,5,280,C,210,C,99999,9,False,
99999903948,35.25,-97.46667,360.3,2005-08-17 00:52:00,180,5,N,31,5,1128,5,M,N,16093,5,N,5,260,C,220,C,99999,9,False,
99999903948,35.25,-97.46667,360.3,2005-08-17 01:52:00,180,5,N,31,5,1067,5,M,N,16093,5,N,5,240,C,220,C,99999,9,False,
99999903948,35.25,-97.46667,360.3,2005-08-17 02:52:00,160,5,N,26,5,1067,5,M,N,16093,5,N,5,250,C,220,C,99999,9,False,
99999903948,35.25,-97.46667,360.3,2005-08-17 03:52:00,170,5,N,15,5,1067,5,M,N,16093,5,N,5,240,C,220,C,99999,9,False,
99999903948,35.25,-97.46667,360.3,2005-08-17 04:52:00,999,9,C,0,5,1067,5,M,N,16093,5,N,5,240,C,220,C,99999,9,False,
99999903948,35.25,-97.46667,360.3,2005-08-17 05:52:00,999,9,C,0,5,22000,5,9,N,16093,5,N,5,230,C,220,C,99999,9,False,
99999903948,35.25,-97.46667,360.3,2005-08-17 05:59:00,999,9,9,9999,9,99999,9,9,9,999999,9,9,9,9999,9,9999,9,99999,9,False,
99999903948,35.25,-97.46667,360.3,2005-08-17 06:52:00,999,9,C,0,5,22000,5,9,N,16093,5,N,5,230,C,210,C,99999,9,False,
99999903948,35.25,-97.46667,360.3,2005-08-17 07:52:00,999,9,C,0,5,22000,5,9,N,11265,5,N,5,230,C,210,C,99999,9,False,
99999903948,35.25,-97.46667,360.3,2005-08-17 08:52:00,190,5,N,15,5,122,5,M,N,11265,5,N,5,230,C,220,C,99999,9,False,
99999903948,35.25,-97.46667,360.3,2005-08-17 09:52:00,170,5,N,21,5,3048,5,M,N,11265,5,N,5,230,C,220,C,99999,9,False,
99999903948,35.25,-97.46667,360.3,2005-08-17 10:56:00,999,9,C,0,5,1128,5,M,N,11265,5,N,5,230,C,220,C,99999,9,False,
99999903948,35.25,-97.46667,360.3,2005-08-17 11:54:00,140,5,N,26,5,3353,5,M,N,16093,5,N,5,230,C,220,C,99999,9,False,
99999903948,35.25,-97.46667,360.3,2005-08-17 12:52:00,140,5,N,26,5,22000,5,9,N,11265,5,N,5,230,C,220,C,99999,9,False,
99999903948,35.25,-97.46667,360.3,2005-08-17 13:52:00,170,5,N,46,5,22000,5,9,N,16093,5,N,5,260,C,220,C,99999,9,False,
99999903948,35.25,-97.46667,360.3,2005-08-17 14:52:00,190,5,N,21,5,22000,5,9,N,16093,5,N,5,270,C,230,C,99999,9,False,
99999903948,35.25,-97.46667,360.3,2005-08-17 15:52:00,200,5,N,26,5,518,5,M,N,2012,5,N,5,290,C,230,C,99999,9,False,
99999903948,35.25,-97.46667,360.3,2005-08-17 16:52:00,220,5,N,31,5,22000,5,9,N,16093,5,N,5,310,C,230,C,99999,9,False,
99999903948,35.25,-97.46667,360.3,2005-08-17 17:52:00,220,5,N,26,5,22000,5,9,N,16093,5,N,5,330,C,240,C,99999,9,False,
99999903948,35.25,-97.46667,360.3,2005-08-17 18:52:00,220,5,N,57,5,22000,5,9,N,16093,5,N,5,340,C,220,C,99999,9,False,
99999903948,35.25,-97.46667,360.3,2005-08-17 19:52:00,190,5,N,46,5,22000,5,9,N,16093,5,N,5,340,C,220,C,99999,9,False,
99999903948,35.25,-97.46667,360.3,2005-08-17 20:52:00,190,5,N,82,5,22000,5,9,N,16093,5,N,5,340,C,220,C,99999,9,False,
99999903948,35.25,-97.46667,360.3,2005-08-17 21:56:00,210,5,N,72,5,22000,5,9,N,16093,5,N,5,350,C,210,C,99999,9,False,
99999903948,35.25,-97.46667,360.3,2005-08-17 22:52:00,200,5,N,57,5,22000,5,9,N,16093,5,N,5,350,C,220,C,99999,9,False,
99999903948,35.25,-97.46667,360.3,2005-08-17 23:52:00,200,5,N,62,5,22000,5,9,N,16093,5,N,5,340,C,200,C,99999,9,False,
99999903948,35.25,-97.46667,360.3,2005-08-18 00:52:00,190,5,N,31,5,22000,5,9,N,16093,5,N,5,320,C,220,C,99999,9,False,
99999903948,35.25,-97.46667,360.3,2005-08-18 01:52:00,180,5,N,36,5,22000,5,9,N,16093,5,N,5,300,C,220,C,99999,9,False,
99999903948,35.25,-97.46667,360.3,2005-08-18 02:52:00,180,5,N,41,5,22000,5,9,N,16093,5,N,5,290,C,220,C,99999,9,False,
99999903948,35.25,-97.46667,360.3,2005-08-18 03:52:00,180,5,N,46,5,22000,5,9,N,16093,5,N,5,280,C,220,C,99999,9,False,
99999903948,35.25,-97.46667,360.3,2005-08-18 04:52:00,190,5,N,46,5,22000,5,9,N,16093,5,N,5,280,C,220,C,99999,9,False,
99999903948,35.25,-97.46667,360.3,2005-08-18 05:52:00,190,5,N,41,5,22000,5,9,N,16093,5,N,5,270,C,220,C,99999,9,False,
99999903948,35.25,-97.46667,360.3,2005-08-18 05:59:00,999,9,9,9999,9,99999,9,9,9,999999,9,9,9,9999,9,9999,9,99999,9,False,
99999903948,35.25,-97.46667,360.3,2005-08-18 06:52:00,190,5,N,36,5,22000,5,9,N,16093,5,N,5,270,C,220,C,99999,9,False,
99999903948,35.25,-97.46667,360.3,2005-08-18 07:52:00,190,5,N,46,5,22000,5,9,N,16093,5,N,5,260,C,220,C,99999,9,False,
99999903948,35.25,-97.46667,360.3,2005-08-18 08:52:00,200,5,N,51,5,22000,5,9,N,16093,5,N,5,260,C,220,C,99999,9,False,
99999903948,35.25,-97.46667,360.3,2005-08-18 09:52:00,200,5,N,46,5,22000,5,9,N,16093,5,N,5,260,C,210,C,99999,9,False,
99999903948,35.25,-97.46667,360.3,2005-08-18 10:52:00,200,5,N,46,5,22000,5,9,N,16093,5,N,5,250,C,210,C,99999,9,False,
99999903948,35.25,-97.46667,360.3,2005-08-18 11:52:00,200,5,N,62,5,22000,5,9,N,16093,5,N,5,250,C,210,C,99999,9,False,
99999903948,35.25,-97.46667,360.3,2005-08-18 12:52:00,200,5,N,62,5,22000,5,9,N,16093,5,N,5,260,C,210,C,99999,9,False,
99999903948,35.25,-97.46667,360.3,2005-08-18 13:52:00,210,5,N,62,5,22000,5,9,N,16093,5,N,5,280,C,210,C,99999,9,False,
99999903948,35.25,-97.46667,360.3,2005-08-18 14:52:00,230,5,N,77,5,22000,5,9,N,16093,5,N,5,310,C,210,C,99999,9,False,
99999903948,35.25,-97.46667,360.3,2005-08-18 15:52:00,220,5,N,82,5,22000,5,9,N,16093,5,N,5,320,C,210,C,99999,9,False,
99999903948,35.25,-97.46667,360.3,2005-08-18 16:56:00,210,5,N,62,5,22000,5,9,N,16093,5,N,5,330,C,210,C,99999,9,False,
99999903948,35.25,-97.46667,360.3,2005-08-18 17:52:00,210,5,N,72,5,22000,5,9,N,16093,5,N,5,340,C,210,C,99999,9,False,
99999903948,35.25,-97.46667,360.3,2005-08-18 18:52:00,200,5,N,72,5,22000,5,9,N,16093,5,N,5,350,C,200,C,99999,9,False,
99999903948,35.25,-97.46667,360.3,2005-08-18 19:56:00,200,5,N,77,5,22000,5,9,N,16093,5,N,5,360,C,210,C,99999,9,False,
99999903948,35.25,-97.46667,360.3,2005-08-18 20:52:00,200,5,N,82,5,22000,5,9,N,16093,5,N,5,360,C,200,C,99999,9,False,
99999903948,35.25,-97.46667,360.3,2005-08-18 21:52:00,190,5,N,88,5,22000,5,9,N,16093,5,N,5,360,C,210,C,99999,9,False,
99999903948,35.25,-97.46667,360.3,2005-08-18 22:52:00,200,5,N,88,5,22000,5,9,N,16093,5,N,5,350,C,190,C,99999,9,False,
99999903948,35.25,-97.46667,360.3,2005-08-18 23:52:00,200,5,N,67,5,22000,5,9,N,16093,5,N,5,340,C,200,C,99999,9,False,
99999903948,35.25,-97.46667,360.3,2005-08-19 00:52:00,180,5,N,41,5,22000,5,9,N,16093,5,N,5,330,C,210,C,99999,9,False,
99999903948,35.25,-97.46667,360.3,2005-08-19 01:52:00,180,5,N,41,5,22000,5,9,N,16093,5,N,5,310,C,220,C,99999,9,False,
99999903948,35.25,-97.46667,360.3,2005-08-19 02:52:00,180,5,N,46,5,22000,5,9,N,16093,5,N,5,290,C,220,C,99999,9,False,
99999903948,35.25,-97.46667,360.3,2005-08-19 03:52:00,190,5,N,51,5,22000,5,9,N,16093,5,N,5,290,C,220,C,99999,9,False,
99999903948,35.25,-97.46667,360.3,2005-08-19 04:52:00,180,5,N,41,5,22000,5,9,N,16093,5,N,5,280,C,220,C,99999,9,False,
99999903948,35.25,-97.46667,360.3,2005-08-19 05:52:00,190,5,N,46,5,22000,5,9,N,16093,5,N,5,270,C,210,C,99999,9,False,
99999903948,35.25,-97.46667,360.3,2005-08-19 06:52:00,190,5,N,51,5,22000,5,9,N,16093,5,N,5,270,C,210,C,99999,9,False,
99999903948,35.25,-97.46667,360.3,2005-08-19 07:52:00,190,5,N,51,5,22000,5,9,N,16093,5,N,5,260,C,210,C,99999,9,False,
99999903948,35.25,-97.46667,360.3,2005-08-19 08:52:00,180,5,N,41,5,22000,5,9,N,16093,5,N,5,260,C,210,C,99999,9,False,
99999903948,35.25,-97.46667,360.3,2005-08-19 09:52:00,190,5,N,41,5,22000,5,9,N,16093,5,N,5,250,C,210,C,99999,9,False,
99999903948,35.25,-97.46667,360.3,2005-08-19 10:52:00,180,5,N,41,5,22000,5,9,N,16093,5,N,5,250,C,210,C,99999,9,False,
99999903948,35.25,-97.46667,360.3,2005-08-19 11:52:00,190,5,N,41,5,22000,5,9,N,16093,5,N,5,240,C,210,C,99999,9,False,
99999903948,35.25,-97.46667,360.3,2005-08-19 12:52:00,190,5,N,57,5,22000,5,9,N,16093,5,N,5,260,C,210,C,99999,9,False,
99999903948,35.25,-97.46667,360.3,2005-08-19 13:52:00,190,5,N,62,5,22000,5,9,N,16093,5,N,5,280,C,220,C,99999,9,False,
99999903948,35.25,-97.46667,360.3,2005-08-19 14:56:00,200,5,N,67,5,22000,5,9,N,16093,5,N,5,300,C,220,C,99999,9,False,
99999903948,35.25,-97.46667,360.3,2005-08-19 15:52:00,200,5,N,57,5,22000,5,9,N,16093,5,N,5,320,C,220,C,99999,9,False,
99999903948,35.25,-97.46667,360.3,2005-08-19 16:52:00,210,5,N,88,5,22000,5,9,N,16093,5,N,5,330,C,220,C,99999,9,False,
99999903948,35.25,-97.46667,360.3,2005-08-19 17:52:00,210,5,N,88,5,22000,5,9,N,16093,5,N,5,340,C,220,C,99999,9,False,
99999903948,35.25,-97.46667,360.3,2005-08-19 18:52:00,220,5,N,88,5,22000,5,9,N,16093,5,N,5,350,C,220,C,99999,9,False,
99999903948,35.25,-97.46667,360.3,2005-08-19 19:53:00,190,5,N,82,5,22000,5,9,N,16093,5,N,5,360,C,220,C,99999,9,False,
99999903948,35.25,-97.46667,360.3,2005-08-19 20:52:00,180,5,N,88,5,22000,5,9,N,16093,5,N,5,350,C,220,C,99999,9,False,
99999903948,35.25,-97.46667,360.3,2005-08-19 21:52:00,200,5,N,88,5,22000,5,9,N,16093,5,N,5,360,C,210,C,99999,9,False,
99999903948,35.25,-97.46667,360.3,2005-08-19 22:52:00,190,5,N,67,5,22000,5,9,N,16093,5,N,5,350,C,220,C,99999,9,False,
99999903948,35.25,-97.46667,360.3,2005-08-19 23:52:00,190,5,N,67,5,22000,5,9,N,16093,5,N,5,340,C,220,C,99999,9,False,
99999903948,35.25,-97.46667,360.3,2005-08-20 00:56:00,190,5,N,51,5,22000,5,9,N,16093,5,N,5,320,C,210,C,99999,9,False,
99999903948,35.25,-97.46667,360.3,2005-08-20 01:52:00,180,5,N,36,5,22000,5,9,N,16093,5,N,5,310,C,220,C,99999,9,False,
99999903948,35.25,-97.46667,360.3,2005-08-20 02:52:00,170,5,N,36,5,22000,5,9,N,16093,5,N,5,290,C,220,C,99999,9,False,
99999903948,35.25,-97.46667,360.3,2005-08-20 03:52:00,180,5,N,41,5,22000,5,9,N,16093,5,N,5,290,C,220,C,99999,9,False,
99999903948,35.25,-97.46667,360.3,2005-08-20 04:52:00,180,5,N,36,5,22000,5,9,N,16093,5,N,5,280,C,220,C,99999,9,False,
99999903948,35.25,-97.46667,360.3,2005-08-20 05:52:00,200,5,N,31,5,22000,5,9,N,16093,5,N,5,280,C,220,C,99999,9,False,
99999903948,35.25,-97.46667,360.3,2005-08-20 06:52:00,180,5,N,41,5,22000,5,9,N,16093,5,N,5,270,C,220,C,99999,9,False,
99999903948,35.25,-97.46667,360.3,2005-08-20 07:52:00,190,5,N,46,5,22000,5,9,N,16093,5,N,5,270,C,220,C,99999,9,False,
99999903948,35.25,-97.46667,360.3,2005-08-20 08:52:00,190,5,N,36,5,22000,5,9,N,16093,5,N,5,260,C,220,C,99999,9,False,
99999903948,35.25,-97.46667,360.3,2005-08-20 09:52:00,180,5,N,36,5,22000,5,9,N,999999,9,N,5,260,C,220,C,99999,9,False,
99999903948,35.25,-97.46667,360.3,2005-08-20 10:52:00,190,5,N,36,5,22000,5,9,N,16093,5,N,5,250,C,220,C,99999,9,False,
99999903948,35.25,-97.46667,360.3,2005-08-20 11:52:00,180,5,N,41,5,22000,5,9,N,16093,5,N,5,250,C,220,C,99999,9,False,
99999903948,35.25,-97.46667,360.3,2005-08-20 12:52:00,190,5,N,51,5,22000,5,9,N,16093,5,N,5,260,C,220,C,99999,9,False,
99999903948,35.25,-97.46667,360.3,2005-08-20 13:52:00,220,5,N,62,5,22000,5,9,N,16093,5,N,5,280,C,220,C,99999,9,False,
99999903948,35.25,-97.46667,360.3,2005-08-20 14:52:00,220,5,N,57,5,22000,5,9,N,1609,5,N,5,310,C,220,C,99999,9,False,
99999903948,35.25,-97.46667,360.3,2005-08-20 15:52:00,210,5,N,57,5,22000,5,9,N,16093,5,N,5,320,C,220,C,99999,9,False,
99999903948,35.25,-97.46667,360.3,2005-08-20 16:52:00,200,5,N,62,5,22000,5,9,N,16093,5,N,5,330,C,220,C,99999,9,False,
99999903948,35.25,-97.46667,360.3,2005-08-20 17:52:00,210,5,N,62,5,22000,5,9,N,16093,5,N,5,340,C,220,C,99999,9,False,
99999903948,35.25,-97.46667,360.3,2005-08-20 18:52:00,220,5,N,51,5,22000,5,9,N,16093,5,N,5,350,C,220,C,99999,9,False,
99999903948,35.25,-97.46667,360.3,2005-08-20 19:54:00,220,5,N,57,5,22000,5,9,N,16093,5,N,5,360,C,220,C,99999,9,False,
99999903948,35.25,-97.46667,360.3,2005-08-20 20:52:00,200,5,N,77,5,22000,5,9,N,16093,5,N,5,360,C,210,C,99999,9,False,
99999903948,35.25,-97.46667,360.3,2005-08-20 21:54:00,190,5,N,57,5,22000,5,9,N,16093,5,N,5,360,C,220,C,99999,9,False,
99999903948,35.25,-97.46667,360.3,2005-08-20 22:52:00,200,5,N,57,5,22000,5,9,N,16093,5,N,5,360,C,210,C,99999,9,False,
99999903948,35.25,-97.46667,360.3,2005-08-20 23:53:00,190,5,N,36,5,22000,5,9,N,16093,5,N,5,350,C,210,C,99999,9,False,
99999903948,35.25,-97.46667,360.3,2005-08-21 00:52:00,60,5,N,98,5,1829,5,M,N,16093,5,N,5,270,C,210,C,99999,9,False,
99999903948,35.25,-97.46667,360.3,2005-08-21 01:52:00,60,5,N,62,5,22000,5,9,N,16093,5,N,5,240,C,210,C,99999,9,False,
99999903948,35.25,-97.46667,360.3,2005-08-21 02:52:00,80,5,N,57,5,1280,5,M,N,16093,5,N,5,230,C,200,C,99999,9,False,
99999903948,35.25,-97.46667,360.3,2005-08-21 03:52:00,330,5,N,46,5,1463,5,M,N,16093,5,N,5,240,C,190,C,99999,9,False,
99999903948,35.25,-97.46667,360.3,2005-08-21 04:52:00,340,5,N,41,5,22000,5,9,N,16093,5,N,5,220,C,210,C,99999,9,False,
99999903948,35.25,-97.46667,360.3,2005-08-21 05:52:00,280,5,N,36,5,1829,5,M,N,16093,5,N,5,220,C,210,C,99999,9,False,
99999903948,35.25,-97.46667,360.3,2005-08-21 05:59:00,999,9,9,9999,9,99999,9,9,9,999999,9,9,9,9999,9,9999,9,99999,9,False,
99999903948,35.25,-97.46667,360.3,2005-08-21 06:52:00,999,9,9,9999,9,1676,5,M,N,16093,5,N,5,220,C,210,C,99999,9,False,
99999903948,35.25,-97.46667,360.3,2005-08-21 07:52:00,250,5,N,57,5,61,5,M,N,2816,5,N,5,220,C,200,C,99999,9,False,
99999903948,35.25,-97.46667,360.3,2005-08-21 08:52:00,290,5,N,62,5,99999,9,9,N,16093,5,N,5,220,C,200,C,99999,9,False,
99999903948,35.25,-97.46667,360.3,2005-08-21 09:52:00,310,5,N,15,5,22000,5,9,N,16093,5,N,5,210,C,190,C,99999,9,False,
99999903948,35.25,-97.46667,360.3,2005-08-21 10:52:00,999,9,C,0,5,22000,5,9,N,16093,5,N,5,210,C,200,C,99999,9,False,
99999903948,35.25,-97.46667,360.3,2005-08-21 11:52:00,160,5,N,15,5,22000,5,9,N,16093,5,N,5,210,C,200,C,99999,9,False,
99999903948,35.25,-97.46667,360.3,2005-08-21 12:52:00,90,5,N,15,5,22000,5,9,N,16093,5,N,5,230,C,220,C,99999,9,False,
99999903948,35.25,-97.46667,360.3,2005-08-21 13:52:00,70,5,N,31,5,22000,5,9,N,16093,5,N,5,220,C,210,C,99999,9,False,
99999903948,35.25,-97.46667,360.3,2005-08-21 14:52:00,80,5,N,26,5,22000,5,9,N,16093,5,N,5,230,C,220,C,99999,9,False,
99999903948,35.25,-97.46667,360.3,2005-08-21 15:52:00,90,5,N,26,5,22000,5,9,N,16093,5,N,5,250,C,230,C,99999,9,False,
99999903948,35.25,-97.46667,360.3,2005-08-21 16:52:00,120,5,N,36,5,22000,5,9,N,16093,5,N,5,270,C,230,C,99999,9,False,
99999903948,35.25,-97.46667,360.3,2005-08-21 17:52:00,130,5,N,31,5,22000,5,9,N,16093,5,N,5,280,C,230,C,99999,9,False,
99999903948,35.25,-97.46667,360.3,2005-08-21 18:52:00,140,5,N,26,5,22000,5,9,N,16093,5,N,5,300,C,220,C,99999,9,False,
99999903948,35.25,-97.46667,360.3,2005-08-21 19:52:00,170,5,N,26,5,22000,5,9,N,16093,5,N,5,320,C,220,C,99999,9,False,
99999903948,35.25,-97.46667,360.3,2005-08-21 20:52:00,999,9,C,0,5,22000,5,9,N,16093,5,N,5,330,C,230,C,99999,9,False,
99999903948,35.25,-97.46667,360.3,2005-08-21 21:52:00,150,5,N,21,5,22000,5,9,N,16093,5,N,5,340,C,220,C,99999,9,False,
99999903948,35.25,-97.46667,360.3,2005-08-21 22:52:00,999,9,C,0,5,22000,5,9,N,16093,5,N,5,340,C,210,C,99999,9,False,
99999903948,35.25,-97.46667,360.3,2005-08-21 23:52:00,999,9,C,0,5,22000,5,9,N,16093,5,N,5,310,C,220,C,99999,9,False,
99999903948,35.25,-97.46667,360.3,2005-08-22 00:52:00,999,9,C,0,5,22000,5,9,N,16093,5,N,5,290,C,220,C,99999,9,False,
99999903948,35.25,-97.46667,360.3,2005-08-22 01:52:00,300,5,N,21,5,22000,5,9,N,16093,5,N,5,280,C,220,C,99999,9,False,
99999903948,35.25,-97.46667,360.3,2005-08-22 02:52:00,999,9,C,0,5,22000,5,9,N,16093,5,N,5,250,C,220,C,99999,9,False,
99999903948,35.25,-97.46667,360.3,2005-08-22 03:52:00,999,9,C,0,5,22000,5,9,N,16093,5,N,5,250,C,230,C,99999,9,False,
99999903948,35.25,-97.46667,360.3,2005-08-22 04:52:00,40,5,N,21,5,22000,5,9,N,16093,5,N,5,250,C,230,C,99999,9,False,
99999903948,35.25,-97.46667,360.3,2005-08-22 05:52:00,100,5,N,26,5,22000,5,9,N,16093,5,N,5,250,C,230,C,99999,9,False,
99999903948,35.25,-97.46667,360.3,2005-08-22 05:59:00,999,9,9,9999,9,99999,9,9,9,999999,9,9,9,9999,9,9999,9,99999,9,False,
99999903948,35.25,-97.46667,360.3,2005-08-22 06:52:00,120,5,N,26,5,22000,5,9,N,16093,5,N,5,250,C,220,C,99999,9,False,
99999903948,35.25,-97.46667,360.3,2005-08-22 07:52:00,130,5,N,15,5,22000,5,9,N,16093,5,N,5,250,C,220,C,99999,9,False,
99999903948,35.25,-97.46667,360.3,2005-08-22 08:52:00,290,5,N,67,5,975,5,M,N,16093,5,N,5,230,C,210,C,99999,9,False,
99999903948,35.25,-97.46667,360.3,2005-08-22 09:52:00,340,5,N,26,5,1829,5,M,N,16093,5,N,5,220,C,210,C,99999,9,False,
99999903948,35.25,-97.46667,360.3,2005-08-22 10:52:00,20,5,N,36,5,2134,5,M,N,16093,5,N,5,220,C,210,C,99999,9,False,
99999903948,35.25,-97.46667,360.3,2005-08-22 11:52:00,60,5,N,31,5,3353,5,M,N,16093,5,N,5,220,C,210,C,99999,9,False,
99999903948,35.25,-97.46667,360.3,2005-08-22 12:56:00,60,5,N,31,5,22000,5,9,N,16093,5,N,5,220,C,210,C,99999,9,False,
99999903948,35.25,-97.46667,360.3,2005-08-22 13:52:00,80,5,N,21,5,22000,5,9,N,16093,5,N,5,220,C,210,C,99999,9,False,
99999903948,35.25,-97.46667,360.3,2005-08-22 14:52:00,80,5,N,26,5,22000,5,9,N,16093,5,N,5,230,C,220,C,99999,9,False,
99999903948,35.25,-97.46667,360.3,2005-08-22 15:52:00,50,5,N,15,5,22000,5,9,N,16093,5,N,5,240,C,230,C,99999,9,False,
99999903948,35.25,-97.46667,360.3,2005-08-22 16:52:00,130,5,N,31,5,22000,5,9,N,16093,5,N,5,250,C,230,C,99999,9,False,
99999903948,35.25,-97.46667,360.3,2005-08-22 17:52:00,110,5,N,41,5,22000,5,9,N,16093,5,N,5,270,C,240,C,99999,9,False,
99999903948,35.25,-97.46667,360.3,2005-08-22 18:52:00,140,5,N,41,5,22000,5,9,N,16093,5,N,5,290,C,240,C,99999,9,False,
99999903948,35.25,-97.46667,360.3,2005-08-22 19:52:00,180,5,N,41,5,22000,5,9,N,16093,5,N,5,320,C,240,C,99999,9,False,
99999903948,35.25,-97.46667,360.3,2005-08-22 20:52:00,230,5,N,46,5,22000,5,9,N,16093,5,N,5,330,C,240,C,99999,9,False,
99999903948,35.25,-97.46667,360.3,2005-08-22 21:52:00,220,5,N,36,5,22000,5,9,N,16093,5,N,5,340,C,230,C,99999,9,False,
99999903948,35.25,-97.46667,360.3,2005-08-22 22:52:00,230,5,N,15,5,22000,5,9,N,999999,9,N,5,340,C,230,C,99999,9,False,
99999903948,35.25,-97.46667,360.3,2005-08-22 23:52:00,180,5,N,15,5,22000,5,9,N,16093,5,N,5,340,C,220,C,99999,9,False,
99999903948,35.25,-97.46667,360.3,2005-08-23 00:52:00,160,5,N,15,5,22000,5,9,N,16093,5,N,5,320,C,230,C,99999,9,False,
99999903948,35.25,-97.46667,360.3,2005-08-23 01:52:00,110,5,N,15,5,22000,5,9,N,16093,5,N,5,300,C,250,C,99999,9,False,
99999903948,35.25,-97.46667,360.3,2005-08-23 02:52:00,100,5,N,51,5,22000,5,9,N,16093,5,N,5,290,C,240,C,99999,9,False,
99999903948,35.25,-97.46667,360.3,2005-08-23 03:52:00,110,5,N,41,5,22000,5,9,N,16093,5,N,5,270,C,240,C,99999,9,False,
99999903948,35.25,-97.46667,360.3,2005-08-23 04:52:00,110,5,N,36,5,22000,5,9,N,16093,5,N,5,260,C,230,C,99999,9,False,
99999903948,35.25,-97.46667,360.3,2005-08-23 05:52:00,130,5,N,41,5,22000,5,9,N,16093,5,N,5,260,C,220,C,99999,9,False,
99999903948,35.25,-97.46667,360.3,2005-08-23 05:59:00,999,9,9,9999,9,99999,9,9,9,999999,9,9,9,9999,9,9999,9,99999,9,False,
99999903948,35.25,-97.46667,360.3,2005-08-23 06:53:00,130,5,N,21,5,22000,5,9,N,16093,5,N,5,250,C,220,C,99999,9,False,
99999903948,35.25,-97.46667,360.3,2005-08-23 07:52:00,999,9,C,0,5,22000,5,9,N,16093,5,N,5,240,C,220,C,99999,9,False,
99999903948,35.25,-97.46667,360.3,2005-08-23 08:52:00,160,5,N,21,5,22000,5,9,N,16093,5,N,5,240,C,220,C,99999,9,False,
99999903948,35.25,-97.46667,360.3,2005-08-23 09:52:00,180,5,N,26,5,22000,5,9,N,16093,5,N,5,240,C,220,C,99999,9,False,
99999903948,35.25,-97.46667,360.3,2005-08-23 10:56:00,350,5,N,67,5,823,5,M,N,16093,5,N,5,250,C,220,C,99999,9,False,
99999903948,35.25,-97.46667,360.3,2005-08-23 11:52:00,10,5,N,51,5,2286,5,M,N,16093,5,N,5,220,C,190,C,99999,9,False,
99999903948,35.25,-97.46667,360.3,2005-08-23 12:53:00,20,5,N,36,5,1006,5,M,N,16093,5,N,5,210,C,190,C,99999,9,False,
99999903948,35.25,-97.46667,360.3,2005-08-23 13:53:00,90,5,N,26,5,22000,5,9,N,16093,5,N,5,220,C,200,C,99999,9,False,
99999903948,35.25,-97.46667,360.3,2005-08-23 14:52:00,140,5,N,31,5,22000,5,9,N,16093,5,N,5,250,C,210,C,99999,9,False,
99999903948,35.25,-97.46667,360.3,2005-08-23 15:53:00,120,5,N,15,5,22000,5,9,N,16093,5,N,5,270,C,210,C,99999,9,False,
99999903948,35.25,-97.46667,360.3,2005-08-23 16:52:00,150,5,N,36,5,22000,5,9,N,16093,5,N,5,270,C,220,C,99999,9,False,
99999903948,35.25,-97.46667,360.3,2005-08-23 17:54:00,140,5,N,36,5,22000,5,9,N,16093,5,N,5,290,C,220,C,99999,9,False,
99999903948,35.25,-97.46667,360.3,2005-08-23 18:52:00,150,5,N,26,5,22000,5,9,N,16093,5,N,5,320,C,220,C,99999,9,False,
99999903948,35.25,-97.46667,360.3,2005-08-23 19:53:00,999,9,C,0,5,22000,5,9,N,16093,5,N,5,330,C,220,C,99999,9,False,
99999903948,35.25,-97.46667,360.3,2005-08-23 20:52:00,220,5,N,36,5,22000,5,9,N,16093,5,N,5,330,C,220,C,99999,9,False,
99999903948,35.25,-97.46667,360.3,2005-08-23 21:52:00,190,5,N,15,5,22000,5,9,N,16093,5,N,5,330,C,220,C,99999,9,False,
99999903948,35.25,-97.46667,360.3,2005-08-23 22:52:00,180,5,N,15,5,22000,5,9,N,16093,5,N,5,340,C,220,C,99999,9,False,
99999903948,35.25,-97.46667,360.3,2005-08-23 23:52:00,150,5,N,21,5,22000,5,9,N,16093,5,N,5,330,C,220,C,99999,9,False,
99999903948,35.25,-97.46667,360.3,2005-08-24 00:52:00,110,5,N,26,5,22000,5,9,N,16093,5,N,5,310,C,230,C,99999,9,False,
99999903948,35.25,-97.46667,360.3,2005-08-24 01:52:00,100,5,N,31,5,22000,5,9,N,16093,5,N,5,280,C,230,C,99999,9,False,
99999903948,35.25,-97.46667,360.3,2005-08-24 02:52:00,110,5,N,26,5,22000,5,9,N,16093,5,N,5,280,C,230,C,99999,9,False,
99999903948,35.25,-97.46667,360.3,2005-08-24 03:52:00,100,5,N,36,5,22000,5,9,N,16093,5,N,5,270,C,230,C,99999,9,False,
99999903948,35.25,-97.46667,360.3,2005-08-24 04:52:00,110,5,N,36,5,22000,5,9,N,16093,5,N,5,260,C,230,C,99999,9,False,
99999903948,35.25,-97.46667,360.3,2005-08-24 05:52:00,110,5,N,26,5,22000,5,9,N,16093,5,N,5,260,C,230,C,99999,9,False,
99999903948,35.25,-97.46667,360.3,2005-08-24 05:59:00,999,9,9,9999,9,99999,9,9,9,999999,9,9,9,9999,9,9999,9,99999,9,False,
99999903948,35.25,-97.46667,360.3,2005-08-24 06:52:00,110,5,N,36,5,22000,5,9,N,16093,5,N,5,260,C,220,C,99999,9,False,
99999903948,35.25,-97.46667,360.3,2005-08-24 07:52:00,140,5,N,41,5,22000,5,9,N,16093,5,N,5,250,C,220,C,99999,9,False,
99999903948,35.25,-97.46667,360.3,2005-08-24 08:52:00,120,5,N,26,5,22000,5,9,N,16093,5,N,5,240,C,220,C,99999,9,False,
99999903948,35.25,-97.46667,360.3,2005-08-24 09:52:00,130,5,N,21,5,22000,5,9,N,16093,5,N,5,240,C,210,C,99999,9,False,
99999903948,35.25,-97.46667,360.3,2005-08-24 10:52:00,160,5,N,41,5,22000,5,9,N,16093,5,N,5,240,C,220,C,99999,9,False,
99999903948,35.25,-97.46667,360.3,2005-08-24 11:52:00,190,5,N,46,5,22000,5,9,N,16093,5,N,5,240,C,210,C,99999,9,False,
99999903948,35.25,-97.46667,360.3,2005-08-24 12:52:00,180,5,N,36,5,22000,5,9,N,16093,5,N,5,250,C,220,C,99999,9,False,
99999903948,35.25,-97.46667,360.3,2005-08-24 13:54:00,190,5,N,51,5,22000,5,9,N,16093,5,N,5,270,C,220,C,99999,9,False,
99999903948,35.25,-97.46667,360.3,2005-08-24 14:52:00,210,5,N,51,5,22000,5,9,N,16093,5,N,5,290,C,220,C,99999,9,False,
99999903948,35.25,-97.46667,360.3,2005-08-24 15:53:00,190,5,N,57,5,22000,5,9,N,16093,5,N,5,320,C,220,C,99999,9,False,
99999903948,35.25,-97.46667,360.3,2005-08-24 16:52:00,200,5,N,62,5,22000,5,9,N,16093,5,N,5,330,C,220,C,99999,9,False,
99999903948,35.25,-97.46667,360.3,2005-08-24 17:56:00,180,5,N,57,5,22000,5,9,N,16093,5,N,5,340,C,230,C,99999,9,False,
99999903948,35.25,-97.46667,360.3,2005-08-24 18:53:00,180,5,N,57,5,22000,5,9,N,16093,5,N,5,340,C,230,C,99999,9,False,
99999903948,35.25,-97.46667,360.3,2005-08-24 19:52:00,210,5,N,41,5,22000,5,9,N,16093,5,N,5,350,C,230,C,99999,9,False,
99999903948,35.25,-97.46667,360.3,2005-08-24 20:52:00,180,5,N,46,5,22000,5,9,N,16093,5,N,5,360,C,220,C,99999,9,False,
99999903948,35.25,-97.46667,360.3,2005-08-24 21:53:00,180,5,N,62,5,22000,5,9,N,16093,5,N,5,360,C,210,C,99999,9,False,
99999903948,35.25,-97.46667,360.3,2005-08-24 22:53:00,180,5,N,57,5,22000,5,9,N,16093,5,N,5,350,C,210,C,99999,9,False,
99999903948,35.25,-97.46667,360.3,2005-08-24 23:52:00,180,5,N,41,5,22000,5,9,N,16093,5,N,5,340,C,210,C,99999,9,False,
99999903948,35.25,-97.46667,360.3,2005-08-25 00:52:00,170,5,N,26,5,22000,5,9,N,16093,5,N,5,330,C,210,C,99999,9,False,
99999903948,35.25,-97.46667,360.3,2005-08-25 01:53:00,150,5,N,36,5,22000,5,9,N,16093,5,N,5,310,C,220,C,99999,9,False,
99999903948,35.25,-97.46667,360.3,2005-08-25 02:53:00,160,5,N,36,5,22000,5,9,N,16093,5,N,5,310,C,210,C,99999,9,False,
99999903948,35.25,-97.46667,360.3,2005-08-25 03:52:00,160,5,N,36,5,22000,5,9,N,16093,5,N,5,300,C,210,C,99999,9,False,
99999903948,35.25,-97.46667,360.3,2005-08-25 04:53:00,140,5,N,57,5,22000,5,9,N,16093,5,N,5,290,C,210,C,99999,9,False,
99999903948,35.25,-97.46667,360.3,2005-08-25 05:53:00,170,5,N,62,5,22000,5,9,N,16093,5,N,5,280,C,210,C,99999,9,False,
99999903948,35.25,-97.46667,360.3,2005-08-25 06:53:00,170,5,N,51,5,22000,5,9,N,16093,5,N,5,260,C,210,C,99999,9,False,
99999903948,35.25,-97.46667,360.3,2005-08-25 07:53:00,180,5,N,31,5,22000,5,9,N,16093,5,N,5,260,C,210,C,99999,9,False,
99999903948,35.25,-97.46667,360.3,2005-08-25 08:53:00,170,5,N,31,5,22000,5,9,N,16093,5,N,5,250,C,210,C,99999,9,False,
99999903948,35.25,-97.46667,360.3,2005-08-25 09:53:00,170,5,N,26,5,22000,5,9,N,16093,5,N,5,240,C,210,C,99999,9,False,
99999903948,35.25,-97.46667,360.3,2005-08-25 10:53:00,180,5,N,26,5,22000,5,9,N,11265,5,N,5,230,C,210,C,99999,9,False,
99999903948,35.25,-97.46667,360.3,2005-08-25 11:53:00,180,5,N,21,5,22000,5,9,N,11265,5,N,5,230,C,210,C,99999,9,False,
99999903948,35.25,-97.46667,360.3,2005-08-25 12:53:00,180,5,N,26,5,22000,5,9,N,11265,5,N,5,250,C,220,C,99999,9,False,
99999903948,35.25,-97.46667,360.3,2005-08-25 13:52:00,190,5,N,36,5,22000,5,9,N,16093,5,N,5,270,C,220,C,99999,9,False,
99999903948,35.25,-97.46667,360.3,2005-08-25 14:53:00,190,5,N,46,5,22000,5,9,N,16093,5,N,5,300,C,220,C,99999,9,False,
99999903948,35.25,-97.46667,360.3,2005-08-25 15:53:00,200,5,N,77,5,22000,5,9,N,16093,5,N,5,320,C,220,C,99999,9,False,
99999903948,35.25,-97.46667,360.3,2005-08-25 16:52:00,200,5,N,72,5,22000,5,9,N,16093,5,N,5,330,C,220,C,99999,9,False,
99999903948,35.25,-97.46667,360.3,2005-08-25 17:52:00,190,5,N,72,5,22000,5,9,N,16093,5,N,5,340,C,220,C,99999,9,False,
99999903948,35.25,-97.46667,360.3,2005-08-25 18:53:00,230,5,N,41,5,99999,9,9,N,16093,5,N,5,350,C,220,C,99999,9,False,
99999903948,35.25,-97.46667,360.3,2005-08-25 19:52:00,220,5,N,57,5,22000,5,9,N,16093,5,N,5,360,C,210,C,99999,9,False,
99999903948,35.25,-97.46667,360.3,2005-08-25 20:51:00,180,5,N,57,5,22000,5,9,N,16093,5,N,5,360,C,220,C,99999,9,False,
99999903948,35.25,-97.46667,360.3,2005-08-25 21:52:00,170,5,N,51,5,22000,5,9,N,16093,5,N,5,360,C,210,C,99999,9,False,
99999903948,35.25,-97.46667,360.3,2005-08-25 22:52:00,190,5,N,46,5,22000,5,9,N,16093,5,N,5,350,C,210,C,99999,9,False,
99999903948,35.25,-97.46667,360.3,2005-08-25 23:52:00,180,5,N,41,5,22000,5,9,N,16093,5,N,5,340,C,210,C,99999,9,False,
99999903948,35.25,-97.46667,360.3,2005-08-26 00:53:00,999,9,9,9999,9,22000,5,9,N,16093,5,N,5,320,C,210,C,99999,9,False,
99999903948,35.25,-97.46667,360.3,2005-08-26 01:52:00,180,5,N,36,5,22000,5,9,N,16093,5,N,5,300,C,210,C,99999,9,False,
99999903948,35.25,-97.46667,360.3,2005-08-26 02:51:00,170,5,N,31,5,22000,5,9,N,16093,5,N,5,290,C,220,C,99999,9,False,
99999903948,35.25,-97.46667,360.3,2005-08-26 03:52:00,180,5,N,15,5,22000,5,9,N,16093,5,N,5,280,C,220,C,99999,9,False,
99999903948,35.25,-97.46667,360.3,2005-08-26 04:52:00,160,5,N,21,5,22000,5,9,N,16093,5,N,5,280,C,220,C,99999,9,False,
99999903948,35.25,-97.46667,360.3,2005-08-26 05:51:00,170,5,N,26,5,22000,5,9,N,16093,5,N,5,270,C,210,C,99999,9,False,
99999903948,35.25,-97.46667,360.3,2005-08-26 06:52:00,180,5,N,31,5,22000,5,9,N,16093,5,N,5,270,C,220,C,99999,9,False,
99999903948,35.25,-97.46667,360.3,2005-08-26 07:52:00,180,5,N,31,5,22000,5,9,N,16093,5,N,5,260,C,210,C,99999,9,False,
99999903948,35.25,-97.46667,360.3,2005-08-26 08:52:00,180,5,N,31,5,22000,5,9,N,16093,5,N,5,260,C,210,C,99999,9,False,
99999903948,35.25,-97.46667,360.3,2005-08-26 09:52:00,200,5,N,36,5,22000,5,9,N,16093,5,N,5,250,C,210,C,99999,9,False,
99999903948,35.25,-97.46667,360.3,2005-08-26 10:51:00,200,5,N,31,5,22000,5,9,N,16093,5,N,5,250,C,210,C,99999,9,False,
99999903948,35.25,-97.46667,360.3,2005-08-26 11:52:00,200,5,N,31,5,22000,5,9,N,16093,5,N,5,240,C,210,C,99999,9,False,
99999903948,35.25,-97.46667,360.3,2005-08-26 12:52:00,210,5,N,36,5,22000,5,9,N,16093,5,N,5,260,C,210,C,99999,9,False,
99999903948,35.25,-97.46667,360.3,2005-08-26 13:51:00,230,5,N,36,5,22000,5,9,N,16093,5,N,5,290,C,210,C,99999,9,False,
99999903948,35.25,-97.46667,360.3,2005-08-26 14:56:00,230,5,N,41,5,22000,5,9,N,16093,5,N,5,310,C,220,C,99999,9,False,
99999903948,35.25,-97.46667,360.3,2005-08-26 15:52:00,200,5,N,51,5,22000,5,9,N,16093,5,N,5,320,C,220,C,99999,9,False,
99999903948,35.25,-97.46667,360.3,2005-08-26 16:52:00,220,5,N,36,5,22000,5,9,N,16093,5,N,5,330,C,220,C,99999,9,False,
99999903948,35.25,-97.46667,360.3,2005-08-26 17:52:00,240,5,N,31,5,22000,5,9,N,16093,5,N,5,350,C,220,C,99999,9,False,
99999903948,35.25,-97.46667,360.3,2005-08-26 18:52:00,190,5,N,51,5,22000,5,9,N,16093,5,N,5,360,C,220,C,99999,9,False,
99999903948,35.25,-97.46667,360.3,2005-08-26 19:52:00,210,5,N,41,5,22000,5,9,N,16093,5,N,5,360,C,210,C,99999,9,False,
99999903948,35.25,-97.46667,360.3,2005-08-26 20:52:00,210,5,N,46,5,22000,5,9,N,16093,5,N,5,370,C,210,C,99999,9,False,
99999903948,35.25,-97.46667,360.3,2005-08-26 21:52:00,220,5,N,41,5,22000,5,9,N,16093,5,N,5,370,C,210,C,99999,9,False,
99999903948,35.25,-97.46667,360.3,2005-08-26 22:52:00,200,5,N,41,5,22000,5,9,N,16093,5,N,5,360,C,210,C,99999,9,False,
99999903948,35.25,-97.46667,360.3,2005-08-26 23:52:00,210,5,N,41,5,22000,5,9,N,16093,5,N,5,360,C,210,C,99999,9,False,
99999903948,35.25,-97.46667,360.3,2005-08-27 00:52:00,180,5,N,26,5,22000,5,9,N,16093,5,N,5,330,C,220,C,99999,9,False,
99999903948,35.25,-97.46667,360.3,2005-08-27 01:52:00,180,5,N,41,5,22000,5,9,N,16093,5,N,5,320,C,220,C,99999,9,False,
99999903948,35.25,-97.46667,360.3,2005-08-27 02:52:00,190,5,N,31,5,22000,5,9,N,16093,5,N,5,300,C,220,C,99999,9,False,
99999903948,35.25,-97.46667,360.3,2005-08-27 03:52:00,190,5,N,26,5,22000,5,9,N,16093,5,N,5,290,C,220,C,99999,9,False,
99999903948,35.25,-97.46667,360.3,2005-08-27 04:52:00,200,5,N,31,5,22000,5,9,N,16093,5,N,5,280,C,220,C,99999,9,False,
99999903948,35.25,-97.46667,360.3,2005-08-27 05:52:00,200,5,N,31,5,22000,5,9,N,16093,5,N,5,280,C,220,C,99999,9,False,
99999903948,35.25,-97.46667,360.3,2005-08-27 06:52:00,290,5,N,21,5,22000,5,9,N,16093,5,N,5,270,C,220,C,99999,9,False,
99999903948,35.25,-97.46667,360.3,2005-08-27 07:52:00,80,5,N,15,5,22000,5,9,N,16093,5,N,5,260,C,220,C,99999,9,False,
99999903948,35.25,-97.46667,360.3,2005-08-27 08:52:00,120,5,N,26,5,22000,5,9,N,16093,5,N,5,270,C,220,C,99999,9,False,
99999903948,35.25,-97.46667,360.3,2005-08-27 09:52:00,140,5,N,31,5,22000,5,9,N,16093,5,N,5,260,C,210,C,99999,9,False,
99999903948,35.25,-97.46667,360.3,2005-08-27 10:53:00,180,5,N,36,5,22000,5,9,N,16093,5,N,5,260,C,210,C,99999,9,False,
99999903948,35.25,-97.46667,360.3,2005-08-27 11:52:00,170,5,N,41,5,22000,5,9,N,16093,5,N,5,250,C,210,C,99999,9,False,
99999903948,35.25,-97.46667,360.3,2005-08-27 12:52:00,180,5,N,21,5,22000,5,9,N,16093,5,N,5,260,C,210,C,99999,9,False,
99999903948,35.25,-97.46667,360.3,2005-08-27 13:52:00,180,5,N,41,5,22000,5,9,N,16093,5,N,5,270,C,210,C,99999,9,False,
99999903948,35.25,-97.46667,360.3,2005-08-27 14:52:00,200,5,N,41,5,22000,5,9,N,16093,5,N,5,280,C,210,C,99999,9,False,
99999903948,35.25,-97.46667,360.3,2005-08-27 15:52:00,210,5,N,36,5,22000,5,9,N,16093,5,N,5,260,C,210,C,99999,9,False,
99999903948,35.25,-97.46667,360.3,2005-08-27 16:53:00,200,5,N,51,5,22000,5,9,N,16093,5,N,5,250,C,210,C,99999,9,False,
99999903948,35.25,-97.46667,360.3,2005-08-27 17:52:00,250,5,N,15,5,22000,5,9,N,16093,5,N,5,260,C,210,C,99999,9,False,
99999903948,35.25,-97.46667,360.3,2005-08-27 18:52:00,220,5,N,26,5,22000,5,9,N,16093,5,N,5,280,C,200,C,99999,9,False,
99999903948,35.25,-97.46667,360.3,2005-08-27 19:52:00,270,5,N,36,5,22000,5,9,N,16093,5,N,5,270,C,180,C,99999,9,False,
99999903948,35.25,-97.46667,360.3,2005-08-27 20:52:00,280,5,N,46,5,22000,5,9,N,16093,5,N,5,260,C,190,C,99999,9,False,
99999903948,35.25,-97.46667,360.3,2005-08-27 21:52:00,280,5,N,36,5,22000,5,9,N,16093,5,N,5,250,C,200,C,99999,9,False,
99999903948,35.25,-97.46667,360.3,2005-08-27 22:52:00,999,9,C,0,5,22000,5,9,N,16093,5,N,5,270,C,190,C,99999,9,False,
99999903948,35.25,-97.46667,360.3,2005-08-27 23:52:00,60,5,N,15,5,22000,5,9,N,16093,5,N,5,290,C,200,C,99999,9,False,
99999903948,35.25,-97.46667,360.3,2005-08-28 00:52:00,120,5,N,21,5,22000,5,9,N,16093,5,N,5,270,C,190,C,99999,9,False,
99999903948,35.25,-97.46667,360.3,2005-08-28 01:52:00,999,9,C,0,5,22000,5,9,N,16093,5,N,5,230,C,190,C,99999,9,False,
99999903948,35.25,-97.46667,360.3,2005-08-28 02:52:00,999,9,C,0,5,22000,5,9,N,16093,5,N,5,220,C,190,C,99999,9,False,
99999903948,35.25,-97.46667,360.3,2005-08-28 03:52:00,200,5,N,21,5,22000,5,9,N,16093,5,N,5,220,C,180,C,99999,9,False,
99999903948,35.25,-97.46667,360.3,2005-08-28 04:52:00,999,9,C,0,5,22000,5,9,N,16093,5,N,5,210,C,180,C,99999,9,False,
99999903948,35.25,-97.46667,360.3,2005-08-28 05:52:00,999,9,C,0,5,22000,5,9,N,16093,5,N,5,210,C,180,C,99999,9,False,
99999903948,35.25,-97.46667,360.3,2005-08-28 05:59:00,999,9,9,9999,9,99999,9,9,9,999999,9,9,9,9999,9,9999,9,99999,9,False,
99999903948,35.25,-97.46667,360.3,2005-08-28 06:51:00,999,9,C,0,5,22000,5,9,N,16093,5,N,5,190,C,180,C,99999,9,False,
99999903948,35.25,-97.46667,360.3,2005-08-28 07:52:00,220,5,N,26,5,22000,5,9,N,16093,5,N,5,210,C,190,C,99999,9,False,
99999903948,35.25,-97.46667,360.3,2005-08-28 08:52:00,20,5,N,21,5,22000,5,9,N,16093,5,N,5,200,C,180,C,99999,9,False,
99999903948,35.25,-97.46667,360.3,2005-08-28 09:52:00,999,9,C,0,5,22000,5,9,N,16093,5,N,5,210,C,180,C,99999,9,False,
99999903948,35.25,-97.46667,360.3,2005-08-28 10:52:00,999,9,C,0,5,22000,5,9,N,16093,5,N,5,210,C,180,C,99999,9,False,
99999903948,35.25,-97.46667,360.3,2005-08-28 11:52:00,999,9,C,0,5,22000,5,9,N,16093,5,N,5,210,C,180,C,99999,9,False,
99999903948,35.25,-97.46667,360.3,2005-08-28 12:52:00,999,9,C,0,5,22000,5,9,N,16093,5,N,5,230,C,200,C,99999,9,False,
99999903948,35.25,-97.46667,360.3,2005-08-28 13:52:00,999,9,C,0,5,22000,5,9,N,16093,5,N,5,260,C,230,C,99999,9,False,
99999903948,35.25,-97.46667,360.3,2005-08-28 14:52:00,20,5,N,36,5,22000,5,9,N,16093,5,N,5,280,C,200,C,99999,9,False,
99999903948,35.25,-97.46667,360.3,2005-08-28 15:52:00,40,5,N,31,5,22000,5,9,N,16093,5,N,5,280,C,210,C,99999,9,False,
99999903948,35.25,-97.46667,360.3,2005-08-28 16:52:00,90,5,N,36,5,22000,5,9,N,16093,5,N,5,310,C,220,C,99999,9,False,
99999903948,35.25,-97.46667,360.3,2005-08-28 17:52:00,40,5,N,15,5,22000,5,9,N,16093,5,N,5,320,C,230,C,99999,9,False,
99999903948,35.25,-97.46667,360.3,2005-08-28 18:52:00,110,5,N,26,5,22000,5,9,N,16093,5,N,5,330,C,220,C,99999,9,False,
99999903948,35.25,-97.46667,360.3,2005-08-28 19:52:00,190,5,N,26,5,22000,5,9,N,16093,5,N,5,340,C,220,C,99999,9,False,
99999903948,35.25,-97.46667,360.3,2005-08-28 20:52:00,140,5,N,21,5,22000,5,9,N,16093,5,N,5,320,C,210,C,99999,9,False,
99999903948,35.25,-97.46667,360.3,2005-08-28 21:52:00,110,5,N,15,5,22000,5,9,N,16093,5,N,5,340,C,210,C,99999,9,False,
99999903948,35.25,-97.46667,360.3,2005-08-28 22:52:00,130,5,N,26,5,22000,5,9,N,16093,5,N,5,320,C,200,C,99999,9,False,
99999903948,35.25,-97.46667,360.3,2005-08-28 23:52:00,999,9,C,0,5,22000,5,9,N,16093,5,N,5,330,C,190,C,99999,9,False,
99999903948,35.25,-97.46667,360.3,2005-08-29 00:53:00,50,5,N,21,5,22000,5,9,N,16093,5,N,5,290,C,190,C,99999,9,False,
99999903948,35.25,-97.46667,360.3,2005-08-29 01:52:00,60,5,N,15,5,22000,5,9,N,16093,5,N,5,270,C,200,C,99999,9,False,
99999903948,35.25,-97.46667,360.3,2005-08-29 02:55:00,350,5,N,144,6,1402,5,M,N,11265,5,N,5,260,C,180,C,99999,9,False,
99999903948,35.25,-97.46667,360.3,2005-08-29 03:52:00,350,5,N,108,5,1829,5,M,N,16093,5,N,5,190,C,180,C,99999,9,False,
99999903948,35.25,-97.46667,360.3,2005-08-29 04:52:00,330,5,N,57,5,579,5,M,N,16093,5,N,5,190,C,180,C,99999,9,False,
99999903948,35.25,-97.46667,360.3,2005-08-29 05:52:00,300,5,N,36,5,22000,5,9,N,16093,5,N,5,200,C,180,C,99999,9,False,
99999903948,35.25,-97.46667,360.3,2005-08-29 05:59:00,999,9,9,9999,9,99999,9,9,9,999999,9,9,9,9999,9,9999,9,99999,9,False,
99999903948,35.25,-97.46667,360.3,2005-08-29 06:52:00,160,5,N,15,5,22000,5,9,N,16093,5,N,5,200,C,180,C,99999,9,False,
99999903948,35.25,-97.46667,360.3,2005-08-29 07:52:00,60,5,N,46,5,22000,5,9,N,16093,5,N,5,210,C,190,C,99999,9,False,
99999903948,35.25,-97.46667,360.3,2005-08-29 08:52:00,20,5,N,26,5,22000,5,9,N,16093,5,N,5,200,C,190,C,99999,9,False,
99999903948,35.25,-97.46667,360.3,2005-08-29 09:52:00,30,5,N,36,5,22000,5,9,N,16093,5,N,5,210,C,190,C,99999,9,False,
99999903948,35.25,-97.46667,360.3,2005-08-29 10:52:00,360,5,N,31,5,22000,5,9,N,16093,5,N,5,200,C,180,C,99999,9,False,
99999903948,35.25,-97.46667,360.3,2005-08-29 11:51:00,10,5,N,31,5,22000,5,9,N,16093,5,N,5,190,C,180,C,99999,9,False,
99999903948,35.25,-97.46667,360.3,2005-08-29 12:52:00,340,5,N,46,5,22000,5,9,N,16093,5,N,5,210,C,190,C,99999,9,False,
99999903948,35.25,-97.46667,360.3,2005-08-29 13:52:00,360,5,N,46,5,22000,5,9,N,16093,5,N,5,230,C,220,C,99999,9,False,
99999903948,35.25,-97.46667,360.3,2005-08-29 14:52:00,30,5,N,41,5,22000,5,9,N,16093,5,N,5,250,C,220,C,99999,9,False,
99999903948,35.25,-97.46667,360.3,2005-08-29 15:55:00,50,5,N,26,5,22000,5,9,N,16093,5,N,5,270,C,210,C,99999,9,False,
99999903948,35.25,-97.46667,360.3,2005-08-29 16:52:00,50,5,N,31,5,22000,5,9,N,16093,5,N,5,290,C,220,C,99999,9,False,
99999903948,35.25,-97.46667,360.3,2005-08-29 17:52:00,40,5,N,36,5,22000,5,9,N,16093,5,N,5,310,C,220,C,99999,9,False,
99999903948,35.25,-97.46667,360.3,2005-08-29 18:52:00,20,5,N,57,5,22000,5,9,N,16093,5,N,5,320,C,210,C,99999,9,False,
99999903948,35.25,-97.46667,360.3,2005-08-29 19:52:00,30,5,N,62,5,22000,5,9,N,16093,5,N,5,320,C,190,C,99999,9,False,
99999903948,35.25,-97.46667,360.3,2005-08-29 20:52:00,50,5,N,67,5,22000,5,9,N,16093,5,N,5,320,C,180,C,99999,9,False,
99999903948,35.25,-97.46667,360.3,2005-08-29 21:52:00,50,5,N,62,5,22000,5,9,N,16093,5,N,5,320,C,160,C,99999,9,False,
99999903948,35.25,-97.46667,360.3,2005-08-29 22:52:00,40,5,N,51,5,22000,5,9,N,16093,5,N,5,320,C,170,C,99999,9,False,
99999903948,35.25,-97.46667,360.3,2005-08-29 23:52:00,40,5,N,31,5,22000,5,9,N,16093,5,N,5,310,C,180,C,99999,9,False,
99999903948,35.25,-97.46667,360.3,2005-08-30 00:52:00,30,5,N,15,5,22000,5,9,N,16093,5,N,5,270,C,170,C,99999,9,False,
99999903948,35.25,-97.46667,360.3,2005-08-30 01:52:00,10,5,N,21,5,22000,5,9,N,16093,5,N,5,240,C,170,C,99999,9,False,
99999903948,35.25,-97.46667,360.3,2005-08-30 02:52:00,360,5,N,21,5,22000,5,9,N,16093,5,N,5,240,C,180,C,99999,9,False,
99999903948,35.25,-97.46667,360.3,2005-08-30 03:52:00,20,5,N,21,5,22000,5,9,N,16093,5,N,5,230,C,180,C,99999,9,False,
99999903948,35.25,-97.46667,360.3,2005-08-30 04:52:00,999,9,C,0,5,22000,5,9,N,16093,5,N,5,220,C,180,C,99999,9,False,
99999903948,35.25,-97.46667,360.3,2005-08-30 05:52:00,360,5,N,15,5,22000,5,9,N,16093,5,N,5,220,C,170,C,99999,9,False,
99999903948,35.25,-97.46667,360.3,2005-08-30 06:52:00,20,5,N,15,5,22000,5,9,N,16093,5,N,5,220,C,180,C,99999,9,False,
99999903948,35.25,-97.46667,360.3,2005-08-30 07:52:00,350,5,N,21,5,22000,5,9,N,16093,5,N,5,210,C,180,C,99999,9,False,
99999903948,35.25,-97.46667,360.3,2005-08-30 08:52:00,30,5,N,15,5,22000,5,9,N,16093,5,N,5,210,C,180,C,99999,9,False,
99999903948,35.25,-97.46667,360.3,2005-08-30 09:52:00,360,5,N,21,5,22000,5,9,N,16093,5,N,5,210,C,180,C,99999,9,False,
99999903948,35.25,-97.46667,360.3,2005-08-30 10:52:00,300,5,N,15,5,22000,5,9,N,16093,5,N,5,200,C,170,C,99999,9,False,
99999903948,35.25,-97.46667,360.3,2005-08-30 11:52:00,340,5,N,15,5,22000,5,9,N,16093,5,N,5,190,C,170,C,99999,9,False,
99999903948,35.25,-97.46667,360.3,2005-08-30 12:52:00,300,5,N,15,5,22000,5,9,N,16093,5,N,5,220,C,190,C,99999,9,False,
99999903948,35.25,-97.46667,360.3,2005-08-30 13:52:00,310,5,N,15,5,22000,5,9,N,16093,5,N,5,260,C,210,C,99999,9,False,
99999903948,35.25,-97.46667,360.3,2005-08-30 14:52:00,999,9,C,0,5,22000,5,9,N,16093,5,N,5,290,C,220,C,99999,9,False,
99999903948,35.25,-97.46667,360.3,2005-08-30 15:52:00,999,9,C,0,5,22000,5,9,N,16093,5,N,5,290,C,190,C,99999,9,False,
99999903948,35.25,-97.46667,360.3,2005-08-30 16:52:00,360,5,N,15,5,22000,5,9,N,16093,5,N,5,300,C,180,C,99999,9,False,
99999903948,35.25,-97.46667,360.3,2005-08-30 17:52:00,320,5,N,21,5,22000,5,9,N,16093,5,N,5,320,C,180,C,99999,9,False,
99999903948,35.25,-97.46667,360.3,2005-08-30 18:52:00,60,5,N,15,5,22000,5,9,N,16093,5,N,5,320,C,170,C,99999,9,False,
99999903948,35.25,-97.46667,360.3,2005-08-30 19:52:00,70,5,N,21,5,22000,5,9,N,16093,5,N,5,330,C,160,C,99999,9,False,
99999903948,35.25,-97.46667,360.3,2005-08-30 20:52:00,60,5,N,31,5,22000,5,9,N,16093,5,N,5,330,C,160,C,99999,9,False,
99999903948,35.25,-97.46667,360.3,2005-08-30 21:52:00,320,5,N,15,5,22000,5,9,N,16093,5,N,5,340,C,160,C,99999,9,False,
99999903948,35.25,-97.46667,360.3,2005-08-30 22:53:00,999,9,C,0,5,22000,5,9,N,16093,5,N,5,330,C,160,C,99999,9,False,
99999903948,35.25,-97.46667,360.3,2005-08-30 23:52:00,100,5,N,31,5,22000,5,9,N,16093,5,N,5,320,C,160,C,99999,9,False,
99999903948,35.25,-97.46667,360.3,2005-08-31 00:52:00,110,5,N,15,5,22000,5,9,N,16093,5,N,5,290,C,160,C,99999,9,False,
99999903948,35.25,-97.46667,360.3,2005-08-31 01:52:00,999,9,C,0,5,22000,5,9,N,16093,5,N,5,260,C,150,C,99999,9,False,
99999903948,35.25,-97.46667,360.3,2005-08-31 02:53:00,150,5,N,15,5,22000,5,9,N,16093,5,N,5,250,C,160,C,99999,9,False,
99999903948,35.25,-97.46667,360.3,2005-08-31 03:52:00,140,5,N,31,5,22000,5,9,N,16093,5,N,5,250,C,170,C,99999,9,False,
99999903948,35.25,-97.46667,360.3,2005-08-31 04:52:00,150,5,N,21,5,22000,5,9,N,16093,5,N,5,240,C,170,C,99999,9,False,
99999903948,35.25,-97.46667,360.3,2005-08-31 05:52:00,999,9,C,0,5,22000,5,9,N,16093,5,N,5,220,C,160,C,99999,9,False,
99999903948,35.25,-97.46667,360.3,2005-08-31 06:52:00,999,9,C,0,5,22000,5,9,N,16093,5,N,5,210,C,170,C,99999,9,False,
99999903948,35.25,-97.46667,360.3,2005-08-31 07:52:00,999,9,C,0,5,22000,5,9,N,16093,5,N,5,210,C,160,C,99999,9,False,
99999903948,35.25,-97.46667,360.3,2005-08-31 08:52:00,999,9,C,0,5,22000,5,9,N,16093,5,N,5,210,C,160,C,99999,9,False,
99999903948,35.25,-97.46667,360.3,2005-08-31 09:52:00,999,9,C,0,5,22000,5,9,N,16093,5,N,5,200,C,160,C,99999,9,False,
99999903948,35.25,-97.46667,360.3,2005-08-31 10:52:00,999,9,C,0,5,22000,5,9,N,16093,5,N,5,190,C,160,C,99999,9,False,
99999903948,35.25,-97.46667,360.3,2005-08-31 11:52:00,999,9,C,0,5,22000,5,9,N,16093,5,N,5,190,C,160,C,99999,9,False,
99999903948,35.25,-97.46667,360.3,2005-08-31 12:52:00,999,9,C,0,5,22000,5,9,N,16093,5,N,5,220,C,170,C,99999,9,False,
99999903948,35.25,-97.46667,360.3,2005-08-31 13:52:00,180,5,N,15,5,22000,5,9,N,16093,5,N,5,260,C,180,C,99999,9,False,
99999903948,35.25,-97.46667,360.3,2005-08-31 14:52:00,140,5,N,15,5,22000,5,9,N,16093,5,N,5,280,C,170,C,99999,9,False,
99999903948,35.25,-97.46667,360.3,2005-08-31 15:52:00,170,5,N,21,5,22000,5,9,N,16093,5,N,5,290,C,180,C,99999,9,False,
99999903948,35.25,-97.46667,360.3,2005-08-31 16:52:00,999,9,C,0,5,99999,9,9,N,16093,5,N,5,320,C,170,C,99999,9,False,
99999903948,35.25,-97.46667,360.3,2005-08-31 17:52:00,999,9,C,0,5,22000,5,9,N,16093,5,N,5,330,C,160,C,99999,9,False,
99999903948,35.25,-97.46667,360.3,2005-09-01 00:51:00,70,5,N,21,5,22000,5,9,N,16093,5,N,5,290,C,170,C,99999,9,False,
99999903948,35.25,-97.46667,360.3,2005-09-01 01:51:00,999,9,C,0,5,22000,5,9,N,16093,5,N,5,260,C,170,C,99999,9,False,
99999903948,35.25,-97.46667,360.3,2005-09-01 02:51:00,90,5,N,21,5,22000,5,9,N,16093,5,N,5,260,C,170,C,99999,9,False,
99999903948,35.25,-97.46667,360.3,2005-09-01 03:52:00,90,5,N,21,5,22000,5,9,N,16093,5,N,5,230,C,180,C,99999,9,False,
99999903948,35.25,-97.46667,360.3,2005-09-01 04:51:00,999,9,C,0,5,22000,5,9,N,16093,5,N,5,230,C,180,C,99999,9,False,
99999903948,35.25,-97.46667,360.3,2005-09-01 05:52:00,999,9,C,0,5,22000,5,9,N,16093,5,N,5,220,C,170,C,99999,9,False,
99999903948,35.25,-97.46667,360.3,2005-09-01 06:52:00,999,9,C,0,5,22000,5,9,N,16093,5,N,5,210,C,170,C,99999,9,False,
99999903948,35.25,-97.46667,360.3,2005-09-01 07:52:00,999,9,C,0,5,22000,5,9,N,16093,5,N,5,190,C,170,C,99999,9,False,
99999903948,35.25,-97.46667,360.3,2005-09-01 08:52:00,999,9,C,0,5,22000,5,9,N,16093,5,N,5,180,C,160,C,99999,9,False,
99999903948,35.25,-97.46667,360.3,2005-09-01 09:52:00,999,9,C,0,5,22000,5,9,N,16093,5,N,5,190,C,160,C,99999,9,False,
99999903948,35.25,-97.46667,360.3,2005-09-01 10:52:00,999,9,C,0,5,22000,5,9,N,16093,5,N,5,180,C,160,C,99999,9,False,
99999903948,35.25,-97.46667,360.3,2005-09-01 11:51:00,999,9,C,0,5,22000,5,9,N,16093,5,N,5,180,C,150,C,99999,9,False,
99999903948,35.25,-97.46667,360.3,2005-09-01 12:52:00,50,5,N,15,5,22000,5,9,N,16093,5,N,5,210,C,170,C,99999,9,False,
99999903948,35.25,-97.46667,360.3,2005-09-01 13:52:00,60,5,N,21,5,22000,5,9,N,16093,5,N,5,240,C,190,C,99999,9,False,
99999903948,35.25,-97.46667,360.3,2005-09-01 14:52:00,999,9,C,0,5,22000,5,9,N,16093,5,N,5,270,C,190,C,99999,9,False,
99999903948,35.25,-97.46667,360.3,2005-09-01 15:52:00,999,9,C,0,5,22000,5,9,N,16093,5,N,5,310,C,190,C,99999,9,False,
99999903948,35.25,-97.46667,360.3,2005-09-01 16:51:00,50,5,N,15,5,22000,5,9,N,16093,5,N,5,320,C,190,C,99999,9,False,
99999903948,35.25,-97.46667,360.3,2005-09-01 17:53:00,80,5,N,21,5,22000,5,9,N,16093,5,N,5,330,C,190,C,99999,9,False,
99999903948,35.25,-97.46667,360.3,2005-09-01 18:51:00,70,5,N,36,5,22000,5,9,N,16093,5,N,5,340,C,190,C,99999,9,False,
99999903948,35.25,-97.46667,360.3,2005-09-01 19:52:00,20,5,N,26,5,22000,5,9,N,16093,5,N,5,350,C,180,C,99999,9,False,
99999903948,35.25,-97.46667,360.3,2005-09-01 20:52:00,120,5,N,36,5,22000,5,9,N,16093,5,N,5,350,C,140,C,99999,9,False,
99999903948,35.25,-97.46667,360.3,2005-09-01 21:52:00,130,5,N,51,5,22000,5,9,N,16093,5,N,5,350,C,120,C,99999,9,False,
99999903948,35.25,-97.46667,360.3,2005-09-01 22:53:00,110,5,N,41,5,22000,5,9,N,16093,5,N,5,340,C,120,C,99999,9,False,
99999903948,35.25,-97.46667,360.3,2005-09-01 23:52:00,110,5,N,36,5,22000,5,9,N,16093,5,N,5,330,C,140,C,99999,9,False,
99999903948,35.25,-97.46667,360.3,2005-09-02 00:51:00,100,5,N,26,5,22000,5,9,N,16093,5,N,5,310,C,160,C,99999,9,False,
99999903948,35.25,-97.46667,360.3,2005-09-02 01:52:00,100,5,N,31,5,22000,5,9,N,16093,5,N,5,270,C,170,C,99999,9,False,
99999903948,35.25,-97.46667,360.3,2005-09-02 02:52:00,100,5,N,31,5,22000,5,9,N,16093,5,N,5,270,C,170,C,99999,9,False,
99999903948,35.25,-97.46667,360.3,2005-09-02 03:52:00,110,5,N,31,5,22000,5,9,N,16093,5,N,5,260,C,180,C,99999,9,False,
99999903948,35.25,-97.46667,360.3,2005-09-02 04:52:00,100,5,N,36,5,22000,5,9,N,16093,5,N,5,260,C,180,C,99999,9,False,
99999903948,35.25,-97.46667,360.3,2005-09-02 05:52:00,100,5,N,36,5,22000,5,9,N,16093,5,N,5,260,C,180,C,99999,9,False,
99999903948,35.25,-97.46667,360.3,2005-09-02 06:52:00,90,5,N,21,5,22000,5,9,N,16093,5,N,5,240,C,180,C,99999,9,False,
99999903948,35.25,-97.46667,360.3,2005-09-02 07:51:00,999,9,C,0,5,22000,5,9,N,16093,5,N,5,230,C,180,C,99999,9,False,
99999903948,35.25,-97.46667,360.3,2005-09-02 08:52:00,180,5,N,15,5,22000,5,9,N,16093,5,N,5,230,C,180,C,99999,9,False,
99999903948,35.25,-97.46667,360.3,2005-09-02 09:52:00,180,5,N,31,5,22000,5,9,N,16093,5,N,5,230,C,190,C,99999,9,False,
99999903948,35.25,-97.46667,360.3,2005-09-02 10:52:00,170,5,N,36,5,22000,5,9,N,16093,5,N,5,230,C,180,C,99999,9,False,
99999903948,35.25,-97.46667,360.3,2005-09-02 11:52:00,180,5,N,21,5,22000,5,9,N,16093,5,N,5,230,C,180,C,99999,9,False,
99999903948,35.25,-97.46667,360.3,2005-09-02 12:53:00,170,5,N,15,5,22000,5,9,N,11265,5,N,5,240,C,180,C,99999,9,False,
99999903948,35.25,-97.46667,360.3,2005-09-02 13:52:00,170,5,N,26,5,22000,5,9,N,16093,5,N,5,270,C,190,C,99999,9,False,
99999903948,35.25,-97.46667,360.3,2005-09-02 14:52:00,190,5,N,31,5,22000,5,9,N,16093,5,N,5,290,C,190,C,99999,9,False,
99999903948,35.25,-97.46667,360.3,2005-09-02 15:52:00,220,5,N,31,5,22000,5,9,N,16093,5,N,5,310,C,200,C,99999,9,False,
99999903948,35.25,-97.46667,360.3,2005-09-02 16:51:00,999,9,C,0,5,22000,5,9,N,16093,5,N,5,330,C,200,C,99999,9,False,
99999903948,35.25,-97.46667,360.3,2005-09-02 17:52:00,150,5,N,31,5,22000,5,9,N,16093,5,N,5,340,C,180,C,99999,9,False,
99999903948,35.25,-97.46667,360.3,2005-09-02 18:52:00,190,5,N,41,5,22000,5,9,N,16093,5,N,5,350,C,160,C,99999,9,False,
99999903948,35.25,-97.46667,360.3,2005-09-02 19:52:00,110,5,N,26,5,22000,5,9,N,16093,5,N,5,350,C,140,C,99999,9,False,
99999903948,35.25,-97.46667,360.3,2005-09-02 20:52:00,100,5,N,41,5,22000,5,9,N,16093,5,N,5,340,C,150,C,99999,9,False,
99999903948,35.25,-97.46667,360.3,2005-09-02 21:52:00,140,5,N,36,5,22000,5,9,N,16093,5,N,5,340,C,150,C,99999,9,False,
99999903948,35.25,-97.46667,360.3,2005-09-02 22:52:00,120,5,N,46,5,22000,5,9,N,16093,5,N,5,330,C,130,C,99999,9,False,
99999903948,35.25,-97.46667,360.3,2005-09-02 23:52:00,120,5,N,41,5,22000,5,9,N,16093,5,N,5,330,C,140,C,99999,9,False,
99999903948,35.25,-97.46667,360.3,2005-09-03 00:52:00,110,5,N,21,5,22000,5,9,N,16093,5,N,5,300,C,160,C,99999,9,False,
99999903948,35.25,-97.46667,360.3,2005-09-03 01:52:00,120,5,N,21,5,22000,5,9,N,16093,5,N,5,280,C,170,C,99999,9,False,
99999903948,35.25,-97.46667,360.3,2005-09-03 02:52:00,110,5,N,15,5,22000,5,9,N,16093,5,N,5,270,C,170,C,99999,9,False,
99999903948,35.25,-97.46667,360.3,2005-09-03 03:53:00,999,9,C,0,5,22000,5,9,N,16093,5,N,5,260,C,170,C,99999,9,False,
99999903948,35.25,-97.46667,360.3,2005-09-03 04:52:00,999,9,C,0,5,22000,5,9,N,16093,5,N,5,240,C,180,C,99999,9,False,
99999903948,35.25,-97.46667,360.3,2005-09-03 05:52:00,999,9,C,0,5,22000,5,9,N,16093,5,N,5,220,C,180,C,99999,9,False,
99999903948,35.25,-97.46667,360.3,2005-09-03 06:52:00,999,9,C,0,5,22000,5,9,N,16093,5,N,5,220,C,180,C,99999,9,False,
99999903948,35.25,-97.46667,360.3,2005-09-03 07:52:00,180,5,N,26,5,22000,5,9,N,16093,5,N,5,230,C,180,C,99999,9,False,
99999903948,35.25,-97.46667,360.3,2005-09-03 08:52:00,180,5,N,15,5,22000,5,9,N,16093,5,N,5,220,C,180,C,99999,9,False,
99999903948,35.25,-97.46667,360.3,2005-09-03 09:52:00,999,9,C,0,5,22000,5,9,N,16093,5,N,5,220,C,180,C,99999,9,False,
99999903948,35.25,-97.46667,360.3,2005-09-03 10:52:00,999,9,C,0,5,22000,5,9,N,16093,5,N,5,210,C,170,C,99999,9,False,
99999903948,35.25,-97.46667,360.3,2005-09-03 11:52:00,999,9,C,0,5,22000,5,9,N,11265,5,N,5,190,C,170,C,99999,9,False,
99999903948,35.25,-97.46667,360.3,2005-09-03 12:52:00,999,9,C,0,5,22000,5,9,N,8047,5,N,5,210,C,180,C,99999,9,False,
99999903948,35.25,-97.46667,360.3,2005-09-03 13:52:00,160,5,N,15,5,22000,5,9,N,16093,5,N,5,270,C,190,C,99999,9,False,
99999903948,35.25,-97.46667,360.3,2005-09-03 14:52:00,160,5,N,46,5,22000,5,9,N,16093,5,N,5,290,C,170,C,99999,9,False,
99999903948,35.25,-97.46667,360.3,2005-09-03 15:52:00,160,5,N,46,5,22000,5,9,N,16093,5,N,5,310,C,150,C,99999,9,False,
99999903948,35.25,-97.46667,360.3,2005-09-03 16:52:00,150,5,N,46,5,22000,5,9,N,16093,5,N,5,320,C,150,C,99999,9,False,
99999903948,35.25,-97.46667,360.3,2005-09-03 17:52:00,180,5,N,57,5,22000,5,9,N,16093,5,N,5,320,C,140,C,99999,9,False,
99999903948,35.25,-97.46667,360.3,2005-09-03 18:52:00,130,5,N,51,5,22000,5,9,N,16093,5,N,5,320,C,150,C,99999,9,False,
99999903948,35.25,-97.46667,360.3,2005-09-03 19:52:00,180,5,N,67,5,22000,5,9,N,16093,5,N,5,330,C,150,C,99999,9,False,
99999903948,35.25,-97.46667,360.3,2005-09-03 20:52:00,190,5,N,46,5,22000,5,9,N,16093,5,N,5,330,C,160,C,99999,9,False,
99999903948,35.25,-97.46667,360.3,2005-09-03 21:52:00,170,5,N,46,5,22000,5,9,N,16093,5,N,5,330,C,160,C,99999,9,False,
99999903948,35.25,-97.46667,360.3,2005-09-03 22:55:00,180,5,N,46,5,22000,5,9,N,16093,5,N,5,320,C,160,C,99999,9,False,
99999903948,35.25,-97.46667,360.3,2005-09-03 23:52:00,190,5,N,36,5,22000,5,9,N,16093,5,N,5,320,C,160,C,99999,9,False,
99999903948,35.25,-97.46667,360.3,2005-09-04 00:52:00,160,5,N,15,5,22000,5,9,N,16093,5,N,5,290,C,160,C,99999,9,False,
99999903948,35.25,-97.46667,360.3,2005-09-04 01:52:00,120,5,N,21,5,22000,5,9,N,16093,5,N,5,280,C,160,C,99999,9,False,
99999903948,35.25,-97.46667,360.3,2005-09-04 02:52:00,110,5,N,36,5,22000,5,9,N,16093,5,N,5,270,C,170,C,99999,9,False,
99999903948,35.25,-97.46667,360.3,2005-09-04 03:52:00,120,5,N,41,5,22000,5,9,N,16093,5,N,5,260,C,190,C,99999,9,False,
99999903948,35.25,-97.46667,360.3,2005-09-04 04:52:00,130,5,N,36,5,22000,5,9,N,16093,5,N,5,250,C,190,C,99999,9,False,
99999903948,35.25,-97.46667,360.3,2005-09-04 05:52:00,130,5,N,36,5,22000,5,9,N,16093,5,N,5,240,C,180,C,99999,9,False,
99999903948,35.25,-97.46667,360.3,2005-09-04 05:59:00,999,9,9,9999,9,99999,9,9,9,999999,9,9,9,9999,9,9999,9,99999,9,False,
99999903948,35.25,-97.46667,360.3,2005-09-04 06:52:00,140,5,N,21,5,22000,5,9,N,16093,5,N,5,240,C,180,C,99999,9,False,
99999903948,35.25,-97.46667,360.3,2005-09-04 07:52:00,140,5,N,21,5,22000,5,9,N,16093,5,N,5,230,C,180,C,99999,9,False,
99999903948,35.25,-97.46667,360.3,2005-09-04 08:52:00,180,5,N,15,5,22000,5,9,N,16093,5,N,5,230,C,180,C,99999,9,False,
99999903948,35.25,-97.46667,360.3,2005-09-04 09:52:00,180,5,N,26,5,22000,5,9,N,16093,5,N,5,220,C,180,C,99999,9,False,
99999903948,35.25,-97.46667,360.3,2005-09-04 10:52:00,170,5,N,21,5,22000,5,9,N,16093,5,N,5,220,C,180,C,99999,9,False,
99999903948,35.25,-97.46667,360.3,2005-09-04 11:52:00,170,5,N,26,5,22000,5,9,N,16093,5,N,5,220,C,180,C,99999,9,False,
99999903948,35.25,-97.46667,360.3,2005-09-04 12:52:00,170,5,N,46,5,22000,5,9,N,16093,5,N,5,230,C,180,C,99999,9,False,
99999903948,35.25,-97.46667,360.3,2005-09-04 13:52:00,180,5,N,51,5,22000,5,9,N,16093,5,N,5,250,C,170,C,99999,9,False,
99999903948,35.25,-97.46667,360.3,2005-09-04 14:52:00,170,5,N,46,5,22000,5,9,N,16093,5,N,5,270,C,170,C,99999,9,False,
99999903948,35.25,-97.46667,360.3,2005-09-04 15:52:00,170,5,N,67,5,22000,5,9,N,16093,5,N,5,290,C,170,C,99999,9,False,
99999903948,35.25,-97.46667,360.3,2005-09-04 16:52:00,150,5,N,57,5,22000,5,9,N,16093,5,N,5,290,C,170,C,99999,9,False,
99999903948,35.25,-97.46667,360.3,2005-09-04 17:52:00,170,5,N,57,5,22000,5,9,N,16093,5,N,5,300,C,170,C,99999,9,False,
99999903948,35.25,-97.46667,360.3,2005-09-04 18:52:00,150,5,N,46,5,22000,5,9,N,16093,5,N,5,310,C,170,C,99999,9,False,
99999903948,35.25,-97.46667,360.3,2005-09-04 19:52:00,180,5,N,62,5,22000,5,9,N,999999,9,N,5,320,C,170,C,99999,9,False,
99999903948,35.25,-97.46667,360.3,2005-09-04 20:52:00,160,5,N,41,5,22000,5,9,N,16093,5,N,5,320,C,170,C,99999,9,False,
99999903948,35.25,-97.46667,360.3,2005-09-04 21:52:00,150,5,N,46,5,22000,5,9,N,16093,5,N,5,320,C,160,C,99999,9,False,
99999903948,35.25,-97.46667,360.3,2005-09-04 22:52:00,150,5,N,36,5,22000,5,9,N,16093,5,N,5,320,C,170,C,99999,9,False,
99999903948,35.25,-97.46667,360.3,2005-09-04 23:52:00,130,5,N,46,5,22000,5,9,N,16093,5,N,5,310,C,170,C,99999,9,False,
99999903948,35.25,-97.46667,360.3,2005-09-05 00:52:00,130,5,N,36,5,22000,5,9,N,16093,5,N,5,280,C,170,C,99999,9,False,
99999903948,35.25,-97.46667,360.3,2005-09-05 01:52:00,120,5,N,26,5,22000,5,9,N,16093,5,N,5,270,C,160,C,99999,9,False,
99999903948,35.25,-97.46667,360.3,2005-09-05 02:52:00,110,5,N,31,5,22000,5,9,N,16093,5,N,5,260,C,170,C,99999,9,False,
99999903948,35.25,-97.46667,360.3,2005-09-05 03:52:00,100,5,N,26,5,22000,5,9,N,16093,5,N,5,240,C,190,C,99999,9,False,
99999903948,35.25,-97.46667,360.3,2005-09-05 04:52:00,110,5,N,36,5,22000,5,9,N,16093,5,N,5,230,C,190,C,99999,9,False,
99999903948,35.25,-97.46667,360.3,2005-09-05 05:52:00,120,5,N,41,5,22000,5,9,N,16093,5,N,5,230,C,190,C,99999,9,False,
99999903948,35.25,-97.46667,360.3,2005-09-05 06:52:00,140,5,N,31,5,22000,5,9,N,16093,5,N,5,230,C,180,C,99999,9,False,
99999903948,35.25,-97.46667,360.3,2005-09-05 07:52:00,140,5,N,26,5,22000,5,9,N,16093,5,N,5,220,C,170,C,99999,9,False,
99999903948,35.25,-97.46667,360.3,2005-09-05 08:52:00,160,5,N,36,5,22000,5,9,N,16093,5,N,5,220,C,140,C,99999,9,False,
99999903948,35.25,-97.46667,360.3,2005-09-05 09:52:00,160,5,N,36,5,22000,5,9,N,16093,5,N,5,220,C,130,C,99999,9,False,
99999903948,35.25,-97.46667,360.3,2005-09-05 10:52:00,160,5,N,41,5,22000,5,9,N,16093,5,N,5,210,C,110,C,99999,9,False,
99999903948,35.25,-97.46667,360.3,2005-09-05 11:52:00,160,5,N,26,5,22000,5,9,N,16093,5,N,5,200,C,110,C,99999,9,False,
99999903948,35.25,-97.46667,360.3,2005-09-05 12:52:00,170,5,N,26,5,22000,5,9,N,16093,5,N,5,210,C,120,C,99999,9,False,
99999903948,35.25,-97.46667,360.3,2005-09-05 13:52:00,170,5,N,41,5,22000,5,9,N,16093,5,N,5,230,C,130,C,99999,9,False,
99999903948,35.25,-97.46667,360.3,2005-09-05 14:52:00,170,5,N,41,5,22000,5,9,N,16093,5,N,5,250,C,140,C,99999,9,False,
99999903948,35.25,-97.46667,360.3,2005-09-05 15:52:00,160,5,N,31,5,22000,5,9,N,16093,5,N,5,270,C,140,C,99999,9,False,
99999903948,35.25,-97.46667,360.3,2005-09-05 16:52:00,160,5,N,31,5,22000,5,9,N,16093,5,N,5,290,C,140,C,99999,9,False,
99999903948,35.25,-97.46667,360.3,2005-09-05 17:52:00,150,5,N,51,5,22000,5,9,N,16093,5,N,5,310,C,120,C,99999,9,False,
99999903948,35.25,-97.46667,360.3,2005-09-05 18:52:00,100,5,N,36,5,22000,5,9,N,16093,5,N,5,320,C,110,C,99999,9,False,
99999903948,35.25,-97.46667,360.3,2005-09-05 19:52:00,130,5,N,36,5,22000,5,9,N,16093,5,N,5,330,C,100,C,99999,9,False,
99999903948,35.25,-97.46667,360.3,2005-09-05 20:52:00,100,5,N,46,5,22000,5,9,N,16093,5,N,5,330,C,110,C,99999,9,False,
99999903948,35.25,-97.46667,360.3,2005-09-05 21:52:00,110,5,N,46,5,22000,5,9,N,16093,5,N,5,330,C,110,C,99999,9,False,
99999903948,35.25,-97.46667,360.3,2005-09-05 22:52:00,130,5,N,31,5,22000,5,9,N,16093,5,N,5,320,C,100,C,99999,9,False,
99999903948,35.25,-97.46667,360.3,2005-09-05 23:55:00,130,5,N,41,5,22000,5,9,N,16093,5,N,5,310,C,120,C,99999,9,False,
99999903948,35.25,-97.46667,360.3,2005-09-06 00:52:00,120,5,N,21,5,22000,5,9,N,16093,5,N,5,280,C,120,C,99999,9,False,
99999903948,35.25,-97.46667,360.3,2005-09-06 01:52:00,120,5,N,26,5,22000,5,9,N,16093,5,N,5,260,C,130,C,99999,9,False,
99999903948,35.25,-97.46667,360.3,2005-09-06 02:52:00,120,5,N,21,5,22000,5,9,N,16093,5,N,5,240,C,140,C,99999,9,False,
99999903948,35.25,-97.46667,360.3,2005-09-06 03:52:00,120,5,N,21,5,22000,5,9,N,16093,5,N,5,240,C,150,C,99999,9,False,
99999903948,35.25,-97.46667,360.3,2005-09-06 04:52:00,130,5,N,21,5,22000,5,9,N,16093,5,N,5,230,C,140,C,99999,9,False,
99999903948,35.25,-97.46667,360.3,2005-09-06 05:52:00,120,5,N,21,5,22000,5,9,N,16093,5,N,5,220,C,140,C,99999,9,False,
99999903948,35.25,-97.46667,360.3,2005-09-06 06:52:00,130,5,N,21,5,22000,5,9,N,16093,5,N,5,220,C,130,C,99999,9,False,
99999903948,35.25,-97.46667,360.3,2005-09-06 07:52:00,140,5,N,21,5,22000,5,9,N,16093,5,N,5,210,C,130,C,99999,9,False,
99999903948,35.25,-97.46667,360.3,2005-09-06 08:52:00,140,5,N,31,5,22000,5,9,N,16093,5,N,5,210,C,120,C,99999,9,False,
99999903948,35.25,-97.46667,360.3,2005-09-06 09:52:00,170,5,N,15,5,22000,5,9,N,16093,5,N,5,210,C,120,C,99999,9,False,
99999903948,35.25,-97.46667,360.3,2005-09-06 10:52:00,170,5,N,21,5,22000,5,9,N,16093,5,N,5,190,C,120,C,99999,9,False,
99999903948,35.25,-97.46667,360.3,2005-09-06 11:52:00,160,5,N,15,5,22000,5,9,N,16093,5,N,5,190,C,130,C,99999,9,False,
99999903948,35.25,-97.46667,360.3,2005-09-06 12:52:00,180,5,N,15,5,22000,5,9,N,16093,5,N,5,200,C,130,C,99999,9,False,
99999903948,35.25,-97.46667,360.3,2005-09-06 13:52:00,160,5,N,31,5,22000,5,9,N,16093,5,N,5,240,C,140,C,99999,9,False,
99999903948,35.25,-97.46667,360.3,2005-09-06 14:52:00,170,5,N,46,5,22000,5,9,N,16093,5,N,5,260,C,150,C,99999,9,False,
99999903948,35.25,-97.46667,360.3,2005-09-06 15:52:00,170,5,N,36,5,22000,5,9,N,16093,5,N,5,290,C,160,C,99999,9,False,
99999903948,35.25,-97.46667,360.3,2005-09-06 16:52:00,180,5,N,36,5,22000,5,9,N,16093,5,N,5,310,C,160,C,99999,9,False,
99999903948,35.25,-97.46667,360.3,2005-09-06 17:52:00,180,5,N,46,5,22000,5,9,N,16093,5,N,5,320,C,140,C,99999,9,False,
99999903948,35.25,-97.46667,360.3,2005-09-06 18:52:00,170,5,N,36,5,22000,5,9,N,16093,5,N,5,330,C,140,C,99999,9,False,
99999903948,35.25,-97.46667,360.3,2005-09-06 19:52:00,170,5,N,26,5,22000,5,9,N,16093,5,N,5,340,C,130,C,99999,9,False,
99999903948,35.25,-97.46667,360.3,2005-09-06 20:52:00,180,5,N,41,5,22000,5,9,N,16093,5,N,5,340,C,120,C,99999,9,False,
99999903948,35.25,-97.46667,360.3,2005-09-06 21:52:00,150,5,N,31,5,22000,5,9,N,16093,5,N,5,330,C,130,C,99999,9,False,
99999903948,35.25,-97.46667,360.3,2005-09-06 22:52:00,150,5,N,51,5,22000,5,9,N,16093,5,N,5,330,C,120,C,99999,9,False,
99999903948,35.25,-97.46667,360.3,2005-09-06 23:52:00,160,5,N,41,5,22000,5,9,N,16093,5,N,5,320,C,130,C,99999,9,False,
99999903948,35.25,-97.46667,360.3,2005-09-07 00:52:00,120,5,N,26,5,22000,5,9,N,16093,5,N,5,290,C,140,C,99999,9,False,
99999903948,35.25,-97.46667,360.3,2005-09-07 01:52:00,110,5,N,21,5,22000,5,9,N,16093,5,N,5,270,C,140,C,99999,9,False,
99999903948,35.25,-97.46667,360.3,2005-09-07 02:52:00,110,5,N,26,5,22000,5,9,N,16093,5,N,5,260,C,150,C,99999,9,False,
99999903948,35.25,-97.46667,360.3,2005-09-07 03:52:00,130,5,N,26,5,22000,5,9,N,16093,5,N,5,240,C,160,C,99999,9,False,
99999903948,35.25,-97.46667,360.3,2005-09-07 04:52:00,120,5,N,31,5,22000,5,9,N,16093,5,N,5,240,C,160,C,99999,9,False,
99999903948,35.25,-97.46667,360.3,2005-09-07 05:52:00,120,5,N,36,5,22000,5,9,N,16093,5,N,5,240,C,170,C,99999,9,False,
99999903948,35.25,-97.46667,360.3,2005-09-07 06:52:00,130,5,N,31,5,22000,5,9,N,16093,5,N,5,240,C,170,C,99999,9,False,
99999903948,35.25,-97.46667,360.3,2005-09-07 07:52:00,140,5,N,26,5,22000,5,9,N,11265,5,N,5,240,C,170,C,99999,9,False,
99999903948,35.25,-97.46667,360.3,2005-09-07 08:52:00,170,5,N,31,5,22000,5,9,N,11265,5,N,5,230,C,170,C,99999,9,False,
99999903948,35.25,-97.46667,360.3,2005-09-07 09:52:00,180,5,N,21,5,22000,5,9,N,11265,5,N,5,220,C,170,C,99999,9,False,
99999903948,35.25,-97.46667,360.3,2005-09-07 10:52:00,160,5,N,26,5,22000,5,9,N,11265,5,N,5,220,C,170,C,99999,9,False,
99999903948,35.25,-97.46667,360.3,2005-09-07 11:52:00,160,5,N,26,5,22000,5,9,N,11265,5,N,5,210,C,170,C,99999,9,False,
99999903948,35.25,-97.46667,360.3,2005-09-07 12:52:00,180,5,N,31,5,22000,5,9,N,8047,5,N,5,220,C,170,C,99999,9,False,
99999903948,35.25,-97.46667,360.3,2005-09-07 13:52:00,170,5,N,36,5,22000,5,9,N,11265,5,N,5,240,C,170,C,99999,9,False,
99999903948,35.25,-97.46667,360.3,2005-09-07 14:52:00,190,5,N,46,5,22000,5,9,N,11265,5,N,5,270,C,170,C,99999,9,False,
99999903948,35.25,-97.46667,360.3,2005-09-07 15:52:00,210,5,N,57,5,22000,5,9,N,16093,5,N,5,290,C,160,C,99999,9,False,
99999903948,35.25,-97.46667,360.3,2005-09-07 16:52:00,180,5,N,41,5,22000,5,9,N,16093,5,N,5,310,C,160,C,99999,9,False,
99999903948,35.25,-97.46667,360.3,2005-09-07 17:52:00,180,5,N,26,5,22000,5,9,N,16093,5,N,5,320,C,170,C,99999,9,False,
99999903948,35.25,-97.46667,360.3,2005-09-07 18:52:00,160,5,N,31,5,22000,5,9,N,16093,5,N,5,330,C,170,C,99999,9,False,
99999903948,35.25,-97.46667,360.3,2005-09-07 19:52:00,120,5,N,36,5,22000,5,9,N,16093,5,N,5,330,C,160,C,99999,9,False,
99999903948,35.25,-97.46667,360.3,2005-09-07 20:54:00,999,9,C,0,5,22000,5,9,N,16093,5,N,5,330,C,160,C,99999,9,False,
99999903948,35.25,-97.46667,360.3,2005-09-07 21:12:00,180,5,N,46,5,22000,5,9,N,16093,5,N,5,330,5,160,5,99999,9,False,
99999903948,35.25,-97.46667,360.3,2005-09-07 21:52:00,150,5,N,41,5,22000,5,9,N,16093,5,N,5,330,C,160,C,99999,9,False,
99999903948,35.25,-97.46667,360.3,2005-09-07 22:52:00,170,5,N,41,5,22000,5,9,N,16093,5,N,5,320,C,160,C,99999,9,False,
99999903948,35.25,-97.46667,360.3,2005-09-07 23:52:00,170,5,N,46,5,22000,5,9,N,16093,5,N,5,310,C,160,C,99999,9,False,
99999903948,35.25,-97.46667,360.3,2005-09-08 00:52:00,140,5,N,26,5,22000,5,9,N,16093,5,N,5,290,C,160,C,99999,9,False,
99999903948,35.25,-97.46667,360.3,2005-09-08 01:52:00,140,5,N,15,5,22000,5,9,N,16093,5,N,5,270,C,160,C,99999,9,False,
99999903948,35.25,-97.46667,360.3,2005-09-08 02:52:00,140,5,N,15,5,22000,5,9,N,16093,5,N,5,260,C,150,C,99999,9,False,
99999903948,35.25,-97.46667,360.3,2005-09-08 03:54:00,999,9,C,0,5,22000,5,9,N,16093,5,N,5,240,C,150,C,99999,9,False,
99999903948,35.25,-97.46667,360.3,2005-09-08 04:52:00,999,9,C,0,5,99999,9,9,N,16093,5,N,5,230,C,140,C,99999,9,False,
99999903948,35.25,-97.46667,360.3,2005-09-08 05:52:00,999,9,C,0,5,22000,5,9,N,16093,5,N,5,220,C,150,C,99999,9,False,
99999903948,35.25,-97.46667,360.3,2005-09-08 05:59:00,999,9,9,9999,9,99999,9,9,9,999999,9,9,9,9999,9,9999,9,99999,9,False,
99999903948,35.25,-97.46667,360.3,2005-09-08 06:52:00,999,9,C,0,5,22000,5,9,N,16093,5,N,5,220,C,150,C,99999,9,False,
99999903948,35.25,-97.46667,360.3,2005-09-08 07:52:00,999,9,C,0,5,22000,5,9,N,16093,5,N,5,210,C,160,C,99999,9,False,
99999903948,35.25,-97.46667,360.3,2005-09-08 08:52:00,999,9,C,0,5,22000,5,9,N,16093,5,N,5,210,C,160,C,99999,9,False,
99999903948,35.25,-97.46667,360.3,2005-09-08 09:52:00,180,5,N,21,5,22000,5,9,N,11265,5,N,5,210,C,160,C,99999,9,False,
99999903948,35.25,-97.46667,360.3,2005-09-08 10:52:00,180,5,N,21,5,22000,5,9,N,11265,5,N,5,210,C,160,C,99999,9,False,
99999903948,35.25,-97.46667,360.3,2005-09-08 11:52:00,180,5,N,26,5,22000,5,9,N,11265,5,N,5,200,C,160,C,99999,9,False,
99999903948,35.25,-97.46667,360.3,2005-09-08 12:52:00,180,5,N,21,5,22000,5,9,N,8047,5,N,5,210,C,160,C,99999,9,False,
99999903948,35.25,-97.46667,360.3,2005-09-08 13:52:00,190,5,N,26,5,22000,5,9,N,11265,5,N,5,240,C,160,C,99999,9,False,
99999903948,35.25,-97.46667,360.3,2005-09-08 14:52:00,220,5,N,26,5,22000,5,9,N,16093,5,N,5,270,C,160,C,99999,9,False,
99999903948,35.25,-97.46667,360.3,2005-09-08 15:52:00,200,5,N,36,5,22000,5,9,N,16093,5,N,5,290,C,150,C,99999,9,False,
99999903948,35.25,-97.46667,360.3,2005-09-08 16:52:00,230,5,N,46,5,22000,5,9,N,16093,5,N,5,310,C,130,C,99999,9,False,
99999903948,35.25,-97.46667,360.3,2005-09-08 17:52:00,230,5,N,15,5,22000,5,9,N,16093,5,N,5,320,C,140,C,99999,9,False,
99999903948,35.25,-97.46667,360.3,2005-09-08 18:52:00,200,5,N,36,5,22000,5,9,N,16093,5,N,5,330,C,140,C,99999,9,False,
99999903948,35.25,-97.46667,360.3,2005-09-08 19:52:00,999,9,C,0,5,22000,5,9,N,16093,5,N,5,330,C,9999,9,99999,9,False,
99999903948,35.25,-97.46667,360.3,2005-09-08 20:52:00,160,5,N,26,5,22000,5,9,N,16093,5,N,5,330,C,130,C,99999,9,False,
99999903948,35.25,-97.46667,360.3,2005-09-08 21:52:00,160,5,N,36,5,22000,5,9,N,16093,5,N,5,330,C,130,C,99999,9,False,
99999903948,35.25,-97.46667,360.3,2005-09-08 22:52:00,180,5,N,51,5,99999,9,9,N,16093,5,N,5,320,C,130,C,99999,9,False,
99999903948,35.25,-97.46667,360.3,2005-09-08 23:52:00,170,5,N,36,5,22000,5,9,N,16093,5,N,5,310,C,120,C,99999,9,False,
99999903948,35.25,-97.46667,360.3,2005-09-09 00:52:00,170,5,N,26,5,22000,5,9,N,16093,5,N,5,280,C,140,C,99999,9,False,
99999903948,35.25,-97.46667,360.3,2005-09-09 01:52:00,180,5,N,21,5,22000,5,9,N,16093,5,N,5,260,C,140,C,99999,9,False,
99999903948,35.25,-97.46667,360.3,2005-09-09 02:52:00,999,9,C,0,5,22000,5,9,N,16093,5,N,5,240,C,140,C,99999,9,False,
99999903948,35.25,-97.46667,360.3,2005-09-09 03:52:00,999,9,C,0,5,22000,5,9,N,16093,5,N,5,230,C,150,C,99999,9,False,
99999903948,35.25,-97.46667,360.3,2005-09-09 04:52:00,999,9,C,0,5,22000,5,9,N,16093,5,N,5,220,C,140,C,99999,9,False,
99999903948,35.25,-97.46667,360.3,2005-09-09 05:52:00,999,9,C,0,5,22000,5,9,N,16093,5,N,5,220,C,140,C,99999,9,False,
99999903948,35.25,-97.46667,360.3,2005-09-09 05:59:00,999,9,9,9999,9,99999,9,9,9,999999,9,9,9,9999,9,9999,9,99999,9,False,
99999903948,35.25,-97.46667,360.3,2005-09-09 06:52:00,180,5,N,21,5,22000,5,9,N,16093,5,N,5,210,C,150,C,99999,9,False,
99999903948,35.25,-97.46667,360.3,2005-09-09 07:52:00,180,5,N,15,5,22000,5,9,N,16093,5,N,5,210,C,150,C,99999,9,False,
99999903948,35.25,-97.46667,360.3,2005-09-09 08:52:00,170,5,N,15,5,22000,5,9,N,16093,5,N,5,210,C,140,C,99999,9,False,
99999903948,35.25,-97.46667,360.3,2005-09-09 09:52:00,170,5,N,15,5,22000,5,9,N,16093,5,N,5,200,C,140,C,99999,9,False,
99999903948,35.25,-97.46667,360.3,2005-09-09 10:52:00,999,9,C,0,5,22000,5,9,N,16093,5,N,5,190,C,140,C,99999,9,False,
99999903948,35.25,-97.46667,360.3,2005-09-09 11:52:00,999,9,C,0,5,22000,5,9,N,11265,5,N,5,190,C,140,C,99999,9,False,
99999903948,35.25,-97.46667,360.3,2005-09-09 12:52:00,999,9,C,0,5,22000,5,9,N,8047,5,N,5,180,C,140,C,99999,9,False,
99999903948,35.25,-97.46667,360.3,2005-09-09 13:52:00,180,5,N,31,5,22000,5,9,N,16093,5,N,5,230,C,140,C,99999,9,False,
99999903948,35.25,-97.46667,360.3,2005-09-09 14:52:00,190,5,N,31,5,22000,5,9,N,16093,5,N,5,260,C,140,C,99999,9,False,
99999903948,35.25,-97.46667,360.3,2005-09-09 15:52:00,190,5,N,51,5,22000,5,9,N,16093,5,N,5,290,C,140,C,99999,9,False,
99999903948,35.25,-97.46667,360.3,2005-09-09 16:53:00,190,5,N,57,5,22000,5,9,N,16093,5,N,5,310,C,140,C,99999,9,False,
99999903948,35.25,-97.46667,360.3,2005-09-09 17:52:00,200,5,N,67,5,22000,5,9,N,16093,5,N,5,320,C,130,C,99999,9,False,
99999903948,35.25,-97.46667,360.3,2005-09-09 18:52:00,180,5,N,51,5,22000,5,9,N,16093,5,N,5,320,C,120,C,99999,9,False,
99999903948,35.25,-97.46667,360.3,2005-09-09 19:52:00,150,5,N,72,5,22000,5,9,N,16093,5,N,5,330,C,120,C,99999,9,False,
99999903948,35.25,-97.46667,360.3,2005-09-09 20:52:00,170,5,N,57,5,22000,5,9,N,16093,5,N,5,330,C,110,C,99999,9,False,
99999903948,35.25,-97.46667,360.3,2005-09-09 21:52:00,170,5,N,46,5,22000,5,9,N,16093,5,N,5,330,C,120,C,99999,9,False,
99999903948,35.25,-97.46667,360.3,2005-09-09 22:52:00,190,5,N,62,5,22000,5,9,N,16093,5,N,5,320,C,120,C,99999,9,False,
99999903948,35.25,-97.46667,360.3,2005-09-09 23:52:00,170,5,N,46,5,22000,5,9,N,16093,5,N,5,310,C,110,C,99999,9,False,
99999903948,35.25,-97.46667,360.3,2005-09-10 00:52:00,160,5,N,36,5,22000,5,9,N,16093,5,N,5,290,C,110,C,99999,9,False,
99999903948,35.25,-97.46667,360.3,2005-09-10 01:53:00,150,5,N,21,5,22000,5,9,N,16093,5,N,5,270,C,120,C,99999,9,False,
99999903948,35.25,-97.46667,360.3,2005-09-10 02:52:00,140,5,N,41,5,22000,5,9,N,16093,5,N,5,260,C,120,C,99999,9,False,
99999903948,35.25,-97.46667,360.3,2005-09-10 03:52:00,150,5,N,46,5,22000,5,9,N,16093,5,N,5,260,C,120,C,99999,9,False,
99999903948,35.25,-97.46667,360.3,2005-09-10 04:52:00,160,5,N,41,5,22000,5,9,N,16093,5,N,5,260,C,110,C,99999,9,False,
99999903948,35.25,-97.46667,360.3,2005-09-10 05:52:00,170,5,N,36,5,22000,5,9,N,16093,5,N,5,250,C,120,C,99999,9,False,
99999903948,35.25,-97.46667,360.3,2005-09-10 05:59:00,999,9,9,9999,9,99999,9,9,9,999999,9,9,9,9999,9,9999,9,99999,9,False,
99999903948,35.25,-97.46667,360.3,2005-09-10 06:52:00,160,5,N,51,5,22000,5,9,N,16093,5,N,5,240,C,120,C,99999,9,False,
99999903948,35.25,-97.46667,360.3,2005-09-10 07:52:00,170,5,N,36,5,22000,5,9,N,16093,5,N,5,230,C,120,C,99999,9,False,
99999903948,35.25,-97.46667,360.3,2005-09-10 08:52:00,170,5,N,26,5,22000,5,9,N,16093,5,N,5,220,C,120,C,99999,9,False,
99999903948,35.25,-97.46667,360.3,2005-09-10 09:52:00,160,5,N,31,5,22000,5,9,N,16093,5,N,5,220,C,130,C,99999,9,False,
99999903948,35.25,-97.46667,360.3,2005-09-10 10:52:00,170,5,N,21,5,22000,5,9,N,16093,5,N,5,210,C,130,C,99999,9,False,
99999903948,35.25,-97.46667,360.3,2005-09-10 11:52:00,160,5,N,26,5,22000,5,9,N,16093,5,N,5,210,C,130,C,99999,9,False,
99999903948,35.25,-97.46667,360.3,2005-09-10 12:52:00,170,5,N,26,5,22000,5,9,N,16093,5,N,5,220,C,140,C,99999,9,False,
99999903948,35.25,-97.46667,360.3,2005-09-10 13:52:00,160,5,N,46,5,22000,5,9,N,16093,5,N,5,240,C,140,C,99999,9,False,
99999903948,35.25,-97.46667,360.3,2005-09-10 14:52:00,180,5,N,41,5,22000,5,9,N,16093,5,N,5,260,C,150,C,99999,9,False,
99999903948,35.25,-97.46667,360.3,2005-09-10 15:52:00,190,5,N,41,5,22000,5,9,N,16093,5,N,5,290,C,160,C,99999,9,False,
99999903948,35.25,-97.46667,360.3,2005-09-10 16:52:00,200,5,N,67,5,22000,5,9,N,16093,5,N,5,310,C,160,C,99999,9,False,
99999903948,35.25,-97.46667,360.3,2005-09-10 17:52:00,180,5,N,57,5,22000,5,9,N,16093,5,N,5,320,C,140,C,99999,9,False,
99999903948,35.25,-97.46667,360.3,2005-09-10 18:52:00,160,5,N,62,5,22000,5,9,N,16093,5,N,5,330,C,140,C,99999,9,False,
99999903948,35.25,-97.46667,360.3,2005-09-10 19:52:00,190,5,N,51,5,22000,5,9,N,16093,5,N,5,330,C,140,C,99999,9,False,
99999903948,35.25,-97.46667,360.3,2005-09-10 20:52:00,180,5,N,72,5,22000,5,9,N,16093,5,N,5,330,C,140,C,99999,9,False,
99999903948,35.25,-97.46667,360.3,2005-09-10 21:52:00,180,5,N,67,5,22000,5,9,N,16093,5,N,5,330,C,140,C,99999,9,False,
99999903948,35.25,-97.46667,360.3,2005-09-10 22:52:00,170,5,N,62,5,22000,5,9,N,16093,5,N,5,320,C,130,C,99999,9,False,
99999903948,35.25,-97.46667,360.3,2005-09-10 23:52:00,170,5,N,41,5,22000,5,9,N,16093,5,N,5,320,C,140,C,99999,9,False,
99999903948,35.25,-97.46667,360.3,2005-09-11 00:52:00,170,5,N,31,5,22000,5,9,N,16093,5,N,5,290,C,150,C,99999,9,False,
99999903948,35.25,-97.46667,360.3,2005-09-11 01:52:00,160,5,N,21,5,22000,5,9,N,16093,5,N,5,270,C,160,C,99999,9,False,
99999903948,35.25,-97.46667,360.3,2005-09-11 02:52:00,160,5,N,31,5,22000,5,9,N,16093,5,N,5,270,C,160,C,99999,9,False,
99999903948,35.25,-97.46667,360.3,2005-09-11 03:52:00,160,5,N,36,5,22000,5,9,N,16093,5,N,5,270,C,160,C,99999,9,False,
99999903948,35.25,-97.46667,360.3,2005-09-11 04:52:00,160,5,N,31,5,22000,5,9,N,16093,5,N,5,260,C,160,C,99999,9,False,
99999903948,35.25,-97.46667,360.3,2005-09-11 05:53:00,170,5,N,41,5,22000,5,9,N,16093,5,N,5,260,C,160,C,99999,9,False,
99999903948,35.25,-97.46667,360.3,2005-09-11 06:52:00,170,5,N,41,5,22000,5,9,N,16093,5,N,5,240,C,170,C,99999,9,False,
99999903948,35.25,-97.46667,360.3,2005-09-11 07:52:00,170,5,N,31,5,22000,5,9,N,16093,5,N,5,230,C,170,C,99999,9,False,
99999903948,35.25,-97.46667,360.3,2005-09-11 08:52:00,170,5,N,31,5,22000,5,9,N,16093,5,N,5,230,C,180,C,99999,9,False,
99999903948,35.25,-97.46667,360.3,2005-09-11 09:52:00,170,5,N,26,5,22000,5,9,N,16093,5,N,5,230,C,180,C,99999,9,False,
99999903948,35.25,-97.46667,360.3,2005-09-11 10:52:00,170,5,N,26,5,22000,5,9,N,16093,5,N,5,230,C,190,C,99999,9,False,
99999903948,35.25,-97.46667,360.3,2005-09-11 11:52:00,170,5,N,31,5,22000,5,9,N,16093,5,N,5,230,C,190,C,99999,9,False,
99999903948,35.25,-97.46667,360.3,2005-09-11 12:52:00,170,5,N,36,5,22000,5,9,N,16093,5,N,5,240,C,200,C,99999,9,False,
99999903948,35.25,-97.46667,360.3,2005-09-11 13:52:00,170,5,N,51,5,22000,5,9,N,16093,5,N,5,250,C,210,C,99999,9,False,
99999903948,35.25,-97.46667,360.3,2005-09-11 14:52:00,180,5,N,41,5,22000,5,9,N,16093,5,N,5,260,C,210,C,99999,9,False,
99999903948,35.25,-97.46667,360.3,2005-09-11 15:52:00,190,5,N,62,5,22000,5,9,N,16093,5,N,5,270,C,210,C,99999,9,False,
99999903948,35.25,-97.46667,360.3,2005-09-11 16:52:00,190,5,N,62,5,22000,5,9,N,16093,5,N,5,280,C,210,C,99999,9,False,
99999903948,35.25,-97.46667,360.3,2005-09-11 17:52:00,190,5,N,72,5,1219,5,M,N,16093,5,N,5,280,C,210,C,99999,9,False,
99999903948,35.25,-97.46667,360.3,2005-09-11 18:52:00,240,5,N,41,5,1250,5,M,N,16093,5,N,5,270,C,220,C,99999,9,False,
99999903948,35.25,-97.46667,360.3,2005-09-11 19:52:00,170,5,N,31,5,22000,5,9,N,16093,5,N,5,250,C,220,C,99999,9,False,
99999903948,35.25,-97.46667,360.3,2005-09-11 20:52:00,190,5,N,36,5,22000,5,9,N,16093,5,N,5,260,C,220,C,99999,9,False,
99999903948,35.25,-97.46667,360.3,2005-09-11 21:52:00,160,5,N,41,5,1676,5,M,N,16093,5,N,5,240,C,220,C,99999,9,False,
99999903948,35.25,-97.46667,360.3,2005-09-11 22:35:00,170,5,N,41,5,22000,5,9,N,16093,5,N,5,250,C,220,C,99999,9,False,
99999903948,35.25,-97.46667,360.3,2005-09-11 22:52:00,170,5,N,46,5,22000,5,9,N,16093,5,N,5,250,5,220,5,99999,9,False,
99999903948,35.25,-97.46667,360.3,2005-09-11 23:52:00,180,5,N,36,5,22000,5,9,N,16093,5,N,5,240,C,210,C,99999,9,False,
99999903948,35.25,-97.46667,360.3,2005-09-12 00:52:00,180,5,N,21,5,22000,5,9,N,11265,5,N,5,230,C,210,C,99999,9,False,
99999903948,35.25,-97.46667,360.3,2005-09-12 01:52:00,180,5,N,15,5,22000,5,9,N,16093,5,N,5,230,C,210,C,99999,9,False,
99999903948,35.25,-97.46667,360.3,2005-09-12 02:52:00,160,5,N,15,5,22000,5,9,N,11265,5,N,5,230,C,210,C,99999,9,False,
99999903948,35.25,-97.46667,360.3,2005-09-12 03:52:00,999,9,C,0,5,22000,5,9,N,11265,5,N,5,230,C,210,C,99999,9,False,
99999903948,35.25,-97.46667,360.3,2005-09-12 04:52:00,210,5,N,21,5,22000,5,9,N,11265,5,N,5,230,C,210,C,99999,9,False,
99999903948,35.25,-97.46667,360.3,2005-09-12 05:52:00,180,5,N,21,5,22000,5,9,N,8047,5,N,5,230,C,210,C,99999,9,False,
99999903948,35.25,-97.46667,360.3,2005-09-12 05:59:00,999,9,9,9999,9,99999,9,9,9,999999,9,9,9,9999,9,9999,9,99999,9,False,
99999903948,35.25,-97.46667,360.3,2005-09-12 06:52:00,190,5,N,41,5,22000,5,9,N,11265,5,N,5,230,C,210,C,99999,9,False,
99999903948,35.25,-97.46667,360.3,2005-09-12 07:52:00,180,5,N,46,5,22000,5,9,N,11265,5,N,5,230,C,200,C,99999,9,False,
99999903948,35.25,-97.46667,360.3,2005-09-12 08:52:00,200,5,N,62,5,22000,5,9,N,11265,5,N,5,230,C,200,C,99999,9,False,
99999903948,35.25,-97.46667,360.3,2005-09-12 09:52:00,180,5,N,51,5,22000,5,9,N,11265,5,N,5,230,C,200,C,99999,9,False,
99999903948,35.25,-97.46667,360.3,2005-09-12 10:52:00,190,5,N,36,5,22000,5,9,N,11265,5,N,5,230,C,190,C,99999,9,False,
99999903948,35.25,-97.46667,360.3,2005-09-12 11:52:00,190,5,N,41,5,22000,5,9,N,11265,5,N,5,230,C,190,C,99999,9,False,
99999903948,35.25,-97.46667,360.3,2005-09-12 12:52:00,200,5,N,46,5,22000,5,9,N,11265,5,N,5,230,C,190,C,99999,9,False,
99999903948,35.25,-97.46667,360.3,2005-09-12 13:52:00,200,5,N,57,5,22000,5,9,N,11265,5,N,5,230,C,200,C,99999,9,False,
99999903948,35.25,-97.46667,360.3,2005-09-12 14:52:00,190,5,N,62,5,22000,5,9,N,11265,5,N,5,240,C,210,C,99999,9,False,
99999903948,35.25,-97.46667,360.3,2005-09-12 15:52:00,190,5,N,77,5,22000,5,9,N,16093,5,N,5,270,C,200,C,99999,9,False,
99999903948,35.25,-97.46667,360.3,2005-09-12 16:58:00,210,5,N,88,5,22000,5,9,N,16093,5,N,5,290,C,180,C,99999,9,False,
99999903948,35.25,-97.46667,360.3,2005-09-12 17:52:00,180,5,N,82,5,22000,5,9,N,16093,5,N,5,300,C,180,C,99999,9,False,
99999903948,35.25,-97.46667,360.3,2005-09-12 18:52:00,200,5,N,77,5,1494,5,M,N,16093,5,N,5,300,C,190,C,99999,9,False,
99999903948,35.25,-97.46667,360.3,2005-09-12 19:51:00,190,5,N,77,5,22000,5,9,N,16093,5,N,5,310,C,190,C,99999,9,False,
99999903948,35.25,-97.46667,360.3,2005-09-12 20:53:00,210,5,N,77,5,22000,5,9,N,16093,5,N,5,310,C,200,C,99999,9,False,
99999903948,35.25,-97.46667,360.3,2005-09-12 21:51:00,180,5,N,72,5,22000,5,9,N,16093,5,N,5,310,C,200,C,99999,9,False,
99999903948,35.25,-97.46667,360.3,2005-09-12 22:51:00,160,5,N,67,5,22000,5,9,N,16093,5,N,5,310,C,200,C,99999,9,False,
99999903948,35.25,-97.46667,360.3,2005-09-12 23:51:00,180,5,N,57,5,22000,5,9,N,16093,5,N,5,310,C,190,C,99999,9,False,
99999903948,35.25,-97.46667,360.3,2005-09-13 00:51:00,180,5,N,46,5,22000,5,9,N,16093,5,N,5,280,C,200,C,99999,9,False,
99999903948,35.25,-97.46667,360.3,2005-09-13 01:51:00,180,5,N,41,5,22000,5,9,N,16093,5,N,5,270,C,200,C,99999,9,False,
99999903948,35.25,-97.46667,360.3,2005-09-13 02:51:00,180,5,N,36,5,22000,5,9,N,16093,5,N,5,260,C,200,C,99999,9,False,
99999903948,35.25,-97.46667,360.3,2005-09-13 03:52:00,160,5,N,41,5,22000,5,9,N,16093,5,N,5,260,C,200,C,99999,9,False,
99999903948,35.25,-97.46667,360.3,2005-09-13 04:51:00,170,5,N,46,5,22000,5,9,N,16093,5,N,5,260,C,210,C,99999,9,False,
99999903948,35.25,-97.46667,360.3,2005-09-13 05:51:00,190,5,N,46,5,22000,5,9,N,16093,5,N,5,250,C,210,C,99999,9,False,
99999903948,35.25,-97.46667,360.3,2005-09-13 06:51:00,180,5,N,62,5,22000,5,9,N,16093,5,N,5,250,C,210,C,99999,9,False,
99999903948,35.25,-97.46667,360.3,2005-09-13 07:52:00,190,5,N,57,5,22000,5,9,N,16093,5,N,5,240,C,210,C,99999,9,False,
99999903948,35.25,-97.46667,360.3,2005-09-13 08:52:00,200,5,N,57,5,22000,5,9,N,16093,5,N,5,240,C,210,C,99999,9,False,
99999903948,35.25,-97.46667,360.3,2005-09-13 09:52:00,190,5,N,46,5,22000,5,9,N,16093,5,N,5,240,C,210,C,99999,9,False,
99999903948,35.25,-97.46667,360.3,2005-09-13 10:51:00,180,5,N,46,5,22000,5,9,N,16093,5,N,5,230,C,210,C,99999,9,False,
99999903948,35.25,-97.46667,360.3,2005-09-13 11:52:00,190,5,N,41,5,22000,5,9,N,16093,5,N,5,230,C,210,C,99999,9,False,
99999903948,35.25,-97.46667,360.3,2005-09-13 12:51:00,190,5,N,41,5,22000,5,9,N,16093,5,N,5,240,C,210,C,99999,9,False,
99999903948,35.25,-97.46667,360.3,2005-09-13 13:52:00,200,5,N,72,5,22000,5,9,N,16093,5,N,5,260,C,210,C,99999,9,False,
99999903948,35.25,-97.46667,360.3,2005-09-13 14:53:00,220,5,N,72,5,22000,5,9,N,16093,5,N,5,280,C,210,C,99999,9,False,
99999903948,35.25,-97.46667,360.3,2005-09-13 15:52:00,230,5,N,82,5,22000,5,9,N,16093,5,N,5,310,C,210,C,99999,9,False,
99999903948,35.25,-97.46667,360.3,2005-09-13 16:51:00,210,5,N,88,5,22000,5,9,N,16093,5,N,5,320,C,210,C,99999,9,False,
99999903948,35.25,-97.46667,360.3,2005-09-13 17:51:00,230,5,N,72,5,22000,5,9,N,16093,5,N,5,330,C,210,C,99999,9,False,
99999903948,35.25,-97.46667,360.3,2005-09-13 18:51:00,210,5,N,77,5,22000,5,9,N,16093,5,N,5,340,C,200,C,99999,9,False,
99999903948,35.25,-97.46667,360.3,2005-09-13 19:51:00,200,5,N,72,5,22000,5,9,N,16093,5,N,5,350,C,9999,9,99999,9,False,
99999903948,35.25,-97.46667,360.3,2005-09-13 20:51:00,190,5,N,72,5,22000,5,9,N,16093,5,N,5,350,C,210,C,99999,9,False,
99999903948,35.25,-97.46667,360.3,2005-09-13 21:51:00,180,5,N,88,5,22000,5,9,N,16093,5,N,5,350,C,200,C,99999,9,False,
99999903948,35.25,-97.46667,360.3,2005-09-13 22:52:00,200,5,N,67,5,22000,5,9,N,16093,5,N,5,340,C,190,C,99999,9,False,
99999903948,35.25,-97.46667,360.3,2005-09-13 23:52:00,200,5,N,67,5,22000,5,9,N,16093,5,N,5,340,C,180,C,99999,9,False,
99999903948,35.25,-97.46667,360.3,2005-09-14 00:51:00,180,5,N,46,5,22000,5,9,N,16093,5,N,5,320,C,200,C,99999,9,False,
99999903948,35.25,-97.46667,360.3,2005-09-14 01:52:00,180,5,N,41,5,22000,5,9,N,16093,5,N,5,300,C,200,C,99999,9,False,
99999903948,35.25,-97.46667,360.3,2005-09-14 02:51:00,180,5,N,57,5,22000,5,9,N,16093,5,N,5,290,C,210,C,99999,9,False,
99999903948,35.25,-97.46667,360.3,2005-09-14 03:52:00,180,5,N,26,5,22000,5,9,N,16093,5,N,5,290,C,210,C,99999,9,False,
99999903948,35.25,-97.46667,360.3,2005-09-14 04:53:00,20,5,N,15,5,22000,5,9,N,16093,5,N,5,260,C,190,C,99999,9,False,
99999903948,35.25,-97.46667,360.3,2005-09-14 05:52:00,290,5,N,57,5,22000,5,9,N,16093,5,N,5,250,C,190,C,99999,9,False,
99999903948,35.25,-97.46667,360.3,2005-09-14 05:59:00,999,9,9,9999,9,99999,9,9,9,999999,9,9,9,9999,9,9999,9,99999,9,False,
99999903948,35.25,-97.46667,360.3,2005-09-14 06:51:00,220,5,N,15,5,2591,5,M,N,16093,5,N,5,240,C,210,C,99999,9,False,
99999903948,35.25,-97.46667,360.3,2005-09-14 07:52:00,170,5,N,21,5,22000,5,9,N,16093,5,N,5,230,C,180,C,99999,9,False,
99999903948,35.25,-97.46667,360.3,2005-09-14 08:52:00,40,5,N,15,5,22000,5,9,N,16093,5,N,5,220,C,180,C,99999,9,False,
99999903948,35.25,-97.46667,360.3,2005-09-14 09:51:00,30,5,N,72,5,1463,5,M,N,16093,5,N,5,210,C,180,C,99999,9,False,
99999903948,35.25,-97.46667,360.3,2005-09-14 10:52:00,200,5,N,31,5,22000,5,9,N,16093,5,N,5,210,C,190,C,99999,9,False,
99999903948,35.25,-97.46667,360.3,2005-09-14 11:52:00,360,5,N,36,5,2438,5,M,N,16093,5,N,5,210,C,190,C,99999,9,False,
99999903948,35.25,-97.46667,360.3,2005-09-14 12:52:00,999,9,C,0,5,1676,5,M,N,16093,5,N,5,210,C,180,C,99999,9,False,
99999903948,35.25,-97.46667,360.3,2005-09-14 13:52:00,100,5,N,15,5,22000,5,9,N,16093,5,N,5,220,C,200,C,99999,9,False,
99999903948,35.25,-97.46667,360.3,2005-09-14 14:52:00,999,9,C,0,5,3353,5,M,N,16093,5,N,5,220,C,200,C,99999,9,False,
99999903948,35.25,-97.46667,360.3,2005-09-14 15:52:00,40,5,N,31,5,2286,5,M,N,16093,5,N,5,220,C,210,C,99999,9,False,
99999903948,35.25,-97.46667,360.3,2005-09-14 16:52:00,70,5,N,31,5,22000,5,9,N,16093,5,N,5,240,C,230,C,99999,9,False,
99999903948,35.25,-97.46667,360.3,2005-09-14 17:52:00,90,5,N,41,5,22000,5,9,N,16093,5,N,5,240,C,220,C,99999,9,False,
99999903948,35.25,-97.46667,360.3,2005-09-14 18:55:00,110,5,N,36,5,22000,5,9,N,16093,5,N,5,230,C,210,C,99999,9,False,
99999903948,35.25,-97.46667,360.3,2005-09-14 19:52:00,130,5,N,26,5,22000,5,9,N,16093,5,N,5,250,C,220,C,99999,9,False,
99999903948,35.25,-97.46667,360.3,2005-09-14 20:52:00,110,5,N,31,5,22000,5,9,N,16093,5,N,5,270,C,230,C,99999,9,False,
99999903948,35.25,-97.46667,360.3,2005-09-14 21:52:00,100,5,N,41,5,22000,5,9,N,16093,5,N,5,290,C,250,C,99999,9,False,
99999903948,35.25,-97.46667,360.3,2005-09-14 22:52:00,90,5,N,51,5,22000,5,9,N,16093,5,N,5,280,C,230,C,99999,9,False,
99999903948,35.25,-97.46667,360.3,2005-09-14 23:52:00,90,5,N,41,5,22000,5,9,N,16093,5,N,5,270,C,230,C,99999,9,False,
99999903948,35.25,-97.46667,360.3,2005-09-15 00:52:00,90,5,N,46,5,22000,5,9,N,16093,5,N,5,260,C,220,C,99999,9,False,
99999903948,35.25,-97.46667,360.3,2005-09-15 01:52:00,110,5,N,57,5,22000,5,9,N,16093,5,N,5,250,C,220,C,99999,9,False,
99999903948,35.25,-97.46667,360.3,2005-09-15 02:52:00,170,5,N,26,5,1524,5,M,N,16093,5,N,5,240,C,220,C,99999,9,False,
99999903948,35.25,-97.46667,360.3,2005-09-15 03:52:00,999,9,C,0,5,22000,5,9,N,16093,5,N,5,220,C,190,C,99999,9,False,
99999903948,35.25,-97.46667,360.3,2005-09-15 04:52:00,350,5,N,15,5,1524,5,M,N,16093,5,N,5,220,C,200,C,99999,9,False,
99999903948,35.25,-97.46667,360.3,2005-09-15 05:52:00,999,9,C,0,5,22000,5,9,N,16093,5,N,5,220,C,200,C,99999,9,False,
99999903948,35.25,-97.46667,360.3,2005-09-15 05:59:00,999,9,9,9999,9,99999,9,9,9,999999,9,9,9,9999,9,9999,9,99999,9,False,
99999903948,35.25,-97.46667,360.3,2005-09-15 06:52:00,80,5,N,26,5,22000,5,9,N,16093,5,N,5,220,C,210,C,99999,9,False,
99999903948,35.25,-97.46667,360.3,2005-09-15 07:52:00,200,5,N,46,5,99999,9,9,N,16093,5,N,5,220,C,210,C,99999,9,False,
99999903948,35.25,-97.46667,360.3,2005-09-15 08:52:00,340,5,N,77,5,1189,5,M,N,16093,5,N,5,210,C,200,C,99999,9,False,
99999903948,35.25,-97.46667,360.3,2005-09-15 09:52:00,350,5,N,21,5,1097,5,M,N,16093,5,N,5,190,C,180,C,99999,9,False,
99999903948,35.25,-97.46667,360.3,2005-09-15 10:52:00,999,9,C,0,5,1006,5,M,N,11265,5,N,5,190,C,180,C,99999,9,False,
99999903948,35.25,-97.46667,360.3,2005-09-15 11:52:00,80,5,N,31,5,427,5,M,N,16093,5,N,5,180,C,170,C,99999,9,False,
99999903948,35.25,-97.46667,360.3,2005-09-15 12:52:00,999,9,C,0,5,22000,5,9,N,16093,5,N,5,190,C,170,C,99999,9,False,
99999903948,35.25,-97.46667,360.3,2005-09-15 13:52:00,300,5,N,31,5,183,5,M,N,11265,5,N,5,190,C,180,C,99999,9,False,
99999903948,35.25,-97.46667,360.3,2005-09-15 14:52:00,350,5,N,15,5,183,5,M,N,11265,5,N,5,200,C,190,C,99999,9,False,
99999903948,35.25,-97.46667,360.3,2005-09-15 15:52:00,999,9,C,0,5,244,5,M,N,16093,5,N,5,220,C,210,C,99999,9,False,
99999903948,35.25,-97.46667,360.3,2005-09-15 16:55:00,330,5,N,62,5,244,5,M,N,11265,5,N,5,190,C,180,C,99999,9,False,
99999903948,35.25,-97.46667,360.3,2005-09-15 17:52:00,350,5,N,57,5,427,5,M,N,16093,5,N,5,200,C,190,C,99999,9,False,
99999903948,35.25,-97.46667,360.3,2005-09-15 18:52:00,350,5,N,57,5,488,5,M,N,16093,5,N,5,220,C,210,C,99999,9,False,
99999903948,35.25,-97.46667,360.3,2005-09-15 19:52:00,350,5,N,41,5,22000,5,9,N,16093,5,N,5,230,C,210,C,99999,9,False,
99999903948,35.25,-97.46667,360.3,2005-09-15 20:52:00,10,5,N,51,5,22000,5,9,N,16093,5,N,5,240,C,220,C,99999,9,False,
99999903948,35.25,-97.46667,360.3,2005-09-15 21:52:00,360,5,N,62,5,22000,5,9,N,16093,5,N,5,240,C,200,C,99999,9,False,
99999903948,35.25,-97.46667,360.3,2005-09-15 22:52:00,360,5,N,57,5,22000,5,9,N,16093,5,N,5,240,C,170,C,99999,9,False,
99999903948,35.25,-97.46667,360.3,2005-09-15 23:52:00,10,5,N,36,5,22000,5,9,N,16093,5,N,5,230,C,160,C,99999,9,False,
99999903948,35.25,-97.46667,360.3,2005-09-16 00:52:00,10,5,N,26,5,22000,5,9,N,16093,5,N,5,190,C,140,C,99999,9,False,
99999903948,35.25,-97.46667,360.3,2005-09-16 01:55:00,20,5,N,15,5,22000,5,9,N,16093,5,N,5,170,C,140,C,99999,9,False,
99999903948,35.25,-97.46667,360.3,2005-09-16 02:52:00,10,5,N,15,5,22000,5,9,N,16093,5,N,5,170,C,140,C,99999,9,False,
99999903948,35.25,-97.46667,360.3,2005-09-16 03:52:00,360,5,N,21,5,22000,5,9,N,16093,5,N,5,160,C,140,C,99999,9,False,
99999903948,35.25,-97.46667,360.3,2005-09-16 04:52:00,360,5,N,21,5,22000,5,9,N,16093,5,N,5,160,C,140,C,99999,9,False,
99999903948,35.25,-97.46667,360.3,2005-09-16 05:52:00,350,5,N,26,5,22000,5,9,N,16093,5,N,5,160,C,130,C,99999,9,False,
99999903948,35.25,-97.46667,360.3,2005-09-16 05:59:00,999,9,9,9999,9,99999,9,9,9,999999,9,9,9,9999,9,9999,9,99999,9,False,
99999903948,35.25,-97.46667,360.3,2005-09-16 06:52:00,10,5,N,21,5,22000,5,9,N,16093,5,N,5,150,C,130,C,99999,9,False,
99999903948,35.25,-97.46667,360.3,2005-09-16 07:52:00,999,9,C,0,5,22000,5,9,N,16093,5,N,5,140,C,120,C,99999,9,False,
99999903948,35.25,-97.46667,360.3,2005-09-16 08:52:00,10,5,N,26,5,22000,5,9,N,16093,5,N,5,140,C,120,C,99999,9,False,
99999903948,35.25,-97.46667,360.3,2005-09-16 09:52:00,999,9,C,0,5,22000,5,9,N,16093,5,N,5,130,C,120,C,99999,9,False,
99999903948,35.25,-97.46667,360.3,2005-09-16 10:52:00,999,9,C,0,5,22000,5,9,N,16093,5,N,5,130,C,120,C,99999,9,False,
99999903948,35.25,-97.46667,360.3,2005-09-16 11:52:00,10,5,N,21,5,22000,5,9,N,16093,5,N,5,120,C,110,C,99999,9,False,
99999903948,35.25,-97.46667,360.3,2005-09-16 12:52:00,20,5,N,21,5,22000,5,9,N,11265,5,N,5,140,C,120,C,99999,9,False,
99999903948,35.25,-97.46667,360.3,2005-09-16 13:52:00,40,5,N,36,5,22000,5,9,N,16093,5,N,5,170,C,160,C,99999,9,False,
99999903948,35.25,-97.46667,360.3,2005-09-16 14:52:00,70,5,N,26,5,274,5,M,N,16093,5,N,5,170,C,160,C,99999,9,False,
99999903948,35.25,-97.46667,360.3,2005-09-16 15:52:00,30,5,N,26,5,22000,5,9,N,16093,5,N,5,180,C,140,C,99999,9,False,
99999903948,35.25,-97.46667,360.3,2005-09-16 16:53:00,60,5,N,26,5,22000,5,9,N,16093,5,N,5,220,C,150,C,99999,9,False,
99999903948,35.25,-97.46667,360.3,2005-09-16 17:52:00,50,5,N,41,5,22000,5,9,N,16093,5,N,5,240,C,140,C,99999,9,False,
99999903948,35.25,-97.46667,360.3,2005-09-16 18:52:00,30,5,N,31,5,22000,5,9,N,16093,5,N,5,260,C,130,C,99999,9,False,
99999903948,35.25,-97.46667,360.3,2005-09-16 19:52:00,30,5,N,15,5,22000,5,9,N,16093,5,N,5,270,C,130,C,99999,9,False,
99999903948,35.25,-97.46667,360.3,2005-09-16 20:52:00,40,5,N,31,5,22000,5,9,N,16093,5,N,5,270,C,130,C,99999,9,False,
99999903948,35.25,-97.46667,360.3,2005-09-16 21:52:00,60,5,N,26,5,22000,5,9,N,16093,5,N,5,280,C,120,C,99999,9,False,
99999903948,35.25,-97.46667,360.3,2005-09-16 22:55:00,50,5,N,21,5,22000,5,9,N,16093,5,N,5,280,C,120,C,99999,9,False,
99999903948,35.25,-97.46667,360.3,2005-09-16 23:52:00,50,5,N,21,5,22000,5,9,N,16093,5,N,5,260,C,130,C,99999,9,False,
99999903948,35.25,-97.46667,360.3,2005-09-17 00:52:00,70,5,N,21,5,22000,5,9,N,16093,5,N,5,220,C,130,C,99999,9,False,
99999903948,35.25,-97.46667,360.3,2005-09-17 01:52:00,90,5,N,21,5,22000,5,9,N,16093,5,N,5,200,C,130,C,99999,9,False,
99999903948,35.25,-97.46667,360.3,2005-09-17 02:52:00,70,5,N,15,5,22000,5,9,N,16093,5,N,5,180,C,130,C,99999,9,False,
99999903948,35.25,-97.46667,360.3,2005-09-17 03:52:00,80,5,N,15,5,22000,5,9,N,16093,5,N,5,160,C,120,C,99999,9,False,
99999903948,35.25,-97.46667,360.3,2005-09-17 04:52:00,110,5,N,15,5,22000,5,9,N,16093,5,N,5,170,C,130,C,99999,9,False,
99999903948,35.25,-97.46667,360.3,2005-09-17 05:52:00,120,5,N,26,5,22000,5,9,N,16093,5,N,5,170,C,130,C,99999,9,False,
99999903948,35.25,-97.46667,360.3,2005-09-17 06:52:00,120,5,N,36,5,22000,5,9,N,16093,5,N,5,170,C,130,C,99999,9,False,
99999903948,35.25,-97.46667,360.3,2005-09-17 07:52:00,130,5,N,21,5,22000,5,9,N,16093,5,N,5,160,C,130,C,99999,9,False,
99999903948,35.25,-97.46667,360.3,2005-09-17 08:52:00,999,9,C,0,5,22000,5,9,N,16093,5,N,5,140,C,120,C,99999,9,False,
99999903948,35.25,-97.46667,360.3,2005-09-17 09:52:00,999,9,C,0,5,22000,5,9,N,16093,5,N,5,140,C,120,C,99999,9,False,
99999903948,35.25,-97.46667,360.3,2005-09-17 10:52:00,999,9,C,0,5,22000,5,9,N,11265,5,N,5,130,C,110,C,99999,9,False,
99999903948,35.25,-97.46667,360.3,2005-09-17 11:52:00,999,9,C,0,5,22000,5,9,N,16093,5,N,5,120,C,100,C,99999,9,False,
99999903948,35.25,-97.46667,360.3,2005-09-17 12:52:00,140,5,N,21,5,22000,5,9,N,16093,5,N,5,150,C,130,C,99999,9,False,
99999903948,35.25,-97.46667,360.3,2005-09-17 13:52:00,160,5,N,36,5,22000,5,9,N,16093,5,N,5,190,C,9999,9,99999,9,False,
99999903948,35.25,-97.46667,360.3,2005-09-17 14:53:00,180,5,N,46,5,22000,5,9,N,16093,5,N,5,220,C,150,C,99999,9,False,
99999903948,35.25,-97.46667,360.3,2005-09-17 15:52:00,170,5,N,41,5,22000,5,9,N,16093,5,N,5,240,C,160,C,99999,9,False,
99999903948,35.25,-97.46667,360.3,2005-09-17 16:52:00,170,5,N,57,5,22000,5,9,N,16093,5,N,5,260,C,170,C,99999,9,False,
99999903948,35.25,-97.46667,360.3,2005-09-17 17:52:00,170,5,N,51,5,22000,5,9,N,16093,5,N,5,280,C,170,C,99999,9,False,
99999903948,35.25,-97.46667,360.3,2005-09-17 18:52:00,170,5,N,62,5,22000,5,9,N,16093,5,N,5,290,C,190,C,99999,9,False,
99999903948,35.25,-97.46667,360.3,2005-09-17 19:52:00,180,5,N,62,5,22000,5,9,N,16093,5,N,5,310,C,200,C,99999,9,False,
99999903948,35.25,-97.46667,360.3,2005-09-17 20:52:00,180,5,N,67,5,22000,5,9,N,16093,5,N,5,310,C,210,C,99999,9,False,
99999903948,35.25,-97.46667,360.3,2005-09-17 21:52:00,170,5,N,77,5,22000,5,9,N,16093,5,N,5,320,C,210,C,99999,9,False,
99999903948,35.25,-97.46667,360.3,2005-09-17 22:55:00,170,5,N,62,5,22000,5,9,N,16093,5,N,5,310,C,210,C,99999,9,False,
99999903948,35.25,-97.46667,360.3,2005-09-17 23:53:00,170,5,N,57,5,22000,5,9,N,16093,5,N,5,300,C,210,C,99999,9,False,
99999903948,35.25,-97.46667,360.3,2005-09-18 00:52:00,170,5,N,41,5,22000,5,9,N,16093,5,N,5,280,C,210,C,99999,9,False,
99999903948,35.25,-97.46667,360.3,2005-09-18 01:52:00,160,5,N,51,5,22000,5,9,N,16093,5,N,5,280,C,210,C,99999,9,False,
99999903948,35.25,-97.46667,360.3,2005-09-18 02:52:00,170,5,N,62,5,22000,5,9,N,16093,5,N,5,280,C,210,C,99999,9,False,
99999903948,35.25,-97.46667,360.3,2005-09-18 03:52:00,170,5,N,62,5,22000,5,9,N,16093,5,N,5,280,C,210,C,99999,9,False,
99999903948,35.25,-97.46667,360.3,2005-09-18 04:52:00,170,5,N,62,5,22000,5,9,N,16093,5,N,5,280,C,200,C,99999,9,False,
99999903948,35.25,-97.46667,360.3,2005-09-18 05:52:00,180,5,N,57,5,22000,5,9,N,16093,5,N,5,270,C,200,C,99999,9,False,
99999903948,35.25,-97.46667,360.3,2005-09-18 06:52:00,180,5,N,72,5,22000,5,9,N,16093,5,N,5,270,C,200,C,99999,9,False,
99999903948,35.25,-97.46667,360.3,2005-09-18 07:52:00,180,5,N,51,5,22000,5,9,N,16093,5,N,5,270,C,200,C,99999,9,False,
99999903948,35.25,-97.46667,360.3,2005-09-18 08:52:00,180,5,N,67,5,22000,5,9,N,16093,5,N,5,270,C,190,C,99999,9,False,
99999903948,35.25,-97.46667,360.3,2005-09-18 09:52:00,180,5,N,57,5,22000,5,9,N,16093,5,N,5,270,C,190,C,99999,9,False,
99999903948,35.25,-97.46667,360.3,2005-09-18 10:52:00,180,5,N,62,5,22000,5,9,N,16093,5,N,5,260,C,190,C,99999,9,False,
99999903948,35.25,-97.46667,360.3,2005-09-18 11:52:00,180,5,N,72,5,22000,5,9,N,16093,5,N,5,260,C,190,C,99999,9,False,
99999903948,35.25,-97.46667,360.3,2005-09-18 12:52:00,999,9,9,9999,9,22000,5,9,N,16093,5,N,5,260,C,190,C,99999,9,False,
99999903948,35.25,-97.46667,360.3,2005-09-18 13:52:00,190,5,N,77,5,22000,5,9,N,16093,5,N,5,270,C,200,C,99999,9,False,
99999903948,35.25,-97.46667,360.3,2005-09-18 14:52:00,200,5,N,77,5,22000,5,9,N,16093,5,N,5,280,C,200,C,99999,9,False,
99999903948,35.25,-97.46667,360.3,2005-09-18 15:52:00,210,5,N,93,5,22000,5,9,N,16093,5,N,5,310,C,200,C,99999,9,False,
99999903948,35.25,-97.46667,360.3,2005-09-18 16:52:00,230,5,N,82,5,22000,5,9,N,16093,5,N,5,330,C,190,C,99999,9,False,
99999903948,35.25,-97.46667,360.3,2005-09-18 17:52:00,210,5,N,108,5,22000,5,9,N,16093,5,N,5,330,C,190,C,99999,9,False,
99999903948,35.25,-97.46667,360.3,2005-09-18 18:52:00,200,5,N,93,5,22000,5,9,N,16093,5,N,5,340,C,190,C,99999,9,False,
99999903948,35.25,-97.46667,360.3,2005-09-18 19:52:00,210,5,N,103,5,22000,5,9,N,16093,5,N,5,340,C,190,C,99999,9,False,
99999903948,35.25,-97.46667,360.3,2005-09-18 20:52:00,210,5,N,82,5,22000,5,9,N,16093,5,N,5,340,C,190,C,99999,9,False,
99999903948,35.25,-97.46667,360.3,2005-09-18 21:52:00,200,5,N,77,5,22000,5,9,N,16093,5,N,5,350,C,190,C,99999,9,False,
99999903948,35.25,-97.46667,360.3,2005-09-18 22:54:00,200,5,N,82,5,22000,5,9,N,16093,5,N,5,350,C,190,C,99999,9,False,
99999903948,35.25,-97.46667,360.3,2005-09-18 23:52:00,180,5,N,41,5,22000,5,9,N,16093,5,N,5,330,C,190,C,99999,9,False,
99999903948,35.25,-97.46667,360.3,2005-09-19 00:52:00,170,5,N,26,5,22000,5,9,N,16093,5,N,5,300,C,200,C,99999,9,False,
99999903948,35.25,-97.46667,360.3,2005-09-19 01:52:00,160,5,N,41,5,22000,5,9,N,16093,5,N,5,290,C,200,C,99999,9,False,
99999903948,35.25,-97.46667,360.3,2005-09-19 02:52:00,170,5,N,57,5,22000,5,9,N,16093,5,N,5,290,C,190,C,99999,9,False,
99999903948,35.25,-97.46667,360.3,2005-09-19 03:52:00,180,5,N,51,5,22000,5,9,N,16093,5,N,5,280,C,180,C,99999,9,False,
99999903948,35.25,-97.46667,360.3,2005-09-19 04:52:00,180,5,N,57,5,22000,5,9,N,16093,5,N,5,270,C,180,C,99999,9,False,
99999903948,35.25,-97.46667,360.3,2005-09-19 05:52:00,180,5,N,62,5,22000,5,9,N,16093,5,N,5,270,C,180,C,99999,9,False,
99999903948,35.25,-97.46667,360.3,2005-09-19 06:52:00,180,5,N,57,5,22000,5,9,N,16093,5,N,5,260,C,180,C,99999,9,False,
99999903948,35.25,-97.46667,360.3,2005-09-19 07:52:00,190,5,N,36,5,22000,5,9,N,16093,5,N,5,260,C,190,C,99999,9,False,
99999903948,35.25,-97.46667,360.3,2005-09-19 08:52:00,210,5,N,26,5,22000,5,9,N,16093,5,N,5,240,C,190,C,99999,9,False,
99999903948,35.25,-97.46667,360.3,2005-09-19 09:52:00,190,5,N,41,5,22000,5,9,N,16093,5,N,5,240,C,190,C,99999,9,False,
99999903948,35.25,-97.46667,360.3,2005-09-19 10:52:00,200,5,N,51,5,22000,5,9,N,16093,5,N,5,250,C,190,C,99999,9,False,
99999903948,35.25,-97.46667,360.3,2005-09-19 11:52:00,210,5,N,46,5,22000,5,9,N,16093,5,N,5,240,C,190,C,99999,9,False,
99999903948,35.25,-97.46667,360.3,2005-09-19 12:52:00,210,5,N,46,5,22000,5,9,N,16093,5,N,5,250,C,190,C,99999,9,False,
99999903948,35.25,-97.46667,360.3,2005-09-19 13:52:00,210,5,N,62,5,22000,5,9,N,16093,5,N,5,270,C,190,C,99999,9,False,
99999903948,35.25,-97.46667,360.3,2005-09-19 14:52:00,220,5,N,51,5,22000,5,9,N,16093,5,N,5,290,C,210,C,99999,9,False,
99999903948,35.25,-97.46667,360.3,2005-09-19 15:52:00,220,5,N,67,5,22000,5,9,N,16093,5,N,5,310,C,200,C,99999,9,False,
99999903948,35.25,-97.46667,360.3,2005-09-19 16:52:00,220,5,N,62,5,22000,5,9,N,16093,5,N,5,330,C,200,C,99999,9,False,
99999903948,35.25,-97.46667,360.3,2005-09-19 17:52:00,220,5,N,67,5,22000,5,9,N,16093,5,N,5,330,C,200,C,99999,9,False,
99999903948,35.25,-97.46667,360.3,2005-09-19 18:52:00,230,5,N,72,5,22000,5,9,N,16093,5,N,5,340,C,190,C,99999,9,False,
99999903948,35.25,-97.46667,360.3,2005-09-19 19:52:00,240,5,N,62,5,22000,5,9,N,16093,5,N,5,350,C,190,C,99999,9,False,
99999903948,35.25,-97.46667,360.3,2005-09-19 20:52:00,190,5,N,51,5,22000,5,9,N,16093,5,N,5,350,C,200,C,99999,9,False,
99999903948,35.25,-97.46667,360.3,2005-09-19 21:52:00,210,5,N,46,5,22000,5,9,N,16093,5,N,5,350,C,190,C,99999,9,False,
99999903948,35.25,-97.46667,360.3,2005-09-19 22:52:00,190,5,N,57,5,22000,5,9,N,16093,5,N,5,340,C,190,C,99999,9,False,
99999903948,35.25,-97.46667,360.3,2005-09-19 23:52:00,200,5,N,57,5,22000,5,9,N,16093,5,N,5,330,C,190,C,99999,9,False,
99999903948,35.25,-97.46667,360.3,2005-09-20 00:52:00,180,5,N,26,5,22000,5,9,N,16093,5,N,5,290,C,200,C,99999,9,False,
99999903948,35.25,-97.46667,360.3,2005-09-20 01:52:00,180,5,N,26,5,22000,5,9,N,16093,5,N,5,280,C,210,C,99999,9,False,
99999903948,35.25,-97.46667,360.3,2005-09-20 02:52:00,190,5,N,15,5,22000,5,9,N,16093,5,N,5,270,C,200,C,99999,9,False,
99999903948,35.25,-97.46667,360.3,2005-09-20 03:52:00,999,9,C,0,5,22000,5,9,N,16093,5,N,5,260,C,190,C,99999,9,False,
99999903948,35.25,-97.46667,360.3,2005-09-20 04:52:00,999,9,C,0,5,22000,5,9,N,16093,5,N,5,240,C,180,C,99999,9,False,
99999903948,35.25,-97.46667,360.3,2005-09-20 05:53:00,170,5,N,15,5,22000,5,9,N,16093,5,N,5,230,C,190,C,99999,9,False,
99999903948,35.25,-97.46667,360.3,2005-09-20 06:52:00,240,5,N,15,5,22000,5,9,N,16093,5,N,5,240,C,190,C,99999,9,False,
99999903948,35.25,-97.46667,360.3,2005-09-20 07:52:00,999,9,C,0,5,22000,5,9,N,16093,5,N,5,230,C,190,C,99999,9,False,
99999903948,35.25,-97.46667,360.3,2005-09-20 08:52:00,999,9,C,0,5,22000,5,9,N,16093,5,N,5,230,C,200,C,99999,9,False,
99999903948,35.25,-97.46667,360.3,2005-09-20 09:52:00,230,5,N,15,5,22000,5,9,N,16093,5,N,5,220,C,190,C,99999,9,False,
99999903948,35.25,-97.46667,360.3,2005-09-20 10:52:00,200,5,N,26,5,22000,5,9,N,16093,5,N,5,220,C,190,C,99999,9,False,
99999903948,35.25,-97.46667,360.3,2005-09-20 11:52:00,999,9,C,0,5,22000,5,9,N,16093,5,N,5,220,C,190,C,99999,9,False,
99999903948,35.25,-97.46667,360.3,2005-09-20 12:52:00,999,9,C,0,5,22000,5,9,N,16093,5,N,5,220,C,190,C,99999,9,False,
99999903948,35.25,-97.46667,360.3,2005-09-20 13:52:00,999,9,C,0,5,22000,5,9,N,8047,5,N,5,260,C,220,C,99999,9,False,
99999903948,35.25,-97.46667,360.3,2005-09-20 14:52:00,999,9,C,0,5,22000,5,9,N,16093,5,N,5,300,C,210,C,99999,9,False,
99999903948,35.25,-97.46667,360.3,2005-09-20 15:52:00,250,5,N,21,5,22000,5,9,N,16093,5,N,5,320,C,210,C,99999,9,False,
99999903948,35.25,-97.46667,360.3,2005-09-20 16:52:00,999,9,C,0,5,22000,5,9,N,16093,5,N,5,330,C,200,C,99999,9,False,
99999903948,35.25,-97.46667,360.3,2005-09-20 17:52:00,240,5,N,15,5,22000,5,9,N,16093,5,N,5,340,C,200,C,99999,9,False,
99999903948,35.25,-97.46667,360.3,2005-09-20 18:52:00,170,5,N,26,5,22000,5,9,N,16093,5,N,5,360,C,200,C,99999,9,False,
99999903948,35.25,-97.46667,360.3,2005-09-20 19:12:00,160,5,N,15,5,22000,5,9,N,16093,5,N,5,360,C,210,C,99999,9,False,
99999903948,35.25,-97.46667,360.3,2005-09-21 05:59:00,999,9,9,9999,9,99999,9,9,9,999999,9,9,9,9999,9,9999,9,99999,9,False,
99999903948,35.25,-97.46667,360.3,2005-09-21 20:52:00,220,5,N,57,5,22000,5,9,N,16093,5,N,5,360,C,150,C,99999,9,False,
99999903948,35.25,-97.46667,360.3,2005-09-21 21:53:00,180,5,N,57,5,22000,5,9,N,16093,5,N,5,350,C,160,C,99999,9,False,
99999903948,35.25,-97.46667,360.3,2005-09-21 22:52:00,170,5,N,46,5,22000,5,9,N,16093,5,N,5,340,C,150,C,99999,9,False,
99999903948,35.25,-97.46667,360.3,2005-09-21 23:52:00,160,5,N,36,5,22000,5,9,N,16093,5,N,5,320,C,170,C,99999,9,False,
99999903948,35.25,-97.46667,360.3,2005-09-22 00:53:00,160,5,N,21,5,22000,5,9,N,16093,5,N,5,290,C,180,C,99999,9,False,
99999903948,35.25,-97.46667,360.3,2005-09-22 01:52:00,160,5,N,21,5,22000,5,9,N,16093,5,N,5,270,C,180,C,99999,9,False,
99999903948,35.25,-97.46667,360.3,2005-09-22 02:52:00,170,5,N,31,5,22000,5,9,N,16093,5,N,5,260,C,180,C,99999,9,False,
99999903948,35.25,-97.46667,360.3,2005-09-22 03:52:00,170,5,N,26,5,22000,5,9,N,16093,5,N,5,260,C,180,C,99999,9,False,
99999903948,35.25,-97.46667,360.3,2005-09-22 04:52:00,170,5,N,26,5,22000,5,9,N,16093,5,N,5,250,C,180,C,99999,9,False,
99999903948,35.25,-97.46667,360.3,2005-09-22 05:52:00,170,5,N,36,5,22000,5,9,N,16093,5,N,5,250,C,180,C,99999,9,False,
99999903948,35.25,-97.46667,360.3,2005-09-22 06:52:00,190,5,N,31,5,22000,5,9,N,16093,5,N,5,240,C,180,C,99999,9,False,
99999903948,35.25,-97.46667,360.3,2005-09-22 07:52:00,180,5,N,26,5,22000,5,9,N,16093,5,N,5,220,C,180,C,99999,9,False,
99999903948,35.25,-97.46667,360.3,2005-09-22 08:52:00,180,5,N,26,5,22000,5,9,N,16093,5,N,5,210,C,170,C,99999,9,False,
99999903948,35.25,-97.46667,360.3,2005-09-22 09:52:00,190,5,N,26,5,22000,5,9,N,16093,5,N,5,210,C,170,C,99999,9,False,
99999903948,35.25,-97.46667,360.3,2005-09-22 10:52:00,190,5,N,21,5,22000,5,9,N,16093,5,N,5,210,C,170,C,99999,9,False,
99999903948,35.25,-97.46667,360.3,2005-09-22 11:52:00,180,5,N,26,5,22000,5,9,N,16093,5,N,5,200,C,170,C,99999,9,False,
99999903948,35.25,-97.46667,360.3,2005-09-22 12:52:00,180,5,N,31,5,22000,5,9,N,16093,5,N,5,210,C,170,C,99999,9,False,
99999903948,35.25,-97.46667,360.3,2005-09-22 13:52:00,190,5,N,31,5,22000,5,9,N,16093,5,N,5,250,C,170,C,99999,9,False,
99999903948,35.25,-97.46667,360.3,2005-09-22 14:52:00,220,5,N,41,5,22000,5,9,N,16093,5,N,5,280,C,180,C,99999,9,False,
99999903948,35.25,-97.46667,360.3,2005-09-22 15:52:00,200,5,N,46,5,22000,5,9,N,16093,5,N,5,310,C,180,C,99999,9,False,
99999903948,35.25,-97.46667,360.3,2005-09-22 16:52:00,190,5,N,62,5,22000,5,9,N,16093,5,N,5,330,C,170,C,99999,9,False,
99999903948,35.25,-97.46667,360.3,2005-09-22 17:52:00,220,5,N,62,5,22000,5,9,N,16093,5,N,5,350,C,160,C,99999,9,False,
99999903948,35.25,-97.46667,360.3,2005-09-22 18:53:00,200,5,N,46,5,22000,5,9,N,16093,5,N,5,360,C,160,C,99999,9,False,
99999903948,35.25,-97.46667,360.3,2005-09-22 19:52:00,250,5,N,46,5,22000,5,9,N,16093,5,N,5,360,C,160,C,99999,9,False,
99999903948,35.25,-97.46667,360.3,2005-09-22 20:52:00,260,5,N,62,5,22000,5,9,N,16093,5,N,5,360,C,160,C,99999,9,False,
99999903948,35.25,-97.46667,360.3,2005-09-22 21:52:00,220,5,N,36,5,22000,5,9,N,16093,5,N,5,370,C,140,C,99999,9,False,
99999903948,35.25,-97.46667,360.3,2005-09-22 22:52:00,220,5,N,31,5,22000,5,9,N,16093,5,N,5,360,C,140,C,99999,9,False,
99999903948,35.25,-97.46667,360.3,2005-09-22 23:52:00,170,5,N,31,5,22000,5,9,N,16093,5,N,5,330,C,160,C,99999,9,False,
99999903948,35.25,-97.46667,360.3,2005-09-23 00:52:00,160,5,N,26,5,22000,5,9,N,16093,5,N,5,300,C,160,C,99999,9,False,
99999903948,35.25,-97.46667,360.3,2005-09-23 01:53:00,150,5,N,21,5,22000,5,9,N,16093,5,N,5,280,C,170,C,99999,9,False,
99999903948,35.25,-97.46667,360.3,2005-09-23 02:52:00,150,5,N,15,5,22000,5,9,N,16093,5,N,5,270,C,160,C,99999,9,False,
99999903948,35.25,-97.46667,360.3,2005-09-23 03:52:00,999,9,C,0,5,22000,5,9,N,16093,5,N,5,240,C,160,C,99999,9,False,
99999903948,35.25,-97.46667,360.3,2005-09-23 04:52:00,999,9,C,0,5,22000,5,9,N,16093,5,N,5,240,C,160,C,99999,9,False,
99999903948,35.25,-97.46667,360.3,2005-09-23 05:52:00,999,9,C,0,5,22000,5,9,N,16093,5,N,5,220,C,170,C,99999,9,False,
99999903948,35.25,-97.46667,360.3,2005-09-23 06:52:00,999,9,C,0,5,22000,5,9,N,16093,5,N,5,220,C,170,C,99999,9,False,
99999903948,35.25,-97.46667,360.3,2005-09-23 07:52:00,999,9,C,0,5,22000,5,9,N,16093,5,N,5,220,C,170,C,99999,9,False,
99999903948,35.25,-97.46667,360.3,2005-09-23 08:52:00,999,9,C,0,5,22000,5,9,N,16093,5,N,5,210,C,170,C,99999,9,False,
99999903948,35.25,-97.46667,360.3,2005-09-23 09:52:00,999,9,C,0,5,22000,5,9,N,16093,5,N,5,210,C,170,C,99999,9,False,
99999903948,35.25,-97.46667,360.3,2005-09-23 10:52:00,999,9,C,0,5,22000,5,9,N,16093,5,N,5,200,C,170,C,99999,9,False,
99999903948,35.25,-97.46667,360.3,2005-09-23 11:52:00,330,5,N,15,5,22000,5,9,N,11265,5,N,5,190,C,170,C,99999,9,False,
99999903948,35.25,-97.46667,360.3,2005-09-23 12:53:00,999,9,C,0,5,22000,5,9,N,11265,5,N,5,210,C,170,C,99999,9,False,
99999903948,35.25,-97.46667,360.3,2005-09-23 13:52:00,999,9,C,0,5,22000,5,9,N,11265,5,N,5,250,C,190,C,99999,9,False,
99999903948,35.25,-97.46667,360.3,2005-09-23 14:52:00,999,9,C,0,5,22000,5,9,N,11265,5,N,5,280,C,200,C,99999,9,False,
99999903948,35.25,-97.46667,360.3,2005-09-23 15:52:00,200,5,N,36,5,22000,5,9,N,11265,5,N,5,300,C,180,C,99999,9,False,
99999903948,35.25,-97.46667,360.3,2005-09-23 16:52:00,200,5,N,36,5,22000,5,9,N,16093,5,N,5,320,C,180,C,99999,9,False,
99999903948,35.25,-97.46667,360.3,2005-09-23 17:52:00,200,5,N,51,5,22000,5,9,N,16093,5,N,5,330,C,170,C,99999,9,False,
99999903948,35.25,-97.46667,360.3,2005-09-23 18:52:00,180,5,N,31,5,22000,5,9,N,16093,5,N,5,340,C,180,C,99999,9,False,
99999903948,35.25,-97.46667,360.3,2005-09-23 19:52:00,160,5,N,41,5,22000,5,9,N,16093,5,N,5,350,C,170,C,99999,9,False,
99999903948,35.25,-97.46667,360.3,2005-09-23 20:52:00,150,5,N,21,5,22000,5,9,N,16093,5,N,5,360,C,170,C,99999,9,False,
99999903948,35.25,-97.46667,360.3,2005-09-23 21:52:00,160,5,N,46,5,22000,5,9,N,11265,5,N,5,360,C,180,C,99999,9,False,
99999903948,35.25,-97.46667,360.3,2005-09-23 22:53:00,130,5,N,46,5,22000,5,9,N,16093,5,N,5,340,C,180,C,99999,9,False,
99999903948,35.25,-97.46667,360.3,2005-09-23 23:52:00,130,5,N,41,5,22000,5,9,N,16093,5,N,5,320,C,170,C,99999,9,False,
99999903948,35.25,-97.46667,360.3,2005-09-24 00:52:00,999,9,C,0,5,22000,5,9,N,16093,5,N,5,290,C,170,C,99999,9,False,
99999903948,35.25,-97.46667,360.3,2005-09-24 01:52:00,80,5,N,15,5,22000,5,9,N,16093,5,N,5,260,C,180,C,99999,9,False,
99999903948,35.25,-97.46667,360.3,2005-09-24 02:52:00,20,5,N,26,5,22000,5,9,N,16093,5,N,5,240,C,180,C,99999,9,False,
99999903948,35.25,-97.46667,360.3,2005-09-24 03:52:00,80,5,N,21,5,22000,5,9,N,16093,5,N,5,250,C,180,C,99999,9,False,
99999903948,35.25,-97.46667,360.3,2005-09-24 04:52:00,90,5,N,31,5,22000,5,9,N,16093,5,N,5,250,C,180,C,99999,9,False,
99999903948,35.25,-97.46667,360.3,2005-09-24 05:53:00,999,9,C,0,5,22000,5,9,N,16093,5,N,5,230,C,170,C,99999,9,False,
99999903948,35.25,-97.46667,360.3,2005-09-24 06:52:00,999,9,C,0,5,22000,5,9,N,11265,5,N,5,220,C,170,C,99999,9,False,
99999903948,35.25,-97.46667,360.3,2005-09-24 07:52:00,999,9,C,0,5,22000,5,9,N,16093,5,N,5,220,C,170,C,99999,9,False,
99999903948,35.25,-97.46667,360.3,2005-09-24 08:52:00,999,9,C,0,5,22000,5,9,N,11265,5,N,5,210,C,170,C,99999,9,False,
99999903948,35.25,-97.46667,360.3,2005-09-24 09:52:00,50,5,N,15,5,22000,5,9,N,11265,5,N,5,210,C,170,C,99999,9,False,
99999903948,35.25,-97.46667,360.3,2005-09-24 10:52:00,50,5,N,26,5,22000,5,9,N,11265,5,N,5,190,C,170,C,99999,9,False,
99999903948,35.25,-97.46667,360.3,2005-09-24 11:52:00,70,5,N,26,5,22000,5,9,N,11265,5,N,5,200,C,180,C,99999,9,False,
99999903948,35.25,-97.46667,360.3,2005-09-24 12:52:00,40,5,N,15,5,22000,5,9,N,8047,5,N,5,200,C,170,C,99999,9,False,
99999903948,35.25,-97.46667,360.3,2005-09-24 13:52:00,70,5,N,36,5,22000,5,9,N,16093,5,N,5,240,C,190,C,99999,9,False,
99999903948,35.25,-97.46667,360.3,2005-09-24 14:52:00,70,5,N,31,5,22000,5,9,N,16093,5,N,5,270,C,200,C,99999,9,False,
99999903948,35.25,-97.46667,360.3,2005-09-24 15:52:00,60,5,N,36,5,22000,5,9,N,16093,5,N,5,290,C,190,C,99999,9,False,
99999903948,35.25,-97.46667,360.3,2005-09-24 16:52:00,60,5,N,21,5,22000,5,9,N,16093,5,N,5,310,C,200,C,99999,9,False,
99999903948,35.25,-97.46667,360.3,2005-09-24 17:52:00,40,5,N,41,5,22000,5,9,N,16093,5,N,5,330,C,200,C,99999,9,False,
99999903948,35.25,-97.46667,360.3,2005-09-24 18:52:00,80,5,N,57,5,22000,5,9,N,16093,5,N,5,340,C,190,C,99999,9,False,
99999903948,35.25,-97.46667,360.3,2005-09-24 19:52:00,70,5,N,57,5,22000,5,9,N,16093,5,N,5,320,C,190,C,99999,9,False,
99999903948,35.25,-97.46667,360.3,2005-09-24 20:52:00,70,5,N,57,5,22000,5,9,N,16093,5,N,5,320,C,190,C,99999,9,False,
99999903948,35.25,-97.46667,360.3,2005-09-24 21:53:00,70,5,N,51,5,22000,5,9,N,16093,5,N,5,320,C,200,C,99999,9,False,
99999903948,35.25,-97.46667,360.3,2005-09-24 22:53:00,80,5,N,62,5,22000,5,9,N,16093,5,N,5,300,C,190,C,99999,9,False,
99999903948,35.25,-97.46667,360.3,2005-09-24 23:52:00,70,5,N,41,5,22000,5,9,N,16093,5,N,5,280,C,200,C,99999,9,False,
99999903948,35.25,-97.46667,360.3,2005-09-25 00:53:00,40,5,N,21,5,22000,5,9,N,16093,5,N,5,260,C,200,C,99999,9,False,
99999903948,35.25,-97.46667,360.3,2005-09-25 01:52:00,50,5,N,31,5,22000,5,9,N,16093,5,N,5,250,C,200,C,99999,9,False,
99999903948,35.25,-97.46667,360.3,2005-09-25 02:52:00,40,5,N,26,5,22000,5,9,N,16093,5,N,5,240,C,190,C,99999,9,False,
99999903948,35.25,-97.46667,360.3,2005-09-25 03:52:00,10,5,N,26,5,22000,5,9,N,16093,5,N,5,230,C,200,C,99999,9,False,
99999903948,35.25,-97.46667,360.3,2005-09-25 04:52:00,20,5,N,31,5,22000,5,9,N,16093,5,N,5,230,C,200,C,99999,9,False,
99999903948,35.25,-97.46667,360.3,2005-09-25 05:52:00,360,5,N,26,5,22000,5,9,N,16093,5,N,5,220,C,190,C,99999,9,False,
99999903948,35.25,-97.46667,360.3,2005-09-25 05:59:00,999,9,9,9999,9,99999,9,9,9,999999,9,9,9,9999,9,9999,9,99999,9,False,
99999903948,35.25,-97.46667,360.3,2005-09-25 06:52:00,360,5,N,21,5,22000,5,9,N,16093,5,N,5,220,C,190,C,99999,9,False,
99999903948,35.25,-97.46667,360.3,2005-09-25 07:52:00,350,5,N,21,5,22000,5,9,N,16093,5,N,5,210,C,190,C,99999,9,False,
99999903948,35.25,-97.46667,360.3,2005-09-25 08:52:00,320,5,N,26,5,22000,5,9,N,16093,5,N,5,220,C,190,C,99999,9,False,
99999903948,35.25,-97.46667,360.3,2005-09-25 09:52:00,300,5,N,21,5,22000,5,9,N,11265,5,N,5,210,C,190,C,99999,9,False,
99999903948,35.25,-97.46667,360.3,2005-09-25 10:52:00,300,5,N,21,5,22000,5,9,N,11265,5,N,5,210,C,190,C,99999,9,False,
99999903948,35.25,-97.46667,360.3,2005-09-25 11:52:00,999,9,C,0,5,22000,5,9,N,11265,5,N,5,200,C,180,C,99999,9,False,
99999903948,35.25,-97.46667,360.3,2005-09-25 12:52:00,300,5,N,15,5,22000,5,9,N,8047,5,N,5,210,C,190,C,99999,9,False,
99999903948,35.25,-97.46667,360.3,2005-09-25 13:52:00,330,5,N,21,5,22000,5,9,N,11265,5,N,5,240,C,210,C,99999,9,False,
99999903948,35.25,-97.46667,360.3,2005-09-25 14:52:00,340,5,N,26,5,22000,5,9,N,16093,5,N,5,270,C,220,C,99999,9,False,
99999903948,35.25,-97.46667,360.3,2005-09-25 15:52:00,300,5,N,26,5,22000,5,9,N,16093,5,N,5,290,C,210,C,99999,9,False,
99999903948,35.25,-97.46667,360.3,2005-09-25 16:52:00,290,5,N,31,5,22000,5,9,N,16093,5,N,5,310,C,190,C,99999,9,False,
99999903948,35.25,-97.46667,360.3,2005-09-25 17:52:00,300,5,N,26,5,22000,5,9,N,16093,5,N,5,330,C,190,C,99999,9,False,
99999903948,35.25,-97.46667,360.3,2005-09-25 18:52:00,310,5,N,26,5,22000,5,9,N,16093,5,N,5,350,C,180,C,99999,9,False,
99999903948,35.25,-97.46667,360.3,2005-09-25 19:52:00,170,5,N,15,5,22000,5,9,N,16093,5,N,5,370,C,180,C,99999,9,False,
99999903948,35.25,-97.46667,360.3,2005-09-25 20:52:00,210,5,N,36,5,22000,5,9,N,16093,5,N,5,360,C,170,C,99999,9,False,
99999903948,35.25,-97.46667,360.3,2005-09-25 21:52:00,210,5,N,36,5,22000,5,9,N,16093,5,N,5,360,C,160,C,99999,9,False,
99999903948,35.25,-97.46667,360.3,2005-09-25 22:52:00,210,5,N,41,5,22000,5,9,N,16093,5,N,5,360,C,170,C,99999,9,False,
99999903948,35.25,-97.46667,360.3,2005-09-25 23:52:00,210,5,N,41,5,22000,5,9,N,16093,5,N,5,330,C,170,C,99999,9,False,
99999903948,35.25,-97.46667,360.3,2005-09-26 00:52:00,999,9,C,0,5,99999,9,9,N,16093,5,N,5,300,C,180,C,99999,9,False,
99999903948,35.25,-97.46667,360.3,2005-09-26 01:52:00,150,5,N,15,5,22000,5,9,N,16093,5,N,5,280,C,180,C,99999,9,False,
99999903948,35.25,-97.46667,360.3,2005-09-26 02:52:00,999,9,C,0,5,22000,5,9,N,16093,5,N,5,260,C,170,C,99999,9,False,
99999903948,35.25,-97.46667,360.3,2005-09-26 03:53:00,180,5,N,21,5,22000,5,9,N,16093,5,N,5,250,C,190,C,99999,9,False,
99999903948,35.25,-97.46667,360.3,2005-09-26 04:52:00,170,5,N,21,5,22000,5,9,N,16093,5,N,5,260,C,190,C,99999,9,False,
99999903948,35.25,-97.46667,360.3,2005-09-26 05:52:00,999,9,C,0,5,22000,5,9,N,16093,5,N,5,240,C,180,C,99999,9,False,
99999903948,35.25,-97.46667,360.3,2005-09-26 05:59:00,999,9,9,9999,9,99999,9,9,9,999999,9,9,9,9999,9,9999,9,99999,9,False,
99999903948,35.25,-97.46667,360.3,2005-09-26 06:52:00,999,9,C,0,5,22000,5,9,N,16093,5,N,5,220,C,180,C,99999,9,False,
99999903948,35.25,-97.46667,360.3,2005-09-26 07:52:00,999,9,C,0,5,22000,5,9,N,16093,5,N,5,220,C,180,C,99999,9,False,
99999903948,35.25,-97.46667,360.3,2005-09-26 08:52:00,20,5,N,21,5,22000,5,9,N,16093,5,N,5,210,C,170,C,99999,9,False,
99999903948,35.25,-97.46667,360.3,2005-09-26 09:52:00,330,5,N,36,5,22000,5,9,N,16093,5,N,5,220,C,190,C,99999,9,False,
99999903948,35.25,-97.46667,360.3,2005-09-26 10:52:00,360,5,N,57,5,22000,5,9,N,16093,5,N,5,220,C,170,C,99999,9,False,
99999903948,35.25,-97.46667,360.3,2005-09-26 11:53:00,360,5,N,72,5,22000,5,9,N,16093,5,N,5,200,C,170,C,99999,9,False,
99999903948,35.25,-97.46667,360.3,2005-09-26 12:52:00,360,5,N,67,5,22000,5,9,N,16093,5,N,5,200,C,170,C,99999,9,False,
99999903948,35.25,-97.46667,360.3,2005-09-26 13:52:00,10,5,N,72,5,22000,5,9,N,16093,5,N,5,220,C,170,C,99999,9,False,
99999903948,35.25,-97.46667,360.3,2005-09-26 14:52:00,20,5,N,72,5,22000,5,9,N,16093,5,N,5,240,C,170,C,99999,9,False,
99999903948,35.25,-97.46667,360.3,2005-09-26 15:52:00,360,5,N,77,5,22000,5,9,N,16093,5,N,5,260,C,180,C,99999,9,False,
99999903948,35.25,-97.46667,360.3,2005-09-26 16:32:00,10,5,N,88,5,22000,5,9,N,16093,5,N,5,270,C,180,C,99999,9,False,
99999903948,35.25,-97.46667,360.3,2005-09-26 17:52:00,10,5,N,93,5,22000,5,9,N,16093,5,N,5,290,C,180,C,99999,9,False,
99999903948,35.25,-97.46667,360.3,2005-09-26 18:52:00,10,5,N,88,5,22000,5,9,N,16093,5,N,5,300,C,190,C,99999,9,False,
99999903948,35.25,-97.46667,360.3,2005-09-26 19:52:00,30,5,N,77,5,22000,5,9,N,16093,5,N,5,310,C,190,C,99999,9,False,
99999903948,35.25,-97.46667,360.3,2005-09-26 20:52:00,10,5,N,72,5,22000,5,9,N,16093,5,N,5,310,C,180,C,99999,9,False,
99999903948,35.25,-97.46667,360.3,2005-09-26 21:53:00,20,5,N,67,5,22000,5,9,N,16093,5,N,5,320,C,180,C,99999,9,False,
99999903948,35.25,-97.46667,360.3,2005-09-26 22:52:00,50,5,N,41,5,22000,5,9,N,16093,5,N,5,310,C,170,C,99999,9,False,
99999903948,35.25,-97.46667,360.3,2005-09-26 23:52:00,40,5,N,57,5,22000,5,9,N,16093,5,N,5,280,C,160,C,99999,9,False,
99999903948,35.25,-97.46667,360.3,2005-09-27 00:52:00,30,5,N,36,5,22000,5,9,N,16093,5,N,5,250,C,170,C,99999,9,False,
99999903948,35.25,-97.46667,360.3,2005-09-27 01:52:00,40,5,N,36,5,22000,5,9,N,16093,5,N,5,230,C,170,C,99999,9,False,
99999903948,35.25,-97.46667,360.3,2005-09-27 02:52:00,40,5,N,36,5,22000,5,9,N,16093,5,N,5,220,C,170,C,99999,9,False,
99999903948,35.25,-97.46667,360.3,2005-09-27 03:53:00,50,5,N,31,5,22000,5,9,N,16093,5,N,5,210,C,170,C,99999,9,False,
99999903948,35.25,-97.46667,360.3,2005-09-27 04:52:00,40,5,N,31,5,22000,5,9,N,16093,5,N,5,200,C,160,C,99999,9,False,
99999903948,35.25,-97.46667,360.3,2005-09-27 05:52:00,50,5,N,26,5,22000,5,9,N,16093,5,N,5,190,C,160,C,99999,9,False,
99999903948,35.25,-97.46667,360.3,2005-09-27 06:52:00,50,5,N,21,5,22000,5,9,N,16093,5,N,5,180,C,160,C,99999,9,False,
99999903948,35.25,-97.46667,360.3,2005-09-27 07:52:00,20,5,N,21,5,22000,5,9,N,16093,5,N,5,180,C,150,C,99999,9,False,
99999903948,35.25,-97.46667,360.3,2005-09-27 08:53:00,40,5,N,21,5,22000,5,9,N,16093,5,N,5,170,C,140,C,99999,9,False,
99999903948,35.25,-97.46667,360.3,2005-09-27 09:52:00,40,5,N,26,5,22000,5,9,N,16093,5,N,5,160,C,140,C,99999,9,False,
99999903948,35.25,-97.46667,360.3,2005-09-27 10:52:00,40,5,N,26,5,22000,5,9,N,11265,5,N,5,170,C,140,C,99999,9,False,
99999903948,35.25,-97.46667,360.3,2005-09-27 11:53:00,50,5,N,15,5,22000,5,9,N,11265,5,N,5,160,C,140,C,99999,9,False,
99999903948,35.25,-97.46667,360.3,2005-09-27 12:52:00,50,5,N,26,5,22000,5,9,N,16093,5,N,5,170,C,150,C,99999,9,False,
99999903948,35.25,-97.46667,360.3,2005-09-27 13:52:00,70,5,N,41,5,22000,5,9,N,16093,5,N,5,190,C,170,C,99999,9,False,
99999903948,35.25,-97.46667,360.3,2005-09-27 14:52:00,60,5,N,31,5,22000,5,9,N,16093,5,N,5,230,C,170,C,99999,9,False,
99999903948,35.25,-97.46667,360.3,2005-09-27 15:52:00,70,5,N,31,5,22000,5,9,N,16093,5,N,5,260,C,180,C,99999,9,False,
99999903948,35.25,-97.46667,360.3,2005-09-27 16:52:00,120,5,N,36,5,22000,5,9,N,11265,5,N,5,280,C,190,C,99999,9,False,
99999903948,35.25,-97.46667,360.3,2005-09-27 17:52:00,140,5,N,26,5,22000,5,9,N,16093,5,N,5,290,C,190,C,99999,9,False,
99999903948,35.25,-97.46667,360.3,2005-09-27 18:52:00,150,5,N,36,5,22000,5,9,N,16093,5,N,5,300,C,210,C,99999,9,False,
99999903948,35.25,-97.46667,360.3,2005-09-27 19:52:00,190,5,N,31,5,22000,5,9,N,16093,5,N,5,320,C,210,C,99999,9,False,
99999903948,35.25,-97.46667,360.3,2005-09-27 20:52:00,190,5,N,26,5,22000,5,9,N,16093,5,N,5,310,C,200,C,99999,9,False,
99999903948,35.25,-97.46667,360.3,2005-09-27 21:52:00,200,5,N,26,5,22000,5,9,N,16093,5,N,5,330,C,200,C,99999,9,False,
99999903948,35.25,-97.46667,360.3,2005-09-27 22:52:00,150,5,N,36,5,22000,5,9,N,16093,5,N,5,320,C,190,C,99999,9,False,
99999903948,35.25,-97.46667,360.3,2005-09-27 23:52:00,170,5,N,26,5,22000,5,9,N,16093,5,N,5,300,C,200,C,99999,9,False,
99999903948,35.25,-97.46667,360.3,2005-09-28 00:52:00,170,5,N,21,5,22000,5,9,N,11265,5,N,5,270,C,200,C,99999,9,False,
99999903948,35.25,-97.46667,360.3,2005-09-28 01:52:00,160,5,N,21,5,22000,5,9,N,16093,5,N,5,260,C,200,C,99999,9,False,
99999903948,35.25,-97.46667,360.3,2005-09-28 02:52:00,170,5,N,26,5,22000,5,9,N,16093,5,N,5,250,C,210,C,99999,9,False,
99999903948,35.25,-97.46667,360.3,2005-09-28 03:52:00,170,5,N,26,5,22000,5,9,N,11265,5,N,5,240,C,210,C,99999,9,False,
99999903948,35.25,-97.46667,360.3,2005-09-28 04:52:00,190,5,N,31,5,22000,5,9,N,11265,5,N,5,240,C,210,C,99999,9,False,
99999903948,35.25,-97.46667,360.3,2005-09-28 05:52:00,180,5,N,36,5,22000,5,9,N,11265,5,N,5,240,C,210,C,99999,9,False,
99999903948,35.25,-97.46667,360.3,2005-09-28 06:52:00,180,5,N,41,5,22000,5,9,N,11265,5,N,5,240,C,210,C,99999,9,False,
99999903948,35.25,-97.46667,360.3,2005-09-28 07:53:00,180,5,N,62,5,22000,5,9,N,8047,5,N,5,240,C,220,C,99999,9,False,
99999903948,35.25,-97.46667,360.3,2005-09-28 08:52:00,180,5,N,57,5,22000,5,9,N,8047,5,N,5,240,C,220,C,99999,9,False,
99999903948,35.25,-97.46667,360.3,2005-09-28 09:52:00,180,5,N,62,5,22000,5,9,N,8047,5,N,5,240,C,220,C,99999,9,False,
99999903948,35.25,-97.46667,360.3,2005-09-28 10:52:00,180,5,N,51,5,22000,5,9,N,4828,5,N,5,230,C,220,C,99999,9,False,
99999903948,35.25,-97.46667,360.3,2005-09-28 11:52:00,170,5,N,46,5,183,5,M,N,4828,5,N,5,230,C,220,C,99999,9,False,
99999903948,35.25,-97.46667,360.3,2005-09-28 12:53:00,170,5,N,46,5,183,5,M,N,3219,5,N,5,230,C,220,C,99999,9,False,
99999903948,35.25,-97.46667,360.3,2005-09-28 13:52:00,190,5,N,51,5,183,5,M,N,4828,5,N,5,240,C,220,C,99999,9,False,
99999903948,35.25,-97.46667,360.3,2005-09-28 14:52:00,210,5,N,67,5,244,5,M,N,6437,5,N,5,260,C,230,C,99999,9,False,
99999903948,35.25,-97.46667,360.3,2005-09-28 15:52:00,190,5,N,82,5,22000,5,9,N,8047,5,N,5,290,C,230,C,99999,9,False,
99999903948,35.25,-97.46667,360.3,2005-09-28 16:53:00,210,5,N,67,5,22000,5,9,N,11265,5,N,5,310,C,220,C,99999,9,False,
99999903948,35.25,-97.46667,360.3,2005-09-28 17:52:00,240,5,N,51,5,22000,5,9,N,16093,5,N,5,340,C,200,C,99999,9,False,
99999903948,35.25,-97.46667,360.3,2005-09-28 18:52:00,330,5,N,88,5,22000,5,9,N,16093,5,N,5,350,C,180,C,99999,9,False,
99999903948,35.25,-97.46667,360.3,2005-09-28 19:52:00,350,5,N,103,5,22000,5,9,N,16093,5,N,5,340,C,170,C,99999,9,False,
99999903948,35.25,-97.46667,360.3,2005-09-28 20:53:00,360,5,N,108,5,22000,5,9,N,6437,5,N,5,320,C,170,C,99999,9,False,
99999903948,35.25,-97.46667,360.3,2005-09-28 21:52:00,350,5,N,129,5,22000,5,9,N,11265,5,N,5,290,C,140,C,99999,9,False,
99999903948,35.25,-97.46667,360.3,2005-09-28 22:52:00,360,5,N,129,5,22000,5,9,N,11265,5,N,5,260,C,130,C,99999,9,False,
99999903948,35.25,-97.46667,360.3,2005-09-28 23:52:00,360,5,N,93,5,22000,5,9,N,16093,5,N,5,230,C,120,C,99999,9,False,
99999903948,35.25,-97.46667,360.3,2005-09-29 00:52:00,10,5,N,98,5,22000,5,9,N,16093,5,N,5,200,C,110,C,99999,9,False,
99999903948,35.25,-97.46667,360.3,2005-09-29 01:52:00,20,5,N,88,5,22000,5,9,N,16093,5,N,5,190,C,110,C,99999,9,False,
99999903948,35.25,-97.46667,360.3,2005-09-29 02:52:00,30,5,N,103,5,22000,5,9,N,16093,5,N,5,180,C,100,C,99999,9,False,
99999903948,35.25,-97.46667,360.3,2005-09-29 03:52:00,40,5,N,57,5,22000,5,9,N,16093,5,N,5,170,C,90,C,99999,9,False,
99999903948,35.25,-97.46667,360.3,2005-09-29 04:52:00,40,5,N,67,5,22000,5,9,N,16093,5,N,5,160,C,90,C,99999,9,False,
99999903948,35.25,-97.46667,360.3,2005-09-29 05:52:00,30,5,N,62,5,22000,5,9,N,16093,5,N,5,150,C,80,C,99999,9,False,
99999903948,35.25,-97.46667,360.3,2005-09-29 05:59:00,999,9,9,9999,9,99999,9,9,9,999999,9,9,9,9999,9,9999,9,99999,9,False,
99999903948,35.25,-97.46667,360.3,2005-09-29 06:52:00,30,5,N,72,5,22000,5,9,N,16093,5,N,5,140,C,60,C,99999,9,False,
99999903948,35.25,-97.46667,360.3,2005-09-29 07:52:00,30,5,N,72,5,22000,5,9,N,16093,5,N,5,130,C,60,C,99999,9,False,
99999903948,35.25,-97.46667,360.3,2005-09-29 08:52:00,30,5,N,62,5,22000,5,9,N,16093,5,N,5,130,C,60,C,99999,9,False,
99999903948,35.25,-97.46667,360.3,2005-09-29 09:52:00,40,5,N,41,5,22000,5,9,N,16093,5,N,5,120,C,60,C,99999,9,False,
99999903948,35.25,-97.46667,360.3,2005-09-29 10:52:00,30,5,N,36,5,22000,5,9,N,16093,5,N,5,120,C,60,C,99999,9,False,
99999903948,35.25,-97.46667,360.3,2005-09-29 11:51:00,30,5,N,67,5,22000,5,9,N,16093,5,N,5,120,C,60,C,99999,9,False,
99999903948,35.25,-97.46667,360.3,2005-09-29 12:53:00,20,5,N,51,5,22000,5,9,N,16093,5,N,5,120,C,40,C,99999,9,False,
99999903948,35.25,-97.46667,360.3,2005-09-29 13:52:00,30,5,N,41,5,22000,5,9,N,16093,5,N,5,130,C,40,C,99999,9,False,
99999903948,35.25,-97.46667,360.3,2005-09-29 14:52:00,50,5,N,46,5,22000,5,9,N,16093,5,N,5,160,C,60,C,99999,9,False,
99999903948,35.25,-97.46667,360.3,2005-09-29 15:52:00,70,5,N,36,5,22000,5,9,N,16093,5,N,5,180,C,40,C,99999,9,False,
99999903948,35.25,-97.46667,360.3,2005-09-29 16:52:00,30,5,N,46,5,22000,5,9,N,16093,5,N,5,190,C,40,C,99999,9,False,
99999903948,35.25,-97.46667,360.3,2005-09-29 17:52:00,70,5,N,46,5,22000,5,9,N,16093,5,N,5,210,C,40,C,99999,9,False,
99999903948,35.25,-97.46667,360.3,2005-09-29 18:53:00,80,5,N,41,5,22000,5,9,N,16093,5,N,5,220,C,40,C,99999,9,False,
99999903948,35.25,-97.46667,360.3,2005-09-29 19:52:00,360,5,N,26,5,22000,5,9,N,16093,5,N,5,230,C,40,C,99999,9,False,
99999903948,35.25,-97.46667,360.3,2005-09-29 20:52:00,120,5,N,15,5,22000,5,9,N,16093,5,N,5,230,C,40,C,99999,9,False,
99999903948,35.25,-97.46667,360.3,2005-09-29 21:52:00,100,5,N,15,5,22000,5,9,N,8047,5,N,5,240,C,40,C,99999,9,False,
99999903948,35.25,-97.46667,360.3,2005-09-29 22:52:00,120,5,N,15,5,22000,5,9,N,16093,5,N,5,240,C,40,C,99999,9,False,
99999903948,35.25,-97.46667,360.3,2005-09-29 23:53:00,100,5,N,21,5,22000,5,9,N,4828,5,N,5,210,C,30,C,99999,9,False,
99999903948,35.25,-97.46667,360.3,2005-09-30 00:52:00,120,5,N,15,5,22000,5,9,N,11265,5,N,5,190,C,40,C,99999,9,False,
99999903948,35.25,-97.46667,360.3,2005-09-30 01:52:00,130,5,N,21,5,22000,5,9,N,16093,5,N,5,180,C,40,C,99999,9,False,
99999903948,35.25,-97.46667,360.3,2005-09-30 02:52:00,130,5,N,21,5,22000,5,9,N,16093,5,N,5,170,C,40,C,99999,9,False,
99999903948,35.25,-97.46667,360.3,2005-09-30 03:52:00,150,5,N,21,5,22000,5,9,N,16093,5,N,5,170,C,40,C,99999,9,False,
99999903948,35.25,-97.46667,360.3,2005-09-30 04:55:00,999,9,C,0,5,22000,5,9,N,16093,5,N,5,140,C,30,C,99999,9,False,
99999903948,35.25,-97.46667,360.3,2005-09-30 05:52:00,999,9,C,0,5,22000,5,9,N,16093,5,N,5,130,C,40,C,99999,9,False,
99999903948,35.25,-97.46667,360.3,2005-09-30 05:59:00,999,9,9,9999,9,99999,9,9,9,999999,9,9,9,9999,9,9999,9,99999,9,False,
99999903948,35.25,-97.46667,360.3,2005-09-30 06:52:00,999,9,C,0,5,22000,5,9,N,16093,5,N,5,120,C,50,C,99999,9,False,
99999903948,35.25,-97.46667,360.3,2005-09-30 07:52:00,999,9,C,0,5,22000,5,9,N,16093,5,N,5,130,C,60,C,99999,9,False,
99999903948,35.25,-97.46667,360.3,2005-09-30 08:52:00,999,9,C,0,5,22000,5,9,N,16093,5,N,5,140,C,60,C,99999,9,False,
99999903948,35.25,-97.46667,360.3,2005-09-30 09:52:00,160,5,N,21,5,22000,5,9,N,16093,5,N,5,150,C,60,C,99999,9,False,
99999903948,35.25,-97.46667,360.3,2005-09-30 10:52:00,170,5,N,26,5,1219,5,M,N,16093,5,N,5,150,C,60,C,99999,9,False,
99999903948,35.25,-97.46667,360.3,2005-09-30 11:51:00,180,5,N,26,5,1219,5,M,N,16093,5,N,5,140,C,70,C,99999,9,False,
99999903948,35.25,-97.46667,360.3,2005-09-30 12:53:00,170,5,N,31,5,1219,5,M,N,16093,5,N,5,140,C,80,C,99999,9,False,
99999903948,35.25,-97.46667,360.3,2005-09-30 13:52:00,180,5,N,36,5,1219,5,M,N,16093,5,N,5,160,C,90,C,99999,9,False,
99999903948,35.25,-97.46667,360.3,2005-09-30 14:52:00,170,5,N,51,5,22000,5,9,N,16093,5,N,5,190,C,120,C,99999,9,False,
99999903948,35.25,-97.46667,360.3,2005-09-30 15:52:00,170,5,N,77,5,22000,5,9,N,16093,5,N,5,220,C,140,C,99999,9,False,
99999903948,35.25,-97.46667,360.3,2005-09-30 16:53:00,170,5,N,72,5,22000,5,9,N,16093,5,N,5,230,C,140,C,99999,9,False,
99999903948,35.25,-97.46667,360.3,2005-09-30 17:52:00,180,5,N,57,5,22000,5,9,N,16093,5,N,5,240,C,140,C,99999,9,False,
99999903948,35.25,-97.46667,360.3,2005-09-30 18:52:00,170,5,N,77,5,22000,5,9,N,16093,5,N,5,250,C,140,C,99999,9,False,
99999903948,35.25,-97.46667,360.3,2005-09-30 19:52:00,180,5,N,82,5,22000,5,9,N,16093,5,N,5,270,C,140,C,99999,9,False,
99999903948,35.25,-97.46667,360.3,2005-09-30 20:57:00,190,5,N,51,5,22000,5,9,N,16093,5,N,5,270,C,150,C,99999,9,False,
99999903948,35.25,-97.46667,360.3,2005-09-30 21:52:00,180,5,N,51,5,22000,5,9,N,16093,5,N,5,280,C,160,C,99999,9,False,
99999903948,35.25,-97.46667,360.3,2005-09-30 22:52:00,160,5,N,57,5,22000,5,9,N,16093,5,N,5,270,C,160,C,99999,9,False,
99999903948,35.25,-97.46667,360.3,2005-09-30 23:52:00,140,5,N,36,5,22000,5,9,N,16093,5,N,5,250,C,160,C,99999,9,False,
99999903948,35.25,-97.46667,360.3,2005-10-01 00:52:00,130,5,N,82,5,22000,5,9,N,16093,5,N,5,240,C,150,C,99999,9,False,
99999903948,35.25,-97.46667,360.3,2005-10-01 01:52:00,130,5,N,41,5,22000,5,9,N,16093,5,N,5,230,C,140,C,99999,9,False,
99999903948,35.25,-97.46667,360.3,2005-10-01 02:52:00,180,5,N,41,5,2743,5,M,N,16093,5,N,5,230,C,160,C,99999,9,False,
99999903948,35.25,-97.46667,360.3,2005-10-01 03:52:00,150,5,N,51,5,22000,5,9,N,16093,5,N,5,210,C,160,C,99999,9,False,
99999903948,35.25,-97.46667,360.3,2005-10-01 04:52:00,200,5,N,67,5,22000,5,9,N,16093,5,N,5,210,C,170,C,99999,9,False,
99999903948,35.25,-97.46667,360.3,2005-10-01 05:52:00,160,5,N,72,5,22000,5,9,N,11265,5,N,5,200,C,180,C,99999,9,False,
99999903948,35.25,-97.46667,360.3,2005-10-01 05:59:00,999,9,9,9999,9,99999,9,9,9,999999,9,9,9,9999,9,9999,9,99999,9,False,
99999903948,35.25,-97.46667,360.3,2005-10-01 06:32:00,160,5,N,118,5,1036,5,M,N,11265,5,N,5,190,C,180,C,99999,9,False,
99999903948,35.25,-97.46667,360.3,2005-10-01 07:52:00,150,5,N,72,5,2286,5,M,N,16093,5,N,5,200,C,170,C,99999,9,False,
99999903948,35.25,-97.46667,360.3,2005-10-01 08:52:00,90,5,N,21,5,853,5,M,N,16093,5,N,5,200,C,180,C,99999,9,False,
99999903948,35.25,-97.46667,360.3,2005-10-01 09:52:00,140,5,N,57,5,1829,5,M,N,16093,5,N,5,190,C,170,C,99999,9,False,
99999903948,35.25,-97.46667,360.3,2005-10-01 10:52:00,140,5,N,46,5,22000,5,9,N,16093,5,N,5,190,C,170,C,99999,9,False,
99999903948,35.25,-97.46667,360.3,2005-10-01 11:52:00,150,5,N,41,5,22000,5,9,N,16093,5,N,5,190,C,170,C,99999,9,False,
99999903948,35.25,-97.46667,360.3,2005-10-01 12:54:00,160,5,N,67,5,22000,5,9,N,11265,5,N,5,190,C,170,C,99999,9,False,
99999903948,35.25,-97.46667,360.3,2005-10-01 13:52:00,170,5,N,77,5,22000,5,9,N,11265,5,N,5,210,C,180,C,99999,9,False,
99999903948,35.25,-97.46667,360.3,2005-10-01 14:32:00,170,5,N,82,5,22000,5,9,N,8047,5,N,5,220,C,190,C,99999,9,False,
99999903948,35.25,-97.46667,360.3,2005-10-01 15:52:00,180,5,N,77,5,335,5,M,N,6437,5,N,5,220,C,190,C,99999,9,False,
99999903948,35.25,-97.46667,360.3,2005-10-01 16:52:00,180,5,N,103,5,22000,5,9,N,8047,5,N,5,240,C,210,C,99999,9,False,
99999903948,35.25,-97.46667,360.3,2005-10-01 17:52:00,170,5,N,67,5,22000,5,9,N,8047,5,N,5,260,C,210,C,99999,9,False,
99999903948,35.25,-97.46667,360.3,2005-10-01 18:53:00,170,5,N,82,5,22000,5,9,N,8047,5,N,5,270,C,210,C,99999,9,False,
99999903948,35.25,-97.46667,360.3,2005-10-01 19:52:00,180,5,N,77,5,22000,5,9,N,11265,5,N,5,270,C,210,C,99999,9,False,
99999903948,35.25,-97.46667,360.3,2005-10-01 20:52:00,160,5,N,67,5,22000,5,9,N,11265,5,N,5,280,C,220,C,99999,9,False,
99999903948,35.25,-97.46667,360.3,2005-10-01 21:52:00,160,5,N,67,5,22000,5,9,N,11265,5,N,5,280,C,220,C,99999,9,False,
99999903948,35.25,-97.46667,360.3,2005-10-01 22:52:00,150,5,N,67,5,22000,5,9,N,11265,5,N,5,290,C,220,C,99999,9,False,
99999903948,35.25,-97.46667,360.3,2005-10-01 23:52:00,160,5,N,67,5,22000,5,9,N,11265,5,N,5,280,C,210,C,99999,9,False,
99999903948,35.25,-97.46667,360.3,2005-10-02 00:52:00,160,5,N,46,5,22000,5,9,N,11265,5,N,5,270,C,210,C,99999,9,False,
99999903948,35.25,-97.46667,360.3,2005-10-02 01:52:00,160,5,N,57,5,22000,5,9,N,11265,5,N,5,260,C,200,C,99999,9,False,
99999903948,35.25,-97.46667,360.3,2005-10-02 02:52:00,170,5,N,67,5,22000,5,9,N,11265,5,N,5,260,C,190,C,99999,9,False,
99999903948,35.25,-97.46667,360.3,2005-10-02 03:52:00,170,5,N,72,5,22000,5,9,N,11265,5,N,5,260,C,190,C,99999,9,False,
99999903948,35.25,-97.46667,360.3,2005-10-02 04:52:00,170,5,N,67,5,22000,5,9,N,11265,5,N,5,260,C,190,C,99999,9,False,
99999903948,35.25,-97.46667,360.3,2005-10-02 05:52:00,170,5,N,82,5,22000,5,9,N,16093,5,N,5,250,C,190,C,99999,9,False,
99999903948,35.25,-97.46667,360.3,2005-10-02 05:59:00,999,9,9,9999,9,99999,9,9,9,999999,9,9,9,9999,9,9999,9,99999,9,False,
99999903948,35.25,-97.46667,360.3,2005-10-02 06:52:00,170,5,N,72,5,22000,5,9,N,16093,5,N,5,240,C,190,C,99999,9,False,
99999903948,35.25,-97.46667,360.3,2005-10-02 07:52:00,170,5,N,62,5,22000,5,9,N,16093,5,N,5,240,C,190,C,99999,9,False,
99999903948,35.25,-97.46667,360.3,2005-10-02 08:52:00,170,5,N,62,5,22000,5,9,N,16093,5,N,5,230,C,190,C,99999,9,False,
99999903948,35.25,-97.46667,360.3,2005-10-02 09:52:00,180,5,N,67,5,22000,5,9,N,16093,5,N,5,240,C,190,C,99999,9,False,
99999903948,35.25,-97.46667,360.3,2005-10-02 10:52:00,180,5,N,88,5,22000,5,9,N,16093,5,N,5,230,C,190,C,99999,9,False,
99999903948,35.25,-97.46667,360.3,2005-10-02 11:51:00,170,5,N,77,5,22000,5,9,N,16093,5,N,5,230,C,190,C,99999,9,False,
99999903948,35.25,-97.46667,360.3,2005-10-02 12:53:00,180,5,N,62,5,22000,5,9,N,16093,5,N,5,230,C,190,C,99999,9,False,
99999903948,35.25,-97.46667,360.3,2005-10-02 13:52:00,180,5,N,82,5,22000,5,9,N,16093,5,N,5,240,C,200,C,99999,9,False,
99999903948,35.25,-97.46667,360.3,2005-10-02 14:52:00,190,5,N,72,5,22000,5,9,N,16093,5,N,5,260,C,200,C,99999,9,False,
99999903948,35.25,-97.46667,360.3,2005-10-02 15:52:00,200,5,N,82,5,22000,5,9,N,16093,5,N,5,280,C,200,C,99999,9,False,
99999903948,35.25,-97.46667,360.3,2005-10-02 16:52:00,180,5,N,88,5,22000,5,9,N,16093,5,N,5,290,C,200,C,99999,9,False,
99999903948,35.25,-97.46667,360.3,2005-10-02 17:53:00,180,5,N,88,5,22000,5,9,N,16093,5,N,5,300,C,190,C,99999,9,False,
99999903948,35.25,-97.46667,360.3,2005-10-02 18:53:00,180,5,N,98,5,22000,5,9,N,16093,5,N,5,300,C,190,C,99999,9,False,
99999903948,35.25,-97.46667,360.3,2005-10-02 19:13:00,180,5,N,88,5,22000,5,9,N,16093,5,N,5,300,5,180,5,99999,9,False,
99999903948,35.25,-97.46667,360.3,2005-10-02 19:52:00,180,5,N,72,5,22000,5,9,N,16093,5,N,5,310,C,190,C,99999,9,False,
99999903948,35.25,-97.46667,360.3,2005-10-02 20:53:00,180,5,N,88,5,22000,5,9,N,16093,5,N,5,300,C,190,C,99999,9,False,
99999903948,35.25,-97.46667,360.3,2005-10-02 21:53:00,180,5,N,72,5,22000,5,9,N,16093,5,N,5,300,C,190,C,99999,9,False,
99999903948,35.25,-97.46667,360.3,2005-10-02 22:52:00,170,5,N,67,5,22000,5,9,N,16093,5,N,5,300,C,190,C,99999,9,False,
99999903948,35.25,-97.46667,360.3,2005-10-02 23:52:00,170,5,N,41,5,22000,5,9,N,16093,5,N,5,280,C,190,C,99999,9,False,
99999903948,35.25,-97.46667,360.3,2005-10-03 00:52:00,160,5,N,36,5,22000,5,9,N,16093,5,N,5,270,C,190,C,99999,9,False,
99999903948,35.25,-97.46667,360.3,2005-10-03 01:52:00,160,5,N,41,5,22000,5,9,N,16093,5,N,5,260,C,190,C,99999,9,False,
99999903948,35.25,-97.46667,360.3,2005-10-03 02:52:00,160,5,N,36,5,22000,5,9,N,16093,5,N,5,260,C,190,C,99999,9,False,
99999903948,35.25,-97.46667,360.3,2005-10-03 03:52:00,160,5,N,36,5,22000,5,9,N,16093,5,N,5,260,C,190,C,99999,9,False,
99999903948,35.25,-97.46667,360.3,2005-10-03 04:52:00,170,5,N,62,5,22000,5,9,N,16093,5,N,5,260,C,200,C,99999,9,False,
99999903948,35.25,-97.46667,360.3,2005-10-03 05:52:00,170,5,N,57,5,22000,5,9,N,16093,5,N,5,250,C,200,C,99999,9,False,
99999903948,35.25,-97.46667,360.3,2005-10-03 06:52:00,170,5,N,51,5,22000,5,9,N,16093,5,N,5,250,C,210,C,99999,9,False,
99999903948,35.25,-97.46667,360.3,2005-10-03 07:52:00,170,5,N,57,5,22000,5,9,N,16093,5,N,5,240,C,210,C,99999,9,False,
99999903948,35.25,-97.46667,360.3,2005-10-03 08:52:00,170,5,N,57,5,22000,5,9,N,16093,5,N,5,240,C,210,C,99999,9,False,
99999903948,35.25,-97.46667,360.3,2005-10-03 09:52:00,160,5,N,57,5,22000,5,9,N,16093,5,N,5,240,C,210,C,99999,9,False,
99999903948,35.25,-97.46667,360.3,2005-10-03 10:52:00,170,5,N,57,5,22000,5,9,N,16093,5,N,5,240,C,210,C,99999,9,False,
99999903948,35.25,-97.46667,360.3,2005-10-03 11:51:00,170,5,N,46,5,22000,5,9,N,16093,5,N,5,230,C,210,C,99999,9,False,
99999903948,35.25,-97.46667,360.3,2005-10-03 12:53:00,170,5,N,46,5,22000,5,9,N,11265,5,N,5,230,C,210,C,99999,9,False,
99999903948,35.25,-97.46667,360.3,2005-10-03 13:52:00,170,5,N,51,5,22000,5,9,N,11265,5,N,5,240,C,210,C,99999,9,False,
99999903948,35.25,-97.46667,360.3,2005-10-03 14:52:00,180,5,N,67,5,22000,5,9,N,16093,5,N,5,260,C,220,C,99999,9,False,
99999903948,35.25,-97.46667,360.3,2005-10-03 15:52:00,170,5,N,67,5,22000,5,9,N,16093,5,N,5,270,C,220,C,99999,9,False,
99999903948,35.25,-97.46667,360.3,2005-10-03 16:56:00,190,5,N,67,5,22000,5,9,N,16093,5,N,5,270,C,210,C,99999,9,False,
99999903948,35.25,-97.46667,360.3,2005-10-03 17:53:00,190,5,N,82,5,22000,5,9,N,16093,5,N,5,290,C,210,C,99999,9,False,
99999903948,35.25,-97.46667,360.3,2005-10-03 18:52:00,180,5,N,62,5,22000,5,9,N,16093,5,N,5,300,C,210,C,99999,9,False,
99999903948,35.25,-97.46667,360.3,2005-10-03 19:52:00,190,5,N,72,5,22000,5,9,N,16093,5,N,5,310,C,200,C,99999,9,False,
99999903948,35.25,-97.46667,360.3,2005-10-03 20:52:00,200,5,N,72,5,22000,5,9,N,16093,5,N,5,320,C,200,C,99999,9,False,
99999903948,35.25,-97.46667,360.3,2005-10-03 21:53:00,190,5,N,72,5,22000,5,9,N,16093,5,N,5,310,C,190,C,99999,9,False,
99999903948,35.25,-97.46667,360.3,2005-10-03 22:52:00,190,5,N,62,5,22000,5,9,N,16093,5,N,5,310,C,190,C,99999,9,False,
99999903948,35.25,-97.46667,360.3,2005-10-03 23:52:00,160,5,N,46,5,22000,5,9,N,16093,5,N,5,290,C,200,C,99999,9,False,
99999903948,35.25,-97.46667,360.3,2005-10-04 00:52:00,150,5,N,36,5,22000,5,9,N,16093,5,N,5,280,C,200,C,99999,9,False,
99999903948,35.25,-97.46667,360.3,2005-10-04 01:52:00,150,5,N,31,5,22000,5,9,N,16093,5,N,5,270,C,200,C,99999,9,False,
99999903948,35.25,-97.46667,360.3,2005-10-04 02:53:00,140,5,N,57,5,22000,5,9,N,16093,5,N,5,260,C,190,C,99999,9,False,
99999903948,35.25,-97.46667,360.3,2005-10-04 03:52:00,140,5,N,57,5,22000,5,9,N,16093,5,N,5,260,C,190,C,99999,9,False,
99999903948,35.25,-97.46667,360.3,2005-10-04 04:52:00,150,5,N,62,5,22000,5,9,N,16093,5,N,5,260,C,190,C,99999,9,False,
99999903948,35.25,-97.46667,360.3,2005-10-04 05:52:00,160,5,N,51,5,22000,5,9,N,16093,5,N,5,260,C,190,C,99999,9,False,
99999903948,35.25,-97.46667,360.3,2005-10-04 06:52:00,170,5,N,57,5,22000,5,9,N,16093,5,N,5,240,C,190,C,99999,9,False,
99999903948,35.25,-97.46667,360.3,2005-10-04 07:52:00,170,5,N,57,5,22000,5,9,N,16093,5,N,5,240,C,190,C,99999,9,False,
99999903948,35.25,-97.46667,360.3,2005-10-04 08:52:00,170,5,N,51,5,22000,5,9,N,16093,5,N,5,230,C,190,C,99999,9,False,
99999903948,35.25,-97.46667,360.3,2005-10-04 09:52:00,160,5,N,51,5,22000,5,9,N,16093,5,N,5,230,C,190,C,99999,9,False,
99999903948,35.25,-97.46667,360.3,2005-10-04 10:52:00,160,5,N,46,5,22000,5,9,N,16093,5,N,5,220,C,190,C,99999,9,False,
99999903948,35.25,-97.46667,360.3,2005-10-04 11:51:00,160,5,N,46,5,22000,5,9,N,16093,5,N,5,220,C,190,C,99999,9,False,
99999903948,35.25,-97.46667,360.3,2005-10-04 12:54:00,170,5,N,41,5,22000,5,9,N,16093,5,N,5,220,C,190,C,99999,9,False,
99999903948,35.25,-97.46667,360.3,2005-10-04 13:52:00,170,5,N,46,5,22000,5,9,N,16093,5,N,5,230,C,200,C,99999,9,False,
99999903948,35.25,-97.46667,360.3,2005-10-04 14:52:00,180,5,N,57,5,22000,5,9,N,16093,5,N,5,260,C,210,C,99999,9,False,
99999903948,35.25,-97.46667,360.3,2005-10-04 15:52:00,190,5,N,67,5,22000,5,9,N,16093,5,N,5,280,C,210,C,99999,9,False,
99999903948,35.25,-97.46667,360.3,2005-10-04 16:54:00,180,5,N,57,5,22000,5,9,N,16093,5,N,5,290,C,210,C,99999,9,False,
99999903948,35.25,-97.46667,360.3,2005-10-04 17:52:00,180,5,N,67,5,22000,5,9,N,16093,5,N,5,300,C,210,C,99999,9,False,
99999903948,35.25,-97.46667,360.3,2005-10-04 18:52:00,180,5,N,77,5,22000,5,9,N,16093,5,N,5,310,C,210,C,99999,9,False,
99999903948,35.25,-97.46667,360.3,2005-10-04 19:32:00,180,5,N,57,5,22000,5,9,N,16093,5,N,5,310,C,200,C,99999,9,False,
99999903948,35.25,-97.46667,360.3,2005-10-04 20:52:00,180,5,N,62,5,22000,5,9,N,16093,5,N,5,310,C,190,C,99999,9,False,
99999903948,35.25,-97.46667,360.3,2005-10-04 21:52:00,160,5,N,62,5,22000,5,9,N,16093,5,N,5,310,C,190,C,99999,9,False,
99999903948,35.25,-97.46667,360.3,2005-10-04 22:52:00,160,5,N,62,5,22000,5,9,N,16093,5,N,5,310,C,180,C,99999,9,False,
99999903948,35.25,-97.46667,360.3,2005-10-04 23:51:00,160,5,N,57,5,22000,5,9,N,16093,5,N,5,290,C,180,C,99999,9,False,
99999903948,35.25,-97.46667,360.3,2005-10-05 00:52:00,140,5,N,51,5,22000,5,9,N,16093,5,N,5,280,C,190,C,99999,9,False,
99999903948,35.25,-97.46667,360.3,2005-10-05 01:51:00,140,5,N,41,5,22000,5,9,N,16093,5,N,5,260,C,190,C,99999,9,False,
99999903948,35.25,-97.46667,360.3,2005-10-05 02:52:00,150,5,N,51,5,22000,5,9,N,16093,5,N,5,260,C,190,C,99999,9,False,
99999903948,35.25,-97.46667,360.3,2005-10-05 03:52:00,160,5,N,51,5,22000,5,9,N,16093,5,N,5,250,C,190,C,99999,9,False,
99999903948,35.25,-97.46667,360.3,2005-10-05 04:52:00,160,5,N,46,5,22000,5,9,N,16093,5,N,5,240,C,180,C,99999,9,False,
99999903948,35.25,-97.46667,360.3,2005-10-05 05:52:00,170,5,N,57,5,22000,5,9,N,16093,5,N,5,240,C,180,C,99999,9,False,
99999903948,35.25,-97.46667,360.3,2005-10-05 06:52:00,170,5,N,51,5,22000,5,9,N,16093,5,N,5,230,C,180,C,99999,9,False,
99999903948,35.25,-97.46667,360.3,2005-10-05 07:52:00,170,5,N,51,5,22000,5,9,N,16093,5,N,5,230,C,180,C,99999,9,False,
99999903948,35.25,-97.46667,360.3,2005-10-05 08:52:00,170,5,N,41,5,22000,5,9,N,16093,5,N,5,220,C,180,C,99999,9,False,
99999903948,35.25,-97.46667,360.3,2005-10-05 09:51:00,170,5,N,36,5,22000,5,9,N,16093,5,N,5,220,C,180,C,99999,9,False,
99999903948,35.25,-97.46667,360.3,2005-10-05 10:52:00,170,5,N,46,5,22000,5,9,N,16093,5,N,5,220,C,180,C,99999,9,False,
99999903948,35.25,-97.46667,360.3,2005-10-05 11:53:00,170,5,N,57,5,22000,5,9,N,16093,5,N,5,220,C,180,C,99999,9,False,
99999903948,35.25,-97.46667,360.3,2005-10-05 12:52:00,170,5,N,36,5,1280,5,M,N,16093,5,N,5,220,C,180,C,99999,9,False,
99999903948,35.25,-97.46667,360.3,2005-10-05 13:51:00,180,5,N,41,5,22000,5,9,N,16093,5,N,5,220,C,180,C,99999,9,False,
99999903948,35.25,-97.46667,360.3,2005-10-05 14:52:00,180,5,N,51,5,22000,5,9,N,16093,5,N,5,250,C,190,C,99999,9,False,
99999903948,35.25,-97.46667,360.3,2005-10-05 15:52:00,190,5,N,51,5,22000,5,9,N,16093,5,N,5,270,C,200,C,99999,9,False,
99999903948,35.25,-97.46667,360.3,2005-10-05 16:52:00,190,5,N,67,5,22000,5,9,N,16093,5,N,5,290,C,200,C,99999,9,False,
99999903948,35.25,-97.46667,360.3,2005-10-05 17:51:00,200,5,N,62,5,22000,5,9,N,16093,5,N,5,290,C,200,C,99999,9,False,
99999903948,35.25,-97.46667,360.3,2005-10-05 18:52:00,190,5,N,62,5,1280,5,M,N,16093,5,N,5,300,C,190,C,99999,9,False,
99999903948,35.25,-97.46667,360.3,2005-10-05 19:52:00,220,5,N,41,5,22000,5,9,N,16093,5,N,5,310,C,190,C,99999,9,False,
99999903948,35.25,-97.46667,360.3,2005-10-05 20:57:00,330,5,N,88,5,1402,5,M,N,16093,5,N,5,290,C,170,C,99999,9,False,
99999903948,35.25,-97.46667,360.3,2005-10-05 21:52:00,340,5,N,67,5,335,5,M,N,16093,5,N,5,190,C,160,C,99999,9,False,
99999903948,35.25,-97.46667,360.3,2005-10-05 22:52:00,360,5,N,82,5,1341,5,M,N,16093,5,N,5,170,C,160,C,99999,9,False,
99999903948,35.25,-97.46667,360.3,2005-10-05 23:52:00,10,5,N,62,5,22000,5,9,N,16093,5,N,5,160,C,140,C,99999,9,False,
99999903948,35.25,-97.46667,360.3,2005-10-06 00:52:00,350,5,N,62,5,1097,5,M,N,11265,5,N,5,150,C,130,C,99999,9,False,
99999903948,35.25,-97.46667,360.3,2005-10-06 01:52:00,360,5,N,67,5,366,5,M,N,16093,5,N,5,130,C,120,C,99999,9,False,
99999903948,35.25,-97.46667,360.3,2005-10-06 02:53:00,360,5,N,62,5,975,5,M,N,16093,5,N,5,130,C,120,C,99999,9,False,
99999903948,35.25,-97.46667,360.3,2005-10-06 03:52:00,360,5,N,77,5,22000,5,9,N,16093,5,N,5,130,C,120,C,99999,9,False,
99999903948,35.25,-97.46667,360.3,2005-10-06 04:52:00,20,5,N,57,5,1676,5,M,N,16093,5,N,5,140,C,130,C,99999,9,False,
99999903948,35.25,-97.46667,360.3,2005-10-06 05:52:00,10,5,N,77,5,22000,5,9,N,16093,5,N,5,130,C,120,C,99999,9,False,
99999903948,35.25,-97.46667,360.3,2005-10-06 05:59:00,999,9,9,9999,9,99999,9,9,9,999999,9,9,9,9999,9,9999,9,99999,9,False,
99999903948,35.25,-97.46667,360.3,2005-10-06 06:52:00,30,5,N,62,5,22000,5,9,N,16093,5,N,5,130,C,120,C,99999,9,False,
99999903948,35.25,-97.46667,360.3,2005-10-06 07:53:00,20,5,N,57,5,1676,5,M,N,16093,5,N,5,130,C,110,C,99999,9,False,
99999903948,35.25,-97.46667,360.3,2005-10-06 08:52:00,30,5,N,72,5,1676,5,M,N,16093,5,N,5,130,C,110,C,99999,9,False,
99999903948,35.25,-97.46667,360.3,2005-10-06 09:52:00,30,5,N,72,5,1676,5,M,N,16093,5,N,5,130,C,100,C,99999,9,False,
99999903948,35.25,-97.46667,360.3,2005-10-06 10:52:00,20,5,N,72,5,22000,5,9,N,16093,5,N,5,130,C,70,C,99999,9,False,
99999903948,35.25,-97.46667,360.3,2005-10-06 11:52:00,20,5,N,88,5,1676,5,M,N,16093,5,N,5,130,C,50,C,99999,9,False,
99999903948,35.25,-97.46667,360.3,2005-10-06 12:53:00,10,5,N,77,5,22000,5,9,N,16093,5,N,5,120,C,50,C,99999,9,False,
99999903948,35.25,-97.46667,360.3,2005-10-06 13:52:00,10,5,N,77,5,1676,5,M,N,16093,5,N,5,120,C,20,C,99999,9,False,
99999903948,35.25,-97.46667,360.3,2005-10-06 14:52:00,30,5,N,103,5,22000,5,9,N,16093,5,N,5,120,C,20,C,99999,9,False,
99999903948,35.25,-97.46667,360.3,2005-10-06 15:52:00,10,5,N,98,5,22000,5,9,N,16093,5,N,5,130,C,20,C,99999,9,False,
99999903948,35.25,-97.46667,360.3,2005-10-06 16:52:00,30,5,N,93,5,22000,5,9,N,16093,5,N,5,120,C,10,C,99999,9,False,
99999903948,35.25,-97.46667,360.3,2005-10-06 17:52:00,360,5,N,82,5,2286,5,M,N,16093,5,N,5,120,C,20,C,99999,9,False,
99999903948,35.25,-97.46667,360.3,2005-10-06 18:52:00,20,5,N,67,5,2286,5,M,N,16093,5,N,5,120,C,20,C,99999,9,False,
99999903948,35.25,-97.46667,360.3,2005-10-06 19:52:00,10,5,N,67,5,2286,5,M,N,16093,5,N,5,120,C,30,C,99999,9,False,
99999903948,35.25,-97.46667,360.3,2005-10-06 20:52:00,360,5,N,67,5,22000,5,9,N,16093,5,N,5,110,C,30,C,99999,9,False,
99999903948,35.25,-97.46667,360.3,2005-10-06 21:53:00,10,5,N,72,5,22000,5,9,N,16093,5,N,5,90,C,40,C,99999,9,False,
99999903948,35.25,-97.46667,360.3,2005-10-06 22:52:00,10,5,N,51,5,22000,5,9,N,16093,5,N,5,100,C,30,C,99999,9,False,
99999903948,35.25,-97.46667,360.3,2005-10-06 23:52:00,360,5,N,46,5,3048,5,M,N,16093,5,N,5,110,C,30,C,99999,9,False,
99999903948,35.25,-97.46667,360.3,2005-10-07 00:52:00,350,5,N,46,5,2743,5,M,N,16093,5,N,5,100,C,40,C,99999,9,False,
99999903948,35.25,-97.46667,360.3,2005-10-07 01:52:00,10,5,N,46,5,2743,5,M,N,16093,5,N,5,100,C,40,C,99999,9,False,
99999903948,35.25,-97.46667,360.3,2005-10-07 02:52:00,20,5,N,31,5,1463,5,M,N,16093,5,N,5,90,C,50,C,99999,9,False,
99999903948,35.25,-97.46667,360.3,2005-10-07 03:52:00,30,5,N,36,5,1250,5,M,N,16093,5,N,5,90,C,60,C,99999,9,False,
99999903948,35.25,-97.46667,360.3,2005-10-07 04:52:00,10,5,N,21,5,22000,5,9,N,16093,5,N,5,90,C,70,C,99999,9,False,
99999903948,35.25,-97.46667,360.3,2005-10-07 05:52:00,10,5,N,21,5,2743,5,M,N,16093,5,N,5,90,C,70,C,99999,9,False,
99999903948,35.25,-97.46667,360.3,2005-10-07 05:59:00,999,9,9,9999,9,99999,9,9,9,999999,9,9,9,9999,9,9999,9,99999,9,False,
99999903948,35.25,-97.46667,360.3,2005-10-07 06:52:00,10,5,N,26,5,1524,5,M,N,16093,5,N,5,90,C,70,C,99999,9,False,
99999903948,35.25,-97.46667,360.3,2005-10-07 07:52:00,30,5,N,36,5,1372,5,M,N,16093,5,N,5,90,C,70,C,99999,9,False,
99999903948,35.25,-97.46667,360.3,2005-10-07 08:52:00,40,5,N,36,5,2438,5,M,N,16093,5,N,5,90,C,70,C,99999,9,False,
99999903948,35.25,-97.46667,360.3,2005-10-07 09:52:00,30,5,N,46,5,1524,5,M,N,16093,5,N,5,90,C,80,C,99999,9,False,
99999903948,35.25,-97.46667,360.3,2005-10-07 10:52:00,20,5,N,36,5,1829,5,M,N,16093,5,N,5,90,C,70,C,99999,9,False,
99999903948,35.25,-97.46667,360.3,2005-10-07 11:52:00,40,5,N,41,5,1829,5,M,N,16093,5,N,5,90,C,70,C,99999,9,False,
99999903948,35.25,-97.46667,360.3,2005-10-07 12:52:00,20,5,N,41,5,1829,5,M,N,16093,5,N,5,90,C,70,C,99999,9,False,
99999903948,35.25,-97.46667,360.3,2005-10-07 13:53:00,30,5,N,41,5,1829,5,M,N,16093,5,N,5,100,C,70,C,99999,9,False,
99999903948,35.25,-97.46667,360.3,2005-10-07 14:52:00,30,5,N,46,5,1829,5,M,N,16093,5,N,5,110,C,70,C,99999,9,False,
99999903948,35.25,-97.46667,360.3,2005-10-07 15:32:00,30,5,N,57,5,2134,5,M,N,16093,5,N,5,120,C,60,C,99999,9,False,
99999903948,35.25,-97.46667,360.3,2005-10-07 15:53:00,50,5,N,46,5,22000,5,9,N,16093,5,N,5,120,5,60,5,99999,9,False,
99999903948,35.25,-97.46667,360.3,2005-10-07 16:52:00,20,5,N,41,5,22000,5,9,N,16093,5,N,5,160,C,60,C,99999,9,False,
99999903948,35.25,-97.46667,360.3,2005-10-07 17:51:00,30,5,N,51,5,22000,5,9,N,16093,5,N,5,170,C,60,C,99999,9,False,
99999903948,35.25,-97.46667,360.3,2005-10-07 18:51:00,40,5,N,31,5,22000,5,9,N,16093,5,N,5,180,C,40,C,99999,9,False,
99999903948,35.25,-97.46667,360.3,2005-10-07 19:51:00,10,5,N,46,5,22000,5,9,N,16093,5,N,5,190,C,30,C,99999,9,False,
99999903948,35.25,-97.46667,360.3,2005-10-07 20:51:00,20,5,N,31,5,22000,5,9,N,6437,5,N,5,200,C,30,C,99999,9,False,
99999903948,35.25,-97.46667,360.3,2005-10-07 21:51:00,20,5,N,36,5,22000,5,9,N,16093,5,N,5,200,C,20,C,99999,9,False,
99999903948,35.25,-97.46667,360.3,2005-10-07 22:51:00,30,5,N,36,5,22000,5,9,N,16093,5,N,5,190,C,30,C,99999,9,False,
99999903948,35.25,-97.46667,360.3,2005-10-07 23:51:00,50,5,N,26,5,22000,5,9,N,8047,5,N,5,170,C,30,C,99999,9,False,
99999903948,35.25,-97.46667,360.3,2005-10-08 00:52:00,40,5,N,15,5,22000,5,9,N,16093,5,N,5,130,C,40,C,99999,9,False,
99999903948,35.25,-97.46667,360.3,2005-10-08 01:51:00,20,5,N,21,5,22000,5,9,N,16093,5,N,5,110,C,50,C,99999,9,False,
99999903948,35.25,-97.46667,360.3,2005-10-08 02:51:00,999,9,C,0,5,22000,5,9,N,16093,5,N,5,110,C,50,C,99999,9,False,
99999903948,35.25,-97.46667,360.3,2005-10-08 03:51:00,40,5,N,15,5,22000,5,9,N,16093,5,N,5,100,C,40,C,99999,9,False,
99999903948,35.25,-97.46667,360.3,2005-10-08 04:51:00,999,9,C,0,5,22000,5,9,N,16093,5,N,5,90,C,40,C,99999,9,False,
99999903948,35.25,-97.46667,360.3,2005-10-08 05:51:00,70,5,N,15,5,22000,5,9,N,16093,5,N,5,90,C,40,C,99999,9,False,
99999903948,35.25,-97.46667,360.3,2005-10-08 05:59:00,999,9,9,9999,9,99999,9,9,9,999999,9,9,9,9999,9,9999,9,99999,9,False,
99999903948,35.25,-97.46667,360.3,2005-10-08 06:51:00,999,9,C,0,5,22000,5,9,N,16093,5,N,5,80,C,50,C,99999,9,False,
99999903948,35.25,-97.46667,360.3,2005-10-08 07:51:00,50,5,N,21,5,22000,5,9,N,11265,5,N,5,80,C,40,C,99999,9,False,
99999903948,35.25,-97.46667,360.3,2005-10-08 08:51:00,40,5,N,15,5,22000,5,9,N,16093,5,N,5,80,C,40,C,99999,9,False,
99999903948,35.25,-97.46667,360.3,2005-10-08 09:52:00,40,5,N,15,5,22000,5,9,N,16093,5,N,5,70,C,30,C,99999,9,False,
99999903948,35.25,-97.46667,360.3,2005-10-08 10:53:00,40,5,N,15,5,22000,5,9,N,16093,5,N,5,70,C,40,C,99999,9,False,
99999903948,35.25,-97.46667,360.3,2005-10-08 11:52:00,70,5,N,26,5,22000,5,9,N,16093,5,N,5,70,C,30,C,99999,9,False,
99999903948,35.25,-97.46667,360.3,2005-10-08 12:51:00,70,5,N,26,5,22000,5,9,N,16093,5,N,5,60,C,30,C,99999,9,False,
99999903948,35.25,-97.46667,360.3,2005-10-08 13:51:00,50,5,N,21,5,22000,5,9,N,16093,5,N,5,100,C,60,C,99999,9,False,
99999903948,35.25,-97.46667,360.3,2005-10-08 14:51:00,90,5,N,15,5,22000,5,9,N,16093,5,N,5,120,C,60,C,99999,9,False,
99999903948,35.25,-97.46667,360.3,2005-10-08 15:55:00,110,5,N,15,5,22000,5,9,N,16093,5,N,5,160,C,70,C,99999,9,False,
99999903948,35.25,-97.46667,360.3,2005-10-08 16:51:00,999,9,C,0,5,22000,5,9,N,8047,5,N,5,180,C,70,C,99999,9,False,
99999903948,35.25,-97.46667,360.3,2005-10-08 17:51:00,999,9,C,0,5,22000,5,9,N,8047,5,N,5,210,C,60,C,99999,9,False,
99999903948,35.25,-97.46667,360.3,2005-10-08 18:51:00,110,5,N,15,5,22000,5,9,N,999999,9,N,5,220,C,9999,9,99999,9,False,
99999903948,35.25,-97.46667,360.3,2005-10-08 19:52:00,110,5,N,21,5,22000,5,9,N,16093,5,N,5,230,C,60,C,99999,9,False,
99999903948,35.25,-97.46667,360.3,2005-10-08 20:51:00,999,9,C,0,5,22000,5,9,N,16093,5,N,5,240,C,50,C,99999,9,False,
99999903948,35.25,-97.46667,360.3,2005-10-08 21:51:00,120,5,N,26,5,22000,5,9,N,16093,5,N,5,230,C,60,C,99999,9,False,
99999903948,35.25,-97.46667,360.3,2005-10-08 22:52:00,110,5,N,36,5,22000,5,9,N,16093,5,N,5,220,C,40,C,99999,9,False,
99999903948,35.25,-97.46667,360.3,2005-10-08 23:52:00,100,5,N,21,5,22000,5,9,N,16093,5,N,5,200,C,50,C,99999,9,False,
99999903948,35.25,-97.46667,360.3,2005-10-09 00:51:00,999,9,C,0,5,22000,5,9,N,999999,9,N,5,170,C,60,C,99999,9,False,
99999903948,35.25,-97.46667,360.3,2005-10-09 01:52:00,170,5,N,21,5,22000,5,9,N,16093,5,N,5,140,C,70,C,99999,9,False,
99999903948,35.25,-97.46667,360.3,2005-10-09 02:51:00,120,5,N,21,5,22000,5,9,N,16093,5,N,5,9999,9,9999,9,99999,9,False,
99999903948,35.25,-97.46667,360.3,2005-10-09 03:52:00,100,5,N,21,5,22000,5,9,N,16093,5,N,5,130,C,60,C,99999,9,False,
99999903948,35.25,-97.46667,360.3,2005-10-09 04:52:00,120,5,N,21,5,22000,5,9,N,16093,5,N,5,130,C,70,C,99999,9,False,
99999903948,35.25,-97.46667,360.3,2005-10-09 05:52:00,999,9,C,0,5,22000,5,9,N,16093,5,N,5,110,C,70,C,99999,9,False,
99999903948,35.25,-97.46667,360.3,2005-10-09 05:59:00,999,9,9,9999,9,99999,9,9,9,999999,9,9,9,9999,9,9999,9,99999,9,False,
99999903948,35.25,-97.46667,360.3,2005-10-09 06:51:00,999,9,C,0,5,22000,5,9,N,999999,9,N,5,90,C,60,C,99999,9,False,
99999903948,35.25,-97.46667,360.3,2005-10-09 07:52:00,999,9,C,0,5,22000,5,9,N,16093,5,N,5,90,C,50,C,99999,9,False,
99999903948,35.25,-97.46667,360.3,2005-10-09 08:52:00,999,9,C,0,5,22000,5,9,N,16093,5,N,5,90,C,50,C,99999,9,False,
99999903948,35.25,-97.46667,360.3,2005-10-09 09:52:00,999,9,C,0,5,22000,5,9,N,16093,5,N,5,90,C,60,C,99999,9,False,
99999903948,35.25,-97.46667,360.3,2005-10-09 10:52:00,999,9,C,0,5,22000,5,9,N,16093,5,N,5,80,C,40,C,99999,9,False,
99999903948,35.25,-97.46667,360.3,2005-10-09 11:52:00,999,9,C,0,5,22000,5,9,N,16093,5,N,5,80,C,60,C,99999,9,False,
99999903948,35.25,-97.46667,360.3,2005-10-09 12:52:00,999,9,C,0,5,2134,5,M,N,16093,5,N,5,100,C,70,C,99999,9,False,
99999903948,35.25,-97.46667,360.3,2005-10-09 13:52:00,180,5,N,36,5,2134,5,M,N,16093,5,N,5,120,C,70,C,99999,9,False,
99999903948,35.25,-97.46667,360.3,2005-10-09 14:52:00,170,5,N,41,5,2134,5,M,N,16093,5,N,5,140,C,80,C,99999,9,False,
99999903948,35.25,-97.46667,360.3,2005-10-09 15:52:00,170,5,N,21,5,2134,5,M,N,16093,5,N,5,170,C,80,C,99999,9,False,
99999903948,35.25,-97.46667,360.3,2005-10-09 16:52:00,180,5,N,46,5,22000,5,9,N,16093,5,N,5,190,C,80,C,99999,9,False,
99999903948,35.25,-97.46667,360.3,2005-10-09 17:53:00,170,5,N,51,5,22000,5,9,N,16093,5,N,5,210,C,80,C,99999,9,False,
99999903948,35.25,-97.46667,360.3,2005-10-09 18:52:00,150,5,N,57,5,22000,5,9,N,16093,5,N,5,220,C,80,C,99999,9,False,
99999903948,35.25,-97.46667,360.3,2005-10-09 19:52:00,150,5,N,62,5,22000,5,9,N,16093,5,N,5,230,C,70,C,99999,9,False,
99999903948,35.25,-97.46667,360.3,2005-10-09 20:52:00,150,5,N,36,5,22000,5,9,N,16093,5,N,5,240,C,80,C,99999,9,False,
99999903948,35.25,-97.46667,360.3,2005-10-09 21:52:00,170,5,N,57,5,22000,5,9,N,16093,5,N,5,240,C,80,C,99999,9,False,
99999903948,35.25,-97.46667,360.3,2005-10-09 22:51:00,150,5,N,57,5,22000,5,9,N,16093,5,N,5,240,C,80,C,99999,9,False,
99999903948,35.25,-97.46667,360.3,2005-10-09 23:52:00,140,5,N,26,5,22000,5,9,N,16093,5,N,5,220,C,70,C,99999,9,False,
99999903948,35.25,-97.46667,360.3,2005-10-10 00:52:00,130,5,N,26,5,22000,5,9,N,16093,5,N,5,190,C,80,C,99999,9,False,
99999903948,35.25,-97.46667,360.3,2005-10-10 01:51:00,130,5,N,31,5,22000,5,9,N,16093,5,N,5,180,C,80,C,99999,9,False,
99999903948,35.25,-97.46667,360.3,2005-10-10 02:51:00,130,5,N,41,5,22000,5,9,N,16093,5,N,5,180,C,80,C,99999,9,False,
99999903948,35.25,-97.46667,360.3,2005-10-10 03:51:00,140,5,N,41,5,22000,5,9,N,16093,5,N,5,170,C,9999,9,99999,9,False,
99999903948,35.25,-97.46667,360.3,2005-10-10 04:51:00,150,5,N,31,5,22000,5,9,N,16093,5,N,5,170,C,70,C,99999,9,False,
99999903948,35.25,-97.46667,360.3,2005-10-10 05:51:00,11,5,N,31,5,22000,5,9,N,16093,5,N,5,170,C,70,C,99999,9,False,
99999903948,35.25,-97.46667,360.3,2005-10-10 06:51:00,160,5,N,41,5,22000,5,9,N,16093,5,N,5,160,C,70,C,99999,9,False,
99999903948,35.25,-97.46667,360.3,2005-10-10 07:51:00,140,5,N,31,5,22000,5,9,N,16093,5,N,5,150,C,80,C,99999,9,False,
99999903948,35.25,-97.46667,360.3,2005-10-10 08:52:00,140,5,N,31,5,22000,5,9,N,16093,5,N,5,150,C,80,C,99999,9,False,
99999903948,35.25,-97.46667,360.3,2005-10-10 09:52:00,130,5,N,36,5,22000,5,9,N,16093,5,N,5,150,C,80,C,99999,9,False,
99999903948,35.25,-97.46667,360.3,2005-10-10 10:52:00,110,5,N,36,5,22000,5,9,N,16093,5,N,5,150,C,80,C,99999,9,False,
99999903948,35.25,-97.46667,360.3,2005-10-10 11:52:00,140,5,N,51,5,3658,5,M,N,16093,5,N,5,150,C,90,C,99999,9,False,
99999903948,35.25,-97.46667,360.3,2005-10-10 12:51:00,130,5,N,51,5,3353,5,M,N,11265,5,N,5,150,C,90,C,99999,9,False,
99999903948,35.25,-97.46667,360.3,2005-10-10 13:51:00,130,5,N,26,5,3048,5,M,N,11265,5,N,5,150,C,100,C,99999,9,False,
99999903948,35.25,-97.46667,360.3,2005-10-10 14:52:00,130,5,N,31,5,3048,5,M,N,4828,5,N,5,150,C,100,C,99999,9,False,
99999903948,35.25,-97.46667,360.3,2005-10-10 15:52:00,120,5,N,36,5,22000,5,9,N,16093,5,N,5,170,C,100,C,99999,9,False,
99999903948,35.25,-97.46667,360.3,2005-10-10 16:51:00,140,5,N,46,5,22000,5,9,N,16093,5,N,5,190,C,100,C,99999,9,False,
99999903948,35.25,-97.46667,360.3,2005-10-10 17:53:00,150,5,N,51,5,2438,5,M,N,16093,5,N,5,190,C,100,C,99999,9,False,
99999903948,35.25,-97.46667,360.3,2005-10-10 18:52:00,120,5,N,46,5,2438,5,M,N,16093,5,N,5,200,C,110,C,99999,9,False,
99999903948,35.25,-97.46667,360.3,2005-10-10 19:52:00,140,5,N,41,5,2134,5,M,N,16093,5,N,5,200,C,100,C,99999,9,False,
99999903948,35.25,-97.46667,360.3,2005-10-10 20:52:00,150,5,N,36,5,22000,5,9,N,16093,5,N,5,210,C,100,C,99999,9,False,
99999903948,35.25,-97.46667,360.3,2005-10-10 21:52:00,170,5,N,26,5,22000,5,9,N,16093,5,N,5,210,C,110,C,99999,9,False,
99999903948,35.25,-97.46667,360.3,2005-10-10 22:52:00,130,5,N,41,5,22000,5,9,N,16093,5,N,5,210,C,110,C,99999,9,False,
99999903948,35.25,-97.46667,360.3,2005-10-10 23:52:00,170,5,N,26,5,22000,5,9,N,16093,5,N,5,190,C,110,C,99999,9,False,
99999903948,35.25,-97.46667,360.3,2005-10-11 00:52:00,160,5,N,15,5,1524,5,M,N,16093,5,N,5,190,C,110,C,99999,9,False,
99999903948,35.25,-97.46667,360.3,2005-10-11 01:52:00,70,5,N,26,5,22000,5,9,N,16093,5,N,5,160,C,120,C,99999,9,False,
99999903948,35.25,-97.46667,360.3,2005-10-11 02:52:00,999,9,C,0,5,1524,5,M,N,16093,5,N,5,160,C,140,C,99999,9,False,
99999903948,35.25,-97.46667,360.3,2005-10-11 03:52:00,50,5,N,21,5,1829,5,M,N,16093,5,N,5,160,C,140,C,99999,9,False,
99999903948,35.25,-97.46667,360.3,2005-10-11 04:52:00,340,5,N,21,5,1829,5,M,N,16093,5,N,5,160,C,130,C,99999,9,False,
99999903948,35.25,-97.46667,360.3,2005-10-11 05:52:00,60,5,N,21,5,2286,5,M,N,11265,5,N,5,150,C,130,C,99999,9,False,
99999903948,35.25,-97.46667,360.3,2005-10-11 05:59:00,999,9,9,9999,9,99999,9,9,9,999999,9,9,9,9999,9,9999,9,99999,9,False,
99999903948,35.25,-97.46667,360.3,2005-10-11 06:52:00,90,5,N,15,5,884,5,M,N,11265,5,N,5,150,C,130,C,99999,9,False,
99999903948,35.25,-97.46667,360.3,2005-10-11 07:52:00,999,9,C,0,5,1676,5,M,N,16093,5,N,5,140,C,130,C,99999,9,False,
99999903948,35.25,-97.46667,360.3,2005-10-11 08:53:00,110,5,N,15,5,2591,5,M,N,16093,5,N,5,140,C,130,C,99999,9,False,
99999903948,35.25,-97.46667,360.3,2005-10-11 09:52:00,120,5,N,36,5,1341,5,M,N,16093,5,N,5,140,C,130,C,99999,9,False,
99999903948,35.25,-97.46667,360.3,2005-10-11 10:52:00,140,5,N,31,5,22000,5,9,N,16093,5,N,5,140,C,120,C,99999,9,False,
99999903948,35.25,-97.46667,360.3,2005-10-11 11:52:00,140,5,N,26,5,22000,5,9,N,11265,5,N,5,140,C,120,C,99999,9,False,
99999903948,35.25,-97.46667,360.3,2005-10-11 12:53:00,130,5,N,26,5,884,5,M,N,11265,5,N,5,140,C,120,C,99999,9,False,
99999903948,35.25,-97.46667,360.3,2005-10-11 13:52:00,150,5,N,21,5,945,5,M,N,11265,5,N,5,150,C,130,C,99999,9,False,
99999903948,35.25,-97.46667,360.3,2005-10-11 14:52:00,170,5,N,41,5,1280,5,M,N,11265,5,N,5,160,C,130,C,99999,9,False,
99999903948,35.25,-97.46667,360.3,2005-10-11 15:52:00,170,5,N,41,5,1524,5,M,N,11265,5,N,5,180,C,150,C,99999,9,False,
99999903948,35.25,-97.46667,360.3,2005-10-11 16:52:00,150,5,N,15,5,792,5,M,N,16093,5,N,5,190,C,160,C,99999,9,False,
99999903948,35.25,-97.46667,360.3,2005-10-11 17:53:00,210,5,N,46,5,671,5,M,N,16093,5,N,5,210,C,160,C,99999,9,False,
99999903948,35.25,-97.46667,360.3,2005-10-11 18:52:00,210,5,N,36,5,1006,5,M,N,16093,5,N,5,210,C,150,C,99999,9,False,
99999903948,35.25,-97.46667,360.3,2005-10-11 19:52:00,190,5,N,36,5,22000,5,9,N,16093,5,N,5,230,C,140,C,99999,9,False,
99999903948,35.25,-97.46667,360.3,2005-10-11 20:52:00,250,5,N,31,5,1097,5,M,N,16093,5,N,5,230,C,140,C,99999,9,False,
99999903948,35.25,-97.46667,360.3,2005-10-11 21:52:00,220,5,N,36,5,22000,5,9,N,16093,5,N,5,230,C,140,C,99999,9,False,
99999903948,35.25,-97.46667,360.3,2005-10-11 22:52:00,190,5,N,26,5,22000,5,9,N,16093,5,N,5,230,C,140,C,99999,9,False,
99999903948,35.25,-97.46667,360.3,2005-10-11 23:52:00,190,5,N,21,5,22000,5,9,N,16093,5,N,5,210,C,140,C,99999,9,False,
99999903948,35.25,-97.46667,360.3,2005-10-12 00:52:00,999,9,C,0,5,22000,5,9,N,16093,5,N,5,180,C,140,C,99999,9,False,
99999903948,35.25,-97.46667,360.3,2005-10-12 01:53:00,999,9,C,0,5,22000,5,9,N,16093,5,N,5,170,C,130,C,99999,9,False,
99999903948,35.25,-97.46667,360.3,2005-10-12 02:52:00,999,9,C,0,5,22000,5,9,N,16093,5,N,5,160,C,130,C,99999,9,False,
99999903948,35.25,-97.46667,360.3,2005-10-12 03:52:00,200,5,N,15,5,22000,5,9,N,16093,5,N,5,150,C,120,C,99999,9,False,
99999903948,35.25,-97.46667,360.3,2005-10-12 04:52:00,999,9,C,0,5,22000,5,9,N,16093,5,N,5,130,C,110,C,99999,9,False,
99999903948,35.25,-97.46667,360.3,2005-10-12 05:52:00,999,9,C,0,5,22000,5,9,N,16093,5,N,5,130,C,110,C,99999,9,False,
99999903948,35.25,-97.46667,360.3,2005-10-12 05:59:00,999,9,9,9999,9,99999,9,9,9,999999,9,9,9,9999,9,9999,9,99999,9,False,
99999903948,35.25,-97.46667,360.3,2005-10-12 06:52:00,999,9,C,0,5,22000,5,9,N,11265,5,N,5,130,C,110,C,99999,9,False,
99999903948,35.25,-97.46667,360.3,2005-10-12 07:52:00,999,9,C,0,5,22000,5,9,N,11265,5,N,5,120,C,110,C,99999,9,False,
99999903948,35.25,-97.46667,360.3,2005-10-12 08:52:00,999,9,C,0,5,22000,5,9,N,4828,5,N,5,120,C,100,C,99999,9,False,
99999903948,35.25,-97.46667,360.3,2005-10-12 09:52:00,999,9,C,0,5,152,5,W,N,1207,5,N,5,110,C,90,C,99999,9,False,
99999903948,35.25,-97.46667,360.3,2005-10-12 10:52:00,999,9,C,0,5,22000,5,9,N,3219,5,N,5,110,C,90,C,99999,9,False,
99999903948,35.25,-97.46667,360.3,2005-10-12 11:52:00,999,9,C,0,5,22000,5,9,N,8047,5,N,5,110,C,90,C,99999,9,False,
99999903948,35.25,-97.46667,360.3,2005-10-12 12:12:00,340,5,N,15,5,22000,5,9,N,4828,5,N,5,110,C,90,C,99999,9,False,
99999903948,35.25,-97.46667,360.3,2005-10-12 13:52:00,330,5,N,21,5,22000,5,9,N,11265,5,N,5,150,C,130,C,99999,9,False,
99999903948,35.25,-97.46667,360.3,2005-10-12 14:52:00,330,5,N,15,5,22000,5,9,N,16093,5,N,5,170,C,140,C,99999,9,False,
99999903948,35.25,-97.46667,360.3,2005-10-12 15:56:00,30,5,N,15,5,22000,5,9,N,16093,5,N,5,210,C,170,C,99999,9,False,
99999903948,35.25,-97.46667,360.3,2005-10-12 16:52:00,999,9,C,0,5,22000,5,9,N,16093,5,N,5,230,C,160,C,99999,9,False,
99999903948,35.25,-97.46667,360.3,2005-10-12 17:52:00,290,5,N,15,5,22000,5,9,N,16093,5,N,5,250,C,140,C,99999,9,False,
99999903948,35.25,-97.46667,360.3,2005-10-12 18:52:00,999,9,C,0,5,22000,5,9,N,16093,5,N,5,260,C,130,C,99999,9,False,
99999903948,35.25,-97.46667,360.3,2005-10-12 19:52:00,190,5,N,21,5,22000,5,9,N,16093,5,N,5,270,C,120,C,99999,9,False,
99999903948,35.25,-97.46667,360.3,2005-10-12 20:52:00,220,5,N,26,5,22000,5,9,N,16093,5,N,5,270,C,130,C,99999,9,False,
99999903948,35.25,-97.46667,360.3,2005-10-12 21:52:00,999,9,C,0,5,22000,5,9,N,16093,5,N,5,250,C,130,C,99999,9,False,
99999903948,35.25,-97.46667,360.3,2005-10-12 22:52:00,280,5,N,15,5,22000,5,9,N,16093,5,N,5,260,C,120,C,99999,9,False,
99999903948,35.25,-97.46667,360.3,2005-10-12 23:52:00,999,9,C,0,5,22000,5,9,N,16093,5,N,5,230,C,120,C,99999,9,False,
99999903948,35.25,-97.46667,360.3,2005-10-13 00:52:00,10,5,N,31,5,22000,5,9,N,16093,5,N,5,200,C,130,C,99999,9,False,
99999903948,35.25,-97.46667,360.3,2005-10-13 01:52:00,40,5,N,26,5,22000,5,9,N,16093,5,N,5,180,C,130,C,99999,9,False,
99999903948,35.25,-97.46667,360.3,2005-10-13 02:52:00,30,5,N,15,5,22000,5,9,N,16093,5,N,5,170,C,120,C,99999,9,False,
99999903948,35.25,-97.46667,360.3,2005-10-13 03:52:00,999,9,C,0,5,22000,5,9,N,16093,5,N,5,160,C,120,C,99999,9,False,
99999903948,35.25,-97.46667,360.3,2005-10-13 04:52:00,70,5,N,15,5,22000,5,9,N,16093,5,N,5,140,C,120,C,99999,9,False,
99999903948,35.25,-97.46667,360.3,2005-10-13 05:52:00,330,5,N,15,5,3048,5,M,N,16093,5,N,5,160,C,130,C,99999,9,False,
99999903948,35.25,-97.46667,360.3,2005-10-13 05:59:00,999,9,9,9999,9,99999,9,9,9,999999,9,9,9,9999,9,9999,9,99999,9,False,
99999903948,35.25,-97.46667,360.3,2005-10-13 06:52:00,999,9,C,0,5,22000,5,9,N,16093,5,N,5,150,C,120,C,99999,9,False,
99999903948,35.25,-97.46667,360.3,2005-10-13 07:52:00,999,9,C,0,5,1829,5,M,N,16093,5,N,5,150,C,130,C,99999,9,False,
99999903948,35.25,-97.46667,360.3,2005-10-13 08:52:00,999,9,C,0,5,1524,5,M,N,16093,5,N,5,150,C,120,C,99999,9,False,
99999903948,35.25,-97.46667,360.3,2005-10-13 09:52:00,999,9,C,0,5,2896,5,M,N,16093,5,N,5,140,C,120,C,99999,9,False,
99999903948,35.25,-97.46667,360.3,2005-10-13 10:52:00,999,9,C,0,5,22000,5,9,N,16093,5,N,5,140,C,120,C,99999,9,False,
99999903948,35.25,-97.46667,360.3,2005-10-13 11:52:00,10,5,N,21,5,22000,5,9,N,11265,5,N,5,130,C,110,C,99999,9,False,
99999903948,35.25,-97.46667,360.3,2005-10-13 12:52:00,999,9,C,0,5,22000,5,9,N,8047,5,N,5,130,C,120,C,99999,9,False,
99999903948,35.25,-97.46667,360.3,2005-10-13 13:52:00,999,9,C,0,5,22000,5,9,N,11265,5,N,5,170,C,140,C,99999,9,False,
99999903948,35.25,-97.46667,360.3,2005-10-13 14:52:00,999,9,C,0,5,22000,5,9,N,16093,5,N,5,240,C,170,C,99999,9,False,
99999903948,35.25,-97.46667,360.3,2005-10-13 15:52:00,999,9,C,0,5,22000,5,9,N,16093,5,N,5,250,C,160,C,99999,9,False,
99999903948,35.25,-97.46667,360.3,2005-10-13 16:52:00,310,5,N,15,5,22000,5,9,N,16093,5,N,5,260,C,130,C,99999,9,False,
99999903948,35.25,-97.46667,360.3,2005-10-13 17:52:00,999,9,C,0,5,22000,5,9,N,16093,5,N,5,270,C,130,C,99999,9,False,
99999903948,35.25,-97.46667,360.3,2005-10-13 18:52:00,290,5,N,26,5,22000,5,9,N,16093,5,N,5,270,C,110,C,99999,9,False,
99999903948,35.25,-97.46667,360.3,2005-10-13 19:52:00,999,9,C,0,5,22000,5,9,N,16093,5,N,5,270,C,120,C,99999,9,False,
99999903948,35.25,-97.46667,360.3,2005-10-13 20:52:00,320,5,N,15,5,22000,5,9,N,16093,5,N,5,280,C,120,C,99999,9,False,
99999903948,35.25,-97.46667,360.3,2005-10-13 21:52:00,999,9,C,0,5,22000,5,9,N,16093,5,N,5,260,C,100,C,99999,9,False,
99999903948,35.25,-97.46667,360.3,2005-10-13 22:52:00,320,5,N,15,5,22000,5,9,N,16093,5,N,5,260,C,90,C,99999,9,False,
99999903948,35.25,-97.46667,360.3,2005-10-13 23:52:00,290,5,N,15,5,22000,5,9,N,16093,5,N,5,230,C,90,C,99999,9,False,
99999903948,35.25,-97.46667,360.3,2005-10-14 00:52:00,999,9,C,0,5,22000,5,9,N,16093,5,N,5,190,C,110,C,99999,9,False,
99999903948,35.25,-97.46667,360.3,2005-10-14 01:52:00,999,9,C,0,5,22000,5,9,N,16093,5,N,5,160,C,100,C,99999,9,False,
99999903948,35.25,-97.46667,360.3,2005-10-14 02:52:00,999,9,C,0,5,22000,5,9,N,16093,5,N,5,150,C,110,C,99999,9,False,
99999903948,35.25,-97.46667,360.3,2005-10-14 03:52:00,999,9,C,0,5,22000,5,9,N,16093,5,N,5,140,C,110,C,99999,9,False,
99999903948,35.25,-97.46667,360.3,2005-10-14 04:52:00,999,9,C,0,5,22000,5,9,N,16093,5,N,5,140,C,110,C,99999,9,False,
99999903948,35.25,-97.46667,360.3,2005-10-14 05:52:00,999,9,C,0,5,22000,5,9,N,16093,5,N,5,130,C,110,C,99999,9,False,
99999903948,35.25,-97.46667,360.3,2005-10-14 05:59:00,999,9,9,9999,9,99999,9,9,9,999999,9,9,9,9999,9,9999,9,99999,9,False,
99999903948,35.25,-97.46667,360.3,2005-10-14 06:52:00,999,9,C,0,5,22000,5,9,N,16093,5,N,5,130,C,100,C,99999,9,False,
99999903948,35.25,-97.46667,360.3,2005-10-14 07:52:00,999,9,C,0,5,22000,5,9,N,16093,5,N,5,120,C,100,C,99999,9,False,
99999903948,35.25,-97.46667,360.3,2005-10-14 08:52:00,999,9,C,0,5,22000,5,9,N,16093,5,N,5,110,C,90,C,99999,9,False,
99999903948,35.25,-97.46667,360.3,2005-10-14 09:52:00,999,9,C,0,5,22000,5,9,N,11265,5,N,5,110,C,90,C,99999,9,False,
99999903948,35.25,-97.46667,360.3,2005-10-14 10:52:00,999,9,C,0,5,22000,5,9,N,16093,5,N,5,110,C,90,C,99999,9,False,
99999903948,35.25,-97.46667,360.3,2005-10-14 11:53:00,999,9,C,0,5,22000,5,9,N,8047,5,N,5,100,C,80,C,99999,9,False,
99999903948,35.25,-97.46667,360.3,2005-10-14 12:52:00,999,9,C,0,5,22000,5,9,N,8047,5,N,5,110,C,90,C,99999,9,False,
99999903948,35.25,-97.46667,360.3,2005-10-14 13:52:00,999,9,C,0,5,22000,5,9,N,16093,5,N,5,160,C,140,C,99999,9,False,
99999903948,35.25,-97.46667,360.3,2005-10-14 14:51:00,999,9,C,0,5,22000,5,9,N,16093,5,N,5,210,C,140,C,99999,9,False,
99999903948,35.25,-97.46667,360.3,2005-10-14 15:52:00,290,5,N,31,5,22000,5,9,N,16093,5,N,5,240,C,130,C,99999,9,False,
99999903948,35.25,-97.46667,360.3,2005-10-14 16:51:00,260,5,N,26,5,22000,5,9,N,16093,5,N,5,270,C,130,C,99999,9,False,
99999903948,35.25,-97.46667,360.3,2005-10-14 17:51:00,210,5,N,15,5,22000,5,9,N,16093,5,N,5,280,C,140,C,99999,9,False,
99999903948,35.25,-97.46667,360.3,2005-10-14 18:51:00,999,9,C,0,5,22000,5,9,N,16093,5,N,5,280,C,140,C,99999,9,False,
99999903948,35.25,-97.46667,360.3,2005-10-14 19:51:00,280,5,N,31,5,22000,5,9,N,16093,5,N,5,290,C,130,C,99999,9,False,
99999903948,35.25,-97.46667,360.3,2005-10-14 20:51:00,250,5,N,15,5,22000,5,9,N,16093,5,N,5,290,C,110,C,99999,9,False,
99999903948,35.25,-97.46667,360.3,2005-10-14 21:51:00,240,5,N,21,5,22000,5,9,N,16093,5,N,5,290,C,120,C,99999,9,False,
99999903948,35.25,-97.46667,360.3,2005-10-14 22:51:00,190,5,N,21,5,22000,5,9,N,16093,5,N,5,280,C,120,C,99999,9,False,
99999903948,35.25,-97.46667,360.3,2005-10-14 23:51:00,160,5,N,15,5,22000,5,9,N,11265,5,N,5,260,C,120,C,99999,9,False,
99999903948,35.25,-97.46667,360.3,2005-10-15 00:51:00,180,5,N,15,5,22000,5,9,N,16093,5,N,5,220,C,130,C,99999,9,False,
99999903948,35.25,-97.46667,360.3,2005-10-15 01:51:00,190,5,N,26,5,22000,5,9,N,16093,5,N,5,200,C,140,C,99999,9,False,
99999903948,35.25,-97.46667,360.3,2005-10-15 02:51:00,200,5,N,21,5,22000,5,9,N,16093,5,N,5,190,C,130,C,99999,9,False,
99999903948,35.25,-97.46667,360.3,2005-10-15 03:51:00,190,5,N,26,5,22000,5,9,N,16093,5,N,5,180,C,130,C,99999,9,False,
99999903948,35.25,-97.46667,360.3,2005-10-15 04:51:00,190,5,N,15,5,22000,5,9,N,16093,5,N,5,170,C,120,C,99999,9,False,
99999903948,35.25,-97.46667,360.3,2005-10-15 05:51:00,210,5,N,15,5,22000,5,9,N,16093,5,N,5,160,C,120,C,99999,9,False,
99999903948,35.25,-97.46667,360.3,2005-10-15 05:59:00,999,9,9,9999,9,99999,9,9,9,999999,9,9,9,9999,9,9999,9,99999,9,False,
99999903948,35.25,-97.46667,360.3,2005-10-15 06:51:00,999,9,C,0,5,22000,5,9,N,16093,5,N,5,140,C,110,C,99999,9,False,
99999903948,35.25,-97.46667,360.3,2005-10-15 07:51:00,220,5,N,15,5,22000,5,9,N,16093,5,N,5,140,C,120,C,99999,9,False,
99999903948,35.25,-97.46667,360.3,2005-10-15 08:52:00,250,5,N,15,5,22000,5,9,N,16093,5,N,5,140,C,120,C,99999,9,False,
99999903948,35.25,-97.46667,360.3,2005-10-15 09:51:00,250,5,N,21,5,22000,5,9,N,16093,5,N,5,150,C,110,C,99999,9,False,
99999903948,35.25,-97.46667,360.3,2005-10-15 10:51:00,999,9,C,0,5,22000,5,9,N,16093,5,N,5,140,C,110,C,99999,9,False,
99999903948,35.25,-97.46667,360.3,2005-10-15 11:52:00,999,9,C,0,5,22000,5,9,N,16093,5,N,5,140,C,110,C,99999,9,False,
99999903948,35.25,-97.46667,360.3,2005-10-15 12:51:00,999,9,C,0,5,22000,5,9,N,16093,5,N,5,130,C,110,C,99999,9,False,
99999903948,35.25,-97.46667,360.3,2005-10-15 13:51:00,999,9,C,0,5,22000,5,9,N,16093,5,N,5,190,C,150,C,99999,9,False,
99999903948,35.25,-97.46667,360.3,2005-10-15 14:51:00,240,5,N,15,5,22000,5,9,N,16093,5,N,5,240,C,140,C,99999,9,False,
99999903948,35.25,-97.46667,360.3,2005-10-15 15:51:00,210,5,N,26,5,22000,5,9,N,16093,5,N,5,260,C,140,C,99999,9,False,
99999903948,35.25,-97.46667,360.3,2005-10-15 16:51:00,230,5,N,46,5,22000,5,9,N,16093,5,N,5,280,C,110,C,99999,9,False,
99999903948,35.25,-97.46667,360.3,2005-10-15 17:51:00,190,5,N,46,5,22000,5,9,N,16093,5,N,5,280,C,80,C,99999,9,False,
99999903948,35.25,-97.46667,360.3,2005-10-15 18:53:00,220,5,N,51,5,22000,5,9,N,16093,5,N,5,290,C,80,C,99999,9,False,
99999903948,35.25,-97.46667,360.3,2005-10-15 19:51:00,210,5,N,21,5,22000,5,9,N,16093,5,N,5,290,C,80,C,99999,9,False,
99999903948,35.25,-97.46667,360.3,2005-10-15 20:51:00,190,5,N,41,5,22000,5,9,N,16093,5,N,5,290,C,100,C,99999,9,False,
99999903948,35.25,-97.46667,360.3,2005-10-15 21:51:00,160,5,N,15,5,22000,5,9,N,16093,5,N,5,280,C,90,C,99999,9,False,
99999903948,35.25,-97.46667,360.3,2005-10-15 22:51:00,180,5,N,31,5,22000,5,9,N,16093,5,N,5,260,C,90,C,99999,9,False,
99999903948,35.25,-97.46667,360.3,2005-10-15 23:51:00,190,5,N,21,5,22000,5,9,N,16093,5,N,5,230,C,90,C,99999,9,False,
99999903948,35.25,-97.46667,360.3,2005-10-16 00:51:00,180,5,N,21,5,22000,5,9,N,16093,5,N,5,220,C,110,C,99999,9,False,
99999903948,35.25,-97.46667,360.3,2005-10-16 01:51:00,999,9,C,0,5,22000,5,9,N,16093,5,N,5,190,C,110,C,99999,9,False,
99999903948,35.25,-97.46667,360.3,2005-10-16 02:51:00,160,5,N,15,5,22000,5,9,N,16093,5,N,5,190,C,120,C,99999,9,False,
99999903948,35.25,-97.46667,360.3,2005-10-16 03:51:00,180,5,N,15,5,22000,5,9,N,16093,5,N,5,190,C,110,C,99999,9,False,
99999903948,35.25,-97.46667,360.3,2005-10-16 04:51:00,999,9,C,0,5,22000,5,9,N,16093,5,N,5,190,C,110,C,99999,9,False,
99999903948,35.25,-97.46667,360.3,2005-10-16 05:51:00,160,5,N,15,5,22000,5,9,N,16093,5,N,5,180,C,110,C,99999,9,False,
99999903948,35.25,-97.46667,360.3,2005-10-16 06:51:00,999,9,C,0,5,22000,5,9,N,16093,5,N,5,180,C,110,C,99999,9,False,
99999903948,35.25,-97.46667,360.3,2005-10-16 07:51:00,999,9,C,0,5,22000,5,9,N,16093,5,N,5,160,C,110,C,99999,9,False,
99999903948,35.25,-97.46667,360.3,2005-10-16 08:51:00,999,9,C,0,5,22000,5,9,N,16093,5,N,5,140,C,110,C,99999,9,False,
99999903948,35.25,-97.46667,360.3,2005-10-16 09:51:00,999,9,C,0,5,22000,5,9,N,16093,5,N,5,150,C,110,C,99999,9,False,
99999903948,35.25,-97.46667,360.3,2005-10-16 10:51:00,999,9,C,0,5,22000,5,9,N,16093,5,N,5,130,C,90,C,99999,9,False,
99999903948,35.25,-97.46667,360.3,2005-10-16 11:52:00,999,9,C,0,5,22000,5,9,N,16093,5,N,5,120,C,90,C,99999,9,False,
99999903948,35.25,-97.46667,360.3,2005-10-16 12:51:00,999,9,C,0,5,22000,5,9,N,16093,5,N,5,130,C,110,C,99999,9,False,
99999903948,35.25,-97.46667,360.3,2005-10-16 13:51:00,999,9,C,0,5,3658,5,M,N,16093,5,N,5,170,C,120,C,99999,9,False,
99999903948,35.25,-97.46667,360.3,2005-10-16 14:51:00,190,5,N,31,5,22000,5,9,N,16093,5,N,5,210,C,110,C,99999,9,False,
99999903948,35.25,-97.46667,360.3,2005-10-16 15:51:00,180,5,N,31,5,22000,5,9,N,16093,5,N,5,240,C,120,C,99999,9,False,
99999903948,35.25,-97.46667,360.3,2005-10-16 16:51:00,200,5,N,46,5,22000,5,9,N,16093,5,N,5,260,C,110,C,99999,9,False,
99999903948,35.25,-97.46667,360.3,2005-10-16 17:55:00,180,5,N,67,5,22000,5,9,N,16093,5,N,5,270,C,90,C,99999,9,False,
99999903948,35.25,-97.46667,360.3,2005-10-16 18:51:00,170,5,N,72,5,22000,5,9,N,16093,5,N,5,280,C,90,C,99999,9,False,
99999903948,35.25,-97.46667,360.3,2005-10-16 19:51:00,170,5,N,57,5,22000,5,9,N,16093,5,N,5,280,C,100,C,99999,9,False,
99999903948,35.25,-97.46667,360.3,2005-10-16 20:51:00,180,5,N,51,5,22000,5,9,N,16093,5,N,5,280,C,90,C,99999,9,False,
99999903948,35.25,-97.46667,360.3,2005-10-16 21:51:00,190,5,N,41,5,22000,5,9,N,16093,5,N,5,280,C,90,C,99999,9,False,
99999903948,35.25,-97.46667,360.3,2005-10-16 22:51:00,170,5,N,36,5,22000,5,9,N,16093,5,N,5,270,C,90,C,99999,9,False,
99999903948,35.25,-97.46667,360.3,2005-10-16 23:51:00,170,5,N,21,5,22000,5,9,N,16093,5,N,5,240,C,90,C,99999,9,False,
99999903948,35.25,-97.46667,360.3,2005-10-17 00:51:00,160,5,N,21,5,22000,5,9,N,16093,5,N,5,220,C,90,C,99999,9,False,
99999903948,35.25,-97.46667,360.3,2005-10-17 01:51:00,180,5,N,26,5,22000,5,9,N,16093,5,N,5,210,C,110,C,99999,9,False,
99999903948,35.25,-97.46667,360.3,2005-10-17 02:51:00,170,5,N,26,5,22000,5,9,N,16093,5,N,5,190,C,110,C,99999,9,False,
99999903948,35.25,-97.46667,360.3,2005-10-17 03:51:00,180,5,N,31,5,22000,5,9,N,16093,5,N,5,180,C,110,C,99999,9,False,
99999903948,35.25,-97.46667,360.3,2005-10-17 04:51:00,180,5,N,31,5,22000,5,9,N,16093,5,N,5,180,C,110,C,99999,9,False,
99999903948,35.25,-97.46667,360.3,2005-10-17 05:51:00,200,5,N,36,5,22000,5,9,N,16093,5,N,5,180,C,100,C,99999,9,False,
99999903948,35.25,-97.46667,360.3,2005-10-17 06:51:00,190,5,N,36,5,22000,5,9,N,16093,5,N,5,180,C,100,C,99999,9,False,
99999903948,35.25,-97.46667,360.3,2005-10-17 07:52:00,200,5,N,41,5,22000,5,9,N,16093,5,N,5,180,C,100,C,99999,9,False,
99999903948,35.25,-97.46667,360.3,2005-10-17 08:51:00,200,5,N,36,5,22000,5,9,N,16093,5,N,5,170,C,90,C,99999,9,False,
99999903948,35.25,-97.46667,360.3,2005-10-17 09:51:00,190,5,N,21,5,22000,5,9,N,16093,5,N,5,160,C,90,C,99999,9,False,
99999903948,35.25,-97.46667,360.3,2005-10-17 10:51:00,190,5,N,31,5,22000,5,9,N,16093,5,N,5,160,C,100,C,99999,9,False,
99999903948,35.25,-97.46667,360.3,2005-10-17 11:52:00,180,5,N,36,5,22000,5,9,N,16093,5,N,5,160,C,100,C,99999,9,False,
99999903948,35.25,-97.46667,360.3,2005-10-17 12:51:00,190,5,N,31,5,22000,5,9,N,16093,5,N,5,160,C,110,C,99999,9,False,
99999903948,35.25,-97.46667,360.3,2005-10-17 13:51:00,190,5,N,41,5,22000,5,9,N,16093,5,N,5,190,C,120,C,99999,9,False,
99999903948,35.25,-97.46667,360.3,2005-10-17 14:31:00,200,5,N,31,5,22000,5,9,N,16093,5,N,5,210,C,130,C,99999,9,False,
99999903948,35.25,-97.46667,360.3,2005-10-17 15:52:00,240,5,N,46,5,22000,5,9,N,16093,5,N,5,260,C,160,C,99999,9,False,
99999903948,35.25,-97.46667,360.3,2005-10-17 16:52:00,230,5,N,62,5,22000,5,9,N,16093,5,N,5,280,C,150,C,99999,9,False,
99999903948,35.25,-97.46667,360.3,2005-10-17 17:52:00,250,5,N,51,5,22000,5,9,N,16093,5,N,5,300,C,150,C,99999,9,False,
99999903948,35.25,-97.46667,360.3,2005-10-17 18:52:00,240,5,N,36,5,22000,5,9,N,16093,5,N,5,320,C,140,C,99999,9,False,
99999903948,35.25,-97.46667,360.3,2005-10-17 19:52:00,250,5,N,51,5,22000,5,9,N,16093,5,N,5,320,C,140,C,99999,9,False,
99999903948,35.25,-97.46667,360.3,2005-10-17 20:52:00,220,5,N,67,5,22000,5,9,N,16093,5,N,5,320,C,140,C,99999,9,False,
99999903948,35.25,-97.46667,360.3,2005-10-17 21:51:00,240,5,N,46,5,22000,5,9,N,16093,5,N,5,330,C,120,C,99999,9,False,
99999903948,35.25,-97.46667,360.3,2005-10-17 22:51:00,260,5,N,31,5,22000,5,9,N,16093,5,N,5,320,C,130,C,99999,9,False,
99999903948,35.25,-97.46667,360.3,2005-10-17 23:51:00,230,5,N,21,5,22000,5,9,N,16093,5,N,5,280,C,130,C,99999,9,False,
99999903948,35.25,-97.46667,360.3,2005-10-18 00:52:00,210,5,N,26,5,22000,5,9,N,16093,5,N,5,240,C,140,C,99999,9,False,
99999903948,35.25,-97.46667,360.3,2005-10-18 01:52:00,210,5,N,26,5,22000,5,9,N,16093,5,N,5,230,C,150,C,99999,9,False,
99999903948,35.25,-97.46667,360.3,2005-10-18 02:52:00,230,5,N,26,5,22000,5,9,N,16093,5,N,5,220,C,140,C,99999,9,False,
99999903948,35.25,-97.46667,360.3,2005-10-18 03:52:00,240,5,N,21,5,22000,5,9,N,16093,5,N,5,210,C,160,C,99999,9,False,
99999903948,35.25,-97.46667,360.3,2005-10-18 04:51:00,999,9,C,0,5,22000,5,9,N,16093,5,N,5,190,C,140,C,99999,9,False,
99999903948,35.25,-97.46667,360.3,2005-10-18 05:52:00,999,9,C,0,5,22000,5,9,N,16093,5,N,5,170,C,140,C,99999,9,False,
99999903948,35.25,-97.46667,360.3,2005-10-18 06:52:00,999,9,C,0,5,22000,5,9,N,11265,5,N,5,170,C,150,C,99999,9,False,
99999903948,35.25,-97.46667,360.3,2005-10-18 07:51:00,999,9,C,0,5,22000,5,9,N,8047,5,N,5,160,C,140,C,99999,9,False,
99999903948,35.25,-97.46667,360.3,2005-10-18 08:51:00,999,9,C,0,5,22000,5,9,N,11265,5,N,5,160,C,130,C,99999,9,False,
99999903948,35.25,-97.46667,360.3,2005-10-18 09:51:00,190,5,N,15,5,99999,9,9,N,11265,5,N,5,160,C,140,C,99999,9,False,
99999903948,35.25,-97.46667,360.3,2005-10-18 10:51:00,190,5,N,15,5,22000,5,9,N,8047,5,N,5,170,C,150,C,99999,9,False,
99999903948,35.25,-97.46667,360.3,2005-10-18 11:52:00,190,5,N,26,5,22000,5,9,N,8047,5,N,5,170,C,150,C,99999,9,False,
99999903948,35.25,-97.46667,360.3,2005-10-18 12:52:00,180,5,N,26,5,22000,5,9,N,6437,5,N,5,160,C,150,C,99999,9,False,
99999903948,35.25,-97.46667,360.3,2005-10-18 13:52:00,180,5,N,31,5,22000,5,9,N,8047,5,N,5,190,C,170,C,99999,9,False,
99999903948,35.25,-97.46667,360.3,2005-10-18 14:52:00,190,5,N,21,5,22000,5,9,N,11265,5,N,5,230,C,170,C,99999,9,False,
99999903948,35.25,-97.46667,360.3,2005-10-18 15:52:00,190,5,N,31,5,22000,5,9,N,16093,5,N,5,260,C,180,C,99999,9,False,
99999903948,35.25,-97.46667,360.3,2005-10-18 16:52:00,200,5,N,31,5,22000,5,9,N,16093,5,N,5,290,C,180,C,99999,9,False,
99999903948,35.25,-97.46667,360.3,2005-10-18 17:52:00,190,5,N,31,5,22000,5,9,N,16093,5,N,5,320,C,160,C,99999,9,False,
99999903948,35.25,-97.46667,360.3,2005-10-18 18:52:00,210,5,N,36,5,22000,5,9,N,16093,5,N,5,320,C,130,C,99999,9,False,
99999903948,35.25,-97.46667,360.3,2005-10-18 19:51:00,210,5,N,67,5,22000,5,9,N,16093,5,N,5,9999,9,110,C,99999,9,False,
99999903948,35.25,-97.46667,360.3,2005-10-18 20:52:00,220,5,N,82,5,22000,5,9,N,16093,5,N,5,330,C,120,C,99999,9,False,
99999903948,35.25,-97.46667,360.3,2005-10-18 21:51:00,200,5,N,51,5,22000,5,9,N,16093,5,N,5,320,C,130,C,99999,9,False,
99999903948,35.25,-97.46667,360.3,2005-10-18 22:52:00,200,5,N,57,5,22000,5,9,N,16093,5,N,5,310,C,130,C,99999,9,False,
99999903948,35.25,-97.46667,360.3,2005-10-18 23:51:00,190,5,N,31,5,22000,5,9,N,16093,5,N,5,280,C,150,C,99999,9,False,
99999903948,35.25,-97.46667,360.3,2005-10-19 00:52:00,190,5,N,21,5,22000,5,9,N,16093,5,N,5,240,C,160,C,99999,9,False,
99999903948,35.25,-97.46667,360.3,2005-10-19 01:51:00,180,5,N,26,5,22000,5,9,N,16093,5,N,5,230,C,160,C,99999,9,False,
99999903948,35.25,-97.46667,360.3,2005-10-19 02:52:00,180,5,N,21,5,22000,5,9,N,16093,5,N,5,220,C,170,C,99999,9,False,
99999903948,35.25,-97.46667,360.3,2005-10-19 03:52:00,170,5,N,21,5,22000,5,9,N,16093,5,N,5,210,C,170,C,99999,9,False,
99999903948,35.25,-97.46667,360.3,2005-10-19 04:52:00,170,5,N,21,5,22000,5,9,N,16093,5,N,5,210,C,170,C,99999,9,False,
99999903948,35.25,-97.46667,360.3,2005-10-19 05:52:00,180,5,N,36,5,22000,5,9,N,16093,5,N,5,210,C,170,C,99999,9,False,
99999903948,35.25,-97.46667,360.3,2005-10-19 05:59:00,999,9,9,9999,9,99999,9,9,9,999999,9,9,9,9999,9,9999,9,99999,9,False,
99999903948,35.25,-97.46667,360.3,2005-10-19 06:51:00,180,5,N,46,5,22000,5,9,N,16093,5,N,5,210,C,160,C,99999,9,False,
99999903948,35.25,-97.46667,360.3,2005-10-19 07:51:00,180,5,N,46,5,22000,5,9,N,16093,5,N,5,200,C,140,C,99999,9,False,
99999903948,35.25,-97.46667,360.3,2005-10-19 08:51:00,190,5,N,41,5,22000,5,9,N,16093,5,N,5,200,C,140,C,99999,9,False,
99999903948,35.25,-97.46667,360.3,2005-10-19 09:51:00,190,5,N,36,5,22000,5,9,N,16093,5,N,5,190,C,130,C,99999,9,False,
99999903948,35.25,-97.46667,360.3,2005-10-19 10:51:00,190,5,N,41,5,22000,5,9,N,16093,5,N,5,190,C,130,C,99999,9,False,
99999903948,35.25,-97.46667,360.3,2005-10-19 11:52:00,190,5,N,41,5,22000,5,9,N,16093,5,N,5,180,C,130,C,99999,9,False,
99999903948,35.25,-97.46667,360.3,2005-10-19 12:52:00,180,5,N,41,5,22000,5,9,N,16093,5,N,5,180,C,130,C,99999,9,False,
99999903948,35.25,-97.46667,360.3,2005-10-19 13:52:00,170,5,N,46,5,22000,5,9,N,16093,5,N,5,190,C,130,C,99999,9,False,
99999903948,35.25,-97.46667,360.3,2005-10-19 14:53:00,190,5,N,46,5,22000,5,9,N,16093,5,N,5,220,C,140,C,99999,9,False,
99999903948,35.25,-97.46667,360.3,2005-10-19 15:52:00,190,5,N,46,5,22000,5,9,N,16093,5,N,5,250,C,150,C,99999,9,False,
99999903948,35.25,-97.46667,360.3,2005-10-19 16:52:00,190,5,N,46,5,22000,5,9,N,16093,5,N,5,270,C,150,C,99999,9,False,
99999903948,35.25,-97.46667,360.3,2005-10-19 17:51:00,180,5,N,57,5,22000,5,9,N,16093,5,N,5,290,C,160,C,99999,9,False,
99999903948,35.25,-97.46667,360.3,2005-10-19 18:51:00,180,5,N,67,5,22000,5,9,N,16093,5,N,5,290,C,150,C,99999,9,False,
99999903948,35.25,-97.46667,360.3,2005-10-19 19:52:00,160,5,N,72,5,22000,5,9,N,16093,5,N,5,310,C,140,C,99999,9,False,
99999903948,35.25,-97.46667,360.3,2005-10-19 20:52:00,190,5,N,77,5,22000,5,9,N,16093,5,N,5,310,C,130,C,99999,9,False,
99999903948,35.25,-97.46667,360.3,2005-10-19 21:52:00,190,5,N,51,5,22000,5,9,N,16093,5,N,5,310,C,130,C,99999,9,False,
99999903948,35.25,-97.46667,360.3,2005-10-19 22:52:00,190,5,N,46,5,22000,5,9,N,16093,5,N,5,290,C,130,C,99999,9,False,
99999903948,35.25,-97.46667,360.3,2005-10-19 23:51:00,170,5,N,41,5,22000,5,9,N,16093,5,N,5,280,C,130,C,99999,9,False,
99999903948,35.25,-97.46667,360.3,2005-10-20 00:52:00,170,5,N,46,5,2743,5,M,N,11265,5,N,5,270,C,150,C,99999,9,False,
99999903948,35.25,-97.46667,360.3,2005-10-20 01:51:00,170,5,N,51,5,22000,5,9,N,16093,5,N,5,250,C,140,C,99999,9,False,
99999903948,35.25,-97.46667,360.3,2005-10-20 02:52:00,170,5,N,72,5,22000,5,9,N,16093,5,N,5,240,C,120,C,99999,9,False,
99999903948,35.25,-97.46667,360.3,2005-10-20 03:52:00,210,5,N,31,5,2743,5,M,N,16093,5,N,5,230,C,140,C,99999,9,False,
99999903948,35.25,-97.46667,360.3,2005-10-20 04:52:00,190,5,N,36,5,3353,5,M,N,16093,5,N,5,210,C,160,C,99999,9,False,
99999903948,35.25,-97.46667,360.3,2005-10-20 05:52:00,999,9,C,0,5,22000,5,9,N,16093,5,N,5,200,C,160,C,99999,9,False,
99999903948,35.25,-97.46667,360.3,2005-10-20 05:59:00,999,9,9,9999,9,99999,9,9,9,999999,9,9,9,9999,9,9999,9,99999,9,False,
99999903948,35.25,-97.46667,360.3,2005-10-20 06:52:00,320,5,N,36,5,22000,5,9,N,16093,5,N,5,190,C,160,C,99999,9,False,
99999903948,35.25,-97.46667,360.3,2005-10-20 07:52:00,320,5,N,41,5,22000,5,9,N,16093,5,N,5,180,C,150,C,99999,9,False,
99999903948,35.25,-97.46667,360.3,2005-10-20 08:52:00,310,5,N,51,5,244,5,M,N,16093,5,N,5,170,C,140,C,99999,9,False,
99999903948,35.25,-97.46667,360.3,2005-10-20 09:52:00,320,5,N,31,5,22000,5,9,N,16093,5,N,5,140,C,120,C,99999,9,False,
99999903948,35.25,-97.46667,360.3,2005-10-20 10:52:00,320,5,N,62,5,22000,5,9,N,16093,5,N,5,130,C,110,C,99999,9,False,
99999903948,35.25,-97.46667,360.3,2005-10-20 11:52:00,320,5,N,51,5,22000,5,9,N,16093,5,N,5,120,C,90,C,99999,9,False,
99999903948,35.25,-97.46667,360.3,2005-10-20 12:52:00,320,5,N,46,5,22000,5,9,N,16093,5,N,5,120,C,90,C,99999,9,False,
99999903948,35.25,-97.46667,360.3,2005-10-20 13:52:00,330,5,N,51,5,22000,5,9,N,16093,5,N,5,130,C,90,C,99999,9,False,
99999903948,35.25,-97.46667,360.3,2005-10-20 14:52:00,340,5,N,82,5,22000,5,9,N,16093,5,N,5,150,C,90,C,99999,9,False,
99999903948,35.25,-97.46667,360.3,2005-10-20 15:51:00,340,5,N,88,5,22000,5,9,N,16093,5,N,5,160,C,90,C,99999,9,False,
99999903948,35.25,-97.46667,360.3,2005-10-20 16:51:00,320,5,N,57,5,22000,5,9,N,16093,5,N,5,180,C,80,C,99999,9,False,
99999903948,35.25,-97.46667,360.3,2005-10-20 17:51:00,320,5,N,72,5,22000,5,9,N,16093,5,N,5,190,C,80,C,99999,9,False,
99999903948,35.25,-97.46667,360.3,2005-10-20 18:51:00,320,5,N,57,5,22000,5,9,N,16093,5,N,5,190,C,80,C,99999,9,False,
99999903948,35.25,-97.46667,360.3,2005-10-20 19:51:00,340,5,N,72,5,22000,5,9,N,16093,5,N,5,200,C,90,C,99999,9,False,
99999903948,35.25,-97.46667,360.3,2005-10-20 20:53:00,330,5,N,62,5,22000,5,9,N,16093,5,N,5,200,C,90,C,99999,9,False,
99999903948,35.25,-97.46667,360.3,2005-10-20 21:51:00,340,5,N,51,5,22000,5,9,N,16093,5,N,5,200,C,90,C,99999,9,False,
99999903948,35.25,-97.46667,360.3,2005-10-20 22:51:00,350,5,N,46,5,22000,5,9,N,16093,5,N,5,190,C,100,C,99999,9,False,
99999903948,35.25,-97.46667,360.3,2005-10-20 23:51:00,20,5,N,41,5,22000,5,9,N,11265,5,N,5,160,C,100,C,99999,9,False,
99999903948,35.25,-97.46667,360.3,2005-10-21 00:51:00,40,5,N,36,5,22000,5,9,N,16093,5,N,5,130,C,90,C,99999,9,False,
99999903948,35.25,-97.46667,360.3,2005-10-21 01:51:00,20,5,N,21,5,22000,5,9,N,16093,5,N,5,120,C,90,C,99999,9,False,
99999903948,35.25,-97.46667,360.3,2005-10-21 02:51:00,360,5,N,15,5,22000,5,9,N,16093,5,N,5,120,C,80,C,99999,9,False,
99999903948,35.25,-97.46667,360.3,2005-10-21 03:51:00,10,5,N,31,5,22000,5,9,N,16093,5,N,5,120,C,90,C,99999,9,False,
99999903948,35.25,-97.46667,360.3,2005-10-21 04:51:00,360,5,N,31,5,22000,5,9,N,16093,5,N,5,120,C,90,C,99999,9,False,
99999903948,35.25,-97.46667,360.3,2005-10-21 05:51:00,360,5,N,26,5,22000,5,9,N,16093,5,N,5,110,C,80,C,99999,9,False,
99999903948,35.25,-97.46667,360.3,2005-10-21 06:51:00,10,5,N,46,5,518,5,M,N,16093,5,N,5,130,C,100,C,99999,9,False,
99999903948,35.25,-97.46667,360.3,2005-10-21 07:51:00,340,5,N,26,5,518,5,M,N,16093,5,N,5,130,C,100,C,99999,9,False,
99999903948,35.25,-97.46667,360.3,2005-10-21 08:51:00,350,5,N,62,5,518,5,M,N,16093,5,N,5,140,C,100,C,99999,9,False,
99999903948,35.25,-97.46667,360.3,2005-10-21 09:51:00,360,5,N,41,5,457,5,M,N,16093,5,N,5,130,C,100,C,99999,9,False,
99999903948,35.25,-97.46667,360.3,2005-10-21 10:51:00,360,5,N,72,5,396,5,M,N,16093,5,N,5,130,C,100,C,99999,9,False,
99999903948,35.25,-97.46667,360.3,2005-10-21 11:51:00,350,5,N,62,5,335,5,M,N,16093,5,N,5,120,C,90,C,99999,9,False,
99999903948,35.25,-97.46667,360.3,2005-10-21 12:51:00,360,5,N,46,5,396,5,M,N,16093,5,N,5,120,C,90,C,99999,9,False,
99999903948,35.25,-97.46667,360.3,2005-10-21 13:51:00,360,5,N,41,5,579,5,M,N,16093,5,N,5,130,C,90,C,99999,9,False,
99999903948,35.25,-97.46667,360.3,2005-10-21 14:51:00,350,5,N,67,5,22000,5,9,N,16093,5,N,5,150,C,80,C,99999,9,False,
99999903948,35.25,-97.46667,360.3,2005-10-21 15:51:00,350,5,N,82,5,22000,5,9,N,16093,5,N,5,170,C,80,C,99999,9,False,
99999903948,35.25,-97.46667,360.3,2005-10-21 16:51:00,360,5,N,67,5,22000,5,9,N,16093,5,N,5,170,C,80,C,99999,9,False,
99999903948,35.25,-97.46667,360.3,2005-10-21 17:51:00,10,5,N,57,5,22000,5,9,N,16093,5,N,5,180,C,80,C,99999,9,False,
99999903948,35.25,-97.46667,360.3,2005-10-21 18:51:00,360,5,N,41,5,22000,5,9,N,16093,5,N,5,190,C,90,C,99999,9,False,
99999903948,35.25,-97.46667,360.3,2005-10-21 19:51:00,40,5,N,51,5,22000,5,9,N,16093,5,N,5,200,C,90,C,99999,9,False,
99999903948,35.25,-97.46667,360.3,2005-10-21 20:51:00,30,5,N,41,5,22000,5,9,N,16093,5,N,5,190,C,90,C,99999,9,False,
99999903948,35.25,-97.46667,360.3,2005-10-21 21:51:00,30,5,N,46,5,22000,5,9,N,16093,5,N,5,180,C,90,C,99999,9,False,
99999903948,35.25,-97.46667,360.3,2005-10-21 22:51:00,10,5,N,41,5,22000,5,9,N,16093,5,N,5,170,C,90,C,99999,9,False,
99999903948,35.25,-97.46667,360.3,2005-10-21 23:51:00,30,5,N,26,5,22000,5,9,N,16093,5,N,5,130,C,80,C,99999,9,False,
99999903948,35.25,-97.46667,360.3,2005-10-22 00:51:00,40,5,N,21,5,22000,5,9,N,16093,5,N,5,120,C,80,C,99999,9,False,
99999903948,35.25,-97.46667,360.3,2005-10-22 01:51:00,999,9,C,0,5,22000,5,9,N,16093,5,N,5,110,C,80,C,99999,9,False,
99999903948,35.25,-97.46667,360.3,2005-10-22 02:53:00,999,9,C,0,5,22000,5,9,N,16093,5,N,5,100,C,70,C,99999,9,False,
99999903948,35.25,-97.46667,360.3,2005-10-22 03:51:00,280,5,N,21,5,22000,5,9,N,16093,5,N,5,100,C,70,C,99999,9,False,
99999903948,35.25,-97.46667,360.3,2005-10-22 04:51:00,330,5,N,21,5,22000,5,9,N,16093,5,N,5,110,C,80,C,99999,9,False,
99999903948,35.25,-97.46667,360.3,2005-10-22 05:51:00,350,5,N,26,5,22000,5,9,N,16093,5,N,5,100,C,70,C,99999,9,False,
99999903948,35.25,-97.46667,360.3,2005-10-22 06:51:00,350,5,N,26,5,22000,5,9,N,16093,5,N,5,100,C,70,C,99999,9,False,
99999903948,35.25,-97.46667,360.3,2005-10-22 07:51:00,360,5,N,21,5,22000,5,9,N,16093,5,N,5,100,C,70,C,99999,9,False,
99999903948,35.25,-97.46667,360.3,2005-10-22 08:52:00,999,9,C,0,5,22000,5,9,N,16093,5,N,5,100,C,70,C,99999,9,False,
99999903948,35.25,-97.46667,360.3,2005-10-22 09:51:00,999,9,C,0,5,99999,9,9,N,16093,5,N,5,100,C,70,C,99999,9,False,
99999903948,35.25,-97.46667,360.3,2005-10-22 10:51:00,999,9,C,0,5,22000,5,9,N,16093,5,N,5,110,C,80,C,99999,9,False,
99999903948,35.25,-97.46667,360.3,2005-10-22 11:52:00,999,9,C,0,5,22000,5,9,N,16093,5,N,5,110,C,80,C,99999,9,False,
99999903948,35.25,-97.46667,360.3,2005-10-22 12:53:00,999,9,C,0,5,22000,5,9,N,16093,5,N,5,110,C,70,C,99999,9,False,
99999903948,35.25,-97.46667,360.3,2005-10-22 13:51:00,999,9,C,0,5,22000,5,9,N,16093,5,N,5,130,C,110,C,99999,9,False,
99999903948,35.25,-97.46667,360.3,2005-10-22 14:51:00,999,9,C,0,5,22000,5,9,N,16093,5,N,5,160,C,100,C,99999,9,False,
99999903948,35.25,-97.46667,360.3,2005-10-22 15:31:00,999,9,C,0,5,22000,5,9,N,16093,5,N,5,170,C,110,C,99999,9,False,
99999903948,35.25,-97.46667,360.3,2005-10-22 15:53:00,999,9,C,0,5,22000,5,9,N,16093,5,N,5,180,5,90,5,99999,9,False,
99999903948,35.25,-97.46667,360.3,2005-10-22 16:53:00,999,9,C,0,5,22000,5,9,N,16093,5,N,5,210,C,80,C,99999,9,False,
99999903948,35.25,-97.46667,360.3,2005-10-22 17:51:00,999,9,C,0,5,22000,5,9,N,16093,5,N,5,220,C,70,C,99999,9,False,
99999903948,35.25,-97.46667,360.3,2005-10-22 18:52:00,210,5,N,21,5,22000,5,9,N,16093,5,N,5,220,C,60,C,99999,9,False,
99999903948,35.25,-97.46667,360.3,2005-10-22 19:51:00,210,5,N,15,5,22000,5,9,N,16093,5,N,5,230,C,70,C,99999,9,False,
99999903948,35.25,-97.46667,360.3,2005-10-22 20:52:00,999,9,C,0,5,22000,5,9,N,16093,5,N,5,230,C,60,C,99999,9,False,
99999903948,35.25,-97.46667,360.3,2005-10-22 21:51:00,210,5,N,36,5,22000,5,9,N,16093,5,N,5,230,C,60,C,99999,9,False,
99999903948,35.25,-97.46667,360.3,2005-10-22 22:51:00,190,5,N,31,5,22000,5,9,N,16093,5,N,5,220,C,60,C,99999,9,False,
99999903948,35.25,-97.46667,360.3,2005-10-22 23:51:00,230,5,N,26,5,22000,5,9,N,16093,5,N,5,190,C,60,C,99999,9,False,
99999903948,35.25,-97.46667,360.3,2005-10-23 00:51:00,999,9,C,0,5,22000,5,9,N,16093,5,N,5,170,C,70,C,99999,9,False,
99999903948,35.25,-97.46667,360.3,2005-10-23 01:51:00,999,9,C,0,5,22000,5,9,N,16093,5,N,5,150,C,80,C,99999,9,False,
99999903948,35.25,-97.46667,360.3,2005-10-23 02:52:00,220,5,N,21,5,22000,5,9,N,16093,5,N,5,140,C,70,C,99999,9,False,
99999903948,35.25,-97.46667,360.3,2005-10-23 03:52:00,230,5,N,21,5,22000,5,9,N,16093,5,N,5,140,C,70,C,99999,9,False,
99999903948,35.25,-97.46667,360.3,2005-10-23 04:52:00,340,5,N,77,5,22000,5,9,N,16093,5,N,5,130,C,70,C,99999,9,False,
99999903948,35.25,-97.46667,360.3,2005-10-23 05:52:00,20,5,N,67,5,22000,5,9,N,16093,5,N,5,130,C,70,C,99999,9,False,
99999903948,35.25,-97.46667,360.3,2005-10-23 06:52:00,30,5,N,77,5,22000,5,9,N,16093,5,N,5,120,C,50,C,99999,9,False,
99999903948,35.25,-97.46667,360.3,2005-10-23 07:52:00,30,5,N,46,5,22000,5,9,N,16093,5,N,5,90,C,40,C,99999,9,False,
99999903948,35.25,-97.46667,360.3,2005-10-23 08:52:00,20,5,N,57,5,22000,5,9,N,16093,5,N,5,100,C,40,C,99999,9,False,
99999903948,35.25,-97.46667,360.3,2005-10-23 09:52:00,40,5,N,57,5,3353,5,M,N,16093,5,N,5,90,C,30,C,99999,9,False,
99999903948,35.25,-97.46667,360.3,2005-10-23 10:52:00,40,5,N,51,5,2743,5,M,N,16093,5,N,5,90,C,30,C,99999,9,False,
99999903948,35.25,-97.46667,360.3,2005-10-23 11:52:00,40,5,N,57,5,2743,5,M,N,16093,5,N,5,90,C,20,C,99999,9,False,
99999903948,35.25,-97.46667,360.3,2005-10-23 12:52:00,20,5,N,57,5,2743,5,M,N,16093,5,N,5,90,C,20,C,99999,9,False,
99999903948,35.25,-97.46667,360.3,2005-10-23 13:52:00,20,5,N,67,5,2743,5,M,N,16093,5,N,5,90,C,10,C,99999,9,False,
99999903948,35.25,-97.46667,360.3,2005-10-23 14:52:00,360,5,N,62,5,2743,5,M,N,16093,5,N,5,80,C,20,C,99999,9,False,
99999903948,35.25,-97.46667,360.3,2005-10-23 15:51:00,10,5,N,62,5,22000,5,9,N,16093,5,N,5,80,C,30,C,99999,9,False,
99999903948,35.25,-97.46667,360.3,2005-10-23 16:52:00,20,5,N,88,5,22000,5,9,N,16093,5,N,5,80,C,-20,C,99999,9,False,
99999903948,35.25,-97.46667,360.3,2005-10-23 17:53:00,10,5,N,88,5,22000,5,9,N,16093,5,N,5,90,C,-30,C,99999,9,False,
99999903948,35.25,-97.46667,360.3,2005-10-23 18:52:00,20,5,N,67,5,22000,5,9,N,16093,5,N,5,100,C,-40,C,99999,9,False,
99999903948,35.25,-97.46667,360.3,2005-10-23 19:51:00,350,5,N,93,5,99999,9,9,N,16093,5,N,5,110,C,-40,C,99999,9,False,
99999903948,35.25,-97.46667,360.3,2005-10-23 20:51:00,340,5,N,57,5,22000,5,9,N,16093,5,N,5,120,C,-30,C,99999,9,False,
99999903948,35.25,-97.46667,360.3,2005-10-23 21:51:00,350,5,N,62,5,22000,5,9,N,16093,5,N,5,120,C,-40,C,99999,9,False,
99999903948,35.25,-97.46667,360.3,2005-10-23 22:51:00,360,5,N,62,5,22000,5,9,N,16093,5,N,5,120,C,-40,C,99999,9,False,
99999903948,35.25,-97.46667,360.3,2005-10-23 23:53:00,360,5,N,41,5,22000,5,9,N,16093,5,N,5,80,C,-30,C,99999,9,False,
99999903948,35.25,-97.46667,360.3,2005-10-24 00:51:00,350,5,N,21,5,22000,5,9,N,999999,9,N,5,60,C,-30,C,99999,9,False,
99999903948,35.25,-97.46667,360.3,2005-10-24 01:52:00,340,5,N,26,5,22000,5,9,N,16093,5,N,5,40,C,-30,C,99999,9,False,
99999903948,35.25,-97.46667,360.3,2005-10-24 02:52:00,310,5,N,21,5,22000,5,9,N,16093,5,N,5,30,C,-30,C,99999,9,False,
99999903948,35.25,-97.46667,360.3,2005-10-24 03:52:00,320,5,N,21,5,22000,5,9,N,16093,5,N,5,30,C,-30,C,99999,9,False,
99999903948,35.25,-97.46667,360.3,2005-10-24 04:53:00,330,5,N,15,5,22000,5,9,N,16093,5,N,5,20,C,-40,C,99999,9,False,
99999903948,35.25,-97.46667,360.3,2005-10-24 05:51:00,320,5,N,15,5,22000,5,9,N,16093,5,N,5,20,C,-20,C,99999,9,False,
99999903948,35.25,-97.46667,360.3,2005-10-24 05:59:00,999,9,9,9999,9,99999,9,9,9,999999,9,9,9,9999,9,9999,9,99999,9,False,
99999903948,35.25,-97.46667,360.3,2005-10-24 06:52:00,320,5,N,15,5,22000,5,9,N,16093,5,N,5,20,C,-20,C,99999,9,False,
99999903948,35.25,-97.46667,360.3,2005-10-24 07:52:00,320,5,N,21,5,22000,5,9,N,16093,5,N,5,20,C,-20,C,99999,9,False,
99999903948,35.25,-97.46667,360.3,2005-10-24 08:52:00,300,5,N,26,5,22000,5,9,N,16093,5,N,5,10,C,-20,C,99999,9,False,
99999903948,35.25,-97.46667,360.3,2005-10-24 09:51:00,310,5,N,36,5,22000,5,9,N,16093,5,N,5,10,C,-20,C,99999,9,False,
99999903948,35.25,-97.46667,360.3,2005-10-24 10:51:00,310,5,N,36,5,22000,5,9,N,999999,9,N,5,10,C,-20,C,99999,9,False,
99999903948,35.25,-97.46667,360.3,2005-10-24 11:52:00,310,5,N,31,5,22000,5,9,N,16093,5,N,5,10,C,-30,C,99999,9,False,
99999903948,35.25,-97.46667,360.3,2005-10-24 12:51:00,999,9,C,0,5,99999,9,9,N,16093,5,N,5,-10,C,-40,C,99999,9,False,
99999903948,35.25,-97.46667,360.3,2005-10-24 13:52:00,310,5,N,15,5,22000,5,9,N,16093,5,N,5,50,C,0,C,99999,9,False,
99999903948,35.25,-97.46667,360.3,2005-10-24 14:52:00,360,5,N,26,5,22000,5,9,N,16093,5,N,5,90,C,20,C,99999,9,False,
99999903948,35.25,-97.46667,360.3,2005-10-24 15:52:00,350,5,N,51,5,22000,5,9,N,16093,5,N,5,120,C,-10,C,99999,9,False,
99999903948,35.25,-97.46667,360.3,2005-10-24 16:52:00,340,5,N,51,5,22000,5,9,N,16093,5,N,5,130,C,-20,C,99999,9,False,
99999903948,35.25,-97.46667,360.3,2005-10-24 17:52:00,360,5,N,31,5,22000,5,9,N,16093,5,N,5,150,C,-20,C,99999,9,False,
99999903948,35.25,-97.46667,360.3,2005-10-24 18:52:00,10,5,N,36,5,22000,5,9,N,16093,5,N,5,150,C,-20,C,99999,9,False,
99999903948,35.25,-97.46667,360.3,2005-10-24 19:52:00,330,5,N,36,5,22000,5,9,N,16093,5,N,5,160,C,-30,C,99999,9,False,
99999903948,35.25,-97.46667,360.3,2005-10-24 20:52:00,340,5,N,36,5,22000,5,9,N,16093,5,N,5,170,C,-30,C,99999,9,False,
99999903948,35.25,-97.46667,360.3,2005-10-24 21:52:00,360,5,N,41,5,22000,5,9,N,11265,5,N,5,160,C,-30,C,99999,9,False,
99999903948,35.25,-97.46667,360.3,2005-10-24 22:52:00,340,5,N,36,5,22000,5,9,N,16093,5,N,5,150,C,-40,C,99999,9,False,
99999903948,35.25,-97.46667,360.3,2005-10-24 23:52:00,320,5,N,26,5,22000,5,9,N,16093,5,N,5,110,C,-40,C,99999,9,False,
99999903948,35.25,-97.46667,360.3,2005-10-25 00:52:00,320,5,N,21,5,22000,5,9,N,16093,5,N,5,80,C,-30,C,99999,9,False,
99999903948,35.25,-97.46667,360.3,2005-10-25 01:52:00,999,9,C,0,5,22000,5,9,N,16093,5,N,5,60,C,-40,C,99999,9,False,
99999903948,35.25,-97.46667,360.3,2005-10-25 02:52:00,999,9,C,0,5,22000,5,9,N,16093,5,N,5,40,C,-20,C,99999,9,False,
99999903948,35.25,-97.46667,360.3,2005-10-25 03:52:00,999,9,C,0,5,22000,5,9,N,16093,5,N,5,30,C,-30,C,99999,9,False,
99999903948,35.25,-97.46667,360.3,2005-10-25 04:52:00,999,9,C,0,5,22000,5,9,N,16093,5,N,5,30,C,-30,C,99999,9,False,
99999903948,35.25,-97.46667,360.3,2005-10-25 05:52:00,999,9,C,0,5,22000,5,9,N,16093,5,N,5,10,C,-30,C,99999,9,False,
99999903948,35.25,-97.46667,360.3,2005-10-25 06:52:00,999,9,C,0,5,22000,5,9,N,16093,5,N,5,10,C,-30,C,99999,9,False,
99999903948,35.25,-97.46667,360.3,2005-10-25 07:52:00,999,9,C,0,5,22000,5,9,N,16093,5,N,5,10,C,-20,C,99999,9,False,
99999903948,35.25,-97.46667,360.3,2005-10-25 08:52:00,999,9,C,0,5,22000,5,9,N,16093,5,N,5,10,C,-20,C,99999,9,False,
99999903948,35.25,-97.46667,360.3,2005-10-25 09:52:00,999,9,C,0,5,22000,5,9,N,16093,5,N,5,0,C,-40,C,99999,9,False,
99999903948,35.25,-97.46667,360.3,2005-10-25 10:52:00,999,9,C,0,5,22000,5,9,N,4828,5,N,5,0,C,-30,C,99999,9,False,
99999903948,35.25,-97.46667,360.3,2005-10-25 11:52:00,999,9,C,0,5,22000,5,9,N,16093,5,N,5,20,C,-30,C,99999,9,False,
99999903948,35.25,-97.46667,360.3,2005-10-25 12:52:00,999,9,C,0,5,22000,5,9,N,16093,5,N,5,10,C,-20,C,99999,9,False,
99999903948,35.25,-97.46667,360.3,2005-10-25 13:52:00,999,9,C,0,5,22000,5,9,N,16093,5,N,5,70,C,20,C,99999,9,False,
99999903948,35.25,-97.46667,360.3,2005-10-25 14:52:00,999,9,C,0,5,22000,5,9,N,16093,5,N,5,120,C,30,C,99999,9,False,
99999903948,35.25,-97.46667,360.3,2005-10-25 15:52:00,999,9,C,0,5,22000,5,9,N,16093,5,N,5,150,C,20,C,99999,9,False,
99999903948,35.25,-97.46667,360.3,2005-10-25 16:52:00,90,5,N,15,5,22000,5,9,N,16093,5,N,5,170,C,10,C,99999,9,False,
99999903948,35.25,-97.46667,360.3,2005-10-25 17:52:00,80,5,N,15,5,22000,5,9,N,16093,5,N,5,180,C,0,C,99999,9,False,
99999903948,35.25,-97.46667,360.3,2005-10-25 18:53:00,160,5,N,21,5,22000,5,9,N,16093,5,N,5,190,C,-10,C,99999,9,False,
99999903948,35.25,-97.46667,360.3,2005-10-25 19:52:00,140,5,N,15,5,22000,5,9,N,16093,5,N,5,210,C,0,C,99999,9,False,
99999903948,35.25,-97.46667,360.3,2005-10-25 20:52:00,999,9,C,0,5,22000,5,9,N,16093,5,N,5,210,C,0,C,99999,9,False,
99999903948,35.25,-97.46667,360.3,2005-10-25 21:52:00,999,9,C,0,5,22000,5,9,N,16093,5,N,5,210,C,0,C,99999,9,False,
99999903948,35.25,-97.46667,360.3,2005-10-25 22:52:00,90,5,N,26,5,22000,5,9,N,16093,5,N,5,190,C,0,C,99999,9,False,
99999903948,35.25,-97.46667,360.3,2005-10-25 23:52:00,100,5,N,21,5,22000,5,9,N,16093,5,N,5,150,C,-10,C,99999,9,False,
99999903948,35.25,-97.46667,360.3,2005-10-26 00:52:00,110,5,N,21,5,22000,5,9,N,16093,5,N,5,130,C,10,C,99999,9,False,
99999903948,35.25,-97.46667,360.3,2005-10-26 01:52:00,999,9,C,0,5,22000,5,9,N,16093,5,N,5,90,C,10,C,99999,9,False,
99999903948,35.25,-97.46667,360.3,2005-10-26 02:52:00,100,5,N,15,5,22000,5,9,N,16093,5,N,5,100,C,10,C,99999,9,False,
99999903948,35.25,-97.46667,360.3,2005-10-26 03:52:00,120,5,N,26,5,22000,5,9,N,16093,5,N,5,110,C,10,C,99999,9,False,
99999903948,35.25,-97.46667,360.3,2005-10-26 04:52:00,999,9,C,0,5,22000,5,9,N,16093,5,N,5,70,C,0,C,99999,9,False,
99999903948,35.25,-97.46667,360.3,2005-10-26 05:52:00,120,5,N,26,5,22000,5,9,N,16093,5,N,5,80,C,10,C,99999,9,False,
99999903948,35.25,-97.46667,360.3,2005-10-26 05:59:00,999,9,9,9999,9,99999,9,9,9,999999,9,9,9,9999,9,9999,9,99999,9,False,
99999903948,35.25,-97.46667,360.3,2005-10-26 06:52:00,120,5,N,21,5,22000,5,9,N,16093,5,N,5,70,C,-10,C,99999,9,False,
99999903948,35.25,-97.46667,360.3,2005-10-26 07:52:00,120,5,N,15,5,22000,5,9,N,16093,5,N,5,70,C,-10,C,99999,9,False,
99999903948,35.25,-97.46667,360.3,2005-10-26 08:52:00,999,9,C,0,5,22000,5,9,N,16093,5,N,5,40,C,-30,C,99999,9,False,
99999903948,35.25,-97.46667,360.3,2005-10-26 09:52:00,160,5,N,21,5,22000,5,9,N,16093,5,N,5,60,C,-10,C,99999,9,False,
99999903948,35.25,-97.46667,360.3,2005-10-26 10:52:00,140,5,N,21,5,22000,5,9,N,16093,5,N,5,60,C,-10,C,99999,9,False,
99999903948,35.25,-97.46667,360.3,2005-10-26 11:52:00,150,5,N,26,5,22000,5,9,N,16093,5,N,5,60,C,9999,9,99999,9,False,
99999903948,35.25,-97.46667,360.3,2005-10-26 12:52:00,140,5,N,26,5,22000,5,9,N,16093,5,N,5,60,C,0,C,99999,9,False,
99999903948,35.25,-97.46667,360.3,2005-10-26 13:52:00,140,5,N,31,5,22000,5,9,N,16093,5,N,5,90,C,10,C,99999,9,False,
99999903948,35.25,-97.46667,360.3,2005-10-26 14:52:00,160,5,N,62,5,22000,5,9,N,16093,5,N,5,130,C,10,C,99999,9,False,
99999903948,35.25,-97.46667,360.3,2005-10-26 15:52:00,160,5,N,51,5,22000,5,9,N,16093,5,N,5,160,C,10,C,99999,9,False,
99999903948,35.25,-97.46667,360.3,2005-10-26 16:52:00,180,5,N,57,5,22000,5,9,N,16093,5,N,5,180,C,10,C,99999,9,False,
99999903948,35.25,-97.46667,360.3,2005-10-26 17:52:00,180,5,N,62,5,22000,5,9,N,16093,5,N,5,190,C,20,C,99999,9,False,
99999903948,35.25,-97.46667,360.3,2005-10-26 18:52:00,170,5,N,57,5,22000,5,9,N,16093,5,N,5,210,C,30,C,99999,9,False,
99999903948,35.25,-97.46667,360.3,2005-10-26 19:52:00,160,5,N,36,5,22000,5,9,N,16093,5,N,5,220,C,40,C,99999,9,False,
99999903948,35.25,-97.46667,360.3,2005-10-26 20:52:00,190,5,N,21,5,22000,5,9,N,16093,5,N,5,220,C,40,C,99999,9,False,
99999903948,35.25,-97.46667,360.3,2005-10-26 21:52:00,150,5,N,31,5,22000,5,9,N,16093,5,N,5,220,C,40,C,99999,9,False,
99999903948,35.25,-97.46667,360.3,2005-10-26 22:56:00,140,5,N,41,5,22000,5,9,N,16093,5,N,5,210,C,30,C,99999,9,False,
99999903948,35.25,-97.46667,360.3,2005-10-26 23:52:00,130,5,N,31,5,22000,5,9,N,16093,5,N,5,190,C,30,C,99999,9,False,
99999903948,35.25,-97.46667,360.3,2005-10-27 00:52:00,120,5,N,31,5,22000,5,9,N,16093,5,N,5,170,C,30,C,99999,9,False,
99999903948,35.25,-97.46667,360.3,2005-10-27 01:52:00,140,5,N,31,5,22000,5,9,N,16093,5,N,5,160,C,30,C,99999,9,False,
99999903948,35.25,-97.46667,360.3,2005-10-27 02:52:00,130,5,N,31,5,22000,5,9,N,16093,5,N,5,140,C,30,C,99999,9,False,
99999903948,35.25,-97.46667,360.3,2005-10-27 03:52:00,110,5,N,21,5,22000,5,9,N,16093,5,N,5,110,C,40,C,99999,9,False,
99999903948,35.25,-97.46667,360.3,2005-10-27 04:52:00,120,5,N,31,5,22000,5,9,N,16093,5,N,5,120,C,30,C,99999,9,False,
99999903948,35.25,-97.46667,360.3,2005-10-27 05:52:00,140,5,N,31,5,22000,5,9,N,16093,5,N,5,120,C,30,C,99999,9,False,
99999903948,35.25,-97.46667,360.3,2005-10-27 06:52:00,170,5,N,36,5,22000,5,9,N,16093,5,N,5,120,C,30,C,99999,9,False,
99999903948,35.25,-97.46667,360.3,2005-10-27 07:52:00,170,5,N,26,5,22000,5,9,N,16093,5,N,5,110,C,30,C,99999,9,False,
99999903948,35.25,-97.46667,360.3,2005-10-27 08:52:00,70,5,N,36,5,2743,5,M,N,16093,5,N,5,90,C,30,C,99999,9,False,
99999903948,35.25,-97.46667,360.3,2005-10-27 09:52:00,100,5,N,15,5,2743,5,M,N,16093,5,N,5,90,C,30,C,99999,9,False,
99999903948,35.25,-97.46667,360.3,2005-10-27 10:52:00,100,5,N,21,5,2743,5,M,N,16093,5,N,5,90,C,40,C,99999,9,False,
99999903948,35.25,-97.46667,360.3,2005-10-27 11:52:00,70,5,N,21,5,2743,5,M,N,16093,5,N,5,90,C,40,C,99999,9,False,
99999903948,35.25,-97.46667,360.3,2005-10-27 12:52:00,70,5,N,21,5,22000,5,9,N,16093,5,N,5,70,C,20,C,99999,9,False,
99999903948,35.25,-97.46667,360.3,2005-10-27 13:52:00,90,5,N,21,5,22000,5,9,N,16093,5,N,5,80,C,40,C,99999,9,False,
99999903948,35.25,-97.46667,360.3,2005-10-27 14:52:00,130,5,N,31,5,22000,5,9,N,16093,5,N,5,130,C,50,C,99999,9,False,
99999903948,35.25,-97.46667,360.3,2005-10-27 15:52:00,120,5,N,31,5,22000,5,9,N,16093,5,N,5,160,C,60,C,99999,9,False,
99999903948,35.25,-97.46667,360.3,2005-10-27 16:52:00,90,5,N,15,5,22000,5,9,N,16093,5,N,5,190,C,60,C,99999,9,False,
99999903948,35.25,-97.46667,360.3,2005-10-27 17:52:00,90,5,N,15,5,22000,5,9,N,16093,5,N,5,210,C,70,C,99999,9,False,
99999903948,35.25,-97.46667,360.3,2005-10-27 18:52:00,999,9,C,0,5,22000,5,9,N,16093,5,N,5,230,C,70,C,99999,9,False,
99999903948,35.25,-97.46667,360.3,2005-10-27 19:52:00,999,9,C,0,5,22000,5,9,N,16093,5,N,5,250,C,70,C,99999,9,False,
99999903948,35.25,-97.46667,360.3,2005-10-27 20:52:00,999,9,C,0,5,22000,5,9,N,16093,5,N,5,260,C,60,C,99999,9,False,
99999903948,35.25,-97.46667,360.3,2005-10-27 21:52:00,110,5,N,21,5,22000,5,9,N,16093,5,N,5,250,C,50,C,99999,9,False,
99999903948,35.25,-97.46667,360.3,2005-10-27 22:52:00,110,5,N,15,5,22000,5,9,N,16093,5,N,5,230,C,40,C,99999,9,False,
99999903948,35.25,-97.46667,360.3,2005-10-27 23:52:00,90,5,N,31,5,22000,5,9,N,16093,5,N,5,190,C,40,C,99999,9,False,
99999903948,35.25,-97.46667,360.3,2005-10-28 00:52:00,130,5,N,15,5,22000,5,9,N,16093,5,N,5,160,C,40,C,99999,9,False,
99999903948,35.25,-97.46667,360.3,2005-10-28 01:52:00,110,5,N,15,5,22000,5,9,N,16093,5,N,5,160,C,40,C,99999,9,False,
99999903948,35.25,-97.46667,360.3,2005-10-28 02:52:00,999,9,C,0,5,22000,5,9,N,16093,5,N,5,120,C,30,C,99999,9,False,
99999903948,35.25,-97.46667,360.3,2005-10-28 03:52:00,999,9,C,0,5,22000,5,9,N,16093,5,N,5,110,C,40,C,99999,9,False,
99999903948,35.25,-97.46667,360.3,2005-10-28 04:52:00,999,9,C,0,5,22000,5,9,N,16093,5,N,5,90,C,40,C,99999,9,False,
99999903948,35.25,-97.46667,360.3,2005-10-28 05:52:00,70,5,N,15,5,22000,5,9,N,16093,5,N,5,80,C,40,C,99999,9,False,
99999903948,35.25,-97.46667,360.3,2005-10-28 06:52:00,999,9,C,0,5,22000,5,9,N,16093,5,N,5,70,C,30,C,99999,9,False,
99999903948,35.25,-97.46667,360.3,2005-10-28 07:52:00,999,9,C,0,5,22000,5,9,N,16093,5,N,5,80,C,40,C,99999,9,False,
99999903948,35.25,-97.46667,360.3,2005-10-28 08:52:00,999,9,C,0,5,22000,5,9,N,16093,5,N,5,70,C,30,C,99999,9,False,
99999903948,35.25,-97.46667,360.3,2005-10-28 09:52:00,999,9,C,0,5,22000,5,9,N,16093,5,N,5,70,C,40,C,99999,9,False,
99999903948,35.25,-97.46667,360.3,2005-10-28 10:52:00,180,5,N,21,5,22000,5,9,N,16093,5,N,5,80,C,60,C,99999,9,False,
99999903948,35.25,-97.46667,360.3,2005-10-28 11:52:00,180,5,N,21,5,22000,5,9,N,16093,5,N,5,80,C,50,C,99999,9,False,
99999903948,35.25,-97.46667,360.3,2005-10-28 12:53:00,180,5,N,26,5,22000,5,9,N,16093,5,N,5,80,C,50,C,99999,9,False,
99999903948,35.25,-97.46667,360.3,2005-10-28 13:52:00,170,5,N,41,5,99999,9,9,N,16093,5,N,5,100,C,60,C,99999,9,False,
99999903948,35.25,-97.46667,360.3,2005-10-28 14:52:00,190,5,N,46,5,22000,5,9,N,16093,5,N,5,130,C,70,C,99999,9,False,
99999903948,35.25,-97.46667,360.3,2005-10-28 15:52:00,180,5,N,67,5,22000,5,9,N,16093,5,N,5,170,C,60,C,99999,9,False,
99999903948,35.25,-97.46667,360.3,2005-10-28 16:52:00,200,5,N,57,5,22000,5,9,N,16093,5,N,5,190,C,70,C,99999,9,False,
99999903948,35.25,-97.46667,360.3,2005-10-28 17:52:00,190,5,N,72,5,22000,5,9,N,16093,5,N,5,220,C,60,C,99999,9,False,
99999903948,35.25,-97.46667,360.3,2005-10-28 18:52:00,210,5,N,51,5,22000,5,9,N,16093,5,N,5,230,C,60,C,99999,9,False,
99999903948,35.25,-97.46667,360.3,2005-10-28 19:52:00,190,5,N,46,5,22000,5,9,N,16093,5,N,5,230,C,60,C,99999,9,False,
99999903948,35.25,-97.46667,360.3,2005-10-28 20:52:00,190,5,N,41,5,22000,5,9,N,16093,5,N,5,230,C,50,C,99999,9,False,
99999903948,35.25,-97.46667,360.3,2005-10-28 21:52:00,190,5,N,67,5,22000,5,9,N,16093,5,N,5,230,C,50,C,99999,9,False,
99999903948,35.25,-97.46667,360.3,2005-10-28 22:52:00,190,5,N,46,5,22000,5,9,N,16093,5,N,5,220,C,50,C,99999,9,False,
99999903948,35.25,-97.46667,360.3,2005-10-28 23:52:00,160,5,N,41,5,22000,5,9,N,16093,5,N,5,190,C,60,C,99999,9,False,
99999903948,35.25,-97.46667,360.3,2005-10-29 00:52:00,150,5,N,41,5,22000,5,9,N,16093,5,N,5,180,C,60,C,99999,9,False,
99999903948,35.25,-97.46667,360.3,2005-10-29 01:52:00,150,5,N,46,5,22000,5,9,N,16093,5,N,5,170,C,60,C,99999,9,False,
99999903948,35.25,-97.46667,360.3,2005-10-29 02:52:00,160,5,N,51,5,22000,5,9,N,16093,5,N,5,160,C,50,C,99999,9,False,
99999903948,35.25,-97.46667,360.3,2005-10-29 03:52:00,160,5,N,51,5,22000,5,9,N,16093,5,N,5,140,C,50,C,99999,9,False,
99999903948,35.25,-97.46667,360.3,2005-10-29 04:52:00,170,5,N,62,5,22000,5,9,N,16093,5,N,5,140,C,50,C,99999,9,False,
99999903948,35.25,-97.46667,360.3,2005-10-29 05:52:00,170,5,N,62,5,22000,5,9,N,16093,5,N,5,140,C,40,C,99999,9,False,
99999903948,35.25,-97.46667,360.3,2005-10-29 06:52:00,170,5,N,77,5,22000,5,9,N,16093,5,N,5,130,C,50,C,99999,9,False,
99999903948,35.25,-97.46667,360.3,2005-10-29 07:52:00,170,5,N,62,5,22000,5,9,N,16093,5,N,5,120,C,50,C,99999,9,False,
99999903948,35.25,-97.46667,360.3,2005-10-29 08:52:00,180,5,N,46,5,22000,5,9,N,16093,5,N,5,120,C,50,C,99999,9,False,
99999903948,35.25,-97.46667,360.3,2005-10-29 09:52:00,170,5,N,57,5,22000,5,9,N,16093,5,N,5,110,C,50,C,99999,9,False,
99999903948,35.25,-97.46667,360.3,2005-10-29 10:52:00,170,5,N,41,5,22000,5,9,N,16093,5,N,5,110,C,50,C,99999,9,False,
99999903948,35.25,-97.46667,360.3,2005-10-29 11:52:00,160,5,N,41,5,22000,5,9,N,16093,5,N,5,110,C,40,C,99999,9,False,
99999903948,35.25,-97.46667,360.3,2005-10-29 12:52:00,170,5,N,31,5,22000,5,9,N,16093,5,N,5,90,C,40,C,99999,9,False,
99999903948,35.25,-97.46667,360.3,2005-10-29 13:53:00,180,5,N,36,5,3353,5,M,N,16093,5,N,5,110,C,50,C,99999,9,False,
99999903948,35.25,-97.46667,360.3,2005-10-29 14:52:00,190,5,N,57,5,22000,5,9,N,16093,5,N,5,130,C,40,C,99999,9,False,
99999903948,35.25,-97.46667,360.3,2005-10-29 15:52:00,180,5,N,72,5,22000,5,9,N,16093,5,N,5,170,C,40,C,99999,9,False,
99999903948,35.25,-97.46667,360.3,2005-10-29 16:52:00,170,5,N,82,5,22000,5,9,N,16093,5,N,5,180,C,40,C,99999,9,False,
99999903948,35.25,-97.46667,360.3,2005-10-29 17:52:00,180,5,N,88,5,22000,5,9,N,16093,5,N,5,190,C,40,C,99999,9,False,
99999903948,35.25,-97.46667,360.3,2005-10-29 18:52:00,170,5,N,82,5,22000,5,9,N,16093,5,N,5,210,C,40,C,99999,9,False,
99999903948,35.25,-97.46667,360.3,2005-10-29 19:52:00,180,5,N,72,5,22000,5,9,N,16093,5,N,5,220,C,40,C,99999,9,False,
99999903948,35.25,-97.46667,360.3,2005-10-29 20:52:00,180,5,N,72,5,22000,5,9,N,16093,5,N,5,220,C,40,C,99999,9,False,
99999903948,35.25,-97.46667,360.3,2005-10-29 21:52:00,180,5,N,67,5,22000,5,9,N,16093,5,N,5,210,C,30,C,99999,9,False,
99999903948,35.25,-97.46667,360.3,2005-10-29 22:52:00,180,5,N,57,5,22000,5,9,N,16093,5,N,5,190,C,40,C,99999,9,False,
99999903948,35.25,-97.46667,360.3,2005-10-29 23:52:00,170,5,N,51,5,22000,5,9,N,16093,5,N,5,180,C,30,C,99999,9,False,
99999903948,35.25,-97.46667,360.3,2005-10-30 00:52:00,170,5,N,46,5,22000,5,9,N,16093,5,N,5,170,C,30,C,99999,9,False,
99999903948,35.25,-97.46667,360.3,2005-10-30 01:52:00,170,5,N,57,5,22000,5,9,N,16093,5,N,5,160,C,20,C,99999,9,False,
99999903948,35.25,-97.46667,360.3,2005-10-30 02:52:00,170,5,N,41,5,22000,5,9,N,16093,5,N,5,160,C,20,C,99999,9,False,
99999903948,35.25,-97.46667,360.3,2005-10-30 03:52:00,170,5,N,57,5,3353,5,M,N,16093,5,N,5,140,C,20,C,99999,9,False,
99999903948,35.25,-97.46667,360.3,2005-10-30 04:52:00,180,5,N,62,5,22000,5,9,N,16093,5,N,5,150,C,10,C,99999,9,False,
99999903948,35.25,-97.46667,360.3,2005-10-30 05:52:00,170,5,N,62,5,22000,5,9,N,16093,5,N,5,140,C,20,C,99999,9,False,
99999903948,35.25,-97.46667,360.3,2005-10-30 06:52:00,180,5,N,46,5,22000,5,9,N,16093,5,N,5,130,C,20,C,99999,9,False,
99999903948,35.25,-97.46667,360.3,2005-10-30 07:52:00,170,5,N,46,5,22000,5,9,N,16093,5,N,5,130,C,20,C,99999,9,False,
99999903948,35.25,-97.46667,360.3,2005-10-30 08:52:00,180,5,N,51,5,22000,5,9,N,16093,5,N,5,130,C,20,C,99999,9,False,
99999903948,35.25,-97.46667,360.3,2005-10-30 09:52:00,180,5,N,46,5,22000,5,9,N,16093,5,N,5,130,C,30,C,99999,9,False,
99999903948,35.25,-97.46667,360.3,2005-10-30 10:52:00,180,5,N,62,5,22000,5,9,N,16093,5,N,5,140,C,40,C,99999,9,False,
99999903948,35.25,-97.46667,360.3,2005-10-30 11:52:00,180,5,N,67,5,22000,5,9,N,16093,5,N,5,130,C,40,C,99999,9,False,
99999903948,35.25,-97.46667,360.3,2005-10-30 12:52:00,180,5,N,62,5,1097,5,M,N,16093,5,N,5,140,C,50,C,99999,9,False,
99999903948,35.25,-97.46667,360.3,2005-10-30 13:52:00,190,5,N,51,5,1036,5,M,N,16093,5,N,5,150,C,60,C,99999,9,False,
99999903948,35.25,-97.46667,360.3,2005-10-30 14:52:00,190,5,N,57,5,1036,5,M,N,16093,5,N,5,160,C,70,C,99999,9,False,
99999903948,35.25,-97.46667,360.3,2005-10-30 15:52:00,190,5,N,57,5,914,5,M,N,16093,5,N,5,170,C,90,C,99999,9,False,
99999903948,35.25,-97.46667,360.3,2005-10-30 16:52:00,210,5,N,88,5,853,5,M,N,16093,5,N,5,190,C,110,C,99999,9,False,
99999903948,35.25,-97.46667,360.3,2005-10-30 17:52:00,220,5,N,72,5,914,5,M,N,16093,5,N,5,190,C,120,C,99999,9,False,
99999903948,35.25,-97.46667,360.3,2005-10-30 18:52:00,200,5,N,62,5,914,5,M,N,16093,5,N,5,190,C,120,C,99999,9,False,
99999903948,35.25,-97.46667,360.3,2005-10-30 19:52:00,210,5,N,62,5,914,5,M,N,16093,5,N,5,200,C,130,C,99999,9,False,
99999903948,35.25,-97.46667,360.3,2005-10-30 20:52:00,210,5,N,51,5,853,5,M,N,16093,5,N,5,200,C,130,C,99999,9,False,
99999903948,35.25,-97.46667,360.3,2005-10-30 21:52:00,200,5,N,41,5,975,5,M,N,16093,5,N,5,210,C,130,C,99999,9,False,
99999903948,35.25,-97.46667,360.3,2005-10-30 22:52:00,210,5,N,51,5,22000,5,9,N,16093,5,N,5,200,C,130,C,99999,9,False,
99999903948,35.25,-97.46667,360.3,2005-10-30 23:52:00,230,5,N,26,5,22000,5,9,N,16093,5,N,5,180,C,130,C,99999,9,False,
99999903948,35.25,-97.46667,360.3,2005-10-31 00:52:00,999,9,C,0,5,22000,5,9,N,16093,5,N,5,160,C,120,C,99999,9,False,
99999903948,35.25,-97.46667,360.3,2005-10-31 01:52:00,999,9,C,0,5,22000,5,9,N,16093,5,N,5,160,C,120,C,99999,9,False,
99999903948,35.25,-97.46667,360.3,2005-10-31 02:52:00,170,5,N,15,5,22000,5,9,N,16093,5,N,5,140,C,110,C,99999,9,False,
99999903948,35.25,-97.46667,360.3,2005-10-31 03:52:00,999,9,C,0,5,22000,5,9,N,16093,5,N,5,160,C,130,C,99999,9,False,
99999903948,35.25,-97.46667,360.3,2005-10-31 04:52:00,999,9,C,0,5,22000,5,9,N,11265,5,N,5,140,C,120,C,99999,9,False,
99999903948,35.25,-97.46667,360.3,2005-10-31 05:52:00,160,5,N,15,5,22000,5,9,N,16093,5,N,5,150,C,130,C,99999,9,False,
99999903948,35.25,-97.46667,360.3,2005-10-31 06:52:00,140,5,N,15,5,22000,5,9,N,16093,5,N,5,160,C,130,C,99999,9,False,
99999903948,35.25,-97.46667,360.3,2005-10-31 07:52:00,170,5,N,41,5,22000,5,9,N,16093,5,N,5,170,C,140,C,99999,9,False,
99999903948,35.25,-97.46667,360.3,2005-10-31 08:52:00,170,5,N,62,5,22000,5,9,N,16093,5,N,5,170,C,140,C,99999,9,False,
99999903948,35.25,-97.46667,360.3,2005-10-31 09:52:00,190,5,N,51,5,22000,5,9,N,16093,5,N,5,170,C,140,C,99999,9,False,
99999903948,35.25,-97.46667,360.3,2005-10-31 10:52:00,190,5,N,51,5,1433,5,M,N,16093,5,N,5,170,C,140,C,99999,9,False,
99999903948,35.25,-97.46667,360.3,2005-10-31 11:52:00,350,5,N,72,5,1006,5,M,N,11265,5,N,5,150,C,120,C,99999,9,False,
99999903948,35.25,-97.46667,360.3,2005-10-31 12:52:00,330,5,N,46,5,396,5,M,N,16093,5,N,5,130,C,120,C,99999,9,False,
99999903948,35.25,-97.46667,360.3,2005-10-31 13:52:00,330,5,N,82,5,183,5,M,N,16093,5,N,5,120,C,110,C,99999,9,False,
99999903948,35.25,-97.46667,360.3,2005-10-31 14:52:00,340,5,N,82,5,183,5,M,N,3219,5,N,5,120,C,110,C,99999,9,False,
99999903948,35.25,-97.46667,360.3,2005-10-31 15:52:00,350,5,N,93,5,244,5,M,N,16093,5,N,5,120,C,110,C,99999,9,False,
99999903948,35.25,-97.46667,360.3,2005-10-31 16:52:00,350,5,N,93,5,366,5,M,N,16093,5,N,5,120,C,110,C,99999,9,False,
99999903948,35.25,-97.46667,360.3,2005-10-31 17:52:00,360,5,N,113,5,549,5,M,N,16093,5,N,5,130,C,110,C,99999,9,False,
99999903948,35.25,-97.46667,360.3,2005-10-31 18:53:00,350,5,N,129,5,1829,5,M,N,16093,5,N,5,130,C,90,C,99999,9,False,
99999903948,35.25,-97.46667,360.3,2005-10-31 19:52:00,360,5,N,93,5,1524,5,M,N,16093,5,N,5,140,C,110,C,99999,9,False,
99999903948,35.25,-97.46667,360.3,2005-10-31 20:52:00,360,5,N,98,5,22000,5,9,N,16093,5,N,5,150,C,90,C,99999,9,False,
99999903948,35.25,-97.46667,360.3,2005-10-31 21:52:00,10,5,N,93,5,22000,5,9,N,16093,5,N,5,160,C,80,C,99999,9,False,
99999903948,35.25,-97.46667,360.3,2005-10-31 22:52:00,360,5,N,98,5,22000,5,9,N,16093,5,N,5,160,C,80,C,99999,9,False,
99999903948,35.25,-97.46667,360.3,2005-10-31 23:52:00,350,5,N,57,5,22000,5,9,N,16093,5,N,5,130,C,40,C,99999,9,False,
99999903948,35.25,-97.46667,360.3,2005-11-01 00:52:00,340,5,N,36,5,22000,5,9,N,16093,5,N,5,120,C,30,C,99999,9,False,
99999903948,35.25,-97.46667,360.3,2005-11-01 01:52:00,330,5,N,26,5,22000,5,9,N,16093,5,N,5,90,C,30,C,99999,9,False,
99999903948,35.25,-97.46667,360.3,2005-11-01 02:52:00,320,5,N,31,5,22000,5,9,N,16093,5,N,5,90,C,30,C,99999,9,False,
99999903948,35.25,-97.46667,360.3,2005-11-01 03:52:00,310,5,N,31,5,22000,5,9,N,16093,5,N,5,80,C,30,C,99999,9,False,
99999903948,35.25,-97.46667,360.3,2005-11-01 04:52:00,300,5,N,26,5,22000,5,9,N,16093,5,N,5,70,C,20,C,99999,9,False,
99999903948,35.25,-97.46667,360.3,2005-11-01 05:52:00,290,5,N,26,5,22000,5,9,N,16093,5,N,5,50,C,20,C,99999,9,False,
99999903948,35.25,-97.46667,360.3,2005-11-01 05:59:00,999,9,9,9999,9,99999,9,9,9,999999,9,9,9,9999,9,9999,9,99999,9,False,
99999903948,35.25,-97.46667,360.3,2005-11-01 06:52:00,300,5,N,31,5,22000,5,9,N,16093,5,N,5,50,C,20,C,99999,9,False,
99999903948,35.25,-97.46667,360.3,2005-11-01 07:52:00,300,5,N,21,5,22000,5,9,N,16093,5,N,5,30,C,10,C,99999,9,False,
99999903948,35.25,-97.46667,360.3,2005-11-01 08:52:00,999,9,C,0,5,22000,5,9,N,16093,5,N,5,30,C,0,C,99999,9,False,
99999903948,35.25,-97.46667,360.3,2005-11-01 09:52:00,999,9,C,0,5,22000,5,9,N,16093,5,N,5,20,C,-10,C,99999,9,False,
99999903948,35.25,-97.46667,360.3,2005-11-01 10:52:00,300,5,N,21,5,22000,5,9,N,16093,5,N,5,10,C,-10,C,99999,9,False,
99999903948,35.25,-97.46667,360.3,2005-11-01 11:52:00,999,9,C,0,5,22000,5,9,N,16093,5,N,5,20,C,-10,C,99999,9,False,
99999903948,35.25,-97.46667,360.3,2005-11-01 12:53:00,999,9,C,0,5,22000,5,9,N,16093,5,N,5,20,C,-10,C,99999,9,False,
99999903948,35.25,-97.46667,360.3,2005-11-01 13:52:00,999,9,C,0,5,22000,5,9,N,16093,5,N,5,70,C,30,C,99999,9,False,
99999903948,35.25,-97.46667,360.3,2005-11-01 14:52:00,999,9,C,0,5,22000,5,9,N,16093,5,N,5,130,C,40,C,99999,9,False,
99999903948,35.25,-97.46667,360.3,2005-11-01 15:53:00,270,5,N,21,5,22000,5,9,N,16093,5,N,5,160,C,30,C,99999,9,False,
99999903948,35.25,-97.46667,360.3,2005-11-01 16:52:00,250,5,N,31,5,22000,5,9,N,16093,5,N,5,190,C,0,C,99999,9,False,
99999903948,35.25,-97.46667,360.3,2005-11-01 17:53:00,240,5,N,41,5,22000,5,9,N,16093,5,N,5,200,C,0,C,99999,9,False,
99999903948,35.25,-97.46667,360.3,2005-11-01 18:52:00,270,5,N,46,5,22000,5,9,N,16093,5,N,5,210,C,10,C,99999,9,False,
99999903948,35.25,-97.46667,360.3,2005-11-01 19:52:00,250,5,N,46,5,22000,5,9,N,16093,5,N,5,220,C,20,C,99999,9,False,
99999903948,35.25,-97.46667,360.3,2005-11-01 20:52:00,230,5,N,36,5,22000,5,9,N,16093,5,N,5,230,C,20,C,99999,9,False,
99999903948,35.25,-97.46667,360.3,2005-11-01 21:52:00,230,5,N,36,5,22000,5,9,N,16093,5,N,5,230,C,20,C,99999,9,False,
99999903948,35.25,-97.46667,360.3,2005-11-01 22:51:00,260,5,N,26,5,22000,5,9,N,16093,5,N,5,220,C,20,C,99999,9,False,
99999903948,35.25,-97.46667,360.3,2005-11-01 23:52:00,999,9,C,0,5,22000,5,9,N,16093,5,N,5,170,C,20,C,99999,9,False,
99999903948,35.25,-97.46667,360.3,2005-11-02 00:52:00,999,9,C,0,5,22000,5,9,N,16093,5,N,5,140,C,40,C,99999,9,False,
99999903948,35.25,-97.46667,360.3,2005-11-02 01:52:00,200,5,N,26,5,22000,5,9,N,16093,5,N,5,130,C,40,C,99999,9,False,
99999903948,35.25,-97.46667,360.3,2005-11-02 02:53:00,200,5,N,26,5,22000,5,9,N,16093,5,N,5,120,C,40,C,99999,9,False,
99999903948,35.25,-97.46667,360.3,2005-11-02 03:52:00,200,5,N,31,5,22000,5,9,N,16093,5,N,5,110,C,40,C,99999,9,False,
99999903948,35.25,-97.46667,360.3,2005-11-02 04:52:00,210,5,N,36,5,22000,5,9,N,16093,5,N,5,110,C,50,C,99999,9,False,
99999903948,35.25,-97.46667,360.3,2005-11-02 05:52:00,200,5,N,36,5,22000,5,9,N,16093,5,N,5,120,C,40,C,99999,9,False,
99999903948,35.25,-97.46667,360.3,2005-11-02 06:52:00,200,5,N,31,5,22000,5,9,N,16093,5,N,5,110,C,40,C,99999,9,False,
99999903948,35.25,-97.46667,360.3,2005-11-02 07:52:00,200,5,N,21,5,22000,5,9,N,16093,5,N,5,90,C,30,C,99999,9,False,
99999903948,35.25,-97.46667,360.3,2005-11-02 08:52:00,190,5,N,21,5,22000,5,9,N,16093,5,N,5,90,C,30,C,99999,9,False,
99999903948,35.25,-97.46667,360.3,2005-11-02 09:52:00,180,5,N,15,5,22000,5,9,N,16093,5,N,5,80,C,30,C,99999,9,False,
99999903948,35.25,-97.46667,360.3,2005-11-02 10:52:00,180,5,N,31,5,22000,5,9,N,16093,5,N,5,80,C,30,C,99999,9,False,
99999903948,35.25,-97.46667,360.3,2005-11-02 11:52:00,190,5,N,41,5,22000,5,9,N,16093,5,N,5,80,C,30,C,99999,9,False,
99999903948,35.25,-97.46667,360.3,2005-11-02 12:12:00,180,5,N,41,5,22000,5,9,N,16093,5,N,5,80,C,30,C,99999,9,False,
99999903948,35.25,-97.46667,360.3,2005-11-02 13:52:00,190,5,N,36,5,22000,5,9,N,16093,5,N,5,110,C,30,C,99999,9,False,
99999903948,35.25,-97.46667,360.3,2005-11-02 14:52:00,200,5,N,46,5,22000,5,9,N,16093,5,N,5,150,C,30,C,99999,9,False,
99999903948,35.25,-97.46667,360.3,2005-11-02 15:52:00,200,5,N,41,5,22000,5,9,N,16093,5,N,5,190,C,40,C,99999,9,False,
99999903948,35.25,-97.46667,360.3,2005-11-02 16:52:00,200,5,N,51,5,22000,5,9,N,16093,5,N,5,210,C,40,C,99999,9,False,
99999903948,35.25,-97.46667,360.3,2005-11-02 17:52:00,200,5,N,88,5,22000,5,9,N,16093,5,N,5,230,C,40,C,99999,9,False,
99999903948,35.25,-97.46667,360.3,2005-11-02 18:52:00,200,5,N,103,5,22000,5,9,N,16093,5,N,5,250,C,30,C,99999,9,False,
99999903948,35.25,-97.46667,360.3,2005-11-02 19:52:00,200,5,N,93,5,22000,5,9,N,2414,5,N,5,260,C,10,C,99999,9,False,
99999903948,35.25,-97.46667,360.3,2005-11-02 20:52:00,200,5,N,98,5,22000,5,9,N,16093,5,N,5,260,C,10,C,99999,9,False,
99999903948,35.25,-97.46667,360.3,2005-11-02 21:52:00,200,5,N,82,5,22000,5,9,N,16093,5,N,5,260,C,-10,C,99999,9,False,
99999903948,35.25,-97.46667,360.3,2005-11-02 22:52:00,180,5,N,62,5,22000,5,9,N,16093,5,N,5,250,C,-10,C,99999,9,False,
99999903948,35.25,-97.46667,360.3,2005-11-02 23:53:00,180,5,N,51,5,22000,5,9,N,16093,5,N,5,220,C,0,C,99999,9,False,
99999903948,35.25,-97.46667,360.3,2005-11-03 00:52:00,170,5,N,57,5,22000,5,9,N,16093,5,N,5,190,C,10,C,99999,9,False,
99999903948,35.25,-97.46667,360.3,2005-11-03 01:52:00,180,5,N,62,5,22000,5,9,N,16093,5,N,5,180,C,10,C,99999,9,False,
99999903948,35.25,-97.46667,360.3,2005-11-03 02:52:00,180,5,N,62,5,22000,5,9,N,16093,5,N,5,180,C,20,C,99999,9,False,
99999903948,35.25,-97.46667,360.3,2005-11-03 03:52:00,180,5,N,67,5,22000,5,9,N,16093,5,N,5,9999,9,9999,9,99999,9,False,
99999903948,35.25,-97.46667,360.3,2005-11-03 04:52:00,190,5,N,82,5,22000,5,9,N,16093,5,N,5,170,C,20,C,99999,9,False,
99999903948,35.25,-97.46667,360.3,2005-11-03 05:52:00,190,5,N,67,5,22000,5,9,N,16093,5,N,5,160,C,10,C,99999,9,False,
99999903948,35.25,-97.46667,360.3,2005-11-03 05:59:00,999,9,9,9999,9,99999,9,9,9,999999,9,9,9,9999,9,9999,9,99999,9,False,
99999903948,35.25,-97.46667,360.3,2005-11-03 06:52:00,190,5,N,82,5,22000,5,9,N,16093,5,N,5,150,C,10,C,99999,9,False,
99999903948,35.25,-97.46667,360.3,2005-11-03 07:52:00,190,5,N,57,5,22000,5,9,N,16093,5,N,5,140,C,10,C,99999,9,False,
99999903948,35.25,-97.46667,360.3,2005-11-03 08:52:00,190,5,N,62,5,22000,5,9,N,16093,5,N,5,140,C,0,C,99999,9,False,
99999903948,35.25,-97.46667,360.3,2005-11-03 09:52:00,180,5,N,67,5,22000,5,9,N,16093,5,N,5,130,C,0,C,99999,9,False,
99999903948,35.25,-97.46667,360.3,2005-11-03 10:52:00,190,5,N,67,5,22000,5,9,N,16093,5,N,5,130,C,0,C,99999,9,False,
99999903948,35.25,-97.46667,360.3,2005-11-03 11:52:00,190,5,N,72,5,22000,5,9,N,16093,5,N,5,130,C,-10,C,99999,9,False,
99999903948,35.25,-97.46667,360.3,2005-11-03 12:52:00,190,5,N,72,5,22000,5,9,N,16093,5,N,5,120,C,-10,C,99999,9,False,
99999903948,35.25,-97.46667,360.3,2005-11-03 13:52:00,190,5,N,67,5,22000,5,9,N,16093,5,N,5,130,C,0,C,99999,9,False,
99999903948,35.25,-97.46667,360.3,2005-11-03 14:52:00,190,5,N,72,5,22000,5,9,N,16093,5,N,5,150,C,0,C,99999,9,False,
99999903948,35.25,-97.46667,360.3,2005-11-03 15:52:00,210,5,N,113,5,22000,5,9,N,16093,5,N,5,190,C,10,C,99999,9,False,
99999903948,35.25,-97.46667,360.3,2005-11-03 16:52:00,200,5,N,98,5,22000,5,9,N,16093,5,N,5,210,C,20,C,99999,9,False,
99999903948,35.25,-97.46667,360.3,2005-11-03 17:52:00,190,5,N,88,5,22000,5,9,N,16093,5,N,5,230,C,30,C,99999,9,False,
99999903948,35.25,-97.46667,360.3,2005-11-03 18:52:00,210,5,N,88,5,22000,5,9,N,16093,5,N,5,250,C,30,C,99999,9,False,
99999903948,35.25,-97.46667,360.3,2005-11-03 19:52:00,180,5,N,82,5,22000,5,9,N,16093,5,N,5,270,C,30,C,99999,9,False,
99999903948,35.25,-97.46667,360.3,2005-11-03 20:53:00,190,5,N,98,5,22000,5,9,N,16093,5,N,5,270,C,30,C,99999,9,False,
99999903948,35.25,-97.46667,360.3,2005-11-03 21:52:00,200,5,N,82,5,22000,5,9,N,16093,5,N,5,270,C,40,C,99999,9,False,
99999903948,35.25,-97.46667,360.3,2005-11-03 22:52:00,190,5,N,77,5,22000,5,9,N,16093,5,N,5,260,C,40,C,99999,9,False,
99999903948,35.25,-97.46667,360.3,2005-11-03 23:52:00,180,5,N,67,5,22000,5,9,N,16093,5,N,5,230,C,60,C,99999,9,False,
99999903948,35.25,-97.46667,360.3,2005-11-04 00:52:00,180,5,N,51,5,22000,5,9,N,16093,5,N,5,210,C,60,C,99999,9,False,
99999903948,35.25,-97.46667,360.3,2005-11-04 01:52:00,180,5,N,62,5,22000,5,9,N,16093,5,N,5,210,C,70,C,99999,9,False,
99999903948,35.25,-97.46667,360.3,2005-11-04 02:52:00,180,5,N,57,5,22000,5,9,N,16093,5,N,5,200,C,80,C,99999,9,False,
99999903948,35.25,-97.46667,360.3,2005-11-04 03:52:00,180,5,N,57,5,22000,5,9,N,16093,5,N,5,200,C,80,C,99999,9,False,
99999903948,35.25,-97.46667,360.3,2005-11-04 04:12:00,180,5,N,62,5,22000,5,9,N,16093,5,N,5,200,C,80,C,99999,9,False,
99999903948,35.25,-97.46667,360.3,2005-11-04 05:52:00,200,5,N,67,5,22000,5,9,N,16093,5,N,5,210,C,70,C,99999,9,False,
99999903948,35.25,-97.46667,360.3,2005-11-04 06:52:00,190,5,N,62,5,22000,5,9,N,16093,5,N,5,210,C,70,C,99999,9,False,
99999903948,35.25,-97.46667,360.3,2005-11-04 07:53:00,200,5,N,62,5,22000,5,9,N,16093,5,N,5,200,C,60,C,99999,9,False,
99999903948,35.25,-97.46667,360.3,2005-11-04 08:52:00,200,5,N,51,5,22000,5,9,N,16093,5,N,5,190,C,60,C,99999,9,False,
99999903948,35.25,-97.46667,360.3,2005-11-04 09:52:00,200,5,N,57,5,22000,5,9,N,16093,5,N,5,190,C,60,C,99999,9,False,
99999903948,35.25,-97.46667,360.3,2005-11-04 10:52:00,200,5,N,46,5,22000,5,9,N,16093,5,N,5,180,C,60,C,99999,9,False,
99999903948,35.25,-97.46667,360.3,2005-11-04 11:52:00,210,5,N,57,5,22000,5,9,N,16093,5,N,5,180,C,60,C,99999,9,False,
99999903948,35.25,-97.46667,360.3,2005-11-04 12:52:00,170,5,N,46,5,22000,5,9,N,16093,5,N,5,170,C,70,C,99999,9,False,
99999903948,35.25,-97.46667,360.3,2005-11-04 13:52:00,190,5,N,46,5,22000,5,9,N,16093,5,N,5,170,C,70,C,99999,9,False,
99999903948,35.25,-97.46667,360.3,2005-11-04 14:52:00,200,5,N,67,5,22000,5,9,N,16093,5,N,5,190,C,70,C,99999,9,False,
99999903948,35.25,-97.46667,360.3,2005-11-04 15:52:00,200,5,N,93,5,22000,5,9,N,16093,5,N,5,220,C,70,C,99999,9,False,
99999903948,35.25,-97.46667,360.3,2005-11-04 16:52:00,210,5,N,62,5,22000,5,9,N,16093,5,N,5,240,C,70,C,99999,9,False,
99999903948,35.25,-97.46667,360.3,2005-11-04 17:53:00,210,5,N,62,5,22000,5,9,N,16093,5,N,5,270,C,70,C,99999,9,False,
99999903948,35.25,-97.46667,360.3,2005-11-04 18:52:00,200,5,N,72,5,22000,5,9,N,16093,5,N,5,280,C,70,C,99999,9,False,
99999903948,35.25,-97.46667,360.3,2005-11-04 19:52:00,200,5,N,62,5,22000,5,9,N,16093,5,N,5,290,C,70,C,99999,9,False,
99999903948,35.25,-97.46667,360.3,2005-11-04 20:52:00,200,5,N,67,5,22000,5,9,N,16093,5,N,5,290,C,80,C,99999,9,False,
99999903948,35.25,-97.46667,360.3,2005-11-04 21:52:00,180,5,N,72,5,22000,5,9,N,16093,5,N,5,290,C,70,C,99999,9,False,
99999903948,35.25,-97.46667,360.3,2005-11-04 22:52:00,190,5,N,77,5,22000,5,9,N,16093,5,N,5,280,C,70,C,99999,9,False,
99999903948,35.25,-97.46667,360.3,2005-11-04 23:53:00,180,5,N,72,5,22000,5,9,N,16093,5,N,5,250,C,80,C,99999,9,False,
99999903948,35.25,-97.46667,360.3,2005-11-05 00:52:00,170,5,N,77,5,22000,5,9,N,16093,5,N,5,230,C,120,C,99999,9,False,
99999903948,35.25,-97.46667,360.3,2005-11-05 01:52:00,170,5,N,72,5,22000,5,9,N,16093,5,N,5,220,C,120,C,99999,9,False,
99999903948,35.25,-97.46667,360.3,2005-11-05 02:52:00,170,5,N,72,5,22000,5,9,N,16093,5,N,5,210,C,120,C,99999,9,False,
99999903948,35.25,-97.46667,360.3,2005-11-05 03:52:00,180,5,N,67,5,22000,5,9,N,16093,5,N,5,210,C,120,C,99999,9,False,
99999903948,35.25,-97.46667,360.3,2005-11-05 04:52:00,180,5,N,62,5,22000,5,9,N,16093,5,N,5,190,C,120,C,99999,9,False,
99999903948,35.25,-97.46667,360.3,2005-11-05 05:52:00,180,5,N,57,5,22000,5,9,N,16093,5,N,5,190,C,120,C,99999,9,False,
99999903948,35.25,-97.46667,360.3,2005-11-05 06:52:00,180,5,N,46,5,22000,5,9,N,16093,5,N,5,180,C,120,C,99999,9,False,
99999903948,35.25,-97.46667,360.3,2005-11-05 07:52:00,180,5,N,62,5,22000,5,9,N,16093,5,N,5,180,C,120,C,99999,9,False,
99999903948,35.25,-97.46667,360.3,2005-11-05 08:52:00,190,5,N,62,5,22000,5,9,N,16093,5,N,5,180,C,120,C,99999,9,False,
99999903948,35.25,-97.46667,360.3,2005-11-05 09:52:00,190,5,N,72,5,22000,5,9,N,16093,5,N,5,170,C,110,C,99999,9,False,
99999903948,35.25,-97.46667,360.3,2005-11-05 10:52:00,190,5,N,77,5,22000,5,9,N,16093,5,N,5,170,C,110,C,99999,9,False,
99999903948,35.25,-97.46667,360.3,2005-11-05 11:52:00,200,5,N,77,5,22000,5,9,N,16093,5,N,5,170,C,110,C,99999,9,False,
99999903948,35.25,-97.46667,360.3,2005-11-05 12:53:00,200,5,N,77,5,22000,5,9,N,16093,5,N,5,160,C,110,C,99999,9,False,
99999903948,35.25,-97.46667,360.3,2005-11-05 13:52:00,200,5,N,82,5,22000,5,9,N,16093,5,N,5,170,C,110,C,99999,9,False,
99999903948,35.25,-97.46667,360.3,2005-11-05 14:52:00,220,5,N,82,5,22000,5,9,N,16093,5,N,5,190,C,110,C,99999,9,False,
99999903948,35.25,-97.46667,360.3,2005-11-05 15:52:00,240,5,N,51,5,22000,5,9,N,16093,5,N,5,210,C,110,C,99999,9,False,
99999903948,35.25,-97.46667,360.3,2005-11-05 16:52:00,270,5,N,46,5,22000,5,9,N,16093,5,N,5,230,C,100,C,99999,9,False,
99999903948,35.25,-97.46667,360.3,2005-11-05 17:52:00,270,5,N,46,5,22000,5,9,N,16093,5,N,5,240,C,80,C,99999,9,False,
99999903948,35.25,-97.46667,360.3,2005-11-05 18:52:00,240,5,N,41,5,22000,5,9,N,16093,5,N,5,240,C,70,C,99999,9,False,
99999903948,35.25,-97.46667,360.3,2005-11-05 19:52:00,260,5,N,41,5,22000,5,9,N,16093,5,N,5,260,C,60,C,99999,9,False,
99999903948,35.25,-97.46667,360.3,2005-11-05 20:52:00,260,5,N,57,5,22000,5,9,N,16093,5,N,5,260,C,50,C,99999,9,False,
99999903948,35.25,-97.46667,360.3,2005-11-05 21:52:00,320,5,N,57,5,22000,5,9,N,16093,5,N,5,240,C,100,C,99999,9,False,
99999903948,35.25,-97.46667,360.3,2005-11-05 22:52:00,330,5,N,51,5,22000,5,9,N,16093,5,N,5,220,C,90,C,99999,9,False,
99999903948,35.25,-97.46667,360.3,2005-11-05 23:53:00,350,5,N,26,5,22000,5,9,N,16093,5,N,5,180,C,80,C,99999,9,False,
99999903948,35.25,-97.46667,360.3,2005-11-06 00:53:00,10,5,N,15,5,22000,5,9,N,16093,5,N,5,150,C,70,C,99999,9,False,
99999903948,35.25,-97.46667,360.3,2005-11-06 01:53:00,999,9,C,0,5,22000,5,9,N,16093,5,N,5,130,C,70,C,99999,9,False,
99999903948,35.25,-97.46667,360.3,2005-11-06 02:52:00,330,5,N,21,5,22000,5,9,N,16093,5,N,5,130,C,60,C,99999,9,False,
99999903948,35.25,-97.46667,360.3,2005-11-06 03:52:00,999,9,C,0,5,22000,5,9,N,16093,5,N,5,110,C,60,C,99999,9,False,
99999903948,35.25,-97.46667,360.3,2005-11-06 04:52:00,340,5,N,21,5,22000,5,9,N,16093,5,N,5,100,C,50,C,99999,9,False,
99999903948,35.25,-97.46667,360.3,2005-11-06 05:52:00,999,9,C,0,5,22000,5,9,N,16093,5,N,5,100,C,50,C,99999,9,False,
99999903948,35.25,-97.46667,360.3,2005-11-06 06:52:00,999,9,C,0,5,22000,5,9,N,16093,5,N,5,90,C,40,C,99999,9,False,
99999903948,35.25,-97.46667,360.3,2005-11-06 07:52:00,999,9,C,0,5,22000,5,9,N,16093,5,N,5,80,C,30,C,99999,9,False,
99999903948,35.25,-97.46667,360.3,2005-11-06 08:52:00,999,9,C,0,5,22000,5,9,N,16093,5,N,5,70,C,30,C,99999,9,False,
99999903948,35.25,-97.46667,360.3,2005-11-06 09:52:00,999,9,C,0,5,22000,5,9,N,16093,5,N,5,70,C,30,C,99999,9,False,
99999903948,35.25,-97.46667,360.3,2005-11-06 10:52:00,999,9,C,0,5,22000,5,9,N,16093,5,N,5,60,C,20,C,99999,9,False,
99999903948,35.25,-97.46667,360.3,2005-11-06 11:52:00,999,9,C,0,5,22000,5,9,N,16093,5,N,5,50,C,20,C,99999,9,False,
99999903948,35.25,-97.46667,360.3,2005-11-06 12:52:00,999,9,C,0,5,22000,5,9,N,16093,5,N,5,40,C,20,C,99999,9,False,
99999903948,35.25,-97.46667,360.3,2005-11-06 13:52:00,999,9,C,0,5,22000,5,9,N,16093,5,N,5,90,C,70,C,99999,9,False,
99999903948,35.25,-97.46667,360.3,2005-11-06 14:52:00,999,9,C,0,5,22000,5,9,N,16093,5,N,5,140,C,80,C,99999,9,False,
99999903948,35.25,-97.46667,360.3,2005-11-06 15:52:00,90,5,N,31,5,22000,5,9,N,16093,5,N,5,160,C,40,C,99999,9,False,
99999903948,35.25,-97.46667,360.3,2005-11-06 16:52:00,70,5,N,21,5,22000,5,9,N,16093,5,N,5,190,C,40,C,99999,9,False,
99999903948,35.25,-97.46667,360.3,2005-11-06 17:53:00,110,5,N,26,5,22000,5,9,N,16093,5,N,5,210,C,20,C,99999,9,False,
99999903948,35.25,-97.46667,360.3,2005-11-06 18:52:00,110,5,N,15,5,22000,5,9,N,16093,5,N,5,230,C,20,C,99999,9,False,
99999903948,35.25,-97.46667,360.3,2005-11-06 19:52:00,90,5,N,15,5,22000,5,9,N,16093,5,N,5,240,C,-10,C,99999,9,False,
99999903948,35.25,-97.46667,360.3,2005-11-06 20:52:00,130,5,N,36,5,22000,5,9,N,16093,5,N,5,240,C,-10,C,99999,9,False,
99999903948,35.25,-97.46667,360.3,2005-11-06 21:52:00,130,5,N,36,5,22000,5,9,N,16093,5,N,5,240,C,-20,C,99999,9,False,
99999903948,35.25,-97.46667,360.3,2005-11-06 22:52:00,160,5,N,31,5,22000,5,9,N,16093,5,N,5,220,C,-20,C,99999,9,False,
99999903948,35.25,-97.46667,360.3,2005-11-06 23:52:00,150,5,N,15,5,22000,5,9,N,16093,5,N,5,180,C,-20,C,99999,9,False,
99999903948,35.25,-97.46667,360.3,2005-11-07 00:52:00,140,5,N,21,5,22000,5,9,N,16093,5,N,5,160,C,-10,C,99999,9,False,
99999903948,35.25,-97.46667,360.3,2005-11-07 01:52:00,150,5,N,26,5,22000,5,9,N,16093,5,N,5,160,C,-10,C,99999,9,False,
99999903948,35.25,-97.46667,360.3,2005-11-07 02:52:00,150,5,N,15,5,22000,5,9,N,16093,5,N,5,160,C,-10,C,99999,9,False,
99999903948,35.25,-97.46667,360.3,2005-11-07 03:52:00,999,9,C,0,5,22000,5,9,N,16093,5,N,5,120,C,-10,C,99999,9,False,
99999903948,35.25,-97.46667,360.3,2005-11-07 04:52:00,999,9,C,0,5,22000,5,9,N,16093,5,N,5,120,C,-10,C,99999,9,False,
99999903948,35.25,-97.46667,360.3,2005-11-07 05:52:00,170,5,N,15,5,22000,5,9,N,16093,5,N,5,90,C,0,C,99999,9,False,
99999903948,35.25,-97.46667,360.3,2005-11-07 06:52:00,170,5,N,26,5,22000,5,9,N,16093,5,N,5,90,C,20,C,99999,9,False,
99999903948,35.25,-97.46667,360.3,2005-11-07 07:53:00,180,5,N,21,5,22000,5,9,N,16093,5,N,5,120,C,30,C,99999,9,False,
99999903948,35.25,-97.46667,360.3,2005-11-07 08:52:00,190,5,N,31,5,22000,5,9,N,16093,5,N,5,130,C,70,C,99999,9,False,
99999903948,35.25,-97.46667,360.3,2005-11-07 09:52:00,170,5,N,46,5,22000,5,9,N,16093,5,N,5,140,C,90,C,99999,9,False,
99999903948,35.25,-97.46667,360.3,2005-11-07 10:52:00,160,5,N,41,5,22000,5,9,N,16093,5,N,5,150,C,110,C,99999,9,False,
99999903948,35.25,-97.46667,360.3,2005-11-07 11:52:00,170,5,N,41,5,22000,5,9,N,16093,5,N,5,9999,9,9999,9,99999,9,False,
99999903948,35.25,-97.46667,360.3,2005-11-07 12:52:00,170,5,N,36,5,22000,5,9,N,11265,5,N,5,140,C,120,C,99999,9,False,
99999903948,35.25,-97.46667,360.3,2005-11-07 13:52:00,190,5,N,41,5,22000,5,9,N,11265,5,N,5,160,C,130,C,99999,9,False,
99999903948,35.25,-97.46667,360.3,2005-11-07 14:52:00,190,5,N,57,5,22000,5,9,N,16093,5,N,5,180,C,140,C,99999,9,False,
99999903948,35.25,-97.46667,360.3,2005-11-07 15:52:00,200,5,N,72,5,22000,5,9,N,16093,5,N,5,220,C,150,C,99999,9,False,
99999903948,35.25,-97.46667,360.3,2005-11-07 16:52:00,200,5,N,82,5,22000,5,9,N,16093,5,N,5,250,C,160,C,99999,9,False,
99999903948,35.25,-97.46667,360.3,2005-11-07 17:52:00,210,5,N,72,5,22000,5,9,N,16093,5,N,5,260,C,160,C,99999,9,False,
99999903948,35.25,-97.46667,360.3,2005-11-07 18:52:00,220,5,N,93,5,22000,5,9,N,16093,5,N,5,280,C,160,C,99999,9,False,
99999903948,35.25,-97.46667,360.3,2005-11-07 19:52:00,220,5,N,88,5,22000,5,9,N,16093,5,N,5,280,C,160,C,99999,9,False,
99999903948,35.25,-97.46667,360.3,2005-11-07 20:52:00,210,5,N,72,5,22000,5,9,N,16093,5,N,5,290,C,150,C,99999,9,False,
99999903948,35.25,-97.46667,360.3,2005-11-07 21:52:00,200,5,N,82,5,22000,5,9,N,16093,5,N,5,280,C,150,C,99999,9,False,
99999903948,35.25,-97.46667,360.3,2005-11-07 22:52:00,180,5,N,72,5,22000,5,9,N,16093,5,N,5,280,C,130,C,99999,9,False,
99999903948,35.25,-97.46667,360.3,2005-11-07 23:52:00,180,5,N,51,5,22000,5,9,N,16093,5,N,5,260,C,130,C,99999,9,False,
99999903948,35.25,-97.46667,360.3,2005-11-08 00:53:00,170,5,N,51,5,22000,5,9,N,16093,5,N,5,250,C,130,C,99999,9,False,
99999903948,35.25,-97.46667,360.3,2005-11-08 01:52:00,180,5,N,57,5,22000,5,9,N,16093,5,N,5,240,C,140,C,99999,9,False,
99999903948,35.25,-97.46667,360.3,2005-11-08 02:52:00,190,5,N,51,5,22000,5,9,N,16093,5,N,5,230,C,150,C,99999,9,False,
99999903948,35.25,-97.46667,360.3,2005-11-08 03:52:00,180,5,N,57,5,22000,5,9,N,16093,5,N,5,230,C,160,C,99999,9,False,
99999903948,35.25,-97.46667,360.3,2005-11-08 04:52:00,190,5,N,62,5,22000,5,9,N,16093,5,N,5,230,C,150,C,99999,9,False,
99999903948,35.25,-97.46667,360.3,2005-11-08 05:56:00,190,5,N,57,5,22000,5,9,N,16093,5,N,5,220,C,150,C,99999,9,False,
99999903948,35.25,-97.46667,360.3,2005-11-08 06:52:00,190,5,N,46,5,22000,5,9,N,16093,5,N,5,210,C,150,C,99999,9,False,
99999903948,35.25,-97.46667,360.3,2005-11-08 07:52:00,180,5,N,46,5,22000,5,9,N,16093,5,N,5,200,C,160,C,99999,9,False,
99999903948,35.25,-97.46667,360.3,2005-11-08 08:52:00,190,5,N,51,5,22000,5,9,N,16093,5,N,5,190,C,160,C,99999,9,False,
99999903948,35.25,-97.46667,360.3,2005-11-08 09:52:00,190,5,N,41,5,22000,5,9,N,16093,5,N,5,190,C,160,C,99999,9,False,
99999903948,35.25,-97.46667,360.3,2005-11-08 10:52:00,180,5,N,36,5,22000,5,9,N,16093,5,N,5,180,C,160,C,99999,9,False,
99999903948,35.25,-97.46667,360.3,2005-11-08 11:56:00,180,5,N,41,5,22000,5,9,N,16093,5,N,5,180,C,160,C,99999,9,False,
99999903948,35.25,-97.46667,360.3,2005-11-08 12:52:00,190,5,N,57,5,22000,5,9,N,16093,5,N,5,190,C,170,C,99999,9,False,
99999903948,35.25,-97.46667,360.3,2005-11-08 13:52:00,200,5,N,67,5,22000,5,9,N,16093,5,N,5,200,C,180,C,99999,9,False,
99999903948,35.25,-97.46667,360.3,2005-11-08 14:52:00,210,5,N,72,5,457,5,M,N,16093,5,N,5,220,C,190,C,99999,9,False,
99999903948,35.25,-97.46667,360.3,2005-11-08 15:52:00,200,5,N,103,5,579,5,M,N,16093,5,N,5,230,C,180,C,99999,9,False,
99999903948,35.25,-97.46667,360.3,2005-11-08 16:55:00,200,5,N,103,5,22000,5,9,N,16093,5,N,5,240,C,180,C,99999,9,False,
99999903948,35.25,-97.46667,360.3,2005-11-08 17:52:00,200,5,N,113,5,22000,5,9,N,16093,5,N,5,260,C,180,C,99999,9,False,
99999903948,35.25,-97.46667,360.3,2005-11-08 18:52:00,210,5,N,103,5,22000,5,9,N,16093,5,N,5,270,C,170,C,99999,9,False,
99999903948,35.25,-97.46667,360.3,2005-11-08 19:52:00,200,5,N,103,5,22000,5,9,N,16093,5,N,5,280,C,170,C,99999,9,False,
99999903948,35.25,-97.46667,360.3,2005-11-08 20:52:00,200,5,N,93,5,22000,5,9,N,16093,5,N,5,290,C,160,C,99999,9,False,
99999903948,35.25,-97.46667,360.3,2005-11-08 21:52:00,200,5,N,93,5,22000,5,9,N,16093,5,N,5,280,C,160,C,99999,9,False,
99999903948,35.25,-97.46667,360.3,2005-11-08 22:52:00,200,5,N,62,5,22000,5,9,N,16093,5,N,5,280,C,160,C,99999,9,False,
99999903948,35.25,-97.46667,360.3,2005-11-08 23:52:00,200,5,N,46,5,22000,5,9,N,16093,5,N,5,260,C,160,C,99999,9,False,
99999903948,35.25,-97.46667,360.3,2005-11-09 00:52:00,190,5,N,41,5,22000,5,9,N,16093,5,N,5,250,C,160,C,99999,9,False,
99999903948,35.25,-97.46667,360.3,2005-11-09 01:52:00,180,5,N,46,5,22000,5,9,N,16093,5,N,5,240,C,160,C,99999,9,False,
99999903948,35.25,-97.46667,360.3,2005-11-09 02:52:00,180,5,N,51,5,22000,5,9,N,16093,5,N,5,230,C,150,C,99999,9,False,
99999903948,35.25,-97.46667,360.3,2005-11-09 03:52:00,180,5,N,51,5,22000,5,9,N,16093,5,N,5,230,C,150,C,99999,9,False,
99999903948,35.25,-97.46667,360.3,2005-11-09 04:52:00,180,5,N,36,5,22000,5,9,N,16093,5,N,5,220,C,150,C,99999,9,False,
99999903948,35.25,-97.46667,360.3,2005-11-09 05:52:00,190,5,N,46,5,22000,5,9,N,16093,5,N,5,210,C,150,C,99999,9,False,
99999903948,35.25,-97.46667,360.3,2005-11-09 06:52:00,200,5,N,46,5,22000,5,9,N,16093,5,N,5,210,C,150,C,99999,9,False,
99999903948,35.25,-97.46667,360.3,2005-11-09 07:52:00,200,5,N,57,5,22000,5,9,N,16093,5,N,5,210,C,160,C,99999,9,False,
99999903948,35.25,-97.46667,360.3,2005-11-09 08:52:00,200,5,N,51,5,22000,5,9,N,16093,5,N,5,210,C,160,C,99999,9,False,
99999903948,35.25,-97.46667,360.3,2005-11-09 09:52:00,220,5,N,36,5,22000,5,9,N,16093,5,N,5,190,C,160,C,99999,9,False,
99999903948,35.25,-97.46667,360.3,2005-11-09 10:52:00,240,5,N,21,5,22000,5,9,N,16093,5,N,5,190,C,150,C,99999,9,False,
99999903948,35.25,-97.46667,360.3,2005-11-09 11:52:00,340,5,N,21,5,22000,5,9,N,16093,5,N,5,160,C,130,C,99999,9,False,
99999903948,35.25,-97.46667,360.3,2005-11-09 12:52:00,350,5,N,36,5,22000,5,9,N,16093,5,N,5,160,C,120,C,99999,9,False,
99999903948,35.25,-97.46667,360.3,2005-11-09 13:52:00,10,5,N,82,5,488,5,M,N,16093,5,N,5,160,C,110,C,99999,9,False,
99999903948,35.25,-97.46667,360.3,2005-11-09 14:52:00,30,5,N,93,5,671,5,M,N,16093,5,N,5,160,C,60,C,99999,9,False,
99999903948,35.25,-97.46667,360.3,2005-11-09 15:52:00,30,5,N,82,5,732,5,M,N,16093,5,N,5,160,C,40,C,99999,9,False,
99999903948,35.25,-97.46667,360.3,2005-11-09 16:52:00,30,5,N,77,5,853,5,M,N,16093,5,N,5,160,C,20,C,99999,9,False,
99999903948,35.25,-97.46667,360.3,2005-11-09 17:52:00,40,5,N,57,5,914,5,M,N,16093,5,N,5,170,C,0,C,99999,9,False,
99999903948,35.25,-97.46667,360.3,2005-11-09 18:52:00,20,5,N,72,5,1067,5,M,N,16093,5,N,5,190,C,-20,C,99999,9,False,
99999903948,35.25,-97.46667,360.3,2005-11-09 19:52:00,10,5,N,72,5,1189,5,M,N,16093,5,N,5,200,C,-20,C,99999,9,False,
99999903948,35.25,-97.46667,360.3,2005-11-09 20:52:00,10,5,N,67,5,1250,5,M,N,16093,5,N,5,190,C,-30,C,99999,9,False,
99999903948,35.25,-97.46667,360.3,2005-11-09 21:52:00,360,5,N,67,5,22000,5,9,N,16093,5,N,5,190,C,-10,C,99999,9,False,
99999903948,35.25,-97.46667,360.3,2005-11-09 22:52:00,360,5,N,77,5,22000,5,9,N,16093,5,N,5,160,C,-10,C,99999,9,False,
99999903948,35.25,-97.46667,360.3,2005-11-09 23:52:00,10,5,N,51,5,22000,5,9,N,16093,5,N,5,130,C,-10,C,99999,9,False,
99999903948,35.25,-97.46667,360.3,2005-11-10 00:52:00,10,5,N,41,5,22000,5,9,N,16093,5,N,5,120,C,-10,C,99999,9,False,
99999903948,35.25,-97.46667,360.3,2005-11-10 01:52:00,10,5,N,41,5,22000,5,9,N,16093,5,N,5,120,C,-10,C,99999,9,False,
99999903948,35.25,-97.46667,360.3,2005-11-10 02:52:00,10,5,N,36,5,22000,5,9,N,16093,5,N,5,110,C,-10,C,99999,9,False,
99999903948,35.25,-97.46667,360.3,2005-11-10 03:52:00,20,5,N,57,5,22000,5,9,N,16093,5,N,5,110,C,-10,C,99999,9,False,
99999903948,35.25,-97.46667,360.3,2005-11-10 04:52:00,30,5,N,46,5,22000,5,9,N,16093,5,N,5,110,C,-20,C,99999,9,False,
99999903948,35.25,-97.46667,360.3,2005-11-10 05:52:00,20,5,N,31,5,22000,5,9,N,16093,5,N,5,90,C,-20,C,99999,9,False,
99999903948,35.25,-97.46667,360.3,2005-11-10 06:52:00,10,5,N,31,5,22000,5,9,N,16093,5,N,5,80,C,-10,C,99999,9,False,
99999903948,35.25,-97.46667,360.3,2005-11-10 07:52:00,10,5,N,31,5,22000,5,9,N,16093,5,N,5,70,C,-20,C,99999,9,False,
99999903948,35.25,-97.46667,360.3,2005-11-10 08:52:00,30,5,N,26,5,22000,5,9,N,16093,5,N,5,60,C,-20,C,99999,9,False,
99999903948,35.25,-97.46667,360.3,2005-11-10 09:52:00,20,5,N,31,5,22000,5,9,N,16093,5,N,5,60,C,-20,C,99999,9,False,
99999903948,35.25,-97.46667,360.3,2005-11-10 10:52:00,10,5,N,21,5,22000,5,9,N,16093,5,N,5,50,C,-20,C,99999,9,False,
99999903948,35.25,-97.46667,360.3,2005-11-10 11:52:00,999,9,C,0,5,22000,5,9,N,16093,5,N,5,40,C,-20,C,99999,9,False,
99999903948,35.25,-97.46667,360.3,2005-11-10 12:52:00,10,5,N,21,5,22000,5,9,N,16093,5,N,5,30,C,-20,C,99999,9,False,
99999903948,35.25,-97.46667,360.3,2005-11-10 13:52:00,360,5,N,21,5,22000,5,9,N,16093,5,N,5,70,C,20,C,99999,9,False,
99999903948,35.25,-97.46667,360.3,2005-11-10 14:52:00,999,9,C,0,5,22000,5,9,N,16093,5,N,5,110,C,10,C,99999,9,False,
99999903948,35.25,-97.46667,360.3,2005-11-10 15:52:00,90,5,N,15,5,22000,5,9,N,16093,5,N,5,140,C,-10,C,99999,9,False,
99999903948,35.25,-97.46667,360.3,2005-11-10 16:52:00,999,9,C,0,5,22000,5,9,N,16093,5,N,5,170,C,-20,C,99999,9,False,
99999903948,35.25,-97.46667,360.3,2005-11-10 17:52:00,999,9,C,0,5,22000,5,9,N,16093,5,N,5,190,C,-30,C,99999,9,False,
99999903948,35.25,-97.46667,360.3,2005-11-10 18:52:00,999,9,C,0,5,22000,5,9,N,16093,5,N,5,210,C,-40,C,99999,9,False,
99999903948,35.25,-97.46667,360.3,2005-11-10 19:52:00,999,9,C,0,5,22000,5,9,N,16093,5,N,5,220,C,-20,C,99999,9,False,
99999903948,35.25,-97.46667,360.3,2005-11-10 20:52:00,210,5,N,15,5,22000,5,9,N,16093,5,N,5,220,C,-20,C,99999,9,False,
99999903948,35.25,-97.46667,360.3,2005-11-10 21:52:00,190,5,N,26,5,22000,5,9,N,16093,5,N,5,220,C,-10,C,99999,9,False,
99999903948,35.25,-97.46667,360.3,2005-11-10 22:52:00,160,5,N,21,5,22000,5,9,N,16093,5,N,5,210,C,10,C,99999,9,False,
99999903948,35.25,-97.46667,360.3,2005-11-10 23:52:00,999,9,C,0,5,22000,5,9,N,16093,5,N,5,170,C,10,C,99999,9,False,
99999903948,35.25,-97.46667,360.3,2005-11-11 00:52:00,180,5,N,15,5,22000,5,9,N,16093,5,N,5,140,C,30,C,99999,9,False,
99999903948,35.25,-97.46667,360.3,2005-11-11 01:52:00,150,5,N,15,5,22000,5,9,N,16093,5,N,5,130,C,20,C,99999,9,False,
99999903948,35.25,-97.46667,360.3,2005-11-11 02:52:00,180,5,N,21,5,22000,5,9,N,16093,5,N,5,130,C,30,C,99999,9,False,
99999903948,35.25,-97.46667,360.3,2005-11-11 03:52:00,190,5,N,26,5,22000,5,9,N,16093,5,N,5,110,C,30,C,99999,9,False,
99999903948,35.25,-97.46667,360.3,2005-11-11 04:52:00,180,5,N,21,5,22000,5,9,N,16093,5,N,5,110,C,40,C,99999,9,False,
99999903948,35.25,-97.46667,360.3,2005-11-11 05:52:00,190,5,N,15,5,22000,5,9,N,16093,5,N,5,90,C,40,C,99999,9,False,
99999903948,35.25,-97.46667,360.3,2005-11-11 06:52:00,180,5,N,15,5,22000,5,9,N,16093,5,N,5,90,C,40,C,99999,9,False,
99999903948,35.25,-97.46667,360.3,2005-11-11 07:52:00,180,5,N,21,5,22000,5,9,N,16093,5,N,5,90,C,40,C,99999,9,False,
99999903948,35.25,-97.46667,360.3,2005-11-11 08:52:00,180,5,N,21,5,22000,5,9,N,16093,5,N,5,80,C,40,C,99999,9,False,
99999903948,35.25,-97.46667,360.3,2005-11-11 09:52:00,180,5,N,21,5,22000,5,9,N,16093,5,N,5,80,C,40,C,99999,9,False,
99999903948,35.25,-97.46667,360.3,2005-11-11 10:52:00,180,5,N,21,5,22000,5,9,N,16093,5,N,5,80,C,40,C,99999,9,False,
99999903948,35.25,-97.46667,360.3,2005-11-11 11:53:00,190,5,N,26,5,22000,5,9,N,16093,5,N,5,70,C,40,C,99999,9,False,
99999903948,35.25,-97.46667,360.3,2005-11-11 12:52:00,180,5,N,26,5,22000,5,9,N,16093,5,N,5,70,C,40,C,99999,9,False,
99999903948,35.25,-97.46667,360.3,2005-11-11 13:52:00,180,5,N,31,5,22000,5,9,N,16093,5,N,5,90,C,60,C,99999,9,False,
99999903948,35.25,-97.46667,360.3,2005-11-11 14:52:00,190,5,N,51,5,22000,5,9,N,16093,5,N,5,120,C,70,C,99999,9,False,
99999903948,35.25,-97.46667,360.3,2005-11-11 15:52:00,190,5,N,62,5,22000,5,9,N,16093,5,N,5,160,C,80,C,99999,9,False,
99999903948,35.25,-97.46667,360.3,2005-11-11 16:52:00,200,5,N,72,5,22000,5,9,N,16093,5,N,5,200,C,80,C,99999,9,False,
99999903948,35.25,-97.46667,360.3,2005-11-11 17:52:00,200,5,N,72,5,22000,5,9,N,16093,5,N,5,220,C,80,C,99999,9,False,
99999903948,35.25,-97.46667,360.3,2005-11-11 18:52:00,210,5,N,72,5,22000,5,9,N,16093,5,N,5,230,C,80,C,99999,9,False,
99999903948,35.25,-97.46667,360.3,2005-11-11 19:52:00,190,5,N,77,5,22000,5,9,N,16093,5,N,5,240,C,90,C,99999,9,False,
99999903948,35.25,-97.46667,360.3,2005-11-11 20:52:00,190,5,N,62,5,22000,5,9,N,16093,5,N,5,250,C,110,C,99999,9,False,
99999903948,35.25,-97.46667,360.3,2005-11-11 21:52:00,190,5,N,82,5,22000,5,9,N,16093,5,N,5,260,C,120,C,99999,9,False,
99999903948,35.25,-97.46667,360.3,2005-11-11 22:52:00,180,5,N,62,5,22000,5,9,N,16093,5,N,5,240,C,120,C,99999,9,False,
99999903948,35.25,-97.46667,360.3,2005-11-11 23:52:00,160,5,N,46,5,22000,5,9,N,16093,5,N,5,220,C,120,C,99999,9,False,
99999903948,35.25,-97.46667,360.3,2005-11-12 00:52:00,170,5,N,41,5,22000,5,9,N,16093,5,N,5,200,C,130,C,99999,9,False,
99999903948,35.25,-97.46667,360.3,2005-11-12 01:52:00,170,5,N,67,5,22000,5,9,N,16093,5,N,5,200,C,130,C,99999,9,False,
99999903948,35.25,-97.46667,360.3,2005-11-12 02:52:00,170,5,N,67,5,22000,5,9,N,16093,5,N,5,190,C,140,C,99999,9,False,
99999903948,35.25,-97.46667,360.3,2005-11-12 03:52:00,170,5,N,62,5,22000,5,9,N,16093,5,N,5,190,C,140,C,99999,9,False,
99999903948,35.25,-97.46667,360.3,2005-11-12 04:52:00,180,5,N,62,5,22000,5,9,N,16093,5,N,5,190,C,140,C,99999,9,False,
99999903948,35.25,-97.46667,360.3,2005-11-12 05:52:00,180,5,N,67,5,22000,5,9,N,16093,5,N,5,190,C,150,C,99999,9,False,
99999903948,35.25,-97.46667,360.3,2005-11-12 06:52:00,180,5,N,88,5,1402,5,M,N,16093,5,N,5,190,C,150,C,99999,9,False,
99999903948,35.25,-97.46667,360.3,2005-11-12 07:52:00,180,5,N,88,5,22000,5,9,N,16093,5,N,5,190,C,150,C,99999,9,False,
99999903948,35.25,-97.46667,360.3,2005-11-12 08:52:00,180,5,N,88,5,22000,5,9,N,16093,5,N,5,190,C,160,C,99999,9,False,
99999903948,35.25,-97.46667,360.3,2005-11-12 09:52:00,180,5,N,67,5,22000,5,9,N,11265,5,N,5,190,C,160,C,99999,9,False,
99999903948,35.25,-97.46667,360.3,2005-11-12 10:52:00,190,5,N,72,5,610,5,M,N,16093,5,N,5,190,C,170,C,99999,9,False,
99999903948,35.25,-97.46667,360.3,2005-11-12 11:53:00,200,5,N,67,5,610,5,M,N,16093,5,N,5,200,C,170,C,99999,9,False,
99999903948,35.25,-97.46667,360.3,2005-11-12 12:52:00,190,5,N,72,5,792,5,M,N,16093,5,N,5,190,C,170,C,99999,9,False,
99999903948,35.25,-97.46667,360.3,2005-11-12 13:52:00,190,5,N,77,5,488,5,M,N,16093,5,N,5,190,C,170,C,99999,9,False,
99999903948,35.25,-97.46667,360.3,2005-11-12 14:52:00,190,5,N,72,5,518,5,M,N,16093,5,N,5,200,C,170,C,99999,9,False,
99999903948,35.25,-97.46667,360.3,2005-11-12 15:52:00,200,5,N,88,5,640,5,M,N,16093,5,N,5,220,C,170,C,99999,9,False,
99999903948,35.25,-97.46667,360.3,2005-11-12 16:52:00,200,5,N,108,5,22000,5,9,N,16093,5,N,5,230,C,160,C,99999,9,False,
99999903948,35.25,-97.46667,360.3,2005-11-12 17:52:00,200,5,N,93,5,22000,5,9,N,16093,5,N,5,260,C,150,C,99999,9,False,
99999903948,35.25,-97.46667,360.3,2005-11-12 18:52:00,230,5,N,103,5,22000,5,9,N,16093,5,N,5,280,C,90,C,99999,9,False,
99999903948,35.25,-97.46667,360.3,2005-11-12 19:52:00,230,5,N,108,5,22000,5,9,N,16093,5,N,5,290,C,20,C,99999,9,False,
99999903948,35.25,-97.46667,360.3,2005-11-12 20:52:00,240,5,N,77,5,22000,5,9,N,16093,5,N,5,290,C,0,C,99999,9,False,
99999903948,35.25,-97.46667,360.3,2005-11-12 21:53:00,260,5,N,72,5,22000,5,9,N,16093,5,N,5,280,C,-10,C,99999,9,False,
99999903948,35.25,-97.46667,360.3,2005-11-12 22:53:00,270,5,N,46,5,22000,5,9,N,16093,5,N,5,260,C,10,C,99999,9,False,
99999903948,35.25,-97.46667,360.3,2005-11-12 23:57:00,250,5,N,21,5,22000,5,9,N,16093,5,N,5,210,C,10,C,99999,9,False,
99999903948,35.25,-97.46667,360.3,2005-11-13 00:52:00,999,9,C,0,5,22000,5,9,N,16093,5,N,5,170,C,20,C,99999,9,False,
99999903948,35.25,-97.46667,360.3,2005-11-13 01:52:00,999,9,C,0,5,22000,5,9,N,16093,5,N,5,170,C,10,C,99999,9,False,
99999903948,35.25,-97.46667,360.3,2005-11-13 02:52:00,340,5,N,21,5,22000,5,9,N,16093,5,N,5,150,C,30,C,99999,9,False,
99999903948,35.25,-97.46667,360.3,2005-11-13 03:52:00,999,9,C,0,5,22000,5,9,N,16093,5,N,5,130,C,30,C,99999,9,False,
99999903948,35.25,-97.46667,360.3,2005-11-13 04:52:00,20,5,N,21,5,22000,5,9,N,16093,5,N,5,120,C,20,C,99999,9,False,
99999903948,35.25,-97.46667,360.3,2005-11-13 05:52:00,999,9,C,0,5,22000,5,9,N,16093,5,N,5,110,C,30,C,99999,9,False,
99999903948,35.25,-97.46667,360.3,2005-11-13 06:52:00,999,9,C,0,5,22000,5,9,N,16093,5,N,5,110,C,40,C,99999,9,False,
99999903948,35.25,-97.46667,360.3,2005-11-13 07:52:00,999,9,C,0,5,22000,5,9,N,16093,5,N,5,90,C,40,C,99999,9,False,
99999903948,35.25,-97.46667,360.3,2005-11-13 08:52:00,999,9,C,0,5,22000,5,9,N,16093,5,N,5,100,C,40,C,99999,9,False,
99999903948,35.25,-97.46667,360.3,2005-11-13 09:52:00,10,5,N,51,5,22000,5,9,N,16093,5,N,5,140,C,40,C,99999,9,False,
99999903948,35.25,-97.46667,360.3,2005-11-13 10:52:00,10,5,N,62,5,22000,5,9,N,16093,5,N,5,120,C,40,C,99999,9,False,
99999903948,35.25,-97.46667,360.3,2005-11-13 11:53:00,10,5,N,51,5,22000,5,9,N,16093,5,N,5,120,C,30,C,99999,9,False,
99999903948,35.25,-97.46667,360.3,2005-11-13 12:52:00,20,5,N,51,5,22000,5,9,N,16093,5,N,5,110,C,30,C,99999,9,False,
99999903948,35.25,-97.46667,360.3,2005-11-13 13:52:00,30,5,N,72,5,22000,5,9,N,16093,5,N,5,120,C,20,C,99999,9,False,
99999903948,35.25,-97.46667,360.3,2005-11-13 14:52:00,40,5,N,98,5,22000,5,9,N,16093,5,N,5,140,C,0,C,99999,9,False,
99999903948,35.25,-97.46667,360.3,2005-11-13 15:52:00,40,5,N,88,5,22000,5,9,N,16093,5,N,5,160,C,-10,C,99999,9,False,
99999903948,35.25,-97.46667,360.3,2005-11-13 16:53:00,40,5,N,82,5,22000,5,9,N,16093,5,N,5,180,C,-20,C,99999,9,False,
99999903948,35.25,-97.46667,360.3,2005-11-13 17:52:00,40,5,N,72,5,22000,5,9,N,16093,5,N,5,190,C,-20,C,99999,9,False,
99999903948,35.25,-97.46667,360.3,2005-11-13 18:53:00,40,5,N,82,5,22000,5,9,N,16093,5,N,5,200,C,-30,C,99999,9,False,
99999903948,35.25,-97.46667,360.3,2005-11-13 19:52:00,40,5,N,67,5,22000,5,9,N,16093,5,N,5,210,C,-50,C,99999,9,False,
99999903948,35.25,-97.46667,360.3,2005-11-13 20:52:00,30,5,N,88,5,22000,5,9,N,16093,5,N,5,210,C,-70,C,99999,9,False,
99999903948,35.25,-97.46667,360.3,2005-11-13 21:52:00,40,5,N,77,5,22000,5,9,N,16093,5,N,5,200,C,-80,C,99999,9,False,
99999903948,35.25,-97.46667,360.3,2005-11-13 22:52:00,40,5,N,57,5,22000,5,9,N,16093,5,N,5,180,C,-80,C,99999,9,False,
99999903948,35.25,-97.46667,360.3,2005-11-13 23:52:00,30,5,N,31,5,22000,5,9,N,16093,5,N,5,130,C,-80,C,99999,9,False,
99999903948,35.25,-97.46667,360.3,2005-11-14 00:52:00,40,5,N,26,5,22000,5,9,N,16093,5,N,5,110,C,-70,C,99999,9,False,
99999903948,35.25,-97.46667,360.3,2005-11-14 01:52:00,30,5,N,31,5,22000,5,9,N,16093,5,N,5,100,C,-70,C,99999,9,False,
99999903948,35.25,-97.46667,360.3,2005-11-14 02:52:00,40,5,N,21,5,22000,5,9,N,16093,5,N,5,90,C,-70,C,99999,9,False,
99999903948,35.25,-97.46667,360.3,2005-11-14 03:52:00,40,5,N,21,5,22000,5,9,N,16093,5,N,5,80,C,-60,C,99999,9,False,
99999903948,35.25,-97.46667,360.3,2005-11-14 04:52:00,30,5,N,26,5,22000,5,9,N,16093,5,N,5,80,C,-60,C,99999,9,False,
99999903948,35.25,-97.46667,360.3,2005-11-14 05:52:00,999,9,C,0,5,22000,5,9,N,16093,5,N,5,70,C,-60,C,99999,9,False,
99999903948,35.25,-97.46667,360.3,2005-11-14 06:52:00,360,5,N,26,5,22000,5,9,N,16093,5,N,5,60,C,-50,C,99999,9,False,
99999903948,35.25,-97.46667,360.3,2005-11-14 07:52:00,360,5,N,15,5,22000,5,9,N,16093,5,N,5,60,C,-40,C,99999,9,False,
99999903948,35.25,-97.46667,360.3,2005-11-14 08:52:00,350,5,N,15,5,22000,5,9,N,16093,5,N,5,60,C,-40,C,99999,9,False,
99999903948,35.25,-97.46667,360.3,2005-11-14 09:52:00,340,5,N,15,5,99999,9,9,N,16093,5,N,5,50,C,-40,C,99999,9,False,
99999903948,35.25,-97.46667,360.3,2005-11-14 10:52:00,300,5,N,15,5,22000,5,9,N,16093,5,N,5,30,C,-40,C,99999,9,False,
99999903948,35.25,-97.46667,360.3,2005-11-14 11:53:00,999,9,C,0,5,22000,5,9,N,16093,5,N,5,30,C,-40,C,99999,9,False,
99999903948,35.25,-97.46667,360.3,2005-11-14 12:52:00,999,9,C,0,5,22000,5,9,N,16093,5,N,5,20,C,-40,C,99999,9,False,
99999903948,35.25,-97.46667,360.3,2005-11-14 13:52:00,999,9,C,0,5,22000,5,9,N,16093,5,N,5,50,C,-10,C,99999,9,False,
99999903948,35.25,-97.46667,360.3,2005-11-14 14:52:00,999,9,C,0,5,22000,5,9,N,16093,5,N,5,120,C,10,C,99999,9,False,
99999903948,35.25,-97.46667,360.3,2005-11-14 15:52:00,210,5,N,36,5,22000,5,9,N,16093,5,N,5,140,C,-20,C,99999,9,False,
99999903948,35.25,-97.46667,360.3,2005-11-14 16:52:00,220,5,N,41,5,22000,5,9,N,16093,5,N,5,180,C,-20,C,99999,9,False,
99999903948,35.25,-97.46667,360.3,2005-11-14 17:52:00,210,5,N,51,5,22000,5,9,N,16093,5,N,5,210,C,-20,C,99999,9,False,
99999903948,35.25,-97.46667,360.3,2005-11-14 18:52:00,12,5,N,57,5,22000,5,9,N,16093,5,N,5,210,C,-10,C,99999,9,False,
99999903948,35.25,-97.46667,360.3,2005-11-14 19:52:00,220,5,N,72,5,1524,5,M,N,16093,5,N,5,220,C,10,C,99999,9,False,
99999903948,35.25,-97.46667,360.3,2005-11-14 20:52:00,200,5,N,57,5,1463,5,M,N,16093,5,N,5,220,C,20,C,99999,9,False,
99999903948,35.25,-97.46667,360.3,2005-11-14 21:52:00,190,5,N,72,5,22000,5,9,N,16093,5,N,5,220,C,40,C,99999,9,False,
99999903948,35.25,-97.46667,360.3,2005-11-14 22:52:00,200,5,N,31,5,22000,5,9,N,16093,5,N,5,210,C,40,C,99999,9,False,
99999903948,35.25,-97.46667,360.3,2005-11-14 23:52:00,180,5,N,15,5,22000,5,9,N,16093,5,N,5,180,C,40,C,99999,9,False,
99999903948,35.25,-97.46667,360.3,2005-11-15 00:52:00,999,9,C,0,5,22000,5,9,N,16093,5,N,5,150,C,40,C,99999,9,False,
99999903948,35.25,-97.46667,360.3,2005-11-15 01:56:00,140,5,N,21,5,1676,5,M,N,16093,5,N,5,180,C,80,C,99999,9,False,
99999903948,35.25,-97.46667,360.3,2005-11-15 02:53:00,150,5,N,31,5,22000,5,9,N,16093,5,N,5,180,C,110,C,99999,9,False,
99999903948,35.25,-97.46667,360.3,2005-11-15 03:52:00,170,5,N,51,5,22000,5,9,N,16093,5,N,5,180,C,130,C,99999,9,False,
99999903948,35.25,-97.46667,360.3,2005-11-15 04:52:00,170,5,N,57,5,22000,5,9,N,16093,5,N,5,190,C,140,C,99999,9,False,
99999903948,35.25,-97.46667,360.3,2005-11-15 05:12:00,180,5,N,57,5,22000,5,9,N,16093,5,N,5,190,C,150,C,99999,9,False,
99999903948,35.25,-97.46667,360.3,2005-11-15 06:52:00,200,5,N,82,5,22000,5,9,N,16093,5,N,5,210,C,160,C,99999,9,False,
99999903948,35.25,-97.46667,360.3,2005-11-15 07:52:00,200,5,N,77,5,22000,5,9,N,16093,5,N,5,210,C,160,C,99999,9,False,
99999903948,35.25,-97.46667,360.3,2005-11-15 08:52:00,210,5,N,98,5,22000,5,9,N,16093,5,N,5,210,C,160,C,99999,9,False,
99999903948,35.25,-97.46667,360.3,2005-11-15 09:52:00,240,5,N,113,5,22000,5,9,N,16093,5,N,5,200,C,160,C,99999,9,False,
99999903948,35.25,-97.46667,360.3,2005-11-15 10:52:00,310,5,N,118,5,22000,5,9,N,16093,5,N,5,140,C,40,C,99999,9,False,
99999903948,35.25,-97.46667,360.3,2005-11-15 11:52:00,340,5,N,82,5,22000,5,9,N,16093,5,N,5,110,C,30,C,99999,9,False,
99999903948,35.25,-97.46667,360.3,2005-11-15 12:52:00,330,5,N,98,5,22000,5,9,N,16093,5,N,5,110,C,30,C,99999,9,False,
99999903948,35.25,-97.46667,360.3,2005-11-15 13:52:00,340,5,N,129,5,823,5,M,N,16093,5,N,5,80,C,10,C,99999,9,False,
99999903948,35.25,-97.46667,360.3,2005-11-15 14:33:00,340,5,N,139,5,823,5,M,N,16093,5,N,5,80,C,10,C,99999,9,False,
99999903948,35.25,-97.46667,360.3,2005-11-15 15:55:00,340,5,N,144,5,1067,5,M,N,16093,5,N,5,80,C,-10,C,99999,9,False,
99999903948,35.25,-97.46667,360.3,2005-11-15 16:52:00,340,5,N,139,5,1067,5,M,N,16093,5,N,5,90,C,-20,C,99999,9,False,
99999903948,35.25,-97.46667,360.3,2005-11-15 17:52:00,340,5,N,139,5,22000,5,9,N,16093,5,N,5,100,C,-30,C,99999,9,False,
99999903948,35.25,-97.46667,360.3,2005-11-15 18:56:00,340,5,N,134,5,22000,5,9,N,16093,5,N,5,110,C,-40,C,99999,9,False,
99999903948,35.25,-97.46667,360.3,2005-11-15 19:52:00,350,5,N,124,5,22000,5,9,N,16093,5,N,5,110,C,-60,C,99999,9,False,
99999903948,35.25,-97.46667,360.3,2005-11-15 20:52:00,360,5,N,134,5,22000,5,9,N,16093,5,N,5,100,C,-70,C,99999,9,False,
99999903948,35.25,-97.46667,360.3,2005-11-15 21:52:00,330,5,N,108,5,22000,5,9,N,16093,5,N,5,100,C,-70,C,99999,9,False,
99999903948,35.25,-97.46667,360.3,2005-11-15 22:52:00,340,5,N,124,5,22000,5,9,N,16093,5,N,5,80,C,-70,C,99999,9,False,
99999903948,35.25,-97.46667,360.3,2005-11-15 23:52:00,350,5,N,77,5,22000,5,9,N,16093,5,N,5,70,C,-80,C,99999,9,False,
99999903948,35.25,-97.46667,360.3,2005-11-16 00:32:00,340,5,N,72,5,22000,5,9,N,16093,5,N,5,60,C,-80,C,99999,9,False,
99999903948,35.25,-97.46667,360.3,2005-11-16 01:52:00,350,5,N,108,5,22000,5,9,N,16093,5,N,5,50,C,-80,C,99999,9,False,
99999903948,35.25,-97.46667,360.3,2005-11-16 02:52:00,360,5,N,113,5,22000,5,9,N,16093,5,N,5,40,C,-80,C,99999,9,False,
99999903948,35.25,-97.46667,360.3,2005-11-16 03:52:00,360,5,N,77,5,22000,5,9,N,16093,5,N,5,30,C,-80,C,99999,9,False,
99999903948,35.25,-97.46667,360.3,2005-11-16 04:52:00,350,5,N,77,5,22000,5,9,N,16093,5,N,5,30,C,-80,C,99999,9,False,
99999903948,35.25,-97.46667,360.3,2005-11-16 05:52:00,360,5,N,57,5,22000,5,9,N,16093,5,N,5,20,C,-80,C,99999,9,False,
99999903948,35.25,-97.46667,360.3,2005-11-16 06:52:00,360,5,N,46,5,22000,5,9,N,16093,5,N,5,20,C,-80,C,99999,9,False,
99999903948,35.25,-97.46667,360.3,2005-11-16 07:52:00,340,5,N,15,5,22000,5,9,N,16093,5,N,5,-10,C,-90,C,99999,9,False,
99999903948,35.25,-97.46667,360.3,2005-11-16 08:52:00,310,5,N,31,5,22000,5,9,N,16093,5,N,5,-20,C,-80,C,99999,9,False,
99999903948,35.25,-97.46667,360.3,2005-11-16 09:52:00,280,5,N,31,5,22000,5,9,N,16093,5,N,5,-20,C,-80,C,99999,9,False,
99999903948,35.25,-97.46667,360.3,2005-11-16 10:52:00,280,5,N,26,5,99999,9,9,N,16093,5,N,5,-30,C,-70,C,99999,9,False,
99999903948,35.25,-97.46667,360.3,2005-11-16 11:52:00,290,5,N,36,5,99999,9,9,N,16093,5,N,5,-30,C,-70,C,99999,9,False,
99999903948,35.25,-97.46667,360.3,2005-11-16 12:52:00,310,5,N,26,5,99999,9,9,N,16093,5,N,5,-40,C,-80,C,99999,9,False,
99999903948,35.25,-97.46667,360.3,2005-11-16 13:52:00,290,5,N,15,5,99999,9,9,N,16093,5,N,5,-10,C,-70,C,99999,9,False,
99999903948,35.25,-97.46667,360.3,2005-11-16 14:52:00,330,5,N,26,5,22000,5,9,N,16093,5,N,5,20,C,-60,C,99999,9,False,
99999903948,35.25,-97.46667,360.3,2005-11-16 15:52:00,280,5,N,15,5,22000,5,9,N,16093,5,N,5,60,C,-90,C,99999,9,False,
99999903948,35.25,-97.46667,360.3,2005-11-16 16:52:00,290,5,N,21,5,22000,5,9,N,16093,5,N,5,80,C,-100,C,99999,9,False,
99999903948,35.25,-97.46667,360.3,2005-11-16 17:52:00,340,5,N,31,5,22000,5,9,N,16093,5,N,5,90,C,-120,C,99999,9,False,
99999903948,35.25,-97.46667,360.3,2005-11-16 18:52:00,340,5,N,36,5,22000,5,9,N,16093,5,N,5,100,C,-120,C,99999,9,False,
99999903948,35.25,-97.46667,360.3,2005-11-16 19:52:00,999,9,C,0,5,22000,5,9,N,16093,5,N,5,110,C,-110,C,99999,9,False,
99999903948,35.25,-97.46667,360.3,2005-11-16 20:52:00,310,5,N,36,5,22000,5,9,N,16093,5,N,5,120,C,-120,C,99999,9,False,
99999903948,35.25,-97.46667,360.3,2005-11-16 21:52:00,30,5,N,15,5,22000,5,9,N,16093,5,N,5,120,C,-110,C,99999,9,False,
99999903948,35.25,-97.46667,360.3,2005-11-16 22:52:00,999,9,C,0,5,22000,5,9,N,16093,5,N,5,100,C,-120,C,99999,9,False,
99999903948,35.25,-97.46667,360.3,2005-11-16 23:52:00,999,9,C,0,5,22000,5,9,N,16093,5,N,5,40,C,-140,C,99999,9,False,
99999903948,35.25,-97.46667,360.3,2005-11-17 00:52:00,999,9,C,0,5,22000,5,9,N,16093,5,N,5,30,C,-110,C,99999,9,False,
99999903948,35.25,-97.46667,360.3,2005-11-17 01:52:00,999,9,C,0,5,22000,5,9,N,16093,5,N,5,20,C,-90,C,99999,9,False,
99999903948,35.25,-97.46667,360.3,2005-11-17 02:52:00,170,5,N,15,5,22000,5,9,N,16093,5,N,5,20,C,-80,C,99999,9,False,
99999903948,35.25,-97.46667,360.3,2005-11-17 03:52:00,180,5,N,15,5,22000,5,9,N,16093,5,N,5,10,C,-90,C,99999,9,False,
99999903948,35.25,-97.46667,360.3,2005-11-17 04:52:00,190,5,N,21,5,22000,5,9,N,16093,5,N,5,10,C,-90,C,99999,9,False,
99999903948,35.25,-97.46667,360.3,2005-11-17 05:52:00,190,5,N,15,5,22000,5,9,N,16093,5,N,5,10,C,-110,C,99999,9,False,
99999903948,35.25,-97.46667,360.3,2005-11-17 06:52:00,180,5,N,15,5,22000,5,9,N,16093,5,N,5,0,C,-110,C,99999,9,False,
99999903948,35.25,-97.46667,360.3,2005-11-17 07:52:00,170,5,N,15,5,22000,5,9,N,16093,5,N,5,0,C,-110,C,99999,9,False,
99999903948,35.25,-97.46667,360.3,2005-11-17 08:52:00,999,9,C,0,5,22000,5,9,N,16093,5,N,5,-10,C,-110,C,99999,9,False,
99999903948,35.25,-97.46667,360.3,2005-11-17 09:52:00,999,9,C,0,5,22000,5,9,N,16093,5,N,5,-40,C,-110,C,99999,9,False,
99999903948,35.25,-97.46667,360.3,2005-11-17 10:52:00,160,5,N,21,5,22000,5,9,N,16093,5,N,5,-30,C,-90,C,99999,9,False,
99999903948,35.25,-97.46667,360.3,2005-11-17 11:52:00,190,5,N,15,5,99999,9,9,N,16093,5,N,5,-20,C,-90,C,99999,9,False,
99999903948,35.25,-97.46667,360.3,2005-11-17 12:52:00,180,5,N,21,5,99999,9,9,N,16093,5,N,5,-20,C,-90,C,99999,9,False,
99999903948,35.25,-97.46667,360.3,2005-11-17 13:52:00,180,5,N,31,5,22000,5,9,N,16093,5,N,5,10,C,-70,C,99999,9,False,
99999903948,35.25,-97.46667,360.3,2005-11-17 14:52:00,190,5,N,36,5,22000,5,9,N,16093,5,N,5,40,C,-80,C,99999,9,False,
99999903948,35.25,-97.46667,360.3,2005-11-17 15:52:00,180,5,N,62,5,22000,5,9,N,16093,5,N,5,80,C,-80,C,99999,9,False,
99999903948,35.25,-97.46667,360.3,2005-11-17 16:52:00,180,5,N,62,5,22000,5,9,N,16093,5,N,5,100,C,-80,C,99999,9,False,
99999903948,35.25,-97.46667,360.3,2005-11-17 17:52:00,180,5,N,62,5,22000,5,9,N,16093,5,N,5,130,C,-90,C,99999,9,False,
99999903948,35.25,-97.46667,360.3,2005-11-17 18:52:00,190,5,N,46,5,22000,5,9,N,16093,5,N,5,140,C,-90,C,99999,9,False,
99999903948,35.25,-97.46667,360.3,2005-11-17 19:52:00,190,5,N,51,5,22000,5,9,N,16093,5,N,5,140,C,-100,C,99999,9,False,
99999903948,35.25,-97.46667,360.3,2005-11-17 20:52:00,160,5,N,72,5,22000,5,9,N,16093,5,N,5,140,C,-110,C,99999,9,False,
99999903948,35.25,-97.46667,360.3,2005-11-17 21:52:00,180,5,N,51,5,22000,5,9,N,16093,5,N,5,140,C,-110,C,99999,9,False,
99999903948,35.25,-97.46667,360.3,2005-11-17 22:52:00,170,5,N,51,5,22000,5,9,N,16093,5,N,5,130,C,-100,C,99999,9,False,
99999903948,35.25,-97.46667,360.3,2005-11-17 23:52:00,160,5,N,41,5,22000,5,9,N,16093,5,N,5,110,C,-90,C,99999,9,False,
99999903948,35.25,-97.46667,360.3,2005-11-18 00:52:00,160,5,N,26,5,22000,5,9,N,16093,5,N,5,90,C,-100,C,99999,9,False,
99999903948,35.25,-97.46667,360.3,2005-11-18 01:52:00,160,5,N,26,5,22000,5,9,N,16093,5,N,5,70,C,-90,C,99999,9,False,
99999903948,35.25,-97.46667,360.3,2005-11-18 02:52:00,160,5,N,41,5,22000,5,9,N,16093,5,N,5,70,C,-90,C,99999,9,False,
99999903948,35.25,-97.46667,360.3,2005-11-18 03:52:00,150,5,N,41,5,22000,5,9,N,16093,5,N,5,70,C,-90,C,99999,9,False,
99999903948,35.25,-97.46667,360.3,2005-11-18 04:52:00,170,5,N,46,5,22000,5,9,N,999999,9,N,5,70,C,-90,C,99999,9,False,
99999903948,35.25,-97.46667,360.3,2005-11-18 05:52:00,170,5,N,31,5,22000,5,9,N,16093,5,N,5,50,C,-80,C,99999,9,False,
99999903948,35.25,-97.46667,360.3,2005-11-18 06:52:00,170,5,N,26,5,22000,5,9,N,16093,5,N,5,30,C,-80,C,99999,9,False,
99999903948,35.25,-97.46667,360.3,2005-11-18 07:52:00,180,5,N,21,5,22000,5,9,N,16093,5,N,5,20,C,-70,C,99999,9,False,
99999903948,35.25,-97.46667,360.3,2005-11-18 08:52:00,180,5,N,21,5,22000,5,9,N,16093,5,N,5,20,C,-70,C,99999,9,False,
99999903948,35.25,-97.46667,360.3,2005-11-18 09:52:00,180,5,N,15,5,22000,5,9,N,16093,5,N,5,10,C,-70,C,99999,9,False,
99999903948,35.25,-97.46667,360.3,2005-11-18 10:52:00,999,9,C,0,5,22000,5,9,N,16093,5,N,5,-10,C,-70,C,99999,9,False,
99999903948,35.25,-97.46667,360.3,2005-11-18 11:52:00,999,9,C,0,5,22000,5,9,N,16093,5,N,5,-20,C,-70,C,99999,9,False,
99999903948,35.25,-97.46667,360.3,2005-11-18 12:52:00,999,9,C,0,5,22000,5,9,N,16093,5,N,5,-20,C,-70,C,99999,9,False,
99999903948,35.25,-97.46667,360.3,2005-11-18 13:52:00,200,5,N,15,5,22000,5,9,N,16093,5,N,5,10,C,-50,C,99999,9,False,
99999903948,35.25,-97.46667,360.3,2005-11-18 14:52:00,220,5,N,31,5,22000,5,9,N,16093,5,N,5,60,C,-50,C,99999,9,False,
99999903948,35.25,-97.46667,360.3,2005-11-18 15:52:00,230,5,N,62,5,22000,5,9,N,16093,5,N,5,90,C,-40,C,99999,9,False,
99999903948,35.25,-97.46667,360.3,2005-11-18 16:52:00,210,5,N,51,5,22000,5,9,N,16093,5,N,5,120,C,-50,C,99999,9,False,
99999903948,35.25,-97.46667,360.3,2005-11-18 17:52:00,220,5,N,46,5,22000,5,9,N,16093,5,N,5,140,C,-50,C,99999,9,False,
99999903948,35.25,-97.46667,360.3,2005-11-18 18:55:00,230,5,N,41,5,22000,5,9,N,16093,5,N,5,160,C,-60,C,99999,9,False,
99999903948,35.25,-97.46667,360.3,2005-11-18 19:52:00,230,5,N,31,5,22000,5,9,N,16093,5,N,5,170,C,-60,C,99999,9,False,
99999903948,35.25,-97.46667,360.3,2005-11-18 20:53:00,210,5,N,41,5,22000,5,9,N,16093,5,N,5,170,C,-60,C,99999,9,False,
99999903948,35.25,-97.46667,360.3,2005-11-18 21:56:00,210,5,N,41,5,22000,5,9,N,16093,5,N,5,9999,9,-60,C,99999,9,False,
99999903948,35.25,-97.46667,360.3,2005-11-18 22:52:00,200,5,N,46,5,22000,5,9,N,16093,5,N,5,150,C,-60,C,99999,9,False,
99999903948,35.25,-97.46667,360.3,2005-11-18 23:52:00,190,5,N,36,5,22000,5,9,N,16093,5,N,5,110,C,-60,C,99999,9,False,
99999903948,35.25,-97.46667,360.3,2005-11-19 00:52:00,190,5,N,31,5,22000,5,9,N,16093,5,N,5,100,C,-60,C,99999,9,False,
99999903948,35.25,-97.46667,360.3,2005-11-19 01:52:00,190,5,N,41,5,22000,5,9,N,16093,5,N,5,90,C,-60,C,99999,9,False,
99999903948,35.25,-97.46667,360.3,2005-11-19 02:52:00,190,5,N,57,5,22000,5,9,N,16093,5,N,5,90,C,-60,C,99999,9,False,
99999903948,35.25,-97.46667,360.3,2005-11-19 03:52:00,190,5,N,62,5,22000,5,9,N,16093,5,N,5,90,C,-60,C,99999,9,False,
99999903948,35.25,-97.46667,360.3,2005-11-19 04:52:00,190,5,N,57,5,22000,5,9,N,16093,5,N,5,90,C,-60,C,99999,9,False,
99999903948,35.25,-97.46667,360.3,2005-11-19 05:52:00,200,5,N,46,5,22000,5,9,N,16093,5,N,5,80,C,-60,C,99999,9,False,
99999903948,35.25,-97.46667,360.3,2005-11-19 06:52:00,190,5,N,41,5,22000,5,9,N,16093,5,N,5,60,C,-60,C,99999,9,False,
99999903948,35.25,-97.46667,360.3,2005-11-19 07:52:00,190,5,N,36,5,22000,5,9,N,16093,5,N,5,60,C,-60,C,99999,9,False,
99999903948,35.25,-97.46667,360.3,2005-11-19 08:52:00,190,5,N,41,5,22000,5,9,N,16093,5,N,5,60,C,-60,C,99999,9,False,
99999903948,35.25,-97.46667,360.3,2005-11-19 09:52:00,180,5,N,41,5,22000,5,9,N,16093,5,N,5,50,C,-60,C,99999,9,False,
99999903948,35.25,-97.46667,360.3,2005-11-19 10:52:00,190,5,N,41,5,22000,5,9,N,16093,5,N,5,50,C,-60,C,99999,9,False,
99999903948,35.25,-97.46667,360.3,2005-11-19 11:52:00,190,5,N,41,5,22000,5,9,N,16093,5,N,5,50,C,-50,C,99999,9,False,
99999903948,35.25,-97.46667,360.3,2005-11-19 12:52:00,170,5,N,31,5,22000,5,9,N,16093,5,N,5,40,C,-60,C,99999,9,False,
99999903948,35.25,-97.46667,360.3,2005-11-19 13:52:00,180,5,N,31,5,22000,5,9,N,16093,5,N,5,50,C,-40,C,99999,9,False,
99999903948,35.25,-97.46667,360.3,2005-11-19 14:52:00,190,5,N,46,5,22000,5,9,N,16093,5,N,5,80,C,-40,C,99999,9,False,
99999903948,35.25,-97.46667,360.3,2005-11-19 15:52:00,220,5,N,46,5,22000,5,9,N,16093,5,N,5,120,C,-10,C,99999,9,False,
99999903948,35.25,-97.46667,360.3,2005-11-19 16:56:00,240,5,N,51,5,22000,5,9,N,16093,5,N,5,140,C,10,C,99999,9,False,
99999903948,35.25,-97.46667,360.3,2005-11-19 17:52:00,310,5,N,41,5,22000,5,9,N,16093,5,N,5,140,C,-10,C,99999,9,False,
99999903948,35.25,-97.46667,360.3,2005-11-19 18:52:00,320,5,N,57,5,22000,5,9,N,16093,5,N,5,150,C,-10,C,99999,9,False,
99999903948,35.25,-97.46667,360.3,2005-11-19 19:52:00,360,5,N,67,5,22000,5,9,N,16093,5,N,5,160,C,0,C,99999,9,False,
99999903948,35.25,-97.46667,360.3,2005-11-19 20:52:00,360,5,N,77,5,22000,5,9,N,16093,5,N,5,150,C,20,C,99999,9,False,
99999903948,35.25,-97.46667,360.3,2005-11-19 21:52:00,350,5,N,51,5,22000,5,9,N,16093,5,N,5,150,C,30,C,99999,9,False,
99999903948,35.25,-97.46667,360.3,2005-11-19 22:55:00,350,5,N,51,5,1494,5,M,N,16093,5,N,5,140,C,30,C,99999,9,False,
99999903948,35.25,-97.46667,360.3,2005-11-19 23:52:00,350,5,N,62,5,2438,5,M,N,16093,5,N,5,130,C,20,C,99999,9,False,
99999903948,35.25,-97.46667,360.3,2005-11-20 00:52:00,340,5,N,41,5,3353,5,M,N,16093,5,N,5,130,C,20,C,99999,9,False,
99999903948,35.25,-97.46667,360.3,2005-11-20 01:52:00,330,5,N,41,5,22000,5,9,N,16093,5,N,5,110,C,20,C,99999,9,False,
99999903948,35.25,-97.46667,360.3,2005-11-20 02:52:00,350,5,N,46,5,22000,5,9,N,16093,5,N,5,100,C,20,C,99999,9,False,
99999903948,35.25,-97.46667,360.3,2005-11-20 03:52:00,350,5,N,36,5,22000,5,9,N,16093,5,N,5,80,C,20,C,99999,9,False,
99999903948,35.25,-97.46667,360.3,2005-11-20 04:52:00,320,5,N,15,5,22000,5,9,N,16093,5,N,5,60,C,0,C,99999,9,False,
99999903948,35.25,-97.46667,360.3,2005-11-20 05:52:00,320,5,N,26,5,22000,5,9,N,16093,5,N,5,50,C,10,C,99999,9,False,
99999903948,35.25,-97.46667,360.3,2005-11-20 06:52:00,310,5,N,36,5,22000,5,9,N,16093,5,N,5,40,C,10,C,99999,9,False,
99999903948,35.25,-97.46667,360.3,2005-11-20 07:52:00,310,5,N,26,5,22000,5,9,N,16093,5,N,5,40,C,10,C,99999,9,False,
99999903948,35.25,-97.46667,360.3,2005-11-20 08:52:00,340,5,N,31,5,2438,5,M,N,16093,5,N,5,40,C,10,C,99999,9,False,
99999903948,35.25,-97.46667,360.3,2005-11-20 09:52:00,350,5,N,41,5,2438,5,M,N,16093,5,N,5,70,C,30,C,99999,9,False,
99999903948,35.25,-97.46667,360.3,2005-11-20 10:52:00,10,5,N,36,5,2438,5,M,N,16093,5,N,5,70,C,20,C,99999,9,False,
99999903948,35.25,-97.46667,360.3,2005-11-20 11:52:00,360,5,N,31,5,2134,5,M,N,16093,5,N,5,70,C,20,C,99999,9,False,
99999903948,35.25,-97.46667,360.3,2005-11-20 12:52:00,350,5,N,31,5,2134,5,M,N,16093,5,N,5,60,C,20,C,99999,9,False,
99999903948,35.25,-97.46667,360.3,2005-11-20 13:52:00,360,5,N,41,5,2134,5,M,N,16093,5,N,5,70,C,20,C,99999,9,False,
99999903948,35.25,-97.46667,360.3,2005-11-20 14:52:00,10,5,N,36,5,2134,5,M,N,16093,5,N,5,70,C,20,C,99999,9,False,
99999903948,35.25,-97.46667,360.3,2005-11-20 15:52:00,10,5,N,21,5,1829,5,M,N,16093,5,N,5,80,C,20,C,99999,9,False,
99999903948,35.25,-97.46667,360.3,2005-11-20 16:52:00,30,5,N,26,5,1829,5,M,N,16093,5,N,5,90,C,20,C,99999,9,False,
99999903948,35.25,-97.46667,360.3,2005-11-20 17:52:00,20,5,N,26,5,1981,5,M,N,16093,5,N,5,100,C,20,C,99999,9,False,
99999903948,35.25,-97.46667,360.3,2005-11-20 18:52:00,10,5,N,41,5,945,5,M,N,16093,5,N,5,110,C,20,C,99999,9,False,
99999903948,35.25,-97.46667,360.3,2005-11-20 19:52:00,350,5,N,31,5,1311,5,M,N,16093,5,N,5,110,C,20,C,99999,9,False,
99999903948,35.25,-97.46667,360.3,2005-11-20 20:52:00,10,5,N,26,5,1829,5,M,N,16093,5,N,5,100,C,20,C,99999,9,False,
99999903948,35.25,-97.46667,360.3,2005-11-20 21:56:00,330,5,N,31,5,1829,5,M,N,16093,5,N,5,100,C,10,C,99999,9,False,
99999903948,35.25,-97.46667,360.3,2005-11-20 22:52:00,10,5,N,21,5,1829,5,M,N,16093,5,N,5,90,C,10,C,99999,9,False,
99999903948,35.25,-97.46667,360.3,2005-11-20 23:52:00,999,9,C,0,5,1829,5,M,N,16093,5,N,5,80,C,20,C,99999,9,False,
99999903948,35.25,-97.46667,360.3,2005-11-21 00:52:00,999,9,C,0,5,22000,5,9,N,16093,5,N,5,60,C,0,C,99999,9,False,
99999903948,35.25,-97.46667,360.3,2005-11-21 01:52:00,999,9,C,0,5,22000,5,9,N,16093,5,N,5,40,C,-10,C,99999,9,False,
99999903948,35.25,-97.46667,360.3,2005-11-21 02:52:00,999,9,C,0,5,22000,5,9,N,16093,5,N,5,20,C,-20,C,99999,9,False,
99999903948,35.25,-97.46667,360.3,2005-11-21 03:52:00,999,9,C,0,5,22000,5,9,N,16093,5,N,5,10,C,-20,C,99999,9,False,
99999903948,35.25,-97.46667,360.3,2005-11-21 04:52:00,999,9,C,0,5,22000,5,9,N,16093,5,N,5,10,C,-20,C,99999,9,False,
99999903948,35.25,-97.46667,360.3,2005-11-21 05:52:00,310,5,N,15,5,22000,5,9,N,16093,5,N,5,-10,C,-30,C,99999,9,False,
99999903948,35.25,-97.46667,360.3,2005-11-21 06:52:00,999,9,C,0,5,22000,5,9,N,16093,5,N,5,-20,C,-30,C,99999,9,False,
99999903948,35.25,-97.46667,360.3,2005-11-21 07:52:00,999,9,C,0,5,22000,5,9,N,16093,5,N,5,-20,C,-40,C,99999,9,False,
99999903948,35.25,-97.46667,360.3,2005-11-21 08:52:00,999,9,C,0,5,22000,5,9,N,16093,5,N,5,-20,C,-40,C,99999,9,False,
99999903948,35.25,-97.46667,360.3,2005-11-21 09:52:00,999,9,C,0,5,22000,5,9,N,8047,5,N,5,-30,C,-50,C,99999,9,False,
99999903948,35.25,-97.46667,360.3,2005-11-21 10:52:00,999,9,C,0,5,22000,5,9,N,8047,5,N,5,-20,C,-40,C,99999,9,False,
99999903948,35.25,-97.46667,360.3,2005-11-21 11:52:00,999,9,C,0,5,22000,5,9,N,8047,5,N,5,-30,C,-40,C,99999,9,False,
99999903948,35.25,-97.46667,360.3,2005-11-21 12:52:00,999,9,C,0,5,22000,5,9,N,11265,5,N,5,-30,C,-40,C,99999,9,False,
99999903948,35.25,-97.46667,360.3,2005-11-21 13:52:00,999,9,C,0,5,22000,5,9,N,11265,5,N,5,0,C,-20,C,99999,9,False,
99999903948,35.25,-97.46667,360.3,2005-11-21 14:52:00,240,5,N,15,5,22000,5,9,N,16093,5,N,5,60,C,30,C,99999,9,False,
99999903948,35.25,-97.46667,360.3,2005-11-21 15:52:00,270,5,N,21,5,22000,5,9,N,16093,5,N,5,100,C,10,C,99999,9,False,
99999903948,35.25,-97.46667,360.3,2005-11-21 16:53:00,300,5,N,26,5,22000,5,9,N,16093,5,N,5,130,C,10,C,99999,9,False,
99999903948,35.25,-97.46667,360.3,2005-11-21 17:52:00,320,5,N,31,5,22000,5,9,N,16093,5,N,5,160,C,10,C,99999,9,False,
99999903948,35.25,-97.46667,360.3,2005-11-21 18:52:00,350,5,N,36,5,22000,5,9,N,16093,5,N,5,180,C,20,C,99999,9,False,
99999903948,35.25,-97.46667,360.3,2005-11-21 19:52:00,340,5,N,41,5,22000,5,9,N,16093,5,N,5,180,C,-10,C,99999,9,False,
99999903948,35.25,-97.46667,360.3,2005-11-21 20:52:00,320,5,N,46,5,22000,5,9,N,16093,5,N,5,190,C,-10,C,99999,9,False,
99999903948,35.25,-97.46667,360.3,2005-11-21 21:52:00,360,5,N,41,5,22000,5,9,N,16093,5,N,5,180,C,-10,C,99999,9,False,
99999903948,35.25,-97.46667,360.3,2005-11-21 22:52:00,360,5,N,26,5,22000,5,9,N,16093,5,N,5,170,C,-10,C,99999,9,False,
99999903948,35.25,-97.46667,360.3,2005-11-21 23:53:00,999,9,C,0,5,22000,5,9,N,16093,5,N,5,110,C,-20,C,99999,9,False,
99999903948,35.25,-97.46667,360.3,2005-11-22 00:52:00,999,9,C,0,5,22000,5,9,N,16093,5,N,5,80,C,-30,C,99999,9,False,
99999903948,35.25,-97.46667,360.3,2005-11-22 01:52:00,999,9,C,0,5,22000,5,9,N,16093,5,N,5,80,C,-20,C,99999,9,False,
99999903948,35.25,-97.46667,360.3,2005-11-22 02:52:00,999,9,C,0,5,22000,5,9,N,16093,5,N,5,60,C,-30,C,99999,9,False,
99999903948,35.25,-97.46667,360.3,2005-11-22 03:52:00,999,9,C,0,5,22000,5,9,N,16093,5,N,5,60,C,-10,C,99999,9,False,
99999903948,35.25,-97.46667,360.3,2005-11-22 04:52:00,330,5,N,36,5,22000,5,9,N,16093,5,N,5,40,C,-30,C,99999,9,False,
99999903948,35.25,-97.46667,360.3,2005-11-22 05:52:00,350,5,N,41,5,22000,5,9,N,16093,5,N,5,60,C,-10,C,99999,9,False,
99999903948,35.25,-97.46667,360.3,2005-11-22 05:59:00,999,9,9,9999,9,99999,9,9,9,999999,9,9,9,9999,9,9999,9,99999,9,False,
99999903948,35.25,-97.46667,360.3,2005-11-22 06:52:00,320,5,N,26,5,22000,5,9,N,16093,5,N,5,60,C,0,C,99999,9,False,
99999903948,35.25,-97.46667,360.3,2005-11-22 07:52:00,340,5,N,36,5,22000,5,9,N,16093,5,N,5,50,C,0,C,99999,9,False,
99999903948,35.25,-97.46667,360.3,2005-11-22 08:52:00,320,5,N,31,5,22000,5,9,N,16093,5,N,5,40,C,0,C,99999,9,False,
99999903948,35.25,-97.46667,360.3,2005-11-22 09:52:00,320,5,N,26,5,22000,5,9,N,16093,5,N,5,30,C,-10,C,99999,9,False,
99999903948,35.25,-97.46667,360.3,2005-11-22 10:52:00,999,9,C,0,5,22000,5,9,N,16093,5,N,5,20,C,-10,C,99999,9,False,
99999903948,35.25,-97.46667,360.3,2005-11-22 11:53:00,999,9,C,0,5,22000,5,9,N,11265,5,N,5,10,C,0,C,99999,9,False,
99999903948,35.25,-97.46667,360.3,2005-11-22 12:52:00,290,5,N,15,5,22000,5,9,N,16093,5,N,5,0,C,-20,C,99999,9,False,
99999903948,35.25,-97.46667,360.3,2005-11-22 13:52:00,320,5,N,21,5,22000,5,9,N,16093,5,N,5,30,C,10,C,99999,9,False,
99999903948,35.25,-97.46667,360.3,2005-11-22 14:53:00,10,5,N,15,5,22000,5,9,N,16093,5,N,5,80,C,50,C,99999,9,False,
99999903948,35.25,-97.46667,360.3,2005-11-22 15:52:00,999,9,C,0,5,22000,5,9,N,16093,5,N,5,130,C,40,C,99999,9,False,
99999903948,35.25,-97.46667,360.3,2005-11-22 16:52:00,999,9,C,0,5,22000,5,9,N,16093,5,N,5,160,C,10,C,99999,9,False,
99999903948,35.25,-97.46667,360.3,2005-11-22 17:52:00,999,9,C,0,5,22000,5,9,N,16093,5,N,5,160,C,0,C,99999,9,False,
99999903948,35.25,-97.46667,360.3,2005-11-22 18:52:00,230,5,N,26,5,22000,5,9,N,16093,5,N,5,180,C,10,C,99999,9,False,
99999903948,35.25,-97.46667,360.3,2005-11-22 19:52:00,210,5,N,26,5,22000,5,9,N,16093,5,N,5,180,C,0,C,99999,9,False,
99999903948,35.25,-97.46667,360.3,2005-11-22 20:52:00,250,5,N,51,5,22000,5,9,N,16093,5,N,5,190,C,-10,C,99999,9,False,
99999903948,35.25,-97.46667,360.3,2005-11-22 21:52:00,250,5,N,36,5,22000,5,9,N,16093,5,N,5,190,C,0,C,99999,9,False,
99999903948,35.25,-97.46667,360.3,2005-11-22 22:52:00,240,5,N,31,5,22000,5,9,N,16093,5,N,5,180,C,0,C,99999,9,False,
99999903948,35.25,-97.46667,360.3,2005-11-22 23:52:00,210,5,N,15,5,22000,5,9,N,16093,5,N,5,140,C,-20,C,99999,9,False,
99999903948,35.25,-97.46667,360.3,2005-11-23 00:52:00,210,5,N,21,5,22000,5,9,N,16093,5,N,5,120,C,-10,C,99999,9,False,
99999903948,35.25,-97.46667,360.3,2005-11-23 01:52:00,230,5,N,15,5,22000,5,9,N,16093,5,N,5,110,C,0,C,99999,9,False,
99999903948,35.25,-97.46667,360.3,2005-11-23 02:52:00,240,5,N,21,5,22000,5,9,N,16093,5,N,5,90,C,10,C,99999,9,False,
99999903948,35.25,-97.46667,360.3,2005-11-23 03:52:00,230,5,N,21,5,22000,5,9,N,16093,5,N,5,90,C,0,C,99999,9,False,
99999903948,35.25,-97.46667,360.3,2005-11-23 04:52:00,999,9,C,0,5,22000,5,9,N,16093,5,N,5,70,C,-10,C,99999,9,False,
99999903948,35.25,-97.46667,360.3,2005-11-23 05:53:00,999,9,C,0,5,22000,5,9,N,16093,5,N,5,60,C,-20,C,99999,9,False,
99999903948,35.25,-97.46667,360.3,2005-11-23 06:52:00,999,9,C,0,5,22000,5,9,N,16093,5,N,5,40,C,-10,C,99999,9,False,
99999903948,35.25,-97.46667,360.3,2005-11-23 07:52:00,999,9,C,0,5,22000,5,9,N,16093,5,N,5,40,C,-10,C,99999,9,False,
99999903948,35.25,-97.46667,360.3,2005-11-23 08:52:00,999,9,C,0,5,22000,5,9,N,16093,5,N,5,50,C,0,C,99999,9,False,
99999903948,35.25,-97.46667,360.3,2005-11-23 09:52:00,999,9,C,0,5,22000,5,9,N,16093,5,N,5,30,C,-10,C,99999,9,False,
99999903948,35.25,-97.46667,360.3,2005-11-23 10:52:00,999,9,C,0,5,22000,5,9,N,16093,5,N,5,30,C,0,C,99999,9,False,
99999903948,35.25,-97.46667,360.3,2005-11-23 11:52:00,999,9,C,0,5,22000,5,9,N,16093,5,N,5,20,C,-10,C,99999,9,False,
99999903948,35.25,-97.46667,360.3,2005-11-23 12:56:00,999,9,C,0,5,22000,5,9,N,16093,5,N,5,20,C,-20,C,99999,9,False,
99999903948,35.25,-97.46667,360.3,2005-11-23 13:52:00,270,5,N,15,5,22000,5,9,N,16093,5,N,5,60,C,10,C,99999,9,False,
99999903948,35.25,-97.46667,360.3,2005-11-23 14:52:00,270,5,N,41,5,22000,5,9,N,16093,5,N,5,130,C,10,C,99999,9,False,
99999903948,35.25,-97.46667,360.3,2005-11-23 15:52:00,290,5,N,46,5,22000,5,9,N,16093,5,N,5,180,C,10,C,99999,9,False,
99999903948,35.25,-97.46667,360.3,2005-11-23 16:52:00,280,5,N,46,5,22000,5,9,N,16093,5,N,5,210,C,0,C,99999,9,False,
99999903948,35.25,-97.46667,360.3,2005-11-23 17:52:00,280,5,N,51,5,22000,5,9,N,16093,5,N,5,240,C,-20,C,99999,9,False,
99999903948,35.25,-97.46667,360.3,2005-11-23 18:52:00,290,5,N,62,5,22000,5,9,N,16093,5,N,5,250,C,-30,C,99999,9,False,
99999903948,35.25,-97.46667,360.3,2005-11-23 19:52:00,310,5,N,57,5,22000,5,9,N,16093,5,N,5,260,C,-30,C,99999,9,False,
99999903948,35.25,-97.46667,360.3,2005-11-23 20:52:00,290,5,N,57,5,22000,5,9,N,16093,5,N,5,270,C,-30,C,99999,9,False,
99999903948,35.25,-97.46667,360.3,2005-11-23 21:52:00,300,5,N,67,5,22000,5,9,N,16093,5,N,5,260,C,-30,C,99999,9,False,
99999903948,35.25,-97.46667,360.3,2005-11-23 22:52:00,300,5,N,26,5,22000,5,9,N,16093,5,N,5,240,C,-30,C,99999,9,False,
99999903948,35.25,-97.46667,360.3,2005-11-23 23:52:00,270,5,N,21,5,22000,5,9,N,16093,5,N,5,180,C,-20,C,99999,9,False,
99999903948,35.25,-97.46667,360.3,2005-11-24 00:52:00,270,5,N,31,5,22000,5,9,N,16093,5,N,5,170,C,-20,C,99999,9,False,
99999903948,35.25,-97.46667,360.3,2005-11-24 01:52:00,330,5,N,21,5,22000,5,9,N,16093,5,N,5,130,C,-30,C,99999,9,False,
99999903948,35.25,-97.46667,360.3,2005-11-24 02:52:00,290,5,N,21,5,22000,5,9,N,16093,5,N,5,110,C,-30,C,99999,9,False,
99999903948,35.25,-97.46667,360.3,2005-11-24 03:52:00,300,5,N,15,5,22000,5,9,N,16093,5,N,5,100,C,-30,C,99999,9,False,
99999903948,35.25,-97.46667,360.3,2005-11-24 04:52:00,290,5,N,15,5,22000,5,9,N,16093,5,N,5,80,C,-30,C,99999,9,False,
99999903948,35.25,-97.46667,360.3,2005-11-24 05:52:00,999,9,C,0,5,22000,5,9,N,16093,5,N,5,80,C,-30,C,99999,9,False,
99999903948,35.25,-97.46667,360.3,2005-11-24 06:52:00,999,9,C,0,5,22000,5,9,N,16093,5,N,5,60,C,-30,C,99999,9,False,
99999903948,35.25,-97.46667,360.3,2005-11-24 07:52:00,999,9,C,0,5,22000,5,9,N,16093,5,N,5,60,C,-40,C,99999,9,False,
99999903948,35.25,-97.46667,360.3,2005-11-24 08:52:00,320,5,N,15,5,22000,5,9,N,16093,5,N,5,60,C,-30,C,99999,9,False,
99999903948,35.25,-97.46667,360.3,2005-11-24 09:52:00,999,9,C,0,5,22000,5,9,N,16093,5,N,5,60,C,-20,C,99999,9,False,
99999903948,35.25,-97.46667,360.3,2005-11-24 10:52:00,999,9,C,0,5,22000,5,9,N,16093,5,N,5,40,C,-20,C,99999,9,False,
99999903948,35.25,-97.46667,360.3,2005-11-24 11:52:00,999,9,C,0,5,22000,5,9,N,16093,5,N,5,30,C,-30,C,99999,9,False,
99999903948,35.25,-97.46667,360.3,2005-11-24 12:52:00,999,9,C,0,5,22000,5,9,N,16093,5,N,5,30,C,-40,C,99999,9,False,
99999903948,35.25,-97.46667,360.3,2005-11-24 13:52:00,340,5,N,21,5,22000,5,9,N,16093,5,N,5,40,C,-20,C,99999,9,False,
99999903948,35.25,-97.46667,360.3,2005-11-24 14:52:00,999,9,C,0,5,22000,5,9,N,16093,5,N,5,110,C,30,C,99999,9,False,
99999903948,35.25,-97.46667,360.3,2005-11-24 15:52:00,80,5,N,15,5,22000,5,9,N,16093,5,N,5,150,C,10,C,99999,9,False,
99999903948,35.25,-97.46667,360.3,2005-11-24 16:52:00,90,5,N,26,5,22000,5,9,N,16093,5,N,5,160,C,10,C,99999,9,False,
99999903948,35.25,-97.46667,360.3,2005-11-24 17:52:00,90,5,N,46,5,22000,5,9,N,16093,5,N,5,180,C,10,C,99999,9,False,
99999903948,35.25,-97.46667,360.3,2005-11-24 18:52:00,70,5,N,62,5,22000,5,9,N,16093,5,N,5,210,C,10,C,99999,9,False,
99999903948,35.25,-97.46667,360.3,2005-11-24 19:52:00,60,5,N,62,5,22000,5,9,N,16093,5,N,5,180,C,10,C,99999,9,False,
99999903948,35.25,-97.46667,360.3,2005-11-24 20:52:00,50,5,N,62,5,22000,5,9,N,16093,5,N,5,170,C,10,C,99999,9,False,
99999903948,35.25,-97.46667,360.3,2005-11-24 21:52:00,60,5,N,57,5,22000,5,9,N,16093,5,N,5,160,C,10,C,99999,9,False,
99999903948,35.25,-97.46667,360.3,2005-11-24 22:52:00,70,5,N,41,5,22000,5,9,N,16093,5,N,5,140,C,10,C,99999,9,False,
99999903948,35.25,-97.46667,360.3,2005-11-24 23:52:00,70,5,N,51,5,22000,5,9,N,16093,5,N,5,130,C,20,C,99999,9,False,
99999903948,35.25,-97.46667,360.3,2005-11-25 00:52:00,70,5,N,36,5,22000,5,9,N,16093,5,N,5,120,C,20,C,99999,9,False,
99999903948,35.25,-97.46667,360.3,2005-11-25 01:52:00,70,5,N,36,5,22000,5,9,N,16093,5,N,5,110,C,20,C,99999,9,False,
99999903948,35.25,-97.46667,360.3,2005-11-25 02:52:00,60,5,N,67,5,22000,5,9,N,16093,5,N,5,100,C,20,C,99999,9,False,
99999903948,35.25,-97.46667,360.3,2005-11-25 03:52:00,70,5,N,57,5,22000,5,9,N,16093,5,N,5,90,C,10,C,99999,9,False,
99999903948,35.25,-97.46667,360.3,2005-11-25 04:52:00,60,5,N,46,5,22000,5,9,N,16093,5,N,5,80,C,10,C,99999,9,False,
99999903948,35.25,-97.46667,360.3,2005-11-25 05:52:00,50,5,N,46,5,22000,5,9,N,16093,5,N,5,70,C,0,C,99999,9,False,
99999903948,35.25,-97.46667,360.3,2005-11-25 06:52:00,70,5,N,46,5,22000,5,9,N,16093,5,N,5,60,C,-10,C,99999,9,False,
99999903948,35.25,-97.46667,360.3,2005-11-25 07:52:00,70,5,N,36,5,22000,5,9,N,16093,5,N,5,50,C,-20,C,99999,9,False,
99999903948,35.25,-97.46667,360.3,2005-11-25 08:52:00,70,5,N,36,5,22000,5,9,N,16093,5,N,5,40,C,-30,C,99999,9,False,
99999903948,35.25,-97.46667,360.3,2005-11-25 09:52:00,80,5,N,31,5,22000,5,9,N,16093,5,N,5,30,C,-50,C,99999,9,False,
99999903948,35.25,-97.46667,360.3,2005-11-25 10:52:00,60,5,N,21,5,22000,5,9,N,16093,5,N,5,20,C,-70,C,99999,9,False,
99999903948,35.25,-97.46667,360.3,2005-11-25 11:52:00,80,5,N,26,5,22000,5,9,N,16093,5,N,5,10,C,-80,C,99999,9,False,
99999903948,35.25,-97.46667,360.3,2005-11-25 12:52:00,60,5,N,21,5,22000,5,9,N,16093,5,N,5,10,C,-90,C,99999,9,False,
99999903948,35.25,-97.46667,360.3,2005-11-25 13:52:00,60,5,N,15,5,22000,5,9,N,16093,5,N,5,10,C,-80,C,99999,9,False,
99999903948,35.25,-97.46667,360.3,2005-11-25 14:52:00,80,5,N,31,5,22000,5,9,N,16093,5,N,5,50,C,-80,C,99999,9,False,
99999903948,35.25,-97.46667,360.3,2005-11-25 15:52:00,130,5,N,41,5,22000,5,9,N,16093,5,N,5,90,C,-40,C,99999,9,False,
99999903948,35.25,-97.46667,360.3,2005-11-25 16:52:00,150,5,N,41,5,22000,5,9,N,16093,5,N,5,130,C,-20,C,99999,9,False,
99999903948,35.25,-97.46667,360.3,2005-11-25 17:53:00,160,5,N,62,5,22000,5,9,N,16093,5,N,5,140,C,0,C,99999,9,False,
99999903948,35.25,-97.46667,360.3,2005-11-25 18:52:00,180,5,N,57,5,732,5,M,N,16093,5,N,5,130,C,30,C,99999,9,False,
99999903948,35.25,-97.46667,360.3,2005-11-25 19:52:00,170,5,N,46,5,792,5,M,N,16093,5,N,5,140,C,20,C,99999,9,False,
99999903948,35.25,-97.46667,360.3,2005-11-25 20:52:00,180,5,N,41,5,792,5,M,N,16093,5,N,5,140,C,20,C,99999,9,False,
99999903948,35.25,-97.46667,360.3,2005-11-25 21:52:00,160,5,N,41,5,853,5,M,N,16093,5,N,5,140,C,20,C,99999,9,False,
99999903948,35.25,-97.46667,360.3,2005-11-25 22:52:00,180,5,N,46,5,884,5,M,N,16093,5,N,5,140,C,20,C,99999,9,False,
99999903948,35.25,-97.46667,360.3,2005-11-25 23:52:00,160,5,N,26,5,22000,5,9,N,16093,5,N,5,110,C,10,C,99999,9,False,
99999903948,35.25,-97.46667,360.3,2005-11-26 00:53:00,160,5,N,36,5,22000,5,9,N,16093,5,N,5,100,C,10,C,99999,9,False,
99999903948,35.25,-97.46667,360.3,2005-11-26 01:52:00,150,5,N,41,5,22000,5,9,N,16093,5,N,5,100,C,10,C,99999,9,False,
99999903948,35.25,-97.46667,360.3,2005-11-26 02:52:00,160,5,N,41,5,22000,5,9,N,16093,5,N,5,100,C,0,C,99999,9,False,
99999903948,35.25,-97.46667,360.3,2005-11-26 03:52:00,170,5,N,26,5,22000,5,9,N,16093,5,N,5,90,C,0,C,99999,9,False,
99999903948,35.25,-97.46667,360.3,2005-11-26 04:52:00,170,5,N,31,5,701,5,M,N,16093,5,N,5,110,C,10,C,99999,9,False,
99999903948,35.25,-97.46667,360.3,2005-11-26 05:52:00,170,5,N,36,5,732,5,M,N,16093,5,N,5,110,C,10,C,99999,9,False,
99999903948,35.25,-97.46667,360.3,2005-11-26 06:53:00,170,5,N,51,5,579,5,M,N,16093,5,N,5,120,C,30,C,99999,9,False,
99999903948,35.25,-97.46667,360.3,2005-11-26 07:52:00,180,5,N,46,5,22000,5,9,N,16093,5,N,5,120,C,40,C,99999,9,False,
99999903948,35.25,-97.46667,360.3,2005-11-26 08:52:00,180,5,N,51,5,22000,5,9,N,16093,5,N,5,120,C,40,C,99999,9,False,
99999903948,35.25,-97.46667,360.3,2005-11-26 09:52:00,170,5,N,46,5,22000,5,9,N,16093,5,N,5,110,C,50,C,99999,9,False,
99999903948,35.25,-97.46667,360.3,2005-11-26 10:52:00,170,5,N,41,5,22000,5,9,N,16093,5,N,5,110,C,60,C,99999,9,False,
99999903948,35.25,-97.46667,360.3,2005-11-26 11:52:00,180,5,N,36,5,22000,5,9,N,16093,5,N,5,110,C,60,C,99999,9,False,
99999903948,35.25,-97.46667,360.3,2005-11-26 12:52:00,170,5,N,41,5,22000,5,9,N,16093,5,N,5,100,C,70,C,99999,9,False,
99999903948,35.25,-97.46667,360.3,2005-11-26 13:52:00,180,5,N,41,5,183,5,M,N,16093,5,N,5,120,C,80,C,99999,9,False,
99999903948,35.25,-97.46667,360.3,2005-11-26 14:52:00,170,5,N,51,5,22000,5,9,N,16093,5,N,5,150,C,110,C,99999,9,False,
99999903948,35.25,-97.46667,360.3,2005-11-26 15:52:00,180,5,N,62,5,305,5,M,N,11265,5,N,5,160,C,120,C,99999,9,False,
99999903948,35.25,-97.46667,360.3,2005-11-26 16:52:00,190,5,N,62,5,305,5,M,N,11265,5,N,5,170,C,130,C,99999,9,False,
99999903948,35.25,-97.46667,360.3,2005-11-26 17:52:00,190,5,N,72,5,305,5,M,N,11265,5,N,5,180,C,140,C,99999,9,False,
99999903948,35.25,-97.46667,360.3,2005-11-26 18:52:00,180,5,N,82,5,579,5,M,N,16093,5,N,5,190,C,140,C,99999,9,False,
99999903948,35.25,-97.46667,360.3,2005-11-26 19:52:00,170,5,N,93,5,22000,5,9,N,16093,5,N,5,200,C,140,C,99999,9,False,
99999903948,35.25,-97.46667,360.3,2005-11-26 20:52:00,170,5,N,98,5,22000,5,9,N,16093,5,N,5,200,C,130,C,99999,9,False,
99999903948,35.25,-97.46667,360.3,2005-11-26 21:52:00,180,5,N,82,5,22000,5,9,N,16093,5,N,5,210,C,100,C,99999,9,False,
99999903948,35.25,-97.46667,360.3,2005-11-26 22:52:00,180,5,N,93,5,22000,5,9,N,16093,5,N,5,200,C,100,C,99999,9,False,
99999903948,35.25,-97.46667,360.3,2005-11-26 23:52:00,170,5,N,82,5,22000,5,9,N,16093,5,N,5,170,C,110,C,99999,9,False,
99999903948,35.25,-97.46667,360.3,2005-11-27 00:52:00,170,5,N,88,5,22000,5,9,N,16093,5,N,5,160,C,110,C,99999,9,False,
99999903948,35.25,-97.46667,360.3,2005-11-27 01:52:00,160,5,N,72,5,22000,5,9,N,16093,5,N,5,150,C,120,C,99999,9,False,
99999903948,35.25,-97.46667,360.3,2005-11-27 02:52:00,160,5,N,67,5,22000,5,9,N,16093,5,N,5,140,C,120,C,99999,9,False,
99999903948,35.25,-97.46667,360.3,2005-11-27 03:52:00,160,5,N,88,5,305,5,M,N,16093,5,N,5,140,C,120,C,99999,9,False,
99999903948,35.25,-97.46667,360.3,2005-11-27 04:52:00,170,5,N,77,5,305,5,M,N,16093,5,N,5,150,C,120,C,99999,9,False,
99999903948,35.25,-97.46667,360.3,2005-11-27 05:52:00,180,5,N,93,5,305,5,M,N,16093,5,N,5,150,C,120,C,99999,9,False,
99999903948,35.25,-97.46667,360.3,2005-11-27 06:52:00,180,5,N,77,5,305,5,M,N,16093,5,N,5,150,C,130,C,99999,9,False,
99999903948,35.25,-97.46667,360.3,2005-11-27 07:52:00,170,5,N,72,5,366,5,M,N,16093,5,N,5,160,C,130,C,99999,9,False,
99999903948,35.25,-97.46667,360.3,2005-11-27 08:52:00,170,5,N,77,5,366,5,M,N,16093,5,N,5,160,C,130,C,99999,9,False,
99999903948,35.25,-97.46667,360.3,2005-11-27 09:52:00,170,5,N,82,5,518,5,M,N,16093,5,N,5,160,C,130,C,99999,9,False,
99999903948,35.25,-97.46667,360.3,2005-11-27 10:52:00,180,5,N,72,5,22000,5,9,N,16093,5,N,5,150,C,120,C,99999,9,False,
99999903948,35.25,-97.46667,360.3,2005-11-27 11:52:00,170,5,N,72,5,22000,5,9,N,16093,5,N,5,140,C,120,C,99999,9,False,
99999903948,35.25,-97.46667,360.3,2005-11-27 12:52:00,160,5,N,113,5,22000,5,9,N,16093,5,N,5,150,C,120,C,99999,9,False,
99999903948,35.25,-97.46667,360.3,2005-11-27 13:52:00,180,5,N,108,5,22000,5,9,N,16093,5,N,5,160,C,120,C,99999,9,False,
99999903948,35.25,-97.46667,360.3,2005-11-27 14:52:00,180,5,N,103,5,1036,5,M,N,16093,5,N,5,160,C,120,C,99999,9,False,
99999903948,35.25,-97.46667,360.3,2005-11-27 15:52:00,200,5,N,108,5,1067,5,M,N,16093,5,N,5,180,C,110,C,99999,9,False,
99999903948,35.25,-97.46667,360.3,2005-11-27 16:53:00,200,5,N,93,5,22000,5,9,N,16093,5,N,5,200,C,80,C,99999,9,False,
99999903948,35.25,-97.46667,360.3,2005-11-27 17:52:00,220,5,N,103,5,22000,5,9,N,16093,5,N,5,220,C,60,C,99999,9,False,
99999903948,35.25,-97.46667,360.3,2005-11-27 18:53:00,240,5,N,144,5,22000,5,9,N,11265,5,N,5,220,C,-30,C,99999,9,False,
99999903948,35.25,-97.46667,360.3,2005-11-27 19:55:00,240,5,N,118,5,22000,5,9,N,8047,5,N,5,210,C,-70,C,99999,9,False,
99999903948,35.25,-97.46667,360.3,2005-11-27 20:58:00,230,5,N,180,5,22000,5,9,N,11265,5,N,5,200,C,-90,C,99999,9,False,
99999903948,35.25,-97.46667,360.3,2005-11-27 21:53:00,230,5,N,175,5,22000,5,9,N,8047,5,N,5,180,C,9999,9,99999,9,False,
99999903948,35.25,-97.46667,360.3,2005-11-27 22:52:00,250,5,N,82,5,22000,5,9,N,16093,5,N,5,140,C,-10,C,99999,9,False,
99999903948,35.25,-97.46667,360.3,2005-11-27 23:52:00,250,5,N,139,5,22000,5,9,N,16093,5,N,5,120,C,10,C,99999,9,False,
99999903948,35.25,-97.46667,360.3,2005-11-28 00:52:00,260,5,N,108,5,22000,5,9,N,16093,5,N,5,100,C,20,C,99999,9,False,
99999903948,35.25,-97.46667,360.3,2005-11-28 01:53:00,270,5,N,93,5,22000,5,9,N,16093,5,N,5,90,C,20,C,99999,9,False,
99999903948,35.25,-97.46667,360.3,2005-11-28 02:52:00,270,5,N,93,5,1097,5,M,N,16093,5,N,5,90,C,10,C,99999,9,False,
99999903948,35.25,-97.46667,360.3,2005-11-28 03:52:00,270,5,N,82,5,22000,5,9,N,16093,5,N,5,70,C,10,C,99999,9,False,
99999903948,35.25,-97.46667,360.3,2005-11-28 04:52:00,280,5,N,108,5,22000,5,9,N,16093,5,N,5,70,C,10,C,99999,9,False,
99999903948,35.25,-97.46667,360.3,2005-11-28 05:52:00,280,5,N,82,5,1189,5,M,N,16093,5,N,5,80,C,10,C,99999,9,False,
99999903948,35.25,-97.46667,360.3,2005-11-28 05:59:00,999,9,9,9999,9,99999,9,9,9,999999,9,9,9,9999,9,9999,9,99999,9,False,
99999903948,35.25,-97.46667,360.3,2005-11-28 06:52:00,270,5,N,103,5,1524,5,M,N,16093,5,N,5,70,C,10,C,99999,9,False,
99999903948,35.25,-97.46667,360.3,2005-11-28 07:54:00,270,5,N,77,5,1524,5,M,N,16093,5,N,5,70,C,0,C,99999,9,False,
99999903948,35.25,-97.46667,360.3,2005-11-28 08:52:00,290,5,N,93,5,1311,5,M,N,16093,5,N,5,70,C,-10,C,99999,9,False,
99999903948,35.25,-97.46667,360.3,2005-11-28 09:52:00,300,5,N,108,5,1433,5,M,N,16093,5,N,5,70,C,-20,C,99999,9,False,
99999903948,35.25,-97.46667,360.3,2005-11-28 10:52:00,280,5,N,103,5,1280,5,M,N,16093,5,N,5,70,C,-20,C,99999,9,False,
99999903948,35.25,-97.46667,360.3,2005-11-28 11:52:00,300,5,N,98,5,1219,5,M,N,16093,5,N,5,60,C,-20,C,99999,9,False,
99999903948,35.25,-97.46667,360.3,2005-11-28 12:52:00,290,5,N,77,5,1433,5,M,N,16093,5,N,5,60,C,-30,C,99999,9,False,
99999903948,35.25,-97.46667,360.3,2005-11-28 13:53:00,290,5,N,82,5,1219,5,M,N,16093,5,N,5,60,C,-30,C,99999,9,False,
99999903948,35.25,-97.46667,360.3,2005-11-28 14:52:00,310,5,N,118,5,1280,5,M,N,16093,5,N,5,50,C,-50,C,99999,9,False,
99999903948,35.25,-97.46667,360.3,2005-11-28 15:52:00,320,5,N,67,5,1341,5,M,N,16093,5,N,5,50,C,-60,C,99999,9,False,
99999903948,35.25,-97.46667,360.3,2005-11-28 16:53:00,320,5,N,93,5,1402,5,M,N,16093,5,N,5,50,C,-60,C,99999,9,False,
99999903948,35.25,-97.46667,360.3,2005-11-28 17:52:00,310,5,N,103,5,1463,5,M,N,16093,5,N,5,60,C,-70,C,99999,9,False,
99999903948,35.25,-97.46667,360.3,2005-11-28 18:52:00,320,5,N,98,5,1524,5,M,N,16093,5,N,5,60,C,-80,C,99999,9,False,
99999903948,35.25,-97.46667,360.3,2005-11-28 19:55:00,330,5,N,98,5,22000,5,9,N,16093,5,N,5,50,C,-90,C,99999,9,False,
99999903948,35.25,-97.46667,360.3,2005-11-28 20:53:00,300,5,N,67,5,1524,5,M,N,16093,5,N,5,60,C,-80,C,99999,9,False,
99999903948,35.25,-97.46667,360.3,2005-11-28 21:53:00,320,5,N,93,5,1524,5,M,N,16093,5,N,5,50,C,-80,C,99999,9,False,
99999903948,35.25,-97.46667,360.3,2005-11-28 22:52:00,330,5,N,77,5,1524,5,M,N,16093,5,N,5,40,C,-70,C,99999,9,False,
99999903948,35.25,-97.46667,360.3,2005-11-28 23:53:00,310,5,N,77,5,1524,5,M,N,16093,5,N,5,50,C,-70,C,99999,9,False,
99999903948,35.25,-97.46667,360.3,2005-11-29 00:52:00,310,5,N,77,5,1524,5,M,N,16093,5,N,5,40,C,-60,C,99999,9,False,
99999903948,35.25,-97.46667,360.3,2005-11-29 01:52:00,320,5,N,62,5,1829,5,M,N,16093,5,N,5,40,C,-70,C,99999,9,False,
99999903948,35.25,-97.46667,360.3,2005-11-29 02:53:00,300,5,N,62,5,22000,5,9,N,16093,5,N,5,30,C,-70,C,99999,9,False,
99999903948,35.25,-97.46667,360.3,2005-11-29 03:52:00,320,5,N,88,5,22000,5,9,N,16093,5,N,5,30,C,-70,C,99999,9,False,
99999903948,35.25,-97.46667,360.3,2005-11-29 04:52:00,330,5,N,62,5,22000,5,9,N,16093,5,N,5,30,C,-60,C,99999,9,False,
99999903948,35.25,-97.46667,360.3,2005-11-29 05:52:00,320,5,N,77,5,22000,5,9,N,16093,5,N,5,30,C,-60,C,99999,9,False,
99999903948,35.25,-97.46667,360.3,2005-11-29 06:52:00,320,5,N,41,5,22000,5,9,N,16093,5,N,5,20,C,-60,C,99999,9,False,
99999903948,35.25,-97.46667,360.3,2005-11-29 07:52:00,320,5,N,46,5,22000,5,9,N,16093,5,N,5,20,C,-60,C,99999,9,False,
99999903948,35.25,-97.46667,360.3,2005-11-29 08:52:00,310,5,N,41,5,22000,5,9,N,16093,5,N,5,10,C,-60,C,99999,9,False,
99999903948,35.25,-97.46667,360.3,2005-11-29 09:52:00,300,5,N,41,5,22000,5,9,N,16093,5,N,5,0,C,-60,C,99999,9,False,
99999903948,35.25,-97.46667,360.3,2005-11-29 10:52:00,320,5,N,36,5,22000,5,9,N,16093,5,N,5,10,C,-80,C,99999,9,False,
99999903948,35.25,-97.46667,360.3,2005-11-29 11:52:00,310,5,N,31,5,22000,5,9,N,16093,5,N,5,-10,C,-70,C,99999,9,False,
99999903948,35.25,-97.46667,360.3,2005-11-29 12:52:00,280,5,N,21,5,99999,9,9,N,16093,5,N,5,-30,C,-80,C,99999,9,False,
99999903948,35.25,-97.46667,360.3,2005-11-29 13:52:00,280,5,N,21,5,99999,9,9,N,16093,5,N,5,-20,C,-70,C,99999,9,False,
99999903948,35.25,-97.46667,360.3,2005-11-29 14:52:00,280,5,N,31,5,22000,5,9,N,16093,5,N,5,20,C,-70,C,99999,9,False,
99999903948,35.25,-97.46667,360.3,2005-11-29 15:52:00,320,5,N,62,5,22000,5,9,N,16093,5,N,5,50,C,-80,C,99999,9,False,
99999903948,35.25,-97.46667,360.3,2005-11-29 16:52:00,330,5,N,57,5,22000,5,9,N,16093,5,N,5,60,C,-80,C,99999,9,False,
99999903948,35.25,-97.46667,360.3,2005-11-29 17:53:00,330,5,N,57,5,22000,5,9,N,16093,5,N,5,70,C,-90,C,99999,9,False,
99999903948,35.25,-97.46667,360.3,2005-11-29 18:52:00,320,5,N,51,5,22000,5,9,N,16093,5,N,5,80,C,-80,C,99999,9,False,
99999903948,35.25,-97.46667,360.3,2005-11-29 19:52:00,320,5,N,67,5,22000,5,9,N,16093,5,N,5,90,C,-90,C,99999,9,False,
99999903948,35.25,-97.46667,360.3,2005-11-29 20:52:00,330,5,N,46,5,22000,5,9,N,16093,5,N,5,90,C,-90,C,99999,9,False,
99999903948,35.25,-97.46667,360.3,2005-11-29 21:52:00,330,5,N,51,5,22000,5,9,N,16093,5,N,5,90,C,-80,C,99999,9,False,
99999903948,35.25,-97.46667,360.3,2005-11-29 22:52:00,320,5,N,26,5,22000,5,9,N,16093,5,N,5,80,C,-90,C,99999,9,False,
99999903948,35.25,-97.46667,360.3,2005-11-29 23:52:00,320,5,N,21,5,22000,5,9,N,16093,5,N,5,40,C,-90,C,99999,9,False,
99999903948,35.25,-97.46667,360.3,2005-11-30 00:53:00,340,5,N,15,5,22000,5,9,N,16093,5,N,5,20,C,-90,C,99999,9,False,
99999903948,35.25,-97.46667,360.3,2005-11-30 01:52:00,999,9,C,0,5,22000,5,9,N,16093,5,N,5,10,C,-80,C,99999,9,False,
99999903948,35.25,-97.46667,360.3,2005-11-30 02:52:00,999,9,C,0,5,22000,5,9,N,16093,5,N,5,-10,C,-80,C,99999,9,False,
99999903948,35.25,-97.46667,360.3,2005-11-30 03:52:00,999,9,C,0,5,22000,5,9,N,16093,5,N,5,-20,C,-80,C,99999,9,False,
99999903948,35.25,-97.46667,360.3,2005-11-30 04:52:00,999,9,C,0,5,22000,5,9,N,16093,5,N,5,-30,C,-80,C,99999,9,False,
99999903948,35.25,-97.46667,360.3,2005-11-30 05:52:00,999,9,C,0,5,22000,5,9,N,16093,5,N,5,-30,C,-90,C,99999,9,False,
99999903948,35.25,-97.46667,360.3,2005-11-30 06:52:00,999,9,C,0,5,22000,5,9,N,16093,5,N,5,-40,C,-90,C,99999,9,False,
99999903948,35.25,-97.46667,360.3,2005-11-30 07:53:00,999,9,C,0,5,99999,9,9,N,16093,5,N,5,-50,C,-110,C,99999,9,False,
99999903948,35.25,-97.46667,360.3,2005-11-30 08:52:00,120,5,N,15,5,99999,9,9,N,16093,5,N,5,-60,C,-110,C,99999,9,False,
99999903948,35.25,-97.46667,360.3,2005-11-30 09:52:00,100,5,N,21,5,99999,9,9,N,16093,5,N,5,-60,C,-100,C,99999,9,False,
99999903948,35.25,-97.46667,360.3,2005-11-30 10:52:00,140,5,N,15,5,99999,9,9,N,16093,5,N,5,-10,C,-80,C,99999,9,False,
99999903948,35.25,-97.46667,360.3,2005-11-30 11:52:00,130,5,N,31,5,99999,9,9,N,16093,5,N,5,-20,C,-80,C,99999,9,False,
99999903948,35.25,-97.46667,360.3,2005-11-30 12:52:00,130,5,N,31,5,99999,9,9,N,16093,5,N,5,-10,C,-80,C,99999,9,False,
99999903948,35.25,-97.46667,360.3,2005-11-30 13:52:00,130,5,N,21,5,99999,9,9,N,16093,5,N,5,-10,C,-70,C,99999,9,False,
99999903948,35.25,-97.46667,360.3,2005-11-30 14:52:00,160,5,N,62,5,22000,5,9,N,16093,5,N,5,30,C,-70,C,99999,9,False,
99999903948,35.25,-97.46667,360.3,2005-11-30 15:52:00,160,5,N,93,5,22000,5,9,N,16093,5,N,5,60,C,-80,C,99999,9,False,
99999903948,35.25,-97.46667,360.3,2005-11-30 16:52:00,170,5,N,77,5,22000,5,9,N,16093,5,N,5,90,C,-80,C,99999,9,False,
99999903948,35.25,-97.46667,360.3,2005-11-30 17:52:00,180,5,N,88,5,22000,5,9,N,16093,5,N,5,120,C,-70,C,99999,9,False,
99999903948,35.25,-97.46667,360.3,2005-11-30 18:52:00,170,5,N,103,5,22000,5,9,N,16093,5,N,5,130,C,-60,C,99999,9,False,
99999903948,35.25,-97.46667,360.3,2005-11-30 19:52:00,180,5,N,108,5,22000,5,9,N,16093,5,N,5,150,C,-50,C,99999,9,False,
99999903948,35.25,-97.46667,360.3,2005-11-30 20:52:00,190,5,N,103,5,22000,5,9,N,16093,5,N,5,160,C,-40,C,99999,9,False,
99999903948,35.25,-97.46667,360.3,2005-11-30 21:52:00,180,5,N,67,5,22000,5,9,N,16093,5,N,5,150,C,-40,C,99999,9,False,
99999903948,35.25,-97.46667,360.3,2005-11-30 22:52:00,180,5,N,57,5,22000,5,9,N,16093,5,N,5,140,C,-30,C,99999,9,False,
99999903948,35.25,-97.46667,360.3,2005-11-30 23:52:00,170,5,N,26,5,22000,5,9,N,16093,5,N,5,120,C,-30,C,99999,9,False,
99999903948,35.25,-97.46667,360.3,2005-12-01 00:57:00,30,5,N,26,5,22000,5,9,N,16093,5,N,5,80,C,-40,C,99999,9,False,
99999903948,35.25,-97.46667,360.3,2005-12-01 01:52:00,999,9,C,0,5,22000,5,9,N,16093,5,N,5,60,C,-40,C,99999,9,False,
99999903948,35.25,-97.46667,360.3,2005-12-01 02:52:00,10,5,N,72,5,22000,5,9,N,999999,9,N,5,100,C,-50,C,99999,9,False,
99999903948,35.25,-97.46667,360.3,2005-12-01 03:52:00,360,5,N,88,5,22000,5,9,N,16093,5,N,5,80,C,-40,C,99999,9,False,
99999903948,35.25,-97.46667,360.3,2005-12-01 04:54:00,360,5,N,82,5,22000,5,9,N,16093,5,N,5,60,C,-60,C,99999,9,False,
99999903948,35.25,-97.46667,360.3,2005-12-01 05:53:00,350,5,N,98,5,22000,5,9,N,16093,5,N,5,50,C,-60,C,99999,9,False,
99999903948,35.25,-97.46667,360.3,2005-12-01 06:54:00,360,5,N,88,5,22000,5,9,N,16093,5,N,5,30,C,-70,C,99999,9,False,
99999903948,35.25,-97.46667,360.3,2005-12-01 07:53:00,360,5,N,82,5,22000,5,9,N,16093,5,N,5,20,C,-80,C,99999,9,False,
99999903948,35.25,-97.46667,360.3,2005-12-01 08:53:00,360,5,N,103,5,22000,5,9,N,16093,5,N,5,-10,C,-100,C,99999,9,False,
99999903948,35.25,-97.46667,360.3,2005-12-01 09:53:00,350,5,N,103,5,22000,5,9,N,16093,5,N,5,-20,C,-90,C,99999,9,False,
99999903948,35.25,-97.46667,360.3,2005-12-01 10:52:00,360,5,N,77,5,99999,9,9,N,16093,5,N,5,-20,C,-100,C,99999,9,False,
99999903948,35.25,-97.46667,360.3,2005-12-01 11:52:00,360,5,N,62,5,99999,9,9,N,16093,5,N,5,-30,C,-110,C,99999,9,False,
99999903948,35.25,-97.46667,360.3,2005-12-01 12:52:00,10,5,N,67,5,99999,9,9,N,16093,5,N,5,-40,C,-110,C,99999,9,False,
99999903948,35.25,-97.46667,360.3,2005-12-01 13:52:00,360,5,N,57,5,99999,9,9,N,16093,5,N,5,-30,C,-110,C,99999,9,False,
99999903948,35.25,-97.46667,360.3,2005-12-01 14:53:00,360,5,N,67,5,99999,9,9,N,16093,5,N,5,-20,C,-110,C,99999,9,False,
99999903948,35.25,-97.46667,360.3,2005-12-01 15:52:00,360,5,N,57,5,99999,9,9,N,16093,5,N,5,0,C,-100,C,99999,9,False,
99999903948,35.25,-97.46667,360.3,2005-12-01 16:52:00,360,5,N,46,5,22000,5,9,N,16093,5,N,5,20,C,-100,C,99999,9,False,
99999903948,35.25,-97.46667,360.3,2005-12-01 17:52:00,10,5,N,41,5,22000,5,9,N,16093,5,N,5,30,C,-110,C,99999,9,False,
99999903948,35.25,-97.46667,360.3,2005-12-01 18:54:00,40,5,N,36,5,22000,5,9,N,16093,5,N,5,60,C,-100,C,99999,9,False,
99999903948,35.25,-97.46667,360.3,2005-12-01 19:54:00,999,9,C,0,5,22000,5,9,N,16093,5,N,5,70,C,-90,C,99999,9,False,
99999903948,35.25,-97.46667,360.3,2005-12-01 20:52:00,999,9,C,0,5,22000,5,9,N,16093,5,N,5,90,C,-90,C,99999,9,False,
99999903948,35.25,-97.46667,360.3,2005-12-01 21:52:00,999,9,C,0,5,22000,5,9,N,16093,5,N,5,80,C,-100,C,99999,9,False,
99999903948,35.25,-97.46667,360.3,2005-12-01 22:52:00,80,5,N,21,5,22000,5,9,N,16093,5,N,5,60,C,-110,C,99999,9,False,
99999903948,35.25,-97.46667,360.3,2005-12-01 23:53:00,90,5,N,21,5,22000,5,9,N,16093,5,N,5,20,C,-110,C,99999,9,False,
99999903948,35.25,-97.46667,360.3,2005-12-02 00:53:00,110,5,N,26,5,22000,5,9,N,16093,5,N,5,20,C,-110,C,99999,9,False,
99999903948,35.25,-97.46667,360.3,2005-12-02 01:54:00,120,5,N,15,5,22000,5,9,N,16093,5,N,5,10,C,-110,C,99999,9,False,
99999903948,35.25,-97.46667,360.3,2005-12-02 02:52:00,130,5,N,21,5,22000,5,9,N,16093,5,N,5,10,C,-110,C,99999,9,False,
99999903948,35.25,-97.46667,360.3,2005-12-02 03:52:00,130,5,N,21,5,22000,5,9,N,16093,5,N,5,0,C,-100,C,99999,9,False,
99999903948,35.25,-97.46667,360.3,2005-12-02 04:54:00,140,5,N,26,5,22000,5,9,N,16093,5,N,5,0,C,-100,C,99999,9,False,
99999903948,35.25,-97.46667,360.3,2005-12-02 05:53:00,150,5,N,26,5,22000,5,9,N,16093,5,N,5,0,C,-100,C,99999,9,False,
99999903948,35.25,-97.46667,360.3,2005-12-02 06:53:00,140,5,N,31,5,22000,5,9,N,16093,5,N,5,0,C,-90,C,99999,9,False,
99999903948,35.25,-97.46667,360.3,2005-12-02 07:53:00,140,5,N,21,5,99999,9,9,N,16093,5,N,5,-10,C,-90,C,99999,9,False,
99999903948,35.25,-97.46667,360.3,2005-12-02 08:53:00,999,9,C,0,5,99999,9,9,N,16093,5,N,5,-20,C,-90,C,99999,9,False,
99999903948,35.25,-97.46667,360.3,2005-12-02 09:53:00,140,5,N,26,5,99999,9,9,N,16093,5,N,5,-20,C,-90,C,99999,9,False,
99999903948,35.25,-97.46667,360.3,2005-12-02 10:53:00,140,5,N,31,5,99999,9,9,N,16093,5,N,5,-10,C,-90,C,99999,9,False,
99999903948,35.25,-97.46667,360.3,2005-12-02 11:53:00,160,5,N,36,5,99999,9,9,N,16093,5,N,5,-10,C,-90,C,99999,9,False,
99999903948,35.25,-97.46667,360.3,2005-12-02 12:53:00,170,5,N,51,5,99999,9,9,N,16093,5,N,5,-10,C,-80,C,99999,9,False,
99999903948,35.25,-97.46667,360.3,2005-12-02 13:56:00,160,5,N,57,5,99999,9,9,N,16093,5,N,5,0,C,-70,C,99999,9,False,
99999903948,35.25,-97.46667,360.3,2005-12-02 14:53:00,170,5,N,57,5,22000,5,9,N,16093,5,N,5,30,C,-60,C,99999,9,False,
99999903948,35.25,-97.46667,360.3,2005-12-02 15:52:00,170,5,N,93,5,22000,5,9,N,16093,5,N,5,60,C,-60,C,99999,9,False,
99999903948,35.25,-97.46667,360.3,2005-12-02 16:52:00,180,5,N,103,5,22000,5,9,N,16093,5,N,5,80,C,-60,C,99999,9,False,
99999903948,35.25,-97.46667,360.3,2005-12-02 17:52:00,170,5,N,82,5,22000,5,9,N,16093,5,N,5,110,C,-50,C,99999,9,False,
99999903948,35.25,-97.46667,360.3,2005-12-02 18:52:00,170,5,N,88,5,22000,5,9,N,16093,5,N,5,130,C,-40,C,99999,9,False,
99999903948,35.25,-97.46667,360.3,2005-12-02 19:52:00,160,5,N,118,5,22000,5,9,N,16093,5,N,5,140,C,-40,C,99999,9,False,
99999903948,35.25,-97.46667,360.3,2005-12-02 20:53:00,170,5,N,93,5,22000,5,9,N,16093,5,N,5,140,C,-30,C,99999,9,False,
99999903948,35.25,-97.46667,360.3,2005-12-02 21:52:00,180,5,N,72,5,22000,5,9,N,16093,5,N,5,160,C,-10,C,99999,9,False,
99999903948,35.25,-97.46667,360.3,2005-12-02 22:52:00,180,5,N,82,5,22000,5,9,N,16093,5,N,5,140,C,0,C,99999,9,False,
99999903948,35.25,-97.46667,360.3,2005-12-02 23:52:00,150,5,N,46,5,22000,5,9,N,16093,5,N,5,130,C,10,C,99999,9,False,
99999903948,35.25,-97.46667,360.3,2005-12-03 00:52:00,140,5,N,46,5,22000,5,9,N,16093,5,N,5,120,C,20,C,99999,9,False,
99999903948,35.25,-97.46667,360.3,2005-12-03 01:52:00,140,5,N,51,5,22000,5,9,N,16093,5,N,5,120,C,30,C,99999,9,False,
99999903948,35.25,-97.46667,360.3,2005-12-03 02:53:00,150,5,N,46,5,22000,5,9,N,16093,5,N,5,120,C,40,C,99999,9,False,
99999903948,35.25,-97.46667,360.3,2005-12-03 03:52:00,150,5,N,46,5,22000,5,9,N,16093,5,N,5,100,C,40,C,99999,9,False,
99999903948,35.25,-97.46667,360.3,2005-12-03 04:52:00,160,5,N,57,5,22000,5,9,N,16093,5,N,5,110,C,50,C,99999,9,False,
99999903948,35.25,-97.46667,360.3,2005-12-03 05:52:00,160,5,N,41,5,22000,5,9,N,16093,5,N,5,110,C,60,C,99999,9,False,
99999903948,35.25,-97.46667,360.3,2005-12-03 06:52:00,160,5,N,36,5,22000,5,9,N,16093,5,N,5,100,C,60,C,99999,9,False,
99999903948,35.25,-97.46667,360.3,2005-12-03 07:53:00,170,5,N,26,5,22000,5,9,N,16093,5,N,5,90,C,60,C,99999,9,False,
99999903948,35.25,-97.46667,360.3,2005-12-03 08:53:00,190,5,N,21,5,22000,5,9,N,16093,5,N,5,90,C,60,C,99999,9,False,
99999903948,35.25,-97.46667,360.3,2005-12-03 09:53:00,190,5,N,15,5,22000,5,9,N,16093,5,N,5,60,C,40,C,99999,9,False,
99999903948,35.25,-97.46667,360.3,2005-12-03 10:52:00,999,9,C,0,5,22000,5,9,N,16093,5,N,5,60,C,30,C,99999,9,False,
99999903948,35.25,-97.46667,360.3,2005-12-03 11:52:00,999,9,C,0,5,22000,5,9,N,16093,5,N,5,70,C,20,C,99999,9,False,
99999903948,35.25,-97.46667,360.3,2005-12-03 12:52:00,999,9,C,0,5,22000,5,9,N,16093,5,N,5,50,C,10,C,99999,9,False,
99999903948,35.25,-97.46667,360.3,2005-12-03 13:52:00,999,9,C,0,5,22000,5,9,N,16093,5,N,5,40,C,0,C,99999,9,False,
99999903948,35.25,-97.46667,360.3,2005-12-03 14:54:00,320,5,N,21,5,22000,5,9,N,16093,5,N,5,90,C,40,C,99999,9,False,
99999903948,35.25,-97.46667,360.3,2005-12-03 15:53:00,320,5,N,46,5,22000,5,9,N,16093,5,N,5,90,C,10,C,99999,9,False,
99999903948,35.25,-97.46667,360.3,2005-12-03 16:52:00,330,5,N,72,5,22000,5,9,N,16093,5,N,5,110,C,10,C,99999,9,False,
99999903948,35.25,-97.46667,360.3,2005-12-03 17:52:00,320,5,N,57,5,22000,5,9,N,16093,5,N,5,100,C,-10,C,99999,9,False,
99999903948,35.25,-97.46667,360.3,2005-12-03 18:52:00,330,5,N,77,5,22000,5,9,N,16093,5,N,5,110,C,-10,C,99999,9,False,
99999903948,35.25,-97.46667,360.3,2005-12-03 19:52:00,330,5,N,82,5,22000,5,9,N,16093,5,N,5,90,C,-20,C,99999,9,False,
99999903948,35.25,-97.46667,360.3,2005-12-03 20:52:00,330,5,N,72,5,22000,5,9,N,16093,5,N,5,90,C,-30,C,99999,9,False,
99999903948,35.25,-97.46667,360.3,2005-12-03 21:52:00,340,5,N,67,5,22000,5,9,N,16093,5,N,5,80,C,-30,C,99999,9,False,
99999903948,35.25,-97.46667,360.3,2005-12-03 22:52:00,10,5,N,72,5,22000,5,9,N,16093,5,N,5,70,C,-30,C,99999,9,False,
99999903948,35.25,-97.46667,360.3,2005-12-03 23:52:00,360,5,N,82,5,22000,5,9,N,16093,5,N,5,50,C,-40,C,99999,9,False,
99999903948,35.25,-97.46667,360.3,2005-12-04 00:52:00,10,5,N,57,5,22000,5,9,N,16093,5,N,5,30,C,-40,C,99999,9,False,
99999903948,35.25,-97.46667,360.3,2005-12-04 01:52:00,20,5,N,62,5,22000,5,9,N,16093,5,N,5,30,C,-40,C,99999,9,False,
99999903948,35.25,-97.46667,360.3,2005-12-04 02:53:00,10,5,N,62,5,22000,5,9,N,16093,5,N,5,20,C,-40,C,99999,9,False,
99999903948,35.25,-97.46667,360.3,2005-12-04 03:52:00,10,5,N,67,5,22000,5,9,N,16093,5,N,5,20,C,-50,C,99999,9,False,
99999903948,35.25,-97.46667,360.3,2005-12-04 04:52:00,10,5,N,62,5,22000,5,9,N,16093,5,N,5,10,C,-40,C,99999,9,False,
99999903948,35.25,-97.46667,360.3,2005-12-04 05:53:00,20,5,N,62,5,22000,5,9,N,16093,5,N,5,0,C,-50,C,99999,9,False,
99999903948,35.25,-97.46667,360.3,2005-12-04 06:52:00,30,5,N,36,5,22000,5,9,N,16093,5,N,5,-10,C,-50,C,99999,9,False,
99999903948,35.25,-97.46667,360.3,2005-12-04 07:52:00,20,5,N,41,5,22000,5,9,N,16093,5,N,5,-10,C,-50,C,99999,9,False,
99999903948,35.25,-97.46667,360.3,2005-12-04 08:52:00,10,5,N,41,5,22000,5,9,N,16093,5,N,5,-20,C,-60,C,99999,9,False,
99999903948,35.25,-97.46667,360.3,2005-12-04 09:52:00,360,5,N,46,5,99999,9,9,N,16093,5,N,5,-20,C,-60,C,99999,9,False,
99999903948,35.25,-97.46667,360.3,2005-12-04 10:52:00,30,5,N,46,5,22000,5,9,N,16093,5,N,5,-20,C,-60,C,99999,9,False,
99999903948,35.25,-97.46667,360.3,2005-12-04 11:53:00,10,5,N,57,5,99999,9,9,N,16093,5,N,5,-30,C,-70,C,99999,9,False,
99999903948,35.25,-97.46667,360.3,2005-12-04 12:52:00,20,5,N,41,5,22000,5,9,N,16093,5,N,5,-40,C,-70,C,99999,9,False,
99999903948,35.25,-97.46667,360.3,2005-12-04 13:52:00,20,5,N,46,5,99999,9,9,N,11265,5,N,5,-40,C,-70,C,99999,9,False,
99999903948,35.25,-97.46667,360.3,2005-12-04 14:52:00,30,5,N,57,5,99999,9,9,N,16093,5,N,5,-20,C,-60,C,99999,9,False,
99999903948,35.25,-97.46667,360.3,2005-12-04 15:52:00,30,5,N,51,5,99999,9,9,N,16093,5,N,5,10,C,-60,C,99999,9,False,
99999903948,35.25,-97.46667,360.3,2005-12-04 16:52:00,10,5,N,57,5,22000,5,9,N,16093,5,N,5,30,C,-60,C,99999,9,False,
99999903948,35.25,-97.46667,360.3,2005-12-04 17:52:00,20,5,N,51,5,22000,5,9,N,16093,5,N,5,50,C,-70,C,99999,9,False,
99999903948,35.25,-97.46667,360.3,2005-12-04 18:52:00,20,5,N,46,5,22000,5,9,N,16093,5,N,5,70,C,-70,C,99999,9,False,
99999903948,35.25,-97.46667,360.3,2005-12-04 19:52:00,40,5,N,41,5,22000,5,9,N,16093,5,N,5,70,C,-70,C,99999,9,False,
99999903948,35.25,-97.46667,360.3,2005-12-04 20:52:00,20,5,N,46,5,22000,5,9,N,16093,5,N,5,80,C,-70,C,99999,9,False,
99999903948,35.25,-97.46667,360.3,2005-12-04 21:52:00,20,5,N,57,5,22000,5,9,N,16093,5,N,5,50,C,-70,C,99999,9,False,
99999903948,35.25,-97.46667,360.3,2005-12-04 22:52:00,10,5,N,57,5,22000,5,9,N,16093,5,N,5,20,C,-80,C,99999,9,False,
99999903948,35.25,-97.46667,360.3,2005-12-04 23:52:00,20,5,N,36,5,2743,5,M,N,16093,5,N,5,20,C,-80,C,99999,9,False,
99999903948,35.25,-97.46667,360.3,2005-12-05 00:52:00,20,5,N,36,5,3048,5,M,N,16093,5,N,5,10,C,-70,C,99999,9,False,
99999903948,35.25,-97.46667,360.3,2005-12-05 01:52:00,10,5,N,46,5,3048,5,M,N,16093,5,N,5,10,C,-70,C,99999,9,False,
99999903948,35.25,-97.46667,360.3,2005-12-05 02:52:00,20,5,N,51,5,3048,5,M,N,16093,5,N,5,10,C,-70,C,99999,9,False,
99999903948,35.25,-97.46667,360.3,2005-12-05 03:52:00,20,5,N,36,5,22000,5,9,N,16093,5,N,5,-10,C,-80,C,99999,9,False,
99999903948,35.25,-97.46667,360.3,2005-12-05 04:52:00,20,5,N,31,5,22000,5,9,N,16093,5,N,5,-30,C,-80,C,99999,9,False,
99999903948,35.25,-97.46667,360.3,2005-12-05 05:52:00,30,5,N,46,5,22000,5,9,N,16093,5,N,5,-30,C,-90,C,99999,9,False,
99999903948,35.25,-97.46667,360.3,2005-12-05 06:54:00,30,5,N,36,5,99999,9,9,N,16093,5,N,5,-40,C,-100,C,99999,9,False,
99999903948,35.25,-97.46667,360.3,2005-12-05 07:52:00,20,5,N,46,5,99999,9,9,N,16093,5,N,5,-40,C,-90,C,99999,9,False,
99999903948,35.25,-97.46667,360.3,2005-12-05 08:52:00,30,5,N,57,5,99999,9,9,N,16093,5,N,5,-40,C,-100,C,99999,9,False,
99999903948,35.25,-97.46667,360.3,2005-12-05 09:52:00,10,5,N,41,5,99999,9,9,N,16093,5,N,5,-60,C,-100,C,99999,9,False,
99999903948,35.25,-97.46667,360.3,2005-12-05 10:52:00,10,5,N,46,5,99999,9,9,N,16093,5,N,5,-60,C,-110,C,99999,9,False,
99999903948,35.25,-97.46667,360.3,2005-12-05 11:52:00,10,5,N,46,5,99999,9,9,N,16093,5,N,5,-70,C,-100,C,99999,9,False,
99999903948,35.25,-97.46667,360.3,2005-12-05 12:52:00,10,5,N,26,5,99999,9,9,N,16093,5,N,5,-60,C,-100,C,99999,9,False,
99999903948,35.25,-97.46667,360.3,2005-12-05 13:52:00,20,5,N,41,5,22000,5,9,N,16093,5,N,5,-60,C,-90,C,99999,9,False,
99999903948,35.25,-97.46667,360.3,2005-12-05 14:52:00,360,5,N,26,5,99999,9,9,N,16093,5,N,5,-50,C,-80,C,99999,9,False,
99999903948,35.25,-97.46667,360.3,2005-12-05 15:52:00,40,5,N,21,5,22000,5,9,N,16093,5,N,5,-10,C,-80,C,99999,9,False,
99999903948,35.25,-97.46667,360.3,2005-12-05 16:52:00,340,5,N,26,5,22000,5,9,N,16093,5,N,5,10,C,-80,C,99999,9,False,
99999903948,35.25,-97.46667,360.3,2005-12-05 17:53:00,330,5,N,21,5,22000,5,9,N,16093,5,N,5,30,C,-80,C,99999,9,False,
99999903948,35.25,-97.46667,360.3,2005-12-05 18:52:00,350,5,N,15,5,22000,5,9,N,16093,5,N,5,40,C,-80,C,99999,9,False,
99999903948,35.25,-97.46667,360.3,2005-12-05 19:52:00,270,5,N,26,5,22000,5,9,N,16093,5,N,5,40,C,-80,C,99999,9,False,
99999903948,35.25,-97.46667,360.3,2005-12-05 20:52:00,260,5,N,31,5,22000,5,9,N,16093,5,N,5,50,C,-70,C,99999,9,False,
99999903948,35.25,-97.46667,360.3,2005-12-05 21:52:00,230,5,N,46,5,22000,5,9,N,16093,5,N,5,40,C,-70,C,99999,9,False,
99999903948,35.25,-97.46667,360.3,2005-12-05 22:53:00,220,5,N,26,5,22000,5,9,N,16093,5,N,5,30,C,-70,C,99999,9,False,
99999903948,35.25,-97.46667,360.3,2005-12-05 23:53:00,999,9,C,0,5,22000,5,9,N,16093,5,N,5,0,C,-80,C,99999,9,False,
99999903948,35.25,-97.46667,360.3,2005-12-06 00:52:00,190,5,N,21,5,22000,5,9,N,16093,5,N,5,-10,C,-70,C,99999,9,False,
99999903948,35.25,-97.46667,360.3,2005-12-06 01:52:00,200,5,N,31,5,22000,5,9,N,16093,5,N,5,-20,C,-70,C,99999,9,False,
99999903948,35.25,-97.46667,360.3,2005-12-06 02:52:00,200,5,N,36,5,22000,5,9,N,16093,5,N,5,0,C,-60,C,99999,9,False,
99999903948,35.25,-97.46667,360.3,2005-12-06 03:52:00,200,5,N,41,5,22000,5,9,N,16093,5,N,5,-10,C,-60,C,99999,9,False,
99999903948,35.25,-97.46667,360.3,2005-12-06 04:52:00,180,5,N,26,5,99999,9,9,N,16093,5,N,5,-20,C,-70,C,99999,9,False,
99999903948,35.25,-97.46667,360.3,2005-12-06 05:53:00,200,5,N,31,5,22000,5,9,N,16093,5,N,5,-20,C,-70,C,99999,9,False,
99999903948,35.25,-97.46667,360.3,2005-12-06 06:53:00,200,5,N,21,5,22000,5,9,N,16093,5,N,5,-30,C,-70,C,99999,9,False,
99999903948,35.25,-97.46667,360.3,2005-12-06 07:52:00,20,5,N,21,5,99999,9,9,N,16093,5,N,5,-40,C,-80,C,99999,9,False,
99999903948,35.25,-97.46667,360.3,2005-12-06 08:52:00,80,5,N,26,5,99999,9,9,N,16093,5,N,5,-40,C,-70,C,99999,9,False,
99999903948,35.25,-97.46667,360.3,2005-12-06 09:52:00,110,5,N,31,5,99999,9,9,N,16093,5,N,5,-30,C,-70,C,99999,9,False,
99999903948,35.25,-97.46667,360.3,2005-12-06 10:52:00,50,5,N,21,5,99999,9,9,N,16093,5,N,5,-50,C,-90,C,99999,9,False,
99999903948,35.25,-97.46667,360.3,2005-12-06 11:52:00,120,5,N,41,5,99999,9,9,N,16093,5,N,5,-30,C,-60,C,99999,9,False,
99999903948,35.25,-97.46667,360.3,2005-12-06 12:52:00,140,5,N,31,5,99999,9,9,N,16093,5,N,5,-30,C,-70,C,99999,9,False,
99999903948,35.25,-97.46667,360.3,2005-12-06 13:52:00,90,5,N,31,5,99999,9,9,N,16093,5,N,5,-30,C,-70,C,99999,9,False,
99999903948,35.25,-97.46667,360.3,2005-12-06 14:52:00,100,5,N,31,5,99999,9,9,N,16093,5,N,5,-10,C,-60,C,99999,9,False,
99999903948,35.25,-97.46667,360.3,2005-12-06 15:56:00,60,5,N,31,5,22000,5,9,N,16093,5,N,5,20,C,-60,C,99999,9,False,
99999903948,35.25,-97.46667,360.3,2005-12-06 16:52:00,50,5,N,41,5,22000,5,9,N,16093,5,N,5,40,C,-60,C,99999,9,False,
99999903948,35.25,-97.46667,360.3,2005-12-06 17:56:00,60,5,N,51,5,22000,5,9,N,16093,5,N,5,40,C,-60,C,99999,9,False,
99999903948,35.25,-97.46667,360.3,2005-12-06 18:52:00,50,5,N,51,5,22000,5,9,N,16093,5,N,5,60,C,-60,C,99999,9,False,
99999903948,35.25,-97.46667,360.3,2005-12-06 19:53:00,50,5,N,62,5,22000,5,9,N,16093,5,N,5,60,C,-70,C,99999,9,False,
99999903948,35.25,-97.46667,360.3,2005-12-06 20:52:00,40,5,N,67,5,22000,5,9,N,16093,5,N,5,60,C,-80,C,99999,9,False,
99999903948,35.25,-97.46667,360.3,2005-12-06 21:52:00,40,5,N,57,5,22000,5,9,N,16093,5,N,5,50,C,-90,C,99999,9,False,
99999903948,35.25,-97.46667,360.3,2005-12-06 22:52:00,30,5,N,51,5,22000,5,9,N,16093,5,N,5,30,C,-110,C,99999,9,False,
99999903948,35.25,-97.46667,360.3,2005-12-06 23:52:00,20,5,N,36,5,22000,5,9,N,16093,5,N,5,-10,C,-110,C,99999,9,False,
99999903948,35.25,-97.46667,360.3,2005-12-07 00:52:00,30,5,N,57,5,22000,5,9,N,16093,5,N,5,-10,C,-110,C,99999,9,False,
99999903948,35.25,-97.46667,360.3,2005-12-07 01:52:00,30,5,N,57,5,99999,9,9,N,16093,5,N,5,-20,C,-120,C,99999,9,False,
99999903948,35.25,-97.46667,360.3,2005-12-07 02:52:00,30,5,N,77,5,99999,9,9,N,16093,5,N,5,-30,C,-110,C,99999,9,False,
99999903948,35.25,-97.46667,360.3,2005-12-07 03:52:00,40,5,N,67,5,99999,9,9,N,16093,5,N,5,-40,C,-120,C,99999,9,False,
99999903948,35.25,-97.46667,360.3,2005-12-07 04:52:00,40,5,N,57,5,99999,9,9,N,16093,5,N,5,-50,C,-120,C,99999,9,False,
99999903948,35.25,-97.46667,360.3,2005-12-07 05:53:00,30,5,N,72,5,99999,9,9,N,16093,5,N,5,-60,C,-120,C,99999,9,False,
99999903948,35.25,-97.46667,360.3,2005-12-07 06:52:00,20,5,N,67,5,22000,5,9,N,16093,5,N,5,-70,C,-120,C,99999,9,False,
99999903948,35.25,-97.46667,360.3,2005-12-07 07:53:00,20,5,N,51,5,22000,5,9,N,16093,5,N,5,-70,C,-130,C,99999,9,False,
99999903948,35.25,-97.46667,360.3,2005-12-07 08:53:00,10,5,N,67,5,22000,5,9,N,16093,5,N,5,-80,C,-140,C,99999,9,False,
99999903948,35.25,-97.46667,360.3,2005-12-07 09:53:00,360,5,N,67,5,22000,5,9,N,16093,5,N,5,-80,C,-140,C,99999,9,False,
99999903948,35.25,-97.46667,360.3,2005-12-07 10:52:00,360,5,N,77,5,22000,5,9,N,16093,5,N,5,-80,C,-160,C,99999,9,False,
99999903948,35.25,-97.46667,360.3,2005-12-07 11:56:00,360,5,N,77,5,22000,5,9,N,16093,5,N,5,-90,C,-170,C,99999,9,False,
99999903948,35.25,-97.46667,360.3,2005-12-07 12:53:00,360,5,N,72,5,99999,9,9,N,16093,5,N,5,-90,C,-170,C,99999,9,False,
99999903948,35.25,-97.46667,360.3,2005-12-07 13:52:00,360,5,N,93,5,22000,5,9,N,16093,5,N,5,-90,C,-170,C,99999,9,False,
99999903948,35.25,-97.46667,360.3,2005-12-07 14:52:00,10,5,N,77,5,22000,5,9,N,16093,5,N,5,-80,C,-160,C,99999,9,False,
99999903948,35.25,-97.46667,360.3,2005-12-07 15:52:00,360,5,N,82,5,22000,5,9,N,16093,5,N,5,-70,C,-150,C,99999,9,False,
99999903948,35.25,-97.46667,360.3,2005-12-07 16:53:00,20,5,N,72,5,22000,5,9,N,16093,5,N,5,-50,C,-140,C,99999,9,False,
99999903948,35.25,-97.46667,360.3,2005-12-07 17:53:00,360,5,N,82,5,99999,9,9,N,16093,5,N,5,-50,C,-140,C,99999,9,False,
99999903948,35.25,-97.46667,360.3,2005-12-07 18:32:00,360,5,N,72,5,99999,9,9,N,16093,5,N,5,-60,C,-140,C,99999,9,False,
99999903948,35.25,-97.46667,360.3,2005-12-07 19:52:00,10,5,N,57,5,99999,9,9,N,16093,7,N,5,-70,C,-130,C,99999,9,False,
99999903948,35.25,-97.46667,360.3,2005-12-07 20:53:00,350,5,N,72,5,99999,9,9,N,3219,7,N,5,-80,C,-100,C,99999,9,False,
99999903948,35.25,-97.46667,360.3,2005-12-07 21:52:00,360,5,N,77,5,99999,9,9,N,4828,7,N,5,-80,C,-90,C,99999,9,False,
99999903948,35.25,-97.46667,360.3,2005-12-07 22:52:00,360,5,N,67,5,99999,9,9,N,2012,7,N,5,-80,C,-100,C,99999,9,False,
99999903948,35.25,-97.46667,360.3,2005-12-07 23:52:00,360,5,N,67,5,99999,9,9,N,11265,7,N,5,-90,C,-110,C,99999,9,False,
99999903948,35.25,-97.46667,360.3,2005-12-08 00:52:00,360,5,N,62,5,99999,9,9,N,16093,7,N,5,-90,C,-110,C,99999,9,False,
99999903948,35.25,-97.46667,360.3,2005-12-08 01:52:00,360,5,N,77,5,99999,9,9,N,16093,7,N,5,-90,C,-110,C,99999,9,False,
99999903948,35.25,-97.46667,360.3,2005-12-08 02:12:00,360,5,N,82,5,99999,9,9,N,16093,7,N,5,-90,C,-110,C,99999,9,False,
99999903948,35.25,-97.46667,360.3,2005-12-08 03:52:00,360,5,N,57,5,99999,9,9,N,16093,7,N,5,-90,C,-120,C,99999,9,False,
99999903948,35.25,-97.46667,360.3,2005-12-08 04:52:00,360,5,N,62,5,99999,9,9,N,16093,7,N,5,-90,C,-120,C,99999,9,False,
99999903948,35.25,-97.46667,360.3,2005-12-08 05:52:00,350,5,N,72,5,99999,9,9,N,16093,5,N,5,-100,C,-140,C,99999,9,False,
99999903948,35.25,-97.46667,360.3,2005-12-08 06:53:00,350,5,N,57,5,99999,9,9,N,16093,7,N,5,-110,C,-140,C,99999,9,False,
99999903948,35.25,-97.46667,360.3,2005-12-08 07:52:00,350,5,N,36,5,99999,9,9,N,16093,5,N,5,-110,C,-140,C,99999,9,False,
99999903948,35.25,-97.46667,360.3,2005-12-08 08:52:00,340,5,N,57,5,99999,9,9,N,16093,7,N,5,-120,C,-140,C,99999,9,False,
99999903948,35.25,-97.46667,360.3,2005-12-08 09:52:00,340,5,N,57,5,99999,9,9,N,16093,5,N,5,-130,C,-160,C,99999,9,False,
99999903948,35.25,-97.46667,360.3,2005-12-08 10:52:00,340,5,N,46,5,99999,9,9,N,16093,5,N,5,-130,C,-170,C,99999,9,False,
99999903948,35.25,-97.46667,360.3,2005-12-08 11:52:00,330,5,N,41,5,99999,9,9,N,16093,5,N,5,-140,C,-170,C,99999,9,False,
99999903948,35.25,-97.46667,360.3,2005-12-08 12:52:00,330,5,N,36,5,22000,5,9,N,16093,5,N,5,-140,C,-170,C,99999,9,False,
99999903948,35.25,-97.46667,360.3,2005-12-08 13:52:00,320,5,N,31,5,22000,5,9,N,16093,5,N,5,-140,C,-170,C,99999,9,False,
99999903948,35.25,-97.46667,360.3,2005-12-08 14:53:00,330,5,N,41,5,22000,5,9,N,16093,5,N,5,-120,C,-160,C,99999,9,False,
99999903948,35.25,-97.46667,360.3,2005-12-08 15:52:00,340,5,N,46,5,99999,9,9,N,16093,5,N,5,-90,C,-150,C,99999,9,False,
99999903948,35.25,-97.46667,360.3,2005-12-08 16:52:00,350,5,N,51,5,22000,5,9,N,16093,5,N,5,-70,C,-140,C,99999,9,False,
99999903948,35.25,-97.46667,360.3,2005-12-08 17:52:00,350,5,N,36,5,99999,9,9,N,16093,5,N,5,-60,C,-140,C,99999,9,False,
99999903948,35.25,-97.46667,360.3,2005-12-08 18:52:00,330,5,N,41,5,22000,5,9,N,16093,5,N,5,-40,C,-130,C,99999,9,False,
99999903948,35.25,-97.46667,360.3,2005-12-08 19:56:00,340,5,N,46,5,99999,9,9,N,16093,5,N,5,-40,C,-140,C,99999,9,False,
99999903948,35.25,-97.46667,360.3,2005-12-08 20:52:00,310,5,N,15,5,22000,5,9,N,16093,5,N,5,-30,C,-130,C,99999,9,False,
99999903948,35.25,-97.46667,360.3,2005-12-08 21:52:00,350,5,N,46,5,22000,5,9,N,16093,5,N,5,-30,C,-140,C,99999,9,False,
99999903948,35.25,-97.46667,360.3,2005-12-08 22:52:00,999,9,C,0,5,22000,5,9,N,16093,5,N,5,-30,C,-150,C,99999,9,False,
99999903948,35.25,-97.46667,360.3,2005-12-08 23:52:00,999,9,C,0,5,99999,9,9,N,16093,5,N,5,-70,C,-160,C,99999,9,False,
99999903948,35.25,-97.46667,360.3,2005-12-09 00:52:00,50,5,N,21,5,99999,9,9,N,16093,5,N,5,-70,C,-150,C,99999,9,False,
99999903948,35.25,-97.46667,360.3,2005-12-09 01:52:00,999,9,C,0,5,22000,5,9,N,16093,5,N,5,-90,C,-160,C,99999,9,False,
99999903948,35.25,-97.46667,360.3,2005-12-09 02:52:00,180,5,N,21,5,22000,5,9,N,16093,5,N,5,-90,C,-140,C,99999,9,False,
99999903948,35.25,-97.46667,360.3,2005-12-09 03:53:00,180,5,N,15,5,22000,5,9,N,16093,5,N,5,-100,C,-150,C,99999,9,False,
99999903948,35.25,-97.46667,360.3,2005-12-09 04:56:00,180,5,N,15,5,22000,5,9,N,16093,5,N,5,-110,C,-150,C,99999,9,False,
99999903948,35.25,-97.46667,360.3,2005-12-09 05:52:00,190,5,N,21,5,22000,5,9,N,16093,5,N,5,-110,C,-140,C,99999,9,False,
99999903948,35.25,-97.46667,360.3,2005-12-09 06:52:00,999,9,C,0,5,22000,5,9,N,16093,5,N,5,-110,C,-150,C,99999,9,False,
99999903948,35.25,-97.46667,360.3,2005-12-09 07:52:00,999,9,C,0,5,99999,9,9,N,16093,5,N,5,-140,C,-190,C,99999,9,False,
99999903948,35.25,-97.46667,360.3,2005-12-09 08:53:00,999,9,C,0,5,99999,9,9,N,16093,5,N,5,-150,C,-190,C,99999,9,False,
99999903948,35.25,-97.46667,360.3,2005-12-09 09:52:00,999,9,C,0,5,99999,9,9,N,16093,5,N,5,-150,C,-180,C,99999,9,False,
99999903948,35.25,-97.46667,360.3,2005-12-09 10:52:00,180,5,N,15,5,99999,9,9,N,16093,5,N,5,-130,C,-160,C,99999,9,False,
99999903948,35.25,-97.46667,360.3,2005-12-09 11:52:00,180,5,N,21,5,99999,9,9,N,16093,5,N,5,-120,C,-150,C,99999,9,False,
99999903948,35.25,-97.46667,360.3,2005-12-09 12:53:00,170,5,N,15,5,99999,9,9,N,16093,5,N,5,-120,C,-150,C,99999,9,False,
99999903948,35.25,-97.46667,360.3,2005-12-09 13:53:00,170,5,N,15,5,22000,5,9,N,16093,5,N,5,-110,C,-140,C,99999,9,False,
99999903948,35.25,-97.46667,360.3,2005-12-09 14:52:00,180,5,N,41,5,22000,5,9,N,16093,5,N,5,-70,C,-120,C,99999,9,False,
99999903948,35.25,-97.46667,360.3,2005-12-09 15:52:00,170,5,N,31,5,99999,9,9,N,16093,5,N,5,-40,C,-120,C,99999,9,False,
99999903948,35.25,-97.46667,360.3,2005-12-09 16:52:00,150,5,N,36,5,22000,5,9,N,16093,5,N,5,-10,C,-110,C,99999,9,False,
99999903948,35.25,-97.46667,360.3,2005-12-09 17:52:00,180,5,N,46,5,22000,5,9,N,16093,5,N,5,10,C,-120,C,99999,9,False,
99999903948,35.25,-97.46667,360.3,2005-12-09 18:32:00,180,5,N,57,5,22000,5,9,N,16093,5,N,5,20,C,-130,C,99999,9,False,
99999903948,35.25,-97.46667,360.3,2005-12-09 19:52:00,180,5,N,62,5,22000,5,9,N,16093,5,N,5,40,C,-130,C,99999,9,False,
99999903948,35.25,-97.46667,360.3,2005-12-09 20:57:00,180,5,N,57,5,22000,5,9,N,16093,5,N,5,40,C,-130,C,99999,9,False,
99999903948,35.25,-97.46667,360.3,2005-12-09 21:52:00,170,5,N,51,5,22000,5,9,N,16093,5,N,5,40,C,-140,C,99999,9,False,
99999903948,35.25,-97.46667,360.3,2005-12-09 22:52:00,150,5,N,51,5,22000,5,9,N,16093,5,N,5,30,C,-140,C,99999,9,False,
99999903948,35.25,-97.46667,360.3,2005-12-09 23:53:00,170,5,N,36,5,22000,5,9,N,16093,5,N,5,10,C,-130,C,99999,9,False,
99999903948,35.25,-97.46667,360.3,2005-12-10 00:52:00,999,9,C,0,5,22000,5,9,N,16093,5,N,5,-20,C,-140,C,99999,9,False,
99999903948,35.25,-97.46667,360.3,2005-12-10 01:52:00,160,5,N,21,5,22000,5,9,N,16093,5,N,5,-30,C,-140,C,99999,9,False,
99999903948,35.25,-97.46667,360.3,2005-12-10 02:52:00,160,5,N,36,5,22000,5,9,N,16093,5,N,5,-10,C,-130,C,99999,9,False,
99999903948,35.25,-97.46667,360.3,2005-12-10 03:52:00,180,5,N,36,5,99999,9,9,N,16093,5,N,5,-20,C,-130,C,99999,9,False,
99999903948,35.25,-97.46667,360.3,2005-12-10 04:52:00,190,5,N,51,5,99999,9,9,N,16093,5,N,5,-20,C,-130,C,99999,9,False,
99999903948,35.25,-97.46667,360.3,2005-12-10 05:52:00,190,5,N,46,5,99999,9,9,N,16093,5,N,5,-20,C,-120,C,99999,9,False,
99999903948,35.25,-97.46667,360.3,2005-12-10 06:52:00,200,5,N,51,5,99999,9,9,N,16093,5,N,5,-30,C,-120,C,99999,9,False,
99999903948,35.25,-97.46667,360.3,2005-12-10 07:52:00,200,5,N,46,5,99999,9,9,N,16093,5,N,5,-40,C,-110,C,99999,9,False,
99999903948,35.25,-97.46667,360.3,2005-12-10 08:52:00,210,5,N,26,5,99999,9,9,N,16093,5,N,5,-40,C,-110,C,99999,9,False,
99999903948,35.25,-97.46667,360.3,2005-12-10 09:52:00,999,9,C,0,5,99999,9,9,N,16093,5,N,5,-40,C,-120,C,99999,9,False,
99999903948,35.25,-97.46667,360.3,2005-12-10 10:53:00,260,5,N,15,5,99999,9,9,N,16093,5,N,5,-50,C,-110,C,99999,9,False,
99999903948,35.25,-97.46667,360.3,2005-12-10 11:52:00,260,5,N,15,5,99999,9,9,N,16093,5,N,5,-50,C,-110,C,99999,9,False,
99999903948,35.25,-97.46667,360.3,2005-12-10 12:53:00,260,5,N,15,5,99999,9,9,N,16093,5,N,5,-60,C,-110,C,99999,9,False,
99999903948,35.25,-97.46667,360.3,2005-12-10 13:52:00,210,5,N,15,5,99999,9,9,N,16093,5,N,5,-50,C,-110,C,99999,9,False,
99999903948,35.25,-97.46667,360.3,2005-12-10 14:52:00,240,5,N,21,5,99999,9,9,N,16093,5,N,5,0,C,-80,C,99999,9,False,
99999903948,35.25,-97.46667,360.3,2005-12-10 15:52:00,320,5,N,41,5,22000,5,9,N,16093,5,N,5,40,C,-80,C,99999,9,False,
99999903948,35.25,-97.46667,360.3,2005-12-10 16:53:00,350,5,N,46,5,22000,5,9,N,16093,5,N,5,90,C,-60,C,99999,9,False,
99999903948,35.25,-97.46667,360.3,2005-12-10 17:52:00,350,5,N,46,5,22000,5,9,N,16093,5,N,5,120,C,-40,C,99999,9,False,
99999903948,35.25,-97.46667,360.3,2005-12-10 18:52:00,350,5,N,67,5,22000,5,9,N,16093,5,N,5,130,C,-30,C,99999,9,False,
99999903948,35.25,-97.46667,360.3,2005-12-10 19:53:00,320,5,N,31,5,22000,5,9,N,16093,5,N,5,130,C,-30,C,99999,9,False,
99999903948,35.25,-97.46667,360.3,2005-12-10 20:53:00,290,5,N,26,5,22000,5,9,N,16093,5,N,5,140,C,-30,C,99999,9,False,
99999903948,35.25,-97.46667,360.3,2005-12-10 21:52:00,350,5,N,67,5,22000,5,9,N,16093,5,N,5,150,C,-30,C,99999,9,False,
99999903948,35.25,-97.46667,360.3,2005-12-10 22:52:00,999,9,9,9999,9,22000,5,9,N,16093,5,N,5,130,C,-40,C,99999,9,False,
99999903948,35.25,-97.46667,360.3,2005-12-10 23:52:00,310,5,N,31,5,22000,5,9,N,16093,5,N,5,80,C,-50,C,99999,9,False,
99999903948,35.25,-97.46667,360.3,2005-12-11 00:52:00,320,5,N,46,5,22000,5,9,N,16093,5,N,5,60,C,-60,C,99999,9,False,
99999903948,35.25,-97.46667,360.3,2005-12-11 01:52:00,340,5,N,31,5,22000,5,9,N,16093,5,N,5,50,C,-50,C,99999,9,False,
99999903948,35.25,-97.46667,360.3,2005-12-11 02:52:00,290,5,N,31,5,22000,5,9,N,16093,5,N,5,40,C,-50,C,99999,9,False,
99999903948,35.25,-97.46667,360.3,2005-12-11 03:52:00,290,5,N,31,5,22000,5,9,N,16093,5,N,5,30,C,-60,C,99999,9,False,
99999903948,35.25,-97.46667,360.3,2005-12-11 04:52:00,300,5,N,31,5,22000,5,9,N,16093,5,N,5,30,C,-60,C,99999,9,False,
99999903948,35.25,-97.46667,360.3,2005-12-11 05:52:00,310,5,N,26,5,22000,5,9,N,16093,5,N,5,10,C,-60,C,99999,9,False,
99999903948,35.25,-97.46667,360.3,2005-12-11 06:52:00,310,5,N,31,5,22000,5,9,N,16093,5,N,5,0,C,-60,C,99999,9,False,
99999903948,35.25,-97.46667,360.3,2005-12-11 07:52:00,300,5,N,31,5,22000,5,9,N,16093,5,N,5,-10,C,-60,C,99999,9,False,
99999903948,35.25,-97.46667,360.3,2005-12-11 08:52:00,300,5,N,15,5,22000,5,9,N,16093,5,N,5,-10,C,-60,C,99999,9,False,
99999903948,35.25,-97.46667,360.3,2005-12-11 09:52:00,300,5,N,31,5,22000,5,9,N,16093,5,N,5,10,C,-60,C,99999,9,False,
99999903948,35.25,-97.46667,360.3,2005-12-11 10:52:00,290,5,N,31,5,22000,5,9,N,16093,5,N,5,0,C,-60,C,99999,9,False,
99999903948,35.25,-97.46667,360.3,2005-12-11 11:52:00,290,5,N,31,5,22000,5,9,N,16093,5,N,5,-10,C,-60,C,99999,9,False,
99999903948,35.25,-97.46667,360.3,2005-12-11 12:52:00,270,5,N,15,5,22000,5,9,N,16093,5,N,5,-20,C,-70,C,99999,9,False,
99999903948,35.25,-97.46667,360.3,2005-12-11 13:52:00,999,9,C,0,5,22000,5,9,N,16093,5,N,5,-30,C,-70,C,99999,9,False,
99999903948,35.25,-97.46667,360.3,2005-12-11 14:52:00,310,5,N,31,5,22000,5,9,N,16093,5,N,5,40,C,-50,C,99999,9,False,
99999903948,35.25,-97.46667,360.3,2005-12-11 15:52:00,300,5,N,36,5,22000,5,9,N,16093,5,N,5,80,C,-40,C,99999,9,False,
99999903948,35.25,-97.46667,360.3,2005-12-11 16:52:00,300,5,N,57,5,22000,5,9,N,16093,5,N,5,120,C,-40,C,99999,9,False,
99999903948,35.25,-97.46667,360.3,2005-12-11 17:52:00,310,5,N,46,5,22000,5,9,N,16093,5,N,5,140,C,-40,C,99999,9,False,
99999903948,35.25,-97.46667,360.3,2005-12-11 18:52:00,290,5,N,51,5,22000,5,9,N,16093,5,N,5,170,C,-60,C,99999,9,False,
99999903948,35.25,-97.46667,360.3,2005-12-11 19:52:00,290,5,N,51,5,22000,5,9,N,16093,5,N,5,180,C,-70,C,99999,9,False,
99999903948,35.25,-97.46667,360.3,2005-12-11 20:52:00,300,5,N,51,5,22000,5,9,N,16093,5,N,5,180,C,-70,C,99999,9,False,
99999903948,35.25,-97.46667,360.3,2005-12-11 21:52:00,270,5,N,41,5,22000,5,9,N,16093,5,N,5,180,C,-70,C,99999,9,False,
99999903948,35.25,-97.46667,360.3,2005-12-11 22:52:00,250,5,N,36,5,22000,5,9,N,16093,5,N,5,150,C,-70,C,99999,9,False,
99999903948,35.25,-97.46667,360.3,2005-12-11 23:53:00,230,5,N,41,5,22000,5,9,N,16093,5,N,5,110,C,-70,C,99999,9,False,
99999903948,35.25,-97.46667,360.3,2005-12-12 00:53:00,240,5,N,36,5,22000,5,9,N,16093,5,N,5,110,C,-70,C,99999,9,False,
99999903948,35.25,-97.46667,360.3,2005-12-12 01:52:00,250,5,N,36,5,22000,5,9,N,16093,5,N,5,90,C,-70,C,99999,9,False,
99999903948,35.25,-97.46667,360.3,2005-12-12 02:53:00,250,5,N,36,5,22000,5,9,N,16093,5,N,5,80,C,-70,C,99999,9,False,
99999903948,35.25,-97.46667,360.3,2005-12-12 03:53:00,999,9,C,0,5,22000,5,9,N,16093,5,N,5,60,C,-90,C,99999,9,False,
99999903948,35.25,-97.46667,360.3,2005-12-12 04:53:00,240,5,N,21,5,22000,5,9,N,16093,5,N,5,60,C,-80,C,99999,9,False,
99999903948,35.25,-97.46667,360.3,2005-12-12 05:52:00,250,5,N,26,5,22000,5,9,N,16093,5,N,5,70,C,-70,C,99999,9,False,
99999903948,35.25,-97.46667,360.3,2005-12-12 06:53:00,280,5,N,26,5,22000,5,9,N,16093,5,N,5,70,C,-70,C,99999,9,False,
99999903948,35.25,-97.46667,360.3,2005-12-12 07:54:00,999,9,C,0,5,22000,5,9,N,16093,5,N,5,40,C,-80,C,99999,9,False,
99999903948,35.25,-97.46667,360.3,2005-12-12 08:54:00,290,5,N,15,5,22000,5,9,N,16093,5,N,5,60,C,-70,C,99999,9,False,
99999903948,35.25,-97.46667,360.3,2005-12-12 09:54:00,330,5,N,15,5,22000,5,9,N,16093,5,N,5,20,C,-90,C,99999,9,False,
99999903948,35.25,-97.46667,360.3,2005-12-12 10:54:00,999,9,C,0,5,22000,5,9,N,16093,5,N,5,10,C,-70,C,99999,9,False,
99999903948,35.25,-97.46667,360.3,2005-12-12 11:52:00,340,5,N,21,5,22000,5,9,N,16093,5,N,5,10,C,-80,C,99999,9,False,
99999903948,35.25,-97.46667,360.3,2005-12-12 12:52:00,330,5,N,15,5,22000,5,9,N,16093,5,N,5,10,C,-80,C,99999,9,False,
99999903948,35.25,-97.46667,360.3,2005-12-12 13:52:00,999,9,C,0,5,22000,5,9,N,16093,5,N,5,10,C,-70,C,99999,9,False,
99999903948,35.25,-97.46667,360.3,2005-12-12 14:52:00,330,5,N,26,5,22000,5,9,N,16093,5,N,5,50,C,-40,C,99999,9,False,
99999903948,35.25,-97.46667,360.3,2005-12-12 15:58:00,20,5,N,46,5,22000,5,9,N,16093,5,N,5,110,C,-30,C,99999,9,False,
99999903948,35.25,-97.46667,360.3,2005-12-12 16:53:00,40,5,N,46,5,22000,5,9,N,16093,5,N,5,130,C,-20,C,99999,9,False,
99999903948,35.25,-97.46667,360.3,2005-12-12 17:53:00,10,5,N,36,5,22000,5,9,N,16093,5,N,5,150,C,-20,C,99999,9,False,
99999903948,35.25,-97.46667,360.3,2005-12-12 18:52:00,20,5,N,51,5,22000,5,9,N,16093,5,N,5,160,C,-20,C,99999,9,False,
99999903948,35.25,-97.46667,360.3,2005-12-12 19:52:00,340,5,N,41,5,22000,5,9,N,16093,5,N,5,170,C,-20,C,99999,9,False,
99999903948,35.25,-97.46667,360.3,2005-12-12 20:52:00,360,5,N,36,5,22000,5,9,N,16093,5,N,5,160,C,-20,C,99999,9,False,
99999903948,35.25,-97.46667,360.3,2005-12-12 21:52:00,350,5,N,31,5,22000,5,9,N,16093,5,N,5,160,C,-20,C,99999,9,False,
99999903948,35.25,-97.46667,360.3,2005-12-12 22:52:00,350,5,N,21,5,22000,5,9,N,16093,5,N,5,120,C,-30,C,99999,9,False,
99999903948,35.25,-97.46667,360.3,2005-12-12 23:54:00,330,5,N,21,5,22000,5,9,N,16093,5,N,5,90,C,-30,C,99999,9,False,
99999903948,35.25,-97.46667,360.3,2005-12-13 00:52:00,360,5,N,15,5,22000,5,9,N,16093,5,N,5,60,C,-40,C,99999,9,False,
99999903948,35.25,-97.46667,360.3,2005-12-13 01:52:00,999,9,C,0,5,22000,5,9,N,16093,5,N,5,60,C,-30,C,99999,9,False,
99999903948,35.25,-97.46667,360.3,2005-12-13 02:52:00,999,9,C,0,5,22000,5,9,N,16093,5,N,5,30,C,-40,C,99999,9,False,
99999903948,35.25,-97.46667,360.3,2005-12-13 03:52:00,999,9,C,0,5,22000,5,9,N,16093,5,N,5,30,C,-40,C,99999,9,False,
99999903948,35.25,-97.46667,360.3,2005-12-13 04:52:00,999,9,C,0,5,22000,5,9,N,16093,5,N,5,20,C,-40,C,99999,9,False,
99999903948,35.25,-97.46667,360.3,2005-12-13 05:53:00,999,9,C,0,5,22000,5,9,N,16093,5,N,5,10,C,-40,C,99999,9,False,
99999903948,35.25,-97.46667,360.3,2005-12-13 06:53:00,999,9,C,0,5,22000,5,9,N,11265,5,N,5,0,C,-40,C,99999,9,False,
99999903948,35.25,-97.46667,360.3,2005-12-13 07:52:00,999,9,C,0,5,22000,5,9,N,16093,5,N,5,-10,C,-60,C,99999,9,False,
99999903948,35.25,-97.46667,360.3,2005-12-13 08:54:00,999,9,C,0,5,22000,5,9,N,16093,5,N,5,-10,C,-60,C,99999,9,False,
99999903948,35.25,-97.46667,360.3,2005-12-13 09:52:00,999,9,C,0,5,22000,5,9,N,16093,5,N,5,-20,C,-60,C,99999,9,False,
99999903948,35.25,-97.46667,360.3,2005-12-13 10:53:00,140,5,N,15,5,22000,5,9,N,16093,5,N,5,-10,C,-60,C,99999,9,False,
99999903948,35.25,-97.46667,360.3,2005-12-13 11:52:00,170,5,N,31,5,22000,5,9,N,16093,5,N,5,20,C,-30,C,99999,9,False,
99999903948,35.25,-97.46667,360.3,2005-12-13 12:52:00,150,5,N,26,5,22000,5,9,N,16093,5,N,5,30,C,-30,C,99999,9,False,
99999903948,35.25,-97.46667,360.3,2005-12-13 13:52:00,160,5,N,41,5,22000,5,9,N,16093,5,N,5,50,C,-30,C,99999,9,False,
99999903948,35.25,-97.46667,360.3,2005-12-13 14:56:00,170,5,N,57,5,22000,5,9,N,16093,5,N,5,60,C,-30,C,99999,9,False,
99999903948,35.25,-97.46667,360.3,2005-12-13 15:56:00,170,5,N,72,5,22000,5,9,N,16093,5,N,5,90,C,-30,C,99999,9,False,
99999903948,35.25,-97.46667,360.3,2005-12-13 16:52:00,160,5,N,62,5,22000,5,9,N,16093,5,N,5,90,C,-30,C,99999,9,False,
99999903948,35.25,-97.46667,360.3,2005-12-13 17:53:00,180,5,N,62,5,22000,5,9,N,16093,5,N,5,110,C,-30,C,99999,9,False,
99999903948,35.25,-97.46667,360.3,2005-12-13 18:52:00,170,5,N,77,5,22000,5,9,N,16093,5,N,5,120,C,-30,C,99999,9,False,
99999903948,35.25,-97.46667,360.3,2005-12-13 19:53:00,180,5,N,93,5,22000,5,9,N,16093,5,N,5,130,C,-20,C,99999,9,False,
99999903948,35.25,-97.46667,360.3,2005-12-13 20:53:00,180,5,N,77,5,3048,5,M,N,16093,5,N,5,130,C,-20,C,99999,9,False,
99999903948,35.25,-97.46667,360.3,2005-12-13 21:53:00,170,5,N,46,5,3048,5,M,N,16093,5,N,5,130,C,-20,C,99999,9,False,
99999903948,35.25,-97.46667,360.3,2005-12-13 22:52:00,180,5,N,51,5,22000,5,9,N,16093,5,N,5,130,C,-10,C,99999,9,False,
99999903948,35.25,-97.46667,360.3,2005-12-13 23:52:00,160,5,N,46,5,2591,5,M,N,16093,5,N,5,100,C,40,C,99999,9,False,
99999903948,35.25,-97.46667,360.3,2005-12-14 00:53:00,180,5,N,46,5,22000,5,9,N,16093,5,N,5,110,C,60,C,99999,9,False,
99999903948,35.25,-97.46667,360.3,2005-12-14 01:53:00,180,5,N,51,5,22000,5,9,N,16093,5,N,5,110,C,70,C,99999,9,False,
99999903948,35.25,-97.46667,360.3,2005-12-14 02:52:00,170,5,N,51,5,22000,5,9,N,16093,5,N,5,100,C,70,C,99999,9,False,
99999903948,35.25,-97.46667,360.3,2005-12-14 03:53:00,180,5,N,41,5,22000,5,9,N,16093,5,N,5,90,C,80,C,99999,9,False,
99999903948,35.25,-97.46667,360.3,2005-12-14 04:53:00,190,5,N,46,5,22000,5,9,N,16093,5,N,5,90,C,80,C,99999,9,False,
99999903948,35.25,-97.46667,360.3,2005-12-14 05:52:00,220,5,N,41,5,22000,5,9,N,16093,5,N,5,90,C,70,C,99999,9,False,
99999903948,35.25,-97.46667,360.3,2005-12-14 05:59:00,999,9,9,9999,9,99999,9,9,9,999999,9,9,9,9999,9,9999,9,99999,9,False,
99999903948,35.25,-97.46667,360.3,2005-12-14 06:53:00,240,5,N,46,5,22000,5,9,N,16093,5,N,5,90,C,50,C,99999,9,False,
99999903948,35.25,-97.46667,360.3,2005-12-14 07:52:00,270,5,N,26,5,22000,5,9,N,16093,5,N,5,70,C,30,C,99999,9,False,
99999903948,35.25,-97.46667,360.3,2005-12-14 08:52:00,290,5,N,31,5,22000,5,9,N,16093,5,N,5,60,C,20,C,99999,9,False,
99999903948,35.25,-97.46667,360.3,2005-12-14 09:52:00,320,5,N,46,5,22000,5,9,N,16093,5,N,5,50,C,10,C,99999,9,False,
99999903948,35.25,-97.46667,360.3,2005-12-14 10:52:00,340,5,N,72,5,22000,5,9,N,16093,5,N,5,50,C,-10,C,99999,9,False,
99999903948,35.25,-97.46667,360.3,2005-12-14 11:52:00,350,5,N,72,5,22000,5,9,N,16093,5,N,5,50,C,-10,C,99999,9,False,
99999903948,35.25,-97.46667,360.3,2005-12-14 12:52:00,360,5,N,77,5,22000,5,9,N,16093,5,N,5,40,C,-10,C,99999,9,False,
99999903948,35.25,-97.46667,360.3,2005-12-14 13:54:00,350,5,N,51,5,22000,5,9,N,16093,5,N,5,40,C,-10,C,99999,9,False,
99999903948,35.25,-97.46667,360.3,2005-12-14 14:52:00,360,5,N,72,5,22000,5,9,N,16093,5,N,5,40,C,-10,C,99999,9,False,
99999903948,35.25,-97.46667,360.3,2005-12-14 15:52:00,10,5,N,72,5,22000,5,9,N,16093,5,N,5,60,C,-10,C,99999,9,False,
99999903948,35.25,-97.46667,360.3,2005-12-14 16:52:00,360,5,N,108,5,22000,5,9,N,16093,5,N,5,70,C,-10,C,99999,9,False,
99999903948,35.25,-97.46667,360.3,2005-12-14 17:52:00,10,5,N,93,5,22000,5,9,N,16093,5,N,5,90,C,-20,C,99999,9,False,
99999903948,35.25,-97.46667,360.3,2005-12-14 18:52:00,360,5,N,88,5,22000,5,9,N,16093,5,N,5,110,C,-20,C,99999,9,False,
99999903948,35.25,-97.46667,360.3,2005-12-14 19:52:00,340,5,N,82,5,22000,5,9,N,16093,5,N,5,120,C,-20,C,99999,9,False,
99999903948,35.25,-97.46667,360.3,2005-12-14 20:53:00,360,5,N,88,5,22000,5,9,N,16093,5,N,5,110,C,-30,C,99999,9,False,
99999903948,35.25,-97.46667,360.3,2005-12-14 21:52:00,350,5,N,82,5,22000,5,9,N,16093,5,N,5,110,C,-40,C,99999,9,False,
99999903948,35.25,-97.46667,360.3,2005-12-14 22:52:00,360,5,N,88,5,22000,5,9,N,16093,5,N,5,90,C,-40,C,99999,9,False,
99999903948,35.25,-97.46667,360.3,2005-12-14 23:52:00,350,5,N,72,5,22000,5,9,N,16093,5,N,5,80,C,-40,C,99999,9,False,
99999903948,35.25,-97.46667,360.3,2005-12-15 00:53:00,350,5,N,72,5,22000,5,9,N,16093,5,N,5,70,C,-40,C,99999,9,False,
99999903948,35.25,-97.46667,360.3,2005-12-15 01:52:00,360,5,N,46,5,22000,5,9,N,16093,5,N,5,50,C,-50,C,99999,9,False,
99999903948,35.25,-97.46667,360.3,2005-12-15 02:52:00,330,5,N,26,5,22000,5,9,N,16093,5,N,5,30,C,-60,C,99999,9,False,
99999903948,35.25,-97.46667,360.3,2005-12-15 03:52:00,310,5,N,31,5,22000,5,9,N,16093,5,N,5,10,C,-60,C,99999,9,False,
99999903948,35.25,-97.46667,360.3,2005-12-15 04:53:00,300,5,N,31,5,22000,5,9,N,16093,5,N,5,-10,C,-60,C,99999,9,False,
99999903948,35.25,-97.46667,360.3,2005-12-15 05:52:00,290,5,N,15,5,22000,5,9,N,16093,5,N,5,-40,C,-80,C,99999,9,False,
99999903948,35.25,-97.46667,360.3,2005-12-15 06:52:00,290,5,N,15,5,22000,5,9,N,16093,5,N,5,-30,C,-80,C,99999,9,False,
99999903948,35.25,-97.46667,360.3,2005-12-15 07:32:00,300,5,N,31,5,99999,9,9,N,16093,5,N,5,-20,C,-70,C,99999,9,False,
99999903948,35.25,-97.46667,360.3,2005-12-15 08:52:00,310,5,N,36,5,99999,9,9,N,16093,5,N,5,-20,C,-70,C,99999,9,False,
99999903948,35.25,-97.46667,360.3,2005-12-15 09:52:00,290,5,N,31,5,99999,9,9,N,16093,5,N,5,-30,C,-80,C,99999,9,False,
99999903948,35.25,-97.46667,360.3,2005-12-15 10:52:00,310,5,N,31,5,99999,9,9,N,16093,5,N,5,-30,C,-90,C,99999,9,False,
99999903948,35.25,-97.46667,360.3,2005-12-15 11:52:00,300,5,N,36,5,99999,9,9,N,16093,5,N,5,-30,C,-90,C,99999,9,False,
99999903948,35.25,-97.46667,360.3,2005-12-15 12:52:00,320,5,N,26,5,99999,9,9,N,16093,5,N,5,-20,C,-90,C,99999,9,False,
99999903948,35.25,-97.46667,360.3,2005-12-15 13:52:00,290,5,N,36,5,99999,9,9,N,16093,5,N,5,-20,C,-100,C,99999,9,False,
99999903948,35.25,-97.46667,360.3,2005-12-15 14:56:00,280,5,N,36,5,22000,5,9,N,16093,5,N,5,10,C,-90,C,99999,9,False,
99999903948,35.25,-97.46667,360.3,2005-12-15 15:52:00,310,5,N,57,5,22000,5,9,N,16093,5,N,5,60,C,-90,C,99999,9,False,
99999903948,35.25,-97.46667,360.3,2005-12-15 16:53:00,330,5,N,93,5,22000,5,9,N,16093,5,N,5,80,C,-100,C,99999,9,False,
99999903948,35.25,-97.46667,360.3,2005-12-15 17:52:00,330,5,N,88,5,22000,5,9,N,16093,5,N,5,80,C,-90,C,99999,9,False,
99999903948,35.25,-97.46667,360.3,2005-12-15 18:52:00,300,5,N,98,5,22000,5,9,N,16093,5,N,5,90,C,-100,C,99999,9,False,
99999903948,35.25,-97.46667,360.3,2005-12-15 19:53:00,320,5,N,72,5,22000,5,9,N,16093,5,N,5,90,C,-100,C,99999,9,False,
99999903948,35.25,-97.46667,360.3,2005-12-15 20:52:00,330,5,N,77,5,22000,5,9,N,16093,5,N,5,90,C,-110,C,99999,9,False,
99999903948,35.25,-97.46667,360.3,2005-12-15 21:53:00,330,5,N,93,5,22000,5,9,N,16093,5,N,5,90,C,-110,C,99999,9,False,
99999903948,35.25,-97.46667,360.3,2005-12-15 22:52:00,320,5,N,51,5,22000,5,9,N,16093,5,N,5,80,C,-120,C,99999,9,False,
99999903948,35.25,-97.46667,360.3,2005-12-15 23:52:00,320,5,N,26,5,22000,5,9,N,16093,5,N,5,30,C,-130,C,99999,9,False,
99999903948,35.25,-97.46667,360.3,2005-12-16 00:52:00,300,5,N,15,5,22000,5,9,N,16093,5,N,5,20,C,-120,C,99999,9,False,
99999903948,35.25,-97.46667,360.3,2005-12-16 01:52:00,270,5,N,15,5,22000,5,9,N,16093,5,N,5,-10,C,-120,C,99999,9,False,
99999903948,35.25,-97.46667,360.3,2005-12-16 02:52:00,999,9,C,0,5,22000,5,9,N,16093,5,N,5,-30,C,-120,C,99999,9,False,
99999903948,35.25,-97.46667,360.3,2005-12-16 03:52:00,999,9,C,0,5,22000,5,9,N,16093,5,N,5,-30,C,-140,C,99999,9,False,
99999903948,35.25,-97.46667,360.3,2005-12-16 04:52:00,999,9,C,0,5,99999,9,9,N,16093,5,N,5,-50,C,-150,C,99999,9,False,
99999903948,35.25,-97.46667,360.3,2005-12-16 05:53:00,999,9,C,0,5,99999,9,9,N,16093,5,N,5,-40,C,-140,C,99999,9,False,
99999903948,35.25,-97.46667,360.3,2005-12-16 06:52:00,999,9,C,0,5,99999,9,9,N,16093,5,N,5,-40,C,-120,C,99999,9,False,
99999903948,35.25,-97.46667,360.3,2005-12-16 07:52:00,250,5,N,21,5,99999,9,9,N,16093,5,N,5,-50,C,-110,C,99999,9,False,
99999903948,35.25,-97.46667,360.3,2005-12-16 08:52:00,260,5,N,15,5,99999,9,9,N,16093,5,N,5,-60,C,9999,9,99999,9,False,
99999903948,35.25,-97.46667,360.3,2005-12-16 09:52:00,999,9,C,0,5,99999,9,9,N,16093,5,N,5,-50,C,-120,C,99999,9,False,
99999903948,35.25,-97.46667,360.3,2005-12-16 10:52:00,999,9,C,0,5,99999,9,9,N,16093,5,N,5,-60,C,-110,C,99999,9,False,
99999903948,35.25,-97.46667,360.3,2005-12-16 11:52:00,999,9,C,0,5,99999,9,9,N,16093,5,N,5,-50,C,-110,C,99999,9,False,
99999903948,35.25,-97.46667,360.3,2005-12-16 12:52:00,999,9,C,0,5,99999,9,9,N,16093,5,N,5,-50,C,-110,C,99999,9,False,
99999903948,35.25,-97.46667,360.3,2005-12-16 13:53:00,999,9,C,0,5,99999,9,9,N,16093,5,N,5,-50,C,-120,C,99999,9,False,
99999903948,35.25,-97.46667,360.3,2005-12-16 14:57:00,999,9,C,0,5,99999,9,9,N,16093,5,N,5,-10,C,-80,C,99999,9,False,
99999903948,35.25,-97.46667,360.3,2005-12-16 15:52:00,999,9,C,0,5,22000,5,9,N,16093,5,N,5,60,C,-40,C,99999,9,False,
99999903948,35.25,-97.46667,360.3,2005-12-16 16:52:00,999,9,C,0,5,22000,5,9,N,16093,5,N,5,80,C,-80,C,99999,9,False,
99999903948,35.25,-97.46667,360.3,2005-12-16 17:52:00,999,9,C,0,5,22000,5,9,N,16093,5,N,5,100,C,-90,C,99999,9,False,
99999903948,35.25,-97.46667,360.3,2005-12-16 18:52:00,170,5,N,46,5,22000,5,9,N,16093,5,N,5,100,C,-120,C,99999,9,False,
99999903948,35.25,-97.46667,360.3,2005-12-16 19:52:00,190,5,N,41,5,22000,5,9,N,16093,5,N,5,100,C,-130,C,99999,9,False,
99999903948,35.25,-97.46667,360.3,2005-12-16 20:53:00,160,5,N,41,5,22000,5,9,N,16093,5,N,5,120,C,-120,C,99999,9,False,
99999903948,35.25,-97.46667,360.3,2005-12-16 21:53:00,170,5,N,62,5,22000,5,9,N,16093,5,N,5,110,C,-130,C,99999,9,False,
99999903948,35.25,-97.46667,360.3,2005-12-16 22:53:00,190,5,N,57,5,22000,5,9,N,16093,5,N,5,90,C,-120,C,99999,9,False,
99999903948,35.25,-97.46667,360.3,2005-12-16 23:52:00,180,5,N,36,5,22000,5,9,N,16093,5,N,5,60,C,-120,C,99999,9,False,
99999903948,35.25,-97.46667,360.3,2005-12-17 00:53:00,170,5,N,41,5,3353,5,M,N,16093,5,N,5,60,C,-110,C,99999,9,False,
99999903948,35.25,-97.46667,360.3,2005-12-17 01:52:00,160,5,N,36,5,3048,5,M,N,16093,5,N,5,60,C,-110,C,99999,9,False,
99999903948,35.25,-97.46667,360.3,2005-12-17 02:52:00,160,5,N,41,5,2743,5,M,N,16093,5,N,5,60,C,-90,C,99999,9,False,
99999903948,35.25,-97.46667,360.3,2005-12-17 03:52:00,170,5,N,36,5,22000,5,9,N,16093,5,N,5,60,C,-80,C,99999,9,False,
99999903948,35.25,-97.46667,360.3,2005-12-17 04:52:00,170,5,N,36,5,1829,5,M,N,16093,5,N,5,60,C,-70,C,99999,9,False,
99999903948,35.25,-97.46667,360.3,2005-12-17 05:52:00,170,5,N,41,5,2438,5,M,N,16093,5,N,5,70,C,-60,C,99999,9,False,
99999903948,35.25,-97.46667,360.3,2005-12-17 06:52:00,170,5,N,51,5,2743,5,M,N,16093,5,N,5,60,C,-80,C,99999,9,False,
99999903948,35.25,-97.46667,360.3,2005-12-17 07:52:00,190,5,N,88,5,1433,5,M,N,16093,5,N,5,50,C,-40,C,99999,9,False,
99999903948,35.25,-97.46667,360.3,2005-12-17 08:53:00,180,5,N,67,5,1341,5,M,N,16093,5,N,5,40,C,-10,C,99999,9,False,
99999903948,35.25,-97.46667,360.3,2005-12-17 09:52:00,190,5,N,15,5,1433,5,M,N,16093,5,N,5,30,C,-10,C,99999,9,False,
99999903948,35.25,-97.46667,360.3,2005-12-17 10:53:00,999,9,C,0,5,1494,5,M,N,16093,5,N,5,30,C,-10,C,99999,9,False,
99999903948,35.25,-97.46667,360.3,2005-12-17 11:52:00,999,9,C,0,5,1311,5,M,N,16093,5,N,5,40,C,-10,C,99999,9,False,
99999903948,35.25,-97.46667,360.3,2005-12-17 12:52:00,130,5,N,15,5,1250,5,M,N,16093,5,N,5,40,C,-10,C,99999,9,False,
99999903948,35.25,-97.46667,360.3,2005-12-17 13:52:00,170,5,N,15,5,1280,5,M,N,16093,5,N,5,40,C,-30,C,99999,9,False,
99999903948,35.25,-97.46667,360.3,2005-12-17 14:53:00,130,5,N,15,5,762,5,M,N,16093,5,N,5,40,C,-40,C,99999,9,False,
99999903948,35.25,-97.46667,360.3,2005-12-17 15:54:00,150,5,N,41,5,671,5,M,N,16093,5,N,5,40,C,-20,C,99999,9,False,
99999903948,35.25,-97.46667,360.3,2005-12-17 16:56:00,160,5,N,51,5,671,5,M,N,11265,5,N,5,30,C,0,C,99999,9,False,
99999903948,35.25,-97.46667,360.3,2005-12-17 17:52:00,150,5,N,31,5,457,5,M,N,8047,5,N,5,30,C,10,C,99999,9,False,
99999903948,35.25,-97.46667,360.3,2005-12-17 18:52:00,150,5,N,41,5,305,5,M,N,8047,5,N,5,30,C,20,C,99999,9,False,
99999903948,35.25,-97.46667,360.3,2005-12-17 19:52:00,140,5,N,21,5,244,5,M,N,8047,5,N,5,40,C,20,C,99999,9,False,
99999903948,35.25,-97.46667,360.3,2005-12-17 20:57:00,130,5,N,21,5,305,5,M,N,16093,5,N,5,40,C,20,C,99999,9,False,
99999903948,35.25,-97.46667,360.3,2005-12-17 21:52:00,130,5,N,21,5,366,5,M,N,2816,5,N,5,40,C,20,C,99999,9,False,
99999903948,35.25,-97.46667,360.3,2005-12-17 22:53:00,100,5,N,26,5,183,5,M,N,3219,5,N,5,30,C,20,C,99999,9,False,
99999903948,35.25,-97.46667,360.3,2005-12-17 23:52:00,100,5,N,21,5,579,5,M,N,6437,5,N,5,30,C,20,C,99999,9,False,
99999903948,35.25,-97.46667,360.3,2005-12-18 00:52:00,80,5,N,15,5,762,5,M,N,11265,5,N,5,30,C,20,C,99999,9,False,
99999903948,35.25,-97.46667,360.3,2005-12-18 01:52:00,70,5,N,21,5,823,5,M,N,8047,5,N,5,30,C,20,C,99999,9,False,
99999903948,35.25,-97.46667,360.3,2005-12-18 02:52:00,999,9,C,0,5,762,5,M,N,8047,5,N,5,30,C,20,C,99999,9,False,
99999903948,35.25,-97.46667,360.3,2005-12-18 03:52:00,999,9,C,0,5,762,5,M,N,11265,5,N,5,30,C,20,C,99999,9,False,
99999903948,35.25,-97.46667,360.3,2005-12-18 04:52:00,999,9,C,0,5,762,5,M,N,8047,5,N,5,30,C,20,C,99999,9,False,
99999903948,35.25,-97.46667,360.3,2005-12-18 05:52:00,999,9,C,0,5,762,5,M,N,8047,5,N,5,30,C,20,C,99999,9,False,
99999903948,35.25,-97.46667,360.3,2005-12-18 05:59:00,999,9,9,9999,9,99999,9,9,9,999999,9,9,9,9999,9,9999,9,99999,9,False,
99999903948,35.25,-97.46667,360.3,2005-12-18 06:52:00,999,9,C,0,5,701,5,M,N,11265,5,N,5,30,C,20,C,99999,9,False,
99999903948,35.25,-97.46667,360.3,2005-12-18 07:53:00,20,5,N,15,5,579,5,M,N,11265,5,N,5,30,C,0,C,99999,9,False,
99999903948,35.25,-97.46667,360.3,2005-12-18 08:52:00,40,5,N,15,5,579,5,M,N,11265,5,N,5,30,C,20,C,99999,9,False,
99999903948,35.25,-97.46667,360.3,2005-12-18 09:52:00,50,5,N,21,5,1158,5,M,N,16093,5,N,5,30,C,20,C,99999,9,False,
99999903948,35.25,-97.46667,360.3,2005-12-18 10:54:00,10,5,N,26,5,549,5,M,N,16093,5,N,5,30,C,20,C,99999,9,False,
99999903948,35.25,-97.46667,360.3,2005-12-18 11:52:00,360,5,N,26,5,488,5,M,N,16093,5,N,5,30,C,20,C,99999,9,False,
99999903948,35.25,-97.46667,360.3,2005-12-18 12:52:00,999,9,C,0,5,732,5,M,N,8047,5,N,5,30,C,20,C,99999,9,False,
99999903948,35.25,-97.46667,360.3,2005-12-18 13:56:00,360,5,N,15,5,671,5,M,N,6437,5,N,5,30,C,20,C,99999,9,False,
99999903948,35.25,-97.46667,360.3,2005-12-18 14:52:00,20,5,N,36,5,671,5,M,N,6437,5,N,5,30,C,20,C,99999,9,False,
99999903948,35.25,-97.46667,360.3,2005-12-18 15:53:00,10,5,N,31,5,183,5,M,N,4828,5,N,5,30,C,30,C,99999,9,False,
99999903948,35.25,-97.46667,360.3,2005-12-18 16:52:00,40,5,N,31,5,244,5,M,N,8047,5,N,5,40,C,30,C,99999,9,False,
99999903948,35.25,-97.46667,360.3,2005-12-18 17:52:00,10,5,N,46,5,183,5,M,N,4828,5,N,5,40,C,30,C,99999,9,False,
99999903948,35.25,-97.46667,360.3,2005-12-18 18:52:00,360,5,N,36,5,122,5,M,N,6437,5,N,5,30,C,20,C,99999,9,False,
99999903948,35.25,-97.46667,360.3,2005-12-18 19:52:00,10,5,N,31,5,244,5,M,N,8047,5,N,5,30,C,20,C,99999,9,False,
99999903948,35.25,-97.46667,360.3,2005-12-18 20:54:00,20,5,N,26,5,244,5,M,N,6437,5,N,5,30,C,20,C,99999,9,False,
99999903948,35.25,-97.46667,360.3,2005-12-18 21:54:00,10,5,N,31,5,244,5,M,N,8047,5,N,5,30,C,20,C,99999,9,False,
99999903948,35.25,-97.46667,360.3,2005-12-18 22:52:00,360,5,N,36,5,244,5,M,N,6437,5,N,5,20,C,10,C,99999,9,False,
99999903948,35.25,-97.46667,360.3,2005-12-18 23:52:00,360,5,N,57,5,244,5,M,N,8047,5,N,5,10,C,0,C,99999,9,False,
99999903948,35.25,-97.46667,360.3,2005-12-19 00:52:00,20,5,N,46,5,183,5,M,N,6437,5,N,5,0,C,-10,C,99999,9,False,
99999903948,35.25,-97.46667,360.3,2005-12-19 01:52:00,40,5,N,51,5,183,5,M,N,8047,5,N,5,-10,C,-10,C,99999,9,False,
99999903948,35.25,-97.46667,360.3,2005-12-19 02:52:00,30,5,N,51,5,305,5,M,N,11265,5,N,5,-10,C,-20,C,99999,9,False,
99999903948,35.25,-97.46667,360.3,2005-12-19 03:52:00,40,5,N,57,5,305,5,M,N,11265,5,N,5,-10,C,-20,C,99999,9,False,
99999903948,35.25,-97.46667,360.3,2005-12-19 04:52:00,40,5,N,31,5,1676,5,M,N,16093,5,N,5,-10,C,-30,C,99999,9,False,
99999903948,35.25,-97.46667,360.3,2005-12-19 05:52:00,40,5,N,36,5,1676,5,M,N,16093,5,N,5,-20,C,-30,C,99999,9,False,
99999903948,35.25,-97.46667,360.3,2005-12-19 05:59:00,999,9,9,9999,9,99999,9,9,9,999999,9,9,9,9999,9,9999,9,99999,9,False,
99999903948,35.25,-97.46667,360.3,2005-12-19 06:52:00,20,5,N,41,5,1463,5,M,N,16093,5,N,5,-20,C,-30,C,99999,9,False,
99999903948,35.25,-97.46667,360.3,2005-12-19 07:52:00,20,5,N,41,5,1128,5,M,N,11265,7,N,5,-20,C,-40,C,99999,9,False,
99999903948,35.25,-97.46667,360.3,2005-12-19 08:52:00,20,5,N,36,5,1128,5,M,N,16093,5,N,5,-20,C,-40,C,99999,9,False,
99999903948,35.25,-97.46667,360.3,2005-12-19 09:52:00,30,5,N,36,5,853,5,M,N,16093,7,N,5,-30,C,-40,C,99999,9,False,
99999903948,35.25,-97.46667,360.3,2005-12-19 10:52:00,20,5,N,36,5,366,5,M,N,11265,7,N,5,-30,C,-50,C,99999,9,False,
99999903948,35.25,-97.46667,360.3,2005-12-19 11:52:00,50,5,N,36,5,1189,5,M,N,11265,5,N,5,-30,C,-50,C,99999,9,False,
99999903948,35.25,-97.46667,360.3,2005-12-19 12:52:00,40,5,N,36,5,274,5,M,N,11265,5,N,5,-30,C,-50,C,99999,9,False,
99999903948,35.25,-97.46667,360.3,2005-12-19 13:52:00,40,5,N,31,5,213,5,M,N,16093,5,N,5,-30,C,-50,C,99999,9,False,
99999903948,35.25,-97.46667,360.3,2005-12-19 14:52:00,40,5,N,26,5,213,5,M,N,16093,5,N,5,-30,C,-40,C,99999,9,False,
99999903948,35.25,-97.46667,360.3,2005-12-19 15:52:00,30,5,N,26,5,274,5,M,N,3219,7,N,5,-30,C,-40,C,99999,9,False,
99999903948,35.25,-97.46667,360.3,2005-12-19 16:52:00,50,5,N,31,5,305,5,M,N,6437,7,N,5,-20,C,-30,C,99999,9,False,
99999903948,35.25,-97.46667,360.3,2005-12-19 17:54:00,70,5,N,21,5,305,5,M,N,16093,5,N,5,-20,C,-30,C,99999,9,False,
99999903948,35.25,-97.46667,360.3,2005-12-19 18:52:00,40,5,N,21,5,305,5,M,N,16093,5,N,5,-10,C,-30,C,99999,9,False,
99999903948,35.25,-97.46667,360.3,2005-12-19 19:52:00,30,5,N,21,5,366,5,M,N,16093,5,N,5,-10,C,-20,C,99999,9,False,
99999903948,35.25,-97.46667,360.3,2005-12-19 20:54:00,90,5,N,21,5,366,5,M,N,8047,7,N,5,-10,C,-20,C,99999,9,False,
99999903948,35.25,-97.46667,360.3,2005-12-19 21:52:00,110,5,N,21,5,427,5,M,N,11265,7,N,5,-10,C,-30,C,99999,9,False,
99999903948,35.25,-97.46667,360.3,2005-12-19 22:53:00,60,5,N,26,5,945,5,M,N,16093,5,N,5,-10,C,-30,C,99999,9,False,
99999903948,35.25,-97.46667,360.3,2005-12-19 23:54:00,90,5,N,21,5,701,5,M,N,16093,5,N,5,-10,C,-30,C,99999,9,False,
99999903948,35.25,-97.46667,360.3,2005-12-20 00:52:00,70,5,N,15,5,579,5,M,N,11265,7,N,5,-10,C,-30,C,99999,9,False,
99999903948,35.25,-97.46667,360.3,2005-12-20 01:52:00,50,5,N,15,5,518,5,M,N,11265,7,N,5,-10,C,-30,C,99999,9,False,
99999903948,35.25,-97.46667,360.3,2005-12-20 02:52:00,90,5,N,15,5,579,5,M,N,6437,7,N,5,-20,C,-30,C,99999,9,False,
99999903948,35.25,-97.46667,360.3,2005-12-20 03:54:00,999,9,C,0,5,213,5,M,N,4828,7,N,5,-10,C,-30,C,99999,9,False,
99999903948,35.25,-97.46667,360.3,2005-12-20 04:52:00,140,5,N,21,5,914,5,M,N,8047,7,N,5,-10,C,-30,C,99999,9,False,
99999903948,35.25,-97.46667,360.3,2005-12-20 05:52:00,150,5,N,15,5,640,5,M,N,11265,5,N,5,-10,C,-30,C,99999,9,False,
99999903948,35.25,-97.46667,360.3,2005-12-20 05:59:00,999,9,9,9999,9,99999,9,9,9,999999,9,9,9,9999,9,9999,9,99999,9,False,
99999903948,35.25,-97.46667,360.3,2005-12-20 06:52:00,999,9,C,0,5,518,5,M,N,8047,5,N,5,-10,C,-20,C,99999,9,False,
99999903948,35.25,-97.46667,360.3,2005-12-20 07:52:00,999,9,C,0,5,183,5,M,N,6437,5,N,5,-10,C,-20,C,99999,9,False,
99999903948,35.25,-97.46667,360.3,2005-12-20 08:52:00,999,9,C,0,5,244,5,M,N,4828,7,N,5,-10,C,-20,C,99999,9,False,
99999903948,35.25,-97.46667,360.3,2005-12-20 09:54:00,999,9,C,0,5,183,5,M,N,4023,7,N,5,-10,C,-20,C,99999,9,False,
99999903948,35.25,-97.46667,360.3,2005-12-20 10:52:00,360,5,N,15,5,244,5,M,N,4828,5,N,5,-10,C,-20,C,99999,9,False,
99999903948,35.25,-97.46667,360.3,2005-12-20 11:54:00,999,9,C,0,5,244,5,M,N,4828,5,N,5,-10,C,-20,C,99999,9,False,
99999903948,35.25,-97.46667,360.3,2005-12-20 12:52:00,999,9,C,0,5,244,5,M,N,4828,7,N,5,-10,C,-20,C,99999,9,False,
99999903948,35.25,-97.46667,360.3,2005-12-20 13:53:00,999,9,C,0,5,122,5,M,N,4023,5,N,5,-10,C,-20,C,99999,9,False,
99999903948,35.25,-97.46667,360.3,2005-12-20 14:52:00,999,9,C,0,5,183,5,M,N,4023,5,N,5,10,C,-10,C,99999,9,False,
99999903948,35.25,-97.46667,360.3,2005-12-20 15:53:00,999,9,C,0,5,183,5,M,N,2012,7,N,5,0,C,-10,C,99999,9,False,
99999903948,35.25,-97.46667,360.3,2005-12-20 16:54:00,999,9,C,0,5,427,5,M,N,2816,7,N,5,10,C,-10,C,99999,9,False,
99999903948,35.25,-97.46667,360.3,2005-12-20 17:54:00,999,9,C,0,5,183,5,M,N,3219,7,N,5,20,C,0,C,99999,9,False,
99999903948,35.25,-97.46667,360.3,2005-12-20 18:52:00,220,5,N,15,5,183,5,M,N,6437,5,N,5,30,C,10,C,99999,9,False,
99999903948,35.25,-97.46667,360.3,2005-12-20 19:54:00,240,5,N,15,5,305,5,M,N,8047,5,N,5,30,C,10,C,99999,9,False,
99999903948,35.25,-97.46667,360.3,2005-12-20 20:52:00,240,5,N,21,5,305,5,M,N,8047,5,N,5,30,C,10,C,99999,9,False,
99999903948,35.25,-97.46667,360.3,2005-12-20 21:52:00,300,5,N,26,5,427,5,M,N,8047,5,N,5,40,C,10,C,99999,9,False,
99999903948,35.25,-97.46667,360.3,2005-12-20 22:52:00,300,5,N,15,5,549,5,M,N,8047,5,N,5,30,C,10,C,99999,9,False,
99999903948,35.25,-97.46667,360.3,2005-12-20 23:53:00,999,9,C,0,5,549,5,M,N,8047,5,N,5,30,C,10,C,99999,9,False,
99999903948,35.25,-97.46667,360.3,2005-12-21 00:54:00,170,5,N,15,5,671,5,M,N,8047,5,N,5,30,C,10,C,99999,9,False,
99999903948,35.25,-97.46667,360.3,2005-12-21 01:52:00,999,9,C,0,5,427,5,M,N,8047,5,N,5,30,C,10,C,99999,9,False,
99999903948,35.25,-97.46667,360.3,2005-12-21 02:52:00,999,9,C,0,5,671,5,M,N,8047,5,N,5,30,C,10,C,99999,9,False,
99999903948,35.25,-97.46667,360.3,2005-12-21 03:52:00,300,5,N,15,5,671,5,M,N,8047,5,N,5,30,C,10,C,99999,9,False,
99999903948,35.25,-97.46667,360.3,2005-12-21 04:52:00,310,5,N,15,5,671,5,M,N,11265,5,N,5,20,C,-10,C,99999,9,False,
99999903948,35.25,-97.46667,360.3,2005-12-21 05:56:00,300,5,N,15,5,22000,5,9,N,8047,5,N,5,0,C,-20,C,99999,9,False,
99999903948,35.25,-97.46667,360.3,2005-12-21 05:59:00,999,9,9,9999,9,99999,9,9,9,999999,9,9,9,9999,9,9999,9,99999,9,False,
99999903948,35.25,-97.46667,360.3,2005-12-21 06:54:00,999,9,C,0,5,22000,5,9,N,4828,5,N,5,-20,C,-30,C,99999,9,False,
99999903948,35.25,-97.46667,360.3,2005-12-21 07:52:00,999,9,C,0,5,22000,5,9,N,3219,5,N,5,-20,C,-40,C,99999,9,False,
99999903948,35.25,-97.46667,360.3,2005-12-21 08:56:00,999,9,C,0,5,22000,5,9,N,2816,5,N,5,-30,C,-50,C,99999,9,False,
99999903948,35.25,-97.46667,360.3,2005-12-21 09:52:00,240,5,N,15,5,22000,5,9,N,4828,5,N,5,-30,C,-50,C,99999,9,False,
99999903948,35.25,-97.46667,360.3,2005-12-21 10:52:00,270,5,N,31,5,61,5,M,N,402,5,N,5,0,C,-10,C,99999,9,False,
99999903948,35.25,-97.46667,360.3,2005-12-21 11:52:00,280,5,N,21,5,61,5,M,N,402,5,N,5,-10,C,-20,C,99999,9,False,
99999903948,35.25,-97.46667,360.3,2005-12-21 12:52:00,230,5,N,15,5,61,5,M,N,805,5,N,5,-10,C,-10,C,99999,9,False,
99999903948,35.25,-97.46667,360.3,2005-12-21 13:52:00,190,5,N,21,5,61,5,M,N,0,5,N,5,-10,C,-20,C,99999,9,False,
99999903948,35.25,-97.46667,360.3,2005-12-21 14:34:00,180,5,N,15,5,61,5,M,N,0,5,N,5,-10,C,-20,C,99999,9,False,
99999903948,35.25,-97.46667,360.3,2005-12-21 15:56:00,210,5,N,21,5,61,5,M,N,402,5,N,5,0,C,-10,C,99999,9,False,
99999903948,35.25,-97.46667,360.3,2005-12-21 16:52:00,170,5,N,21,5,61,5,M,N,805,5,N,5,10,C,0,C,99999,9,False,
99999903948,35.25,-97.46667,360.3,2005-12-21 17:52:00,180,5,N,21,5,122,5,M,N,6437,5,N,5,40,C,20,C,99999,9,False,
99999903948,35.25,-97.46667,360.3,2005-12-21 18:52:00,180,5,N,31,5,22000,5,9,N,11265,5,N,5,60,C,30,C,99999,9,False,
99999903948,35.25,-97.46667,360.3,2005-12-21 19:36:00,180,5,N,41,5,22000,5,9,N,16093,5,N,5,70,C,20,C,99999,9,False,
99999903948,35.25,-97.46667,360.3,2005-12-21 20:52:00,200,5,N,36,5,22000,5,9,N,16093,5,N,5,70,C,20,C,99999,9,False,
99999903948,35.25,-97.46667,360.3,2005-12-21 21:52:00,180,5,N,21,5,22000,5,9,N,16093,5,N,5,80,C,30,C,99999,9,False,
99999903948,35.25,-97.46667,360.3,2005-12-21 22:52:00,180,5,N,26,5,22000,5,9,N,16093,5,N,5,80,C,30,C,99999,9,False,
99999903948,35.25,-97.46667,360.3,2005-12-21 23:52:00,200,5,N,15,5,22000,5,9,N,16093,5,N,5,40,C,20,C,99999,9,False,
99999903948,35.25,-97.46667,360.3,2005-12-22 00:52:00,180,5,N,15,5,22000,5,9,N,11265,5,N,5,30,C,10,C,99999,9,False,
99999903948,35.25,-97.46667,360.3,2005-12-22 01:54:00,999,9,C,0,5,22000,5,9,N,11265,5,N,5,20,C,10,C,99999,9,False,
99999903948,35.25,-97.46667,360.3,2005-12-22 02:52:00,180,5,N,15,5,22000,5,9,N,11265,5,N,5,20,C,0,C,99999,9,False,
99999903948,35.25,-97.46667,360.3,2005-12-22 03:52:00,180,5,N,31,5,22000,5,9,N,11265,5,N,5,20,C,10,C,99999,9,False,
99999903948,35.25,-97.46667,360.3,2005-12-22 04:53:00,190,5,N,36,5,22000,5,9,N,16093,5,N,5,20,C,0,C,99999,9,False,
99999903948,35.25,-97.46667,360.3,2005-12-22 05:52:00,180,5,N,31,5,22000,5,9,N,16093,5,N,5,20,C,-10,C,99999,9,False,
99999903948,35.25,-97.46667,360.3,2005-12-22 05:59:00,999,9,9,9999,9,99999,9,9,9,999999,9,9,9,9999,9,9999,9,99999,9,False,
99999903948,35.25,-97.46667,360.3,2005-12-22 06:52:00,190,5,N,36,5,22000,5,9,N,16093,5,N,5,20,C,-10,C,99999,9,False,
99999903948,35.25,-97.46667,360.3,2005-12-22 07:52:00,180,5,N,31,5,22000,5,9,N,11265,5,N,5,20,C,-10,C,99999,9,False,
99999903948,35.25,-97.46667,360.3,2005-12-22 08:54:00,190,5,N,41,5,22000,5,9,N,11265,5,N,5,20,C,-10,C,99999,9,False,
99999903948,35.25,-97.46667,360.3,2005-12-22 09:53:00,180,5,N,36,5,22000,5,9,N,11265,5,N,5,20,C,-10,C,99999,9,False,
99999903948,35.25,-97.46667,360.3,2005-12-22 10:54:00,180,5,N,36,5,22000,5,9,N,11265,5,N,5,10,C,-20,C,99999,9,False,
99999903948,35.25,-97.46667,360.3,2005-12-22 11:52:00,190,5,N,36,5,22000,5,9,N,11265,5,N,5,10,C,-10,C,99999,9,False,
99999903948,35.25,-97.46667,360.3,2005-12-22 12:53:00,190,5,N,36,5,22000,5,9,N,11265,5,N,5,10,C,-10,C,99999,9,False,
99999903948,35.25,-97.46667,360.3,2005-12-22 13:54:00,170,5,N,41,5,22000,5,9,N,11265,5,N,5,10,C,-10,C,99999,9,False,
99999903948,35.25,-97.46667,360.3,2005-12-22 14:54:00,190,5,N,51,5,22000,5,9,N,11265,5,N,5,30,C,-10,C,99999,9,False,
99999903948,35.25,-97.46667,360.3,2005-12-22 15:52:00,190,5,N,51,5,22000,5,9,N,16093,5,N,5,60,C,10,C,99999,9,False,
99999903948,35.25,-97.46667,360.3,2005-12-22 16:52:00,190,5,N,67,5,22000,5,9,N,16093,5,N,5,80,C,10,C,99999,9,False,
99999903948,35.25,-97.46667,360.3,2005-12-22 17:52:00,210,5,N,51,5,22000,5,9,N,16093,5,N,5,110,C,20,C,99999,9,False,
99999903948,35.25,-97.46667,360.3,2005-12-22 18:52:00,190,5,N,62,5,22000,5,9,N,16093,5,N,5,130,C,20,C,99999,9,False,
99999903948,35.25,-97.46667,360.3,2005-12-22 19:52:00,180,5,N,62,5,22000,5,9,N,16093,5,N,5,160,C,20,C,99999,9,False,
99999903948,35.25,-97.46667,360.3,2005-12-22 20:53:00,999,9,9,9999,9,22000,5,9,N,16093,5,N,5,160,C,30,C,99999,9,False,
99999903948,35.25,-97.46667,360.3,2005-12-22 21:52:00,180,5,N,62,5,22000,5,9,N,16093,5,N,5,150,C,30,C,99999,9,False,
99999903948,35.25,-97.46667,360.3,2005-12-22 22:52:00,180,5,N,67,5,22000,5,9,N,16093,5,N,5,140,C,30,C,99999,9,False,
99999903948,35.25,-97.46667,360.3,2005-12-22 23:52:00,170,5,N,72,5,22000,5,9,N,16093,5,N,5,120,C,30,C,99999,9,False,
99999903948,35.25,-97.46667,360.3,2005-12-23 00:52:00,170,5,N,62,5,22000,5,9,N,16093,5,N,5,110,C,40,C,99999,9,False,
99999903948,35.25,-97.46667,360.3,2005-12-23 01:52:00,180,5,N,51,5,22000,5,9,N,16093,5,N,5,100,C,40,C,99999,9,False,
99999903948,35.25,-97.46667,360.3,2005-12-23 02:52:00,170,5,N,46,5,22000,5,9,N,16093,5,N,5,90,C,40,C,99999,9,False,
99999903948,35.25,-97.46667,360.3,2005-12-23 03:52:00,180,5,N,57,5,22000,5,9,N,16093,5,N,5,80,C,40,C,99999,9,False,
99999903948,35.25,-97.46667,360.3,2005-12-23 04:52:00,180,5,N,57,5,22000,5,9,N,16093,5,N,5,80,C,30,C,99999,9,False,
99999903948,35.25,-97.46667,360.3,2005-12-23 05:52:00,180,5,N,57,5,22000,5,9,N,16093,5,N,5,80,C,30,C,99999,9,False,
99999903948,35.25,-97.46667,360.3,2005-12-23 06:52:00,180,5,N,46,5,22000,5,9,N,16093,5,N,5,70,C,30,C,99999,9,False,
99999903948,35.25,-97.46667,360.3,2005-12-23 07:52:00,170,5,N,57,5,22000,5,9,N,16093,5,N,5,70,C,30,C,99999,9,False,
99999903948,35.25,-97.46667,360.3,2005-12-23 08:52:00,180,5,N,62,5,22000,5,9,N,16093,5,N,5,70,C,30,C,99999,9,False,
99999903948,35.25,-97.46667,360.3,2005-12-23 09:52:00,180,5,N,51,5,22000,5,9,N,16093,5,N,5,60,C,30,C,99999,9,False,
99999903948,35.25,-97.46667,360.3,2005-12-23 10:52:00,180,5,N,41,5,22000,5,9,N,16093,5,N,5,60,C,30,C,99999,9,False,
99999903948,35.25,-97.46667,360.3,2005-12-23 11:52:00,160,5,N,26,5,22000,5,9,N,16093,5,N,5,60,C,30,C,99999,9,False,
99999903948,35.25,-97.46667,360.3,2005-12-23 12:52:00,170,5,N,31,5,22000,5,9,N,16093,5,N,5,50,C,20,C,99999,9,False,
99999903948,35.25,-97.46667,360.3,2005-12-23 13:52:00,170,5,N,31,5,22000,5,9,N,11265,5,N,5,40,C,20,C,99999,9,False,
99999903948,35.25,-97.46667,360.3,2005-12-23 14:52:00,170,5,N,46,5,22000,5,9,N,16093,5,N,5,70,C,30,C,99999,9,False,
99999903948,35.25,-97.46667,360.3,2005-12-23 15:52:00,170,5,N,36,5,22000,5,9,N,16093,5,N,5,90,C,40,C,99999,9,False,
99999903948,35.25,-97.46667,360.3,2005-12-23 16:53:00,190,5,N,51,5,22000,5,9,N,16093,5,N,5,120,C,40,C,99999,9,False,
99999903948,35.25,-97.46667,360.3,2005-12-23 17:53:00,210,5,N,46,5,22000,5,9,N,16093,5,N,5,130,C,40,C,99999,9,False,
99999903948,35.25,-97.46667,360.3,2005-12-23 18:52:00,180,5,N,46,5,22000,5,9,N,16093,5,N,5,150,C,40,C,99999,9,False,
99999903948,35.25,-97.46667,360.3,2005-12-23 19:52:00,190,5,N,36,5,22000,5,9,N,16093,5,N,5,170,C,40,C,99999,9,False,
99999903948,35.25,-97.46667,360.3,2005-12-23 20:52:00,210,5,N,46,5,22000,5,9,N,16093,5,N,5,180,C,40,C,99999,9,False,
99999903948,35.25,-97.46667,360.3,2005-12-23 21:52:00,190,5,N,41,5,22000,5,9,N,16093,5,N,5,160,C,40,C,99999,9,False,
99999903948,35.25,-97.46667,360.3,2005-12-23 22:52:00,999,9,C,0,5,22000,5,9,N,16093,5,N,5,160,C,40,C,99999,9,False,
99999903948,35.25,-97.46667,360.3,2005-12-23 23:53:00,130,5,N,31,5,22000,5,9,N,16093,5,N,5,130,C,40,C,99999,9,False,
99999903948,35.25,-97.46667,360.3,2005-12-24 00:52:00,999,9,C,0,5,3048,5,M,N,16093,5,N,5,120,C,40,C,99999,9,False,
99999903948,35.25,-97.46667,360.3,2005-12-24 01:52:00,340,5,N,41,5,22000,5,9,N,16093,5,N,5,120,C,50,C,99999,9,False,
99999903948,35.25,-97.46667,360.3,2005-12-24 02:53:00,20,5,N,36,5,3048,5,M,N,16093,5,N,5,130,C,50,C,99999,9,False,
99999903948,35.25,-97.46667,360.3,2005-12-24 03:52:00,40,5,N,15,5,22000,5,9,N,16093,5,N,5,100,C,50,C,99999,9,False,
99999903948,35.25,-97.46667,360.3,2005-12-24 04:53:00,350,5,N,31,5,2591,5,M,N,16093,5,N,5,110,C,60,C,99999,9,False,
99999903948,35.25,-97.46667,360.3,2005-12-24 05:52:00,340,5,N,51,5,2591,5,M,N,16093,5,N,5,110,C,70,C,99999,9,False,
99999903948,35.25,-97.46667,360.3,2005-12-24 05:59:00,999,9,9,9999,9,99999,9,9,9,999999,9,9,9,9999,9,9999,9,99999,9,False,
99999903948,35.25,-97.46667,360.3,2005-12-24 06:52:00,310,5,N,15,5,22000,5,9,N,16093,5,N,5,90,C,60,C,99999,9,False,
99999903948,35.25,-97.46667,360.3,2005-12-24 09:52:00,330,5,N,62,5,22000,5,9,N,16093,5,N,5,90,C,20,C,99999,9,False,
99999903948,35.25,-97.46667,360.3,2005-12-24 10:52:00,330,5,N,57,5,22000,5,9,N,16093,5,N,5,80,C,20,C,99999,9,False,
99999903948,35.25,-97.46667,360.3,2005-12-24 11:52:00,320,5,N,41,5,22000,5,9,N,16093,5,N,5,70,C,20,C,99999,9,False,
99999903948,35.25,-97.46667,360.3,2005-12-24 12:52:00,290,5,N,41,5,99999,9,9,N,16093,5,N,5,60,C,10,C,99999,9,False,
99999903948,35.25,-97.46667,360.3,2005-12-24 13:52:00,290,5,N,41,5,22000,5,9,N,16093,5,N,5,60,C,10,C,99999,9,False,
99999903948,35.25,-97.46667,360.3,2005-12-24 14:52:00,320,5,N,72,5,22000,5,9,N,16093,5,N,5,90,C,10,C,99999,9,False,
99999903948,35.25,-97.46667,360.3,2005-12-24 15:53:00,330,5,N,113,5,22000,5,9,N,16093,5,N,5,110,C,10,C,99999,9,False,
99999903948,35.25,-97.46667,360.3,2005-12-24 16:52:00,340,5,N,103,5,1280,5,M,N,16093,5,N,5,110,C,10,C,99999,9,False,
99999903948,35.25,-97.46667,360.3,2005-12-24 17:53:00,350,5,N,149,5,22000,5,9,N,16093,5,N,5,130,C,20,C,99999,9,False,
99999903948,35.25,-97.46667,360.3,2005-12-24 18:52:00,340,5,N,113,5,22000,5,9,N,16093,5,N,5,130,C,20,C,99999,9,False,
99999903948,35.25,-97.46667,360.3,2005-12-24 19:52:00,330,5,N,113,5,22000,5,9,N,16093,5,N,5,150,C,20,C,99999,9,False,
99999903948,35.25,-97.46667,360.3,2005-12-24 20:53:00,330,5,N,154,5,1524,5,M,N,16093,5,N,5,140,C,20,C,99999,9,False,
99999903948,35.25,-97.46667,360.3,2005-12-24 21:52:00,350,5,N,129,5,22000,5,9,N,16093,5,N,5,150,C,10,C,99999,9,False,
99999903948,35.25,-97.46667,360.3,2005-12-24 22:53:00,340,5,N,88,5,22000,5,9,N,16093,5,N,5,140,C,10,C,99999,9,False,
99999903948,35.25,-97.46667,360.3,2005-12-24 23:52:00,340,5,N,88,5,22000,5,9,N,16093,5,N,5,130,C,0,C,99999,9,False,
99999903948,35.25,-97.46667,360.3,2005-12-25 00:54:00,330,5,N,72,5,22000,5,9,N,16093,5,N,5,120,C,10,C,99999,9,False,
99999903948,35.25,-97.46667,360.3,2005-12-25 01:53:00,340,5,N,72,5,22000,5,9,N,16093,5,N,5,110,C,10,C,99999,9,False,
99999903948,35.25,-97.46667,360.3,2005-12-25 02:52:00,340,5,N,82,5,22000,5,9,N,16093,5,N,5,110,C,10,C,99999,9,False,
99999903948,35.25,-97.46667,360.3,2005-12-25 03:52:00,340,5,N,77,5,22000,5,9,N,16093,5,N,5,100,C,10,C,99999,9,False,
99999903948,35.25,-97.46667,360.3,2005-12-25 04:52:00,320,5,N,36,5,22000,5,9,N,16093,5,N,5,80,C,10,C,99999,9,False,
99999903948,35.25,-97.46667,360.3,2005-12-25 05:52:00,310,5,N,36,5,22000,5,9,N,16093,5,N,5,70,C,0,C,99999,9,False,
99999903948,35.25,-97.46667,360.3,2005-12-25 06:52:00,300,5,N,26,5,22000,5,9,N,16093,5,N,5,60,C,-10,C,99999,9,False,
99999903948,35.25,-97.46667,360.3,2005-12-25 07:52:00,999,9,9,9999,9,22000,5,9,N,16093,5,N,5,50,C,-10,C,99999,9,False,
99999903948,35.25,-97.46667,360.3,2005-12-25 08:52:00,310,5,N,41,5,22000,5,9,N,16093,5,N,5,50,C,-10,C,99999,9,False,
99999903948,35.25,-97.46667,360.3,2005-12-25 09:52:00,320,5,N,41,5,22000,5,9,N,16093,5,N,5,40,C,-10,C,99999,9,False,
99999903948,35.25,-97.46667,360.3,2005-12-25 10:53:00,310,5,N,41,5,22000,5,9,N,16093,5,N,5,40,C,-10,C,99999,9,False,
99999903948,35.25,-97.46667,360.3,2005-12-25 11:52:00,310,5,N,41,5,99999,9,9,N,16093,5,N,5,30,C,-10,C,99999,9,False,
99999903948,35.25,-97.46667,360.3,2005-12-25 12:52:00,310,5,N,41,5,22000,5,9,N,16093,5,N,5,20,C,-20,C,99999,9,False,
99999903948,35.25,-97.46667,360.3,2005-12-25 13:53:00,320,5,N,26,5,22000,5,9,N,16093,5,N,5,20,C,-30,C,99999,9,False,
99999903948,35.25,-97.46667,360.3,2005-12-25 14:56:00,300,5,N,31,5,22000,5,9,N,16093,5,N,5,60,C,-10,C,99999,9,False,
99999903948,35.25,-97.46667,360.3,2005-12-25 15:52:00,310,5,N,31,5,22000,5,9,N,16093,5,N,5,90,C,0,C,99999,9,False,
99999903948,35.25,-97.46667,360.3,2005-12-25 16:52:00,320,5,N,36,5,22000,5,9,N,16093,5,N,5,120,C,0,C,99999,9,False,
99999903948,35.25,-97.46667,360.3,2005-12-25 17:53:00,10,5,N,21,5,22000,5,9,N,16093,5,N,5,150,C,0,C,99999,9,False,
99999903948,35.25,-97.46667,360.3,2005-12-25 18:53:00,320,5,N,26,5,22000,5,9,N,16093,5,N,5,170,C,-10,C,99999,9,False,
99999903948,35.25,-97.46667,360.3,2005-12-25 19:52:00,290,5,N,36,5,22000,5,9,N,16093,5,N,5,170,C,-20,C,99999,9,False,
99999903948,35.25,-97.46667,360.3,2005-12-25 20:52:00,330,5,N,31,5,22000,5,9,N,16093,5,N,5,180,C,-30,C,99999,9,False,
99999903948,35.25,-97.46667,360.3,2005-12-25 21:54:00,290,5,N,15,5,22000,5,9,N,16093,5,N,5,180,C,-30,C,99999,9,False,
99999903948,35.25,-97.46667,360.3,2005-12-25 22:52:00,250,5,N,26,5,22000,5,9,N,16093,5,N,5,160,C,-20,C,99999,9,False,
99999903948,35.25,-97.46667,360.3,2005-12-26 00:54:00,200,5,N,15,5,22000,5,9,N,16093,5,N,5,80,C,-20,C,99999,9,False,
99999903948,35.25,-97.46667,360.3,2005-12-26 01:53:00,180,5,N,21,5,22000,5,9,N,16093,5,N,5,80,C,-20,C,99999,9,False,
99999903948,35.25,-97.46667,360.3,2005-12-26 02:54:00,200,5,N,21,5,22000,5,9,N,16093,5,N,5,80,C,-30,C,99999,9,False,
99999903948,35.25,-97.46667,360.3,2005-12-26 03:54:00,180,5,N,26,5,22000,5,9,N,16093,5,N,5,70,C,-30,C,99999,9,False,
99999903948,35.25,-97.46667,360.3,2005-12-26 04:53:00,190,5,N,21,5,22000,5,9,N,16093,5,N,5,70,C,-20,C,99999,9,False,
99999903948,35.25,-97.46667,360.3,2005-12-26 05:52:00,180,5,N,31,5,22000,5,9,N,16093,5,N,5,70,C,-20,C,99999,9,False,
99999903948,35.25,-97.46667,360.3,2005-12-26 06:52:00,180,5,N,31,5,22000,5,9,N,16093,5,N,5,60,C,-20,C,99999,9,False,
99999903948,35.25,-97.46667,360.3,2005-12-26 07:52:00,190,5,N,21,5,22000,5,9,N,16093,5,N,5,60,C,-30,C,99999,9,False,
99999903948,35.25,-97.46667,360.3,2005-12-26 08:52:00,180,5,N,31,5,22000,5,9,N,16093,5,N,5,50,C,-20,C,99999,9,False,
99999903948,35.25,-97.46667,360.3,2005-12-26 09:52:00,180,5,N,41,5,22000,5,9,N,16093,5,N,5,60,C,-20,C,99999,9,False,
99999903948,35.25,-97.46667,360.3,2005-12-26 10:52:00,190,5,N,36,5,22000,5,9,N,16093,5,N,5,60,C,-20,C,99999,9,False,
99999903948,35.25,-97.46667,360.3,2005-12-26 11:52:00,180,5,N,36,5,22000,5,9,N,16093,5,N,5,60,C,-20,C,99999,9,False,
99999903948,35.25,-97.46667,360.3,2005-12-26 12:53:00,180,5,N,46,5,22000,5,9,N,16093,5,N,5,60,C,-20,C,99999,9,False,
99999903948,35.25,-97.46667,360.3,2005-12-26 13:56:00,180,5,N,46,5,22000,5,9,N,16093,5,N,5,70,C,-20,C,99999,9,False,
99999903948,35.25,-97.46667,360.3,2005-12-26 14:57:00,190,5,N,41,5,22000,5,9,N,16093,5,N,5,80,C,-20,C,99999,9,False,
99999903948,35.25,-97.46667,360.3,2005-12-26 15:52:00,200,5,N,57,5,22000,5,9,N,16093,5,N,5,120,C,-20,C,99999,9,False,
99999903948,35.25,-97.46667,360.3,2005-12-26 16:54:00,180,5,N,62,5,22000,5,9,N,16093,5,N,5,160,C,-20,C,99999,9,False,
99999903948,35.25,-97.46667,360.3,2005-12-26 17:54:00,180,5,N,62,5,22000,5,9,N,16093,5,N,5,180,C,-10,C,99999,9,False,
99999903948,35.25,-97.46667,360.3,2005-12-26 18:52:00,180,5,N,62,5,22000,5,9,N,16093,5,N,5,210,C,-20,C,99999,9,False,
99999903948,35.25,-97.46667,360.3,2005-12-26 19:52:00,190,5,N,72,5,22000,5,9,N,16093,5,N,5,230,C,-20,C,99999,9,False,
99999903948,35.25,-97.46667,360.3,2005-12-26 20:54:00,180,5,N,62,5,22000,5,9,N,16093,5,N,5,240,C,-20,C,99999,9,False,
99999903948,35.25,-97.46667,360.3,2005-12-26 21:52:00,180,5,N,77,5,22000,5,9,N,16093,5,N,5,240,C,-30,C,99999,9,False,
99999903948,35.25,-97.46667,360.3,2005-12-26 22:53:00,180,5,N,51,5,22000,5,9,N,16093,5,N,5,230,C,-30,C,99999,9,False,
99999903948,35.25,-97.46667,360.3,2005-12-26 23:52:00,180,5,N,41,5,22000,5,9,N,16093,5,N,5,180,C,-30,C,99999,9,False,
99999903948,35.25,-97.46667,360.3,2005-12-27 00:52:00,160,5,N,31,5,22000,5,9,N,16093,5,N,5,160,C,-30,C,99999,9,False,
99999903948,35.25,-97.46667,360.3,2005-12-27 01:52:00,170,5,N,46,5,22000,5,9,N,16093,5,N,5,160,C,-10,C,99999,9,False,
99999903948,35.25,-97.46667,360.3,2005-12-27 02:53:00,170,5,N,41,5,22000,5,9,N,16093,5,N,5,140,C,-10,C,99999,9,False,
99999903948,35.25,-97.46667,360.3,2005-12-27 03:52:00,170,5,N,57,5,22000,5,9,N,16093,5,N,5,140,C,-10,C,99999,9,False,
99999903948,35.25,-97.46667,360.3,2005-12-27 04:52:00,180,5,N,46,5,22000,5,9,N,16093,5,N,5,130,C,-10,C,99999,9,False,
99999903948,35.25,-97.46667,360.3,2005-12-27 05:52:00,180,5,N,41,5,22000,5,9,N,16093,5,N,5,120,C,0,C,99999,9,False,
99999903948,35.25,-97.46667,360.3,2005-12-27 06:52:00,200,5,N,57,5,99999,9,9,N,16093,5,N,5,120,C,-10,C,99999,9,False,
99999903948,35.25,-97.46667,360.3,2005-12-27 07:52:00,200,5,N,51,5,22000,5,9,N,16093,5,N,5,130,C,-10,C,99999,9,False,
99999903948,35.25,-97.46667,360.3,2005-12-27 08:53:00,190,5,N,36,5,22000,5,9,N,16093,5,N,5,100,C,-10,C,99999,9,False,
99999903948,35.25,-97.46667,360.3,2005-12-27 09:52:00,210,5,N,46,5,22000,5,9,N,16093,5,N,5,110,C,-30,C,99999,9,False,
99999903948,35.25,-97.46667,360.3,2005-12-27 10:52:00,210,5,N,57,5,22000,5,9,N,16093,5,N,5,110,C,-40,C,99999,9,False,
99999903948,35.25,-97.46667,360.3,2005-12-27 11:52:00,210,5,N,57,5,22000,5,9,N,16093,5,N,5,110,C,-40,C,99999,9,False,
99999903948,35.25,-97.46667,360.3,2005-12-27 12:54:00,220,5,N,67,5,22000,5,9,N,16093,5,N,5,110,C,-40,C,99999,9,False,
99999903948,35.25,-97.46667,360.3,2005-12-27 13:52:00,210,5,N,62,5,22000,5,9,N,16093,5,N,5,100,C,-40,C,99999,9,False,
99999903948,35.25,-97.46667,360.3,2005-12-27 14:52:00,220,5,N,62,5,22000,5,9,N,16093,5,N,5,130,C,-40,C,99999,9,False,
99999903948,35.25,-97.46667,360.3,2005-12-27 15:53:00,230,5,N,62,5,22000,5,9,N,16093,5,N,5,180,C,-40,C,99999,9,False,
99999903948,35.25,-97.46667,360.3,2005-12-27 16:56:00,240,5,N,93,5,22000,5,9,N,16093,5,N,5,9999,9,9999,9,99999,9,False,
99999903948,35.25,-97.46667,360.3,2005-12-27 17:52:00,260,5,N,113,5,22000,5,9,N,16093,5,N,5,210,C,-40,C,99999,9,False,
99999903948,35.25,-97.46667,360.3,2005-12-27 18:54:00,250,5,N,103,5,22000,5,9,N,16093,5,N,5,220,C,-40,C,99999,9,False,
99999903948,35.25,-97.46667,360.3,2005-12-27 19:53:00,270,5,N,113,5,22000,5,9,N,16093,5,N,5,230,C,-20,C,99999,9,False,
99999903948,35.25,-97.46667,360.3,2005-12-27 20:52:00,280,5,N,93,5,22000,5,9,N,16093,5,N,5,210,C,-20,C,99999,9,False,
99999903948,35.25,-97.46667,360.3,2005-12-27 21:53:00,310,5,N,108,5,22000,5,9,N,16093,5,N,5,190,C,-10,C,99999,9,False,
99999903948,35.25,-97.46667,360.3,2005-12-27 22:52:00,310,5,N,57,5,22000,5,9,N,16093,5,N,5,180,C,10,C,99999,9,False,
99999903948,35.25,-97.46667,360.3,2005-12-27 23:52:00,300,5,N,51,5,22000,5,9,N,16093,5,N,5,170,C,10,C,99999,9,False,
99999903948,35.25,-97.46667,360.3,2005-12-28 00:52:00,280,5,N,57,5,22000,5,9,N,16093,5,N,5,160,C,10,C,99999,9,False,
99999903948,35.25,-97.46667,360.3,2005-12-28 01:54:00,300,5,N,67,5,22000,5,9,N,16093,5,N,5,160,C,20,C,99999,9,False,
99999903948,35.25,-97.46667,360.3,2005-12-28 02:54:00,300,5,N,67,5,22000,5,9,N,16093,5,N,5,140,C,20,C,99999,9,False,
99999903948,35.25,-97.46667,360.3,2005-12-28 03:52:00,310,5,N,62,5,22000,5,9,N,16093,5,N,5,130,C,20,C,99999,9,False,
99999903948,35.25,-97.46667,360.3,2005-12-28 04:52:00,320,5,N,82,5,22000,5,9,N,16093,5,N,5,130,C,10,C,99999,9,False,
99999903948,35.25,-97.46667,360.3,2005-12-28 05:52:00,330,5,N,57,5,22000,5,9,N,16093,5,N,5,120,C,10,C,99999,9,False,
99999903948,35.25,-97.46667,360.3,2005-12-28 06:53:00,340,5,N,88,5,22000,5,9,N,16093,5,N,5,110,C,0,C,99999,9,False,
99999903948,35.25,-97.46667,360.3,2005-12-28 07:53:00,340,5,N,77,5,22000,5,9,N,16093,5,N,5,90,C,10,C,99999,9,False,
99999903948,35.25,-97.46667,360.3,2005-12-28 08:52:00,340,5,N,46,5,22000,5,9,N,16093,5,N,5,90,C,20,C,99999,9,False,
99999903948,35.25,-97.46667,360.3,2005-12-28 09:52:00,320,5,N,31,5,22000,5,9,N,16093,5,N,5,80,C,20,C,99999,9,False,
99999903948,35.25,-97.46667,360.3,2005-12-28 10:52:00,320,5,N,15,5,22000,5,9,N,16093,5,N,5,60,C,10,C,99999,9,False,
99999903948,35.25,-97.46667,360.3,2005-12-28 11:53:00,280,5,N,21,5,22000,5,9,N,16093,5,N,5,40,C,10,C,99999,9,False,
99999903948,35.25,-97.46667,360.3,2005-12-28 12:53:00,280,5,N,21,5,22000,5,9,N,16093,5,N,5,40,C,10,C,99999,9,False,
99999903948,35.25,-97.46667,360.3,2005-12-28 13:54:00,290,5,N,36,5,22000,5,9,N,16093,5,N,5,50,C,10,C,99999,9,False,
99999903948,35.25,-97.46667,360.3,2005-12-28 14:54:00,300,5,N,36,5,22000,5,9,N,16093,5,N,5,80,C,20,C,99999,9,False,
99999903948,35.25,-97.46667,360.3,2005-12-28 15:55:00,320,5,N,41,5,22000,5,9,N,16093,5,N,5,120,C,20,C,99999,9,False,
99999903948,35.25,-97.46667,360.3,2005-12-28 16:56:00,330,5,N,51,5,22000,5,9,N,16093,5,N,5,140,C,10,C,99999,9,False,
99999903948,35.25,-97.46667,360.3,2005-12-28 17:52:00,330,5,N,41,5,22000,5,9,N,16093,5,N,5,160,C,10,C,99999,9,False,
99999903948,35.25,-97.46667,360.3,2005-12-28 18:52:00,330,5,N,46,5,22000,5,9,N,16093,5,N,5,170,C,10,C,99999,9,False,
99999903948,35.25,-97.46667,360.3,2005-12-28 19:53:00,310,5,N,46,5,22000,5,9,N,16093,5,N,5,180,C,10,C,99999,9,False,
99999903948,35.25,-97.46667,360.3,2005-12-28 20:52:00,330,5,N,57,5,22000,5,9,N,16093,5,N,5,190,C,0,C,99999,9,False,
99999903948,35.25,-97.46667,360.3,2005-12-28 21:53:00,330,5,N,62,5,22000,5,9,N,16093,5,N,5,180,C,-10,C,99999,9,False,
99999903948,35.25,-97.46667,360.3,2005-12-28 22:52:00,320,5,N,46,5,22000,5,9,N,16093,5,N,5,170,C,-10,C,99999,9,False,
99999903948,35.25,-97.46667,360.3,2005-12-28 23:53:00,340,5,N,36,5,22000,5,9,N,16093,5,N,5,120,C,-30,C,99999,9,False,
99999903948,35.25,-97.46667,360.3,2005-12-29 00:52:00,310,5,N,26,5,22000,5,9,N,16093,5,N,5,110,C,-30,C,99999,9,False,
99999903948,35.25,-97.46667,360.3,2005-12-29 01:53:00,280,5,N,21,5,22000,5,9,N,16093,5,N,5,90,C,-30,C,99999,9,False,
99999903948,35.25,-97.46667,360.3,2005-12-29 02:53:00,290,5,N,15,5,22000,5,9,N,16093,5,N,5,60,C,-40,C,99999,9,False,
99999903948,35.25,-97.46667,360.3,2005-12-29 03:52:00,260,5,N,21,5,22000,5,9,N,16093,5,N,5,60,C,-30,C,99999,9,False,
99999903948,35.25,-97.46667,360.3,2005-12-29 04:53:00,300,5,N,21,5,22000,5,9,N,16093,5,N,5,60,C,-40,C,99999,9,False,
99999903948,35.25,-97.46667,360.3,2005-12-29 05:52:00,300,5,N,15,5,22000,5,9,N,16093,5,N,5,40,C,-40,C,99999,9,False,
99999903948,35.25,-97.46667,360.3,2005-12-29 06:52:00,290,5,N,15,5,22000,5,9,N,16093,5,N,5,40,C,-30,C,99999,9,False,
99999903948,35.25,-97.46667,360.3,2005-12-29 07:52:00,999,9,C,0,5,22000,5,9,N,16093,5,N,5,30,C,9999,9,99999,9,False,
99999903948,35.25,-97.46667,360.3,2005-12-29 08:52:00,999,9,C,0,5,22000,5,9,N,16093,5,N,5,30,C,-30,C,99999,9,False,
99999903948,35.25,-97.46667,360.3,2005-12-29 09:52:00,999,9,C,0,5,22000,5,9,N,16093,5,N,5,20,C,-30,C,99999,9,False,
99999903948,35.25,-97.46667,360.3,2005-12-29 10:52:00,999,9,C,0,5,22000,5,9,N,16093,5,N,5,10,C,-40,C,99999,9,False,
99999903948,35.25,-97.46667,360.3,2005-12-29 11:52:00,999,9,C,0,5,22000,5,9,N,16093,5,N,5,10,C,-60,C,99999,9,False,
99999903948,35.25,-97.46667,360.3,2005-12-29 12:52:00,999,9,C,0,5,22000,5,9,N,16093,5,N,5,-10,C,-40,C,99999,9,False,
99999903948,35.25,-97.46667,360.3,2005-12-29 13:52:00,180,5,N,15,5,22000,5,9,N,16093,5,N,5,0,C,-40,C,99999,9,False,
99999903948,35.25,-97.46667,360.3,2005-12-29 14:52:00,999,9,C,0,5,22000,5,9,N,16093,5,N,5,70,C,10,C,99999,9,False,
99999903948,35.25,-97.46667,360.3,2005-12-29 15:52:00,190,5,N,31,5,22000,5,9,N,16093,5,N,5,120,C,-10,C,99999,9,False,
99999903948,35.25,-97.46667,360.3,2005-12-29 16:57:00,190,5,N,46,5,22000,5,9,N,16093,5,N,5,160,C,-10,C,99999,9,False,
99999903948,35.25,-97.46667,360.3,2005-12-29 17:53:00,180,5,N,62,5,22000,5,9,N,16093,5,N,5,180,C,-20,C,99999,9,False,
99999903948,35.25,-97.46667,360.3,2005-12-29 18:52:00,180,5,N,77,5,22000,5,9,N,16093,5,N,5,190,C,-20,C,99999,9,False,
99999903948,35.25,-97.46667,360.3,2005-12-29 19:52:00,210,5,N,88,5,22000,5,9,N,16093,5,N,5,200,C,-30,C,99999,9,False,
99999903948,35.25,-97.46667,360.3,2005-12-29 20:53:00,200,5,N,93,5,22000,5,9,N,16093,5,N,5,210,C,-30,C,99999,9,False,
99999903948,35.25,-97.46667,360.3,2005-12-29 21:52:00,170,5,N,82,5,22000,5,9,N,16093,5,N,5,210,C,-20,C,99999,9,False,
99999903948,35.25,-97.46667,360.3,2005-12-29 22:53:00,170,5,N,67,5,22000,5,9,N,16093,5,N,5,190,C,-30,C,99999,9,False,
99999903948,35.25,-97.46667,360.3,2005-12-29 23:52:00,170,5,N,72,5,22000,5,9,N,16093,5,N,5,170,C,-30,C,99999,9,False,
99999903948,35.25,-97.46667,360.3,2005-12-30 00:52:00,180,5,N,62,5,22000,5,9,N,16093,5,N,5,160,C,-20,C,99999,9,False,
99999903948,35.25,-97.46667,360.3,2005-12-30 01:52:00,170,5,N,67,5,22000,5,9,N,16093,5,N,5,150,C,-20,C,99999,9,False,
99999903948,35.25,-97.46667,360.3,2005-12-30 02:53:00,180,5,N,57,5,22000,5,9,N,16093,5,N,5,130,C,-20,C,99999,9,False,
99999903948,35.25,-97.46667,360.3,2005-12-30 03:52:00,180,5,N,72,5,22000,5,9,N,16093,5,N,5,130,C,-10,C,99999,9,False,
99999903948,35.25,-97.46667,360.3,2005-12-30 04:53:00,180,5,N,57,5,22000,5,9,N,16093,5,N,5,130,C,-10,C,99999,9,False,
99999903948,35.25,-97.46667,360.3,2005-12-30 05:52:00,180,5,N,41,5,22000,5,9,N,999999,9,N,5,130,C,-10,C,99999,9,False,
99999903948,35.25,-97.46667,360.3,2005-12-30 06:52:00,310,5,N,21,5,22000,5,9,N,999999,9,N,5,80,C,-20,C,99999,9,False,
99999903948,35.25,-97.46667,360.3,2005-12-30 07:52:00,999,9,C,0,5,22000,5,9,N,16093,5,N,5,50,C,-30,C,99999,9,False,
99999903948,35.25,-97.46667,360.3,2005-12-30 08:52:00,320,5,N,46,5,99999,9,9,N,16093,5,N,5,60,C,-10,C,99999,9,False,
99999903948,35.25,-97.46667,360.3,2005-12-30 09:52:00,999,9,9,9999,9,22000,5,9,N,16093,5,N,5,100,C,-10,C,99999,9,False,
99999903948,35.25,-97.46667,360.3,2005-12-30 10:52:00,360,5,N,67,5,22000,5,9,N,16093,5,N,5,80,C,-10,C,99999,9,False,
99999903948,35.25,-97.46667,360.3,2005-12-30 11:52:00,350,5,N,67,5,22000,5,9,N,16093,5,N,5,70,C,-10,C,99999,9,False,
99999903948,35.25,-97.46667,360.3,2005-12-30 12:52:00,350,5,N,72,5,22000,5,9,N,16093,5,N,5,80,C,-10,C,99999,9,False,
99999903948,35.25,-97.46667,360.3,2005-12-30 13:32:00,350,5,N,72,5,22000,5,9,N,16093,5,N,5,70,C,-10,C,99999,9,False,
99999903948,35.25,-97.46667,360.3,2005-12-30 14:52:00,340,5,N,77,5,99999,9,9,N,16093,5,N,5,90,C,-10,C,99999,9,False,
99999903948,35.25,-97.46667,360.3,2005-12-30 15:52:00,350,5,N,82,5,22000,5,9,N,16093,5,N,5,100,C,-10,C,99999,9,False,
99999903948,35.25,-97.46667,360.3,2005-12-30 16:52:00,350,5,N,82,5,22000,5,9,N,16093,5,N,5,120,C,-10,C,99999,9,False,
99999903948,35.25,-97.46667,360.3,2005-12-30 17:52:00,340,5,N,62,5,22000,5,9,N,16093,5,N,5,130,C,-20,C,99999,9,False,
99999903948,35.25,-97.46667,360.3,2005-12-30 18:52:00,330,5,N,57,5,22000,5,9,N,16093,5,N,5,140,C,-20,C,99999,9,False,
99999903948,35.25,-97.46667,360.3,2005-12-30 19:52:00,320,5,N,46,5,22000,5,9,N,16093,5,N,5,140,C,-30,C,99999,9,False,
99999903948,35.25,-97.46667,360.3,2005-12-30 20:53:00,340,5,N,51,5,22000,5,9,N,16093,5,N,5,160,C,-50,C,99999,9,False,
99999903948,35.25,-97.46667,360.3,2005-12-30 21:52:00,340,5,N,36,5,22000,5,9,N,16093,5,N,5,160,C,-60,C,99999,9,False,
99999903948,35.25,-97.46667,360.3,2005-12-30 22:52:00,320,5,N,15,5,22000,5,9,N,16093,5,N,5,130,C,-70,C,99999,9,False,
99999903948,35.25,-97.46667,360.3,2005-12-30 23:32:00,999,9,C,0,5,22000,5,9,N,16093,5,N,5,90,C,-70,C,99999,9,False,
99999903948,35.25,-97.46667,360.3,2005-12-31 00:52:00,190,5,N,15,5,22000,5,9,N,16093,5,N,5,60,C,-70,C,99999,9,False,
99999903948,35.25,-97.46667,360.3,2005-12-31 01:52:00,999,9,C,0,5,22000,5,9,N,16093,5,N,5,50,C,-60,C,99999,9,False,
99999903948,35.25,-97.46667,360.3,2005-12-31 02:52:00,999,9,C,0,5,22000,5,9,N,16093,5,N,5,30,C,-80,C,99999,9,False,
99999903948,35.25,-97.46667,360.3,2005-12-31 03:52:00,999,9,C,0,5,22000,5,9,N,16093,5,N,5,20,C,-70,C,99999,9,False,
99999903948,35.25,-97.46667,360.3,2005-12-31 04:52:00,150,5,N,15,5,22000,5,9,N,16093,5,N,5,20,C,-60,C,99999,9,False,
99999903948,35.25,-97.46667,360.3,2005-12-31 05:52:00,170,5,N,15,5,22000,5,9,N,16093,5,N,5,10,C,-80,C,99999,9,False,
99999903948,35.25,-97.46667,360.3,2005-12-31 06:53:00,180,5,N,15,5,22000,5,9,N,16093,5,N,5,30,C,-70,C,99999,9,False,
99999903948,35.25,-97.46667,360.3,2005-12-31 07:52:00,170,5,N,15,5,22000,5,9,N,16093,5,N,5,20,C,-70,C,99999,9,False,
99999903948,35.25,-97.46667,360.3,2005-12-31 08:52:00,150,5,N,21,5,22000,5,9,N,16093,5,N,5,40,C,-50,C,99999,9,False,
99999903948,35.25,-97.46667,360.3,2005-12-31 09:52:00,170,5,N,31,5,22000,5,9,N,16093,5,N,5,50,C,-50,C,99999,9,False,
99999903948,35.25,-97.46667,360.3,2005-12-31 10:52:00,150,5,N,26,5,22000,5,9,N,16093,5,N,5,70,C,-50,C,99999,9,False,
99999903948,35.25,-97.46667,360.3,2005-12-31 11:52:00,150,5,N,41,5,22000,5,9,N,16093,5,N,5,70,C,-50,C,99999,9,False,
99999903948,35.25,-97.46667,360.3,2005-12-31 12:52:00,140,5,N,26,5,22000,5,9,N,16093,5,N,5,70,C,-50,C,99999,9,False,
99999903948,35.25,-97.46667,360.3,2005-12-31 13:52:00,160,5,N,62,5,22000,5,9,N,16093,5,N,5,70,C,-50,C,99999,9,False,
99999903948,35.25,-97.46667,360.3,2005-12-31 14:52:00,170,5,N,77,5,22000,5,9,N,16093,5,N,5,90,C,-40,C,99999,9,False,
99999903948,35.25,-97.46667,360.3,2005-12-31 15:52:00,170,5,N,88,5,22000,5,9,N,16093,5,N,5,110,C,-40,C,99999,9,False,
99999903948,35.25,-97.46667,360.3,2005-12-31 16:52:00,180,5,N,93,5,22000,5,9,N,16093,5,N,5,140,C,-30,C,99999,9,False,
99999903948,35.25,-97.46667,360.3,2005-12-31 17:52:00,190,5,N,108,5,22000,5,9,N,16093,5,N,5,150,C,-30,C,99999,9,False,
99999903948,35.25,-97.46667,360.3,2005-12-31 18:52:00,190,5,N,82,5,22000,5,9,N,16093,5,N,5,160,C,-30,C,99999,9,False,
99999903948,35.25,-97.46667,360.3,2005-12-31 19:52:00,170,5,N,67,5,22000,5,9,N,16093,5,N,5,160,C,-30,C,99999,9,False,
99999903948,35.25,-97.46667,360.3,2005-12-31 20:52:00,160,5,N,31,5,22000,5,9,N,16093,5,N,5,170,C,-20,C,99999,9,False,
99999903948,35.25,-97.46667,360.3,2005-12-31 21:52:00,140,5,N,36,5,22000,5,9,N,16093,5,N,5,170,C,-20,C,99999,9,False,
99999903948,35.25,-97.46667,360.3,2005-12-31 22:52:00,150,5,N,31,5,22000,5,9,N,16093,5,N,5,160,C,-20,C,99999,9,False,
99999903948,35.25,-97.46667,360.3,2005-12-31 23:32:00,130,5,N,21,5,22000,5,9,N,16093,5,N,5,150,C,-20,C,99999,9,False,
