BEGIN_YEARMONTH,BEGIN_DAY,BEGIN_TIME,END_YEARMONTH,END_DAY,END_TIME,EPISODE_ID,EVENT_ID,STATE,STATE_FIPS,YEAR,MONTH_NAME,EVENT_TYPE,CZ_TYPE,CZ_FIPS,CZ_NAME,WFO,BEGIN_DATE_TIME,CZ_TIMEZONE,END_DATE_TIME,INJURIES_DIRECT,INJURIES_INDIRECT,DEATHS_DIRECT,DEATHS_INDIRECT,DAMAGE_PROPERTY,DAMAGE_CROPS,SOURCE,MAGNITUDE,MAGNITUDE_TYPE,FLOOD_CAUSE,CATEGORY,TOR_F_SCALE,TOR_LENGTH,TOR_WIDTH,TOR_OTHER_WFO,TOR_OTHER_CZ_STATE,TOR_OTHER_CZ_FIPS,TOR_OTHER_CZ_NAME,BEGIN_RANGE,BEGIN_AZIMUTH,BEGIN_LOCATION,END_RANGE,END_AZIMUTH,END_LOCATION,BEGIN_LAT,BEGIN_LON,END_LAT,END_LON,EPISODE_NARRATIVE,EVENT_NARRATIVE,DATA_SOURCE
200803,27,1732,200803,27,1732,14442,88558,OKLAHOMA,40,2008,March,Tornado,C,101,MUSKOGEE,TSA,27-MAR-08 17:32:00,CST-6,27-MAR-08 17:32:00,0,0,0,0,125.00K,0.00K,NWS Storm Survey,,,,,EF0,0.1,100.0,TSA,OK,91.0,MCINTOSH,0.0,N,COUNCIL HILL,0.0,N,COUNCIL HILL,35.55,-95.65,35.55,-95.65,Severe thunderstorms occurred across a large part of Eastern Oklahoma on the evening of March 27th.,"A tornado developed in Council Hill and moved east southeast, dissipating over open country in McIntosh County.  The tornado damaged the roof of a church, damaged the roofs of several homes, and caused tree damage in Council Hill.",CSV
200803,27,1732,200803,27,1734,14442,88561,OKLAHOMA,40,2008,March,Tornado,C,91,MCINTOSH,TSA,27-MAR-08 17:32:00,CST-6,27-MAR-08 17:34:00,0,0,0,0,5.00K,0.00K,NWS Storm Survey,,,,,EF0,0.9,100.0,,,,,5.0,NNE,RICHARDSVILLE,5.0,NNE,RICHARDSVILLE,35.5519,-95.6484,35.546,-95.6341,Severe thunderstorms occurred across a large part of Eastern Oklahoma on the evening of March 27th.,The tornado that began in Council Hill in extreme southern Muskogee County moved southeast over open country of McIntosh County and dissipated about a mile southeast of town.  Minor roof damage to a home as well as some tree damage was found in McIntosh County from this tornado.,CSV
200803,31,1831,200803,31,1841,15021,85472,OKLAHOMA,40,2008,March,Tornado,C,89,MCCURTAIN,SHV,31-MAR-08 18:31:00,CST-6,31-MAR-08 18:41:00,0,0,0,0,10.00K,0.00K,NWS Storm Survey,,,,,EF1,4.92,450.0,,,,,6.0,NNE,SLIM,7.0,SSE,ALIKCHI,34.1561,-95.047,34.1806,-94.9661,"Severe thunderstorms developed along and ahead of an approaching cold front across the middle Red River valley of northeast Texas, southeast Oklahoma as well as southwest Arkansas during the afternoon and evening hours of March 31st. These storms developed in an very unstable atmosphere and produced large hail...damaging wind gusts.  Isolated tornadoes were reported across McCurtain County, Oklahoma late in the evening.  The hail was large enough to break out automobile and home windows across the city of Texarkana, Texas close to midnight.","An EF1 tornado with winds of 100-110 mph snapped and uprooted numerous trees 19 miles northwest of Broken Bow, Oklahoma on Hwy. 3.  Two homes along Hwy. 3 also sustained minor damage as the tornado crossed Hwy. 3.  The tornado trekked mainly through forest land in a wildlife refuge area and snapped or uprooted many pines and hardwoods.",CSV
200801,7,2008,200801,7,2008,12306,78584,OKLAHOMA,40,2008,January,Tornado,C,1,ADAIR,TSA,07-JAN-08 20:08:00,CST-6,07-JAN-08 20:08:00,0,0,0,0,0.00K,0.00K,NWS Storm Survey,,,,,EF0,0.1,50.0,,,,,4.0,SW,WATTS,4.0,SW,WATTS,36.0791,-94.6207,36.0791,-94.6207,"Very moist and unstable air spread into eastern Oklahoma ahead of a strong upper level storm system and associated cold front. This moist and unstable air combined with strong wind shear that was present in the atmosphere resulted in long-lived and organized thunderstorm structures, including supercell thunderstorms. These thunderstorms developed and tracked east-northeast through the afternoon and evening hours, generally moving across the same areas over a period of several hours. These storms produced widespread severe weather, including four tornadoes in eastern Oklahoma. A line of storms then developed along the cold front and moved across eastern Oklahoma in the early morning hours of the 8th.",Multiple spotters reported a brief tornado touchdown over open country. An NWS survey team found no damage associated with the tornado.,CSV
200801,7,2338,200801,7,2338,12306,78587,OKLAHOMA,40,2008,January,Tornado,C,145,WAGONER,TSA,07-JAN-08 23:38:00,CST-6,07-JAN-08 23:38:00,0,0,0,0,0.00K,0.00K,NWS Storm Survey,,,,,EF0,0.5,75.0,,,,,2.0,NE,PORTER,2.0,NE,PORTER,35.8905,-95.4947,35.8905,-95.4947,"Very moist and unstable air spread into eastern Oklahoma ahead of a strong upper level storm system and associated cold front. This moist and unstable air combined with strong wind shear that was present in the atmosphere resulted in long-lived and organized thunderstorm structures, including supercell thunderstorms. These thunderstorms developed and tracked east-northeast through the afternoon and evening hours, generally moving across the same areas over a period of several hours. These storms produced widespread severe weather, including four tornadoes in eastern Oklahoma. A line of storms then developed along the cold front and moved across eastern Oklahoma in the early morning hours of the 8th.",An NWS survey team determined that a tornado caused extensive tree damage.,CSV
200801,7,2354,200801,7,2358,12306,78588,OKLAHOMA,40,2008,January,Tornado,C,145,WAGONER,TSA,07-JAN-08 23:54:00,CST-6,07-JAN-08 23:58:00,0,0,0,0,0.00K,0.00K,NWS Storm Survey,,,,,EF0,2.7,100.0,,,,,6.0,NE,WAGONER,8.0,NE,WAGONER,35.9063,-95.3105,35.9339,-95.2764,"Very moist and unstable air spread into eastern Oklahoma ahead of a strong upper level storm system and associated cold front. This moist and unstable air combined with strong wind shear that was present in the atmosphere resulted in long-lived and organized thunderstorm structures, including supercell thunderstorms. These thunderstorms developed and tracked east-northeast through the afternoon and evening hours, generally moving across the same areas over a period of several hours. These storms produced widespread severe weather, including four tornadoes in eastern Oklahoma. A line of storms then developed along the cold front and moved across eastern Oklahoma in the early morning hours of the 8th.",An NWS survey team determined that a tornado caused extensive tree damage.,CSV
200804,9,1810,200804,9,1810,15996,95912,OKLAHOMA,40,2008,April,Tornado,C,23,CHOCTAW,TSA,09-APR-08 18:10:00,CST-6,09-APR-08 18:10:00,0,0,0,0,0.00K,0.00K,Storm Chaser,,,,,EF0,0.1,75.0,,,,,1.0,N,SOPER,1.0,N,SOPER,34.0445,-95.7,34.0445,-95.7,Severe thunderstorms occurred across eastern Oklahoma from the evening of the 9th into the morning of the 10th.,A brief tornado touchdown in open country was reported by a KOTV storm chaser.,CSV
200804,9,2003,200804,9,2003,15996,95914,OKLAHOMA,40,2008,April,Tornado,C,61,HASKELL,TSA,09-APR-08 20:03:00,CST-6,09-APR-08 20:03:00,0,0,0,0,1.00K,0.00K,Storm Chaser,,,,,EF0,0.1,75.0,,,,,1.0,SW,MC CURTAIN,1.0,SW,MC CURTAIN,35.1398,-94.9825,35.1398,-94.9825,Severe thunderstorms occurred across eastern Oklahoma from the evening of the 9th into the morning of the 10th.,A brief tornado touchdown was reported by a KTUL storm chaser.  Power lines were blown down by the tornado.,CSV
200804,9,2107,200804,9,2107,15996,95915,OKLAHOMA,40,2008,April,Tornado,C,79,LE FLORE,TSA,09-APR-08 21:07:00,CST-6,09-APR-08 21:07:00,0,0,0,0,0.00K,0.00K,Storm Chaser,,,,,EF0,0.1,75.0,,,,,1.0,E,BRADEN,1.0,E,BRADEN,35.28,-94.4823,35.28,-94.4823,Severe thunderstorms occurred across eastern Oklahoma from the evening of the 9th into the morning of the 10th.,Storm chasers photographed a brief tornado touchdown over open country.,CSV
200804,10,415,200804,10,417,15996,95917,OKLAHOMA,40,2008,April,Tornado,C,1,ADAIR,TSA,10-APR-08 04:15:00,CST-6,10-APR-08 04:17:00,0,0,0,0,100.00K,0.00K,NWS Storm Survey,,,,,EF2,2.75,300.0,,,,,6.0,NNW,BUNCH,7.0,N,BUNCH,35.7535,-94.8075,35.7813,-94.77,Severe thunderstorms occurred across eastern Oklahoma from the evening of the 9th into the morning of the 10th.,"An NWS storm survey determined that a strong tornado destroyed several mobile homes, caused extensive tree damage, destroyed barns and other outbuildings, and snapped power poles.",CSV
200804,10,426,200804,10,428,15996,95918,OKLAHOMA,40,2008,April,Tornado,C,1,ADAIR,TSA,10-APR-08 04:26:00,CST-6,10-APR-08 04:28:00,0,0,0,0,50.00K,0.00K,NWS Storm Survey,,,,,EF2,3.5,400.0,TSA,AR,143.0,WASHINGTON,6.0,ESE,STILWELL,6.0,E,STILLWELL ARPT,35.7895,-94.5393,35.8287,-94.5049,Severe thunderstorms occurred across eastern Oklahoma from the evening of the 9th into the morning of the 10th.,"An NWS storm survey determined that a strong tornado destroyed a mobile home, caused extensive tree damage, and snapped power poles.  This tornado continued into Washington County Arkansas, lifting about 4 miles southwest of Lincoln.",CSV
200804,9,1926,200804,9,1929,16288,93982,OKLAHOMA,40,2008,April,Tornado,C,89,MCCURTAIN,SHV,09-APR-08 19:26:00,CST-6,09-APR-08 19:29:00,0,0,0,0,0.00K,0.00K,NWS Storm Survey,,,,,EF0,1.01,100.0,,,,,1.0,SSW,PICKENS,1.0,SSE,PICKENS,34.3817,-95.0368,34.3851,-95.0196,"Severe thunderstorms that developed during the evening hours of April 8th, continued during the overnight hours and into the morning hours of April 9th.  These thunderstorms continued to produce large hail along with damaging thunderstorm wind gusts.  Just before sunrise and a few hours after sunrise...the thunderstorms took on the configuration of bow echoes which downed several trees and power lines across northeast Texas and southwest Arkansas.  While instability waned during the morning hours...the storms prevailed in a strongly sheared environment.","An NWS survey and eyewitness reports confirmed that an EF0 rope tornado briefly touched down south of Pickens, Oklahoma.  Only a few trees were damaged in an uninhabited area south of Pickens.",CSV
200804,9,1942,200804,9,1944,16288,93985,OKLAHOMA,40,2008,April,Tornado,C,89,MCCURTAIN,SHV,09-APR-08 19:42:00,CST-6,09-APR-08 19:44:00,0,0,0,0,0.00K,0.00K,NWS Storm Survey,,,,,EF0,0.96,150.0,,,,,7.0,S,MT HERMAN,7.0,S,MT HERMAN,34.2127,-94.813,34.2197,-94.7984,"Severe thunderstorms that developed during the evening hours of April 8th, continued during the overnight hours and into the morning hours of April 9th.  These thunderstorms continued to produce large hail along with damaging thunderstorm wind gusts.  Just before sunrise and a few hours after sunrise...the thunderstorms took on the configuration of bow echoes which downed several trees and power lines across northeast Texas and southwest Arkansas.  While instability waned during the morning hours...the storms prevailed in a strongly sheared environment.",An NWS Survey and eyewitness accounts confirmed that an EF0 tornado touched down west of Hochatown in an uninhabited area along Cedar Creek Trail.  A few trees were snapped off and uprooted.,CSV
200806,5,2235,200806,5,2241,19169,113117,OKLAHOMA,40,2008,June,Tornado,C,111,OKMULGEE,TSA,05-JUN-08 22:35:00,CST-6,05-JUN-08 22:41:00,0,0,0,0,15.00K,0.00K,NWS Storm Survey,,,,,EF0,4.4,100.0,,,,,6.0,NW,BEGGS,6.0,NNW,BEGGS,35.7889,-96.1425,35.8129,-96.1123,"An upper level storm system developed into the southern Rockies causing low pressure to deepen over the Southern High Plains. A dry line extending from this low, which was centered over western Kansas much of the day, translated into western Oklahoma during the afternoon. Thunderstorms developed on the dry line and progressed east into eastern Oklahoma during the evening hours with widespread severe weather resulting from these storms.","A tornado damaged a barn, blew down power poles and power lines, and blew down a number of trees.",CSV
200806,6,1447,200806,6,1447,19171,113125,OKLAHOMA,40,2008,June,Tornado,C,21,CHEROKEE,TSA,06-JUN-08 14:47:00,CST-6,06-JUN-08 14:47:00,0,0,0,0,0.00K,0.00K,Storm Chaser,,,,,EF0,0.1,75.0,,,,,4.0,S,HULBERT,4.0,S,HULBERT,35.8721,-95.15,35.8721,-95.15,An apparent landspout tornado developed under a rapidly growing cumulus cloud.,A storm chaser for KOTV observed an apparent landspout tornado in an open field. The tornado caused no damage.,CSV
200811,5,2012,200811,5,2012,24180,143061,OKLAHOMA,40,2008,November,Tornado,C,113,OSAGE,TSA,05-NOV-08 20:12:00,CST-6,05-NOV-08 20:12:00,2,0,0,0,50.00K,0.00K,NWS Storm Survey,,,,,EF0,0.5,75.0,,,,,3.0,SE,OSAGE,3.0,SE,OSAGE,36.2744,-96.3883,36.2744,-96.3883,Severe thunderstorms with large hail and damaging winds affected northeast Oklahoma from the late afternoon hours of the 5th to the early morning hours of the 6th.,"A tornado destroyed a mobile home, damaged another mobile home, damaged the roof of a house, blew the roof off of a storage building, and damaged a number of trees.  Maximum estimated wind based on the damage observed during a storm survey was between 75 and 85 mph.  Two people in the mobile home that was destroyed were injured.",CSV
200805,10,1805,200805,10,1806,16593,95763,OKLAHOMA,40,2008,May,Tornado,C,89,MCCURTAIN,SHV,10-MAY-08 18:05:00,CST-6,10-MAY-08 18:06:00,0,0,0,0,0.00K,0.00K,NWS Storm Survey,,,,,EF0,0.37,50.0,,,,,5.0,WSW,SMITHVILLE,5.0,WSW,SMITHVILLE,34.443,-94.707,34.441,-94.701,"A very unstable and moist airmass was in place across southeast Oklahoma, southwest Arkansas, northeast Texas and northern Louisiana the afternoon of May 10th.  A strong upper level trough was present across the central plains and the southern extent of this trough was located across southern Oklahoma and southern Arkansas. A dry line moved eastward across north central Texas and southern Oklahoma during the afternoon but stalled just east of the interstate 35 corridor|of central and north Texas.  A strong cold front eventually caught up with the dry line from the northwest and severe thunderstorms erupted at the dry line, cold front merger across southeastern Oklahoma.  Storms migrated eastward through the night of the 10th with large hail...damaging wind gusts and isolated tornadoes noted across portions of the region.","An EF0 tornado with winds of 70 to 80 mph occurred in the uninhabited area west of Smithville, Oklahoma.  The tornado clipped several trees on a ridge top 3.5 miles southwest of Smithville, Oklahoma.  Several small trees were also snapped.",CSV
200806,15,1737,200806,15,1758,18739,110070,OKLAHOMA,40,2008,June,Tornado,C,7,BEAVER,AMA,15-JUN-08 17:37:00,CST-6,15-JUN-08 17:58:00,0,0,0,0,0.00K,0.00K,Trained Spotter,,,,,EF0,3.2,50.0,,,,,1.0,E,BALKO,3.0,S,BALKO,36.63,-100.66,36.5866,-100.68,Severe thunderstorms moved across the eastern Oklahoma Panhandle during the early evening hours producing high winds and a tornado. Although no injuries were reported...damage did occur from the high winds.,There were multiple brief touchdowns of circulation reported. The tornado remained over open country. The tornado path length and path width were estimated. No damage or injuries were reported.,CSV
200805,31,1807,200805,31,1807,18182,109017,OKLAHOMA,40,2008,May,Tornado,C,113,OSAGE,TSA,31-MAY-08 18:07:00,CST-6,31-MAY-08 18:07:00,0,0,0,0,0.00K,0.00K,Law Enforcement,,,,,EF0,0.1,50.0,,,,,1.0,N,PAWHUSKA,1.0,N,PAWHUSKA,36.6845,-96.33,36.6845,-96.33,Severe thunderstorms occurred primarily over northeast Oklahoma during the morning of the 31st.,A brief tornado developed over open country just north of town. This tornado was witnessed by several sources including a deputy with the Osage County Sheriff's Office.,CSV
200805,7,1828,200805,7,1829,17662,107749,OKLAHOMA,40,2008,May,Tornado,C,143,TULSA,TSA,07-MAY-08 18:28:00,CST-6,07-MAY-08 18:29:00,0,0,0,0,75.00K,0.00K,NWS Storm Survey,,,,,EF0,0.3,50.0,,,,,2.0,WNW,BROKEN ARROW,2.0,WNW,BROKEN ARROW,36.0592,-95.8125,36.0619,-95.8097,Severe thunderstorms occurred primarily during the afternoon and evening hours of the 7th.,"A tornado destroyed a storage building on the west side of Rhema Bible College, damaged the roofs of a business and several homes, and blew down trees and power lines.",CSV
200805,24,1445,200805,24,1448,18348,107955,OKLAHOMA,40,2008,May,Tornado,C,47,GARFIELD,OUN,24-MAY-08 14:45:00,CST-6,24-MAY-08 14:48:00,0,0,0,0,10.00K,0.00K,NWS Storm Survey,,,,,EF0,0.1,20.0,,,,,6.0,ESE,BISON,6.0,ESE,BISON,36.1734,-97.7825,36.1734,-97.7825,"An outflow boundary from overnight thunderstorms was located over parts of northern Oklahoma, roughly from southern Alfalfa county to northern Lincoln county. Convergence along this boundary and afternoon heating allowed thunderstorms to develop during the mid afternoon near and north of the outflow boundary. The most intense thunderstorms developed along the boundary, with less intense thunderstorms just to the north. The supercell thunderstorms that developed along the boundary moved very slowly east. Numerous tornadoes, at least eight in all, were reported with the thunderstorms. Some damage was reported with the tornadoes, although most remained unpopulated areas. The supercells moved east, with other thunderstorms back-building to the west. Large hail eventually became the main threat through the evening hours. Monetary damages were estimated.","This short lived tornado damaged a stone barn with a sheet metal roof. Some tree damage occurred, but the damage was minimal. Monetary damages were estimated.",CSV
200805,24,1510,200805,24,1515,18348,107957,OKLAHOMA,40,2008,May,Tornado,C,47,GARFIELD,OUN,24-MAY-08 15:10:00,CST-6,24-MAY-08 15:15:00,0,0,0,0,20.00K,0.00K,NWS Storm Survey,,,,,EF0,1.0,100.0,,,,,7.0,SSW,DOUGLAS,6.0,SSW,DOUGLAS,36.176,-97.7363,36.1776,-97.718,"An outflow boundary from overnight thunderstorms was located over parts of northern Oklahoma, roughly from southern Alfalfa county to northern Lincoln county. Convergence along this boundary and afternoon heating allowed thunderstorms to develop during the mid afternoon near and north of the outflow boundary. The most intense thunderstorms developed along the boundary, with less intense thunderstorms just to the north. The supercell thunderstorms that developed along the boundary moved very slowly east. Numerous tornadoes, at least eight in all, were reported with the thunderstorms. Some damage was reported with the tornadoes, although most remained unpopulated areas. The supercells moved east, with other thunderstorms back-building to the west. Large hail eventually became the main threat through the evening hours. Monetary damages were estimated.","Damage to a couple of large, metal transmission towers was the only known damage with this tornado. Monetary damages were estimated.",CSV
200805,24,1706,200805,24,1709,18348,108989,OKLAHOMA,40,2008,May,Tornado,C,103,NOBLE,OUN,24-MAY-08 17:06:00,CST-6,24-MAY-08 17:09:00,0,0,0,0,0.00K,0.00K,Trained Spotter,,,,,EF0,0.5,50.0,,,,,8.0,SSE,LUCIEN,8.0,SSE,LUCIEN,36.165,-97.4,36.173,-97.395,"An outflow boundary from overnight thunderstorms was located over parts of northern Oklahoma, roughly from southern Alfalfa county to northern Lincoln county. Convergence along this boundary and afternoon heating allowed thunderstorms to develop during the mid afternoon near and north of the outflow boundary. The most intense thunderstorms developed along the boundary, with less intense thunderstorms just to the north. The supercell thunderstorms that developed along the boundary moved very slowly east. Numerous tornadoes, at least eight in all, were reported with the thunderstorms. Some damage was reported with the tornadoes, although most remained unpopulated areas. The supercells moved east, with other thunderstorms back-building to the west. Large hail eventually became the main threat through the evening hours. Monetary damages were estimated.",This is a continuation of the tornado in Logan county. Spotters and chasers reported this tornado which occurred simultaneously with another tornado located to the south. No known damage was reported and the location was estimated.,CSV
200805,24,1521,200805,24,1618,18348,107452,OKLAHOMA,40,2008,May,Tornado,C,47,GARFIELD,OUN,24-MAY-08 15:21:00,CST-6,24-MAY-08 16:18:00,0,0,0,0,,0.00K,NWS Storm Survey,,,,,EF2,10.0,1600.0,,,,,3.0,S,DOUGLAS,7.0,S,HAYWARD,36.219,-97.667,36.178,-97.497,"An outflow boundary from overnight thunderstorms was located over parts of northern Oklahoma, roughly from southern Alfalfa county to northern Lincoln county. Convergence along this boundary and afternoon heating allowed thunderstorms to develop during the mid afternoon near and north of the outflow boundary. The most intense thunderstorms developed along the boundary, with less intense thunderstorms just to the north. The supercell thunderstorms that developed along the boundary moved very slowly east. Numerous tornadoes, at least eight in all, were reported with the thunderstorms. Some damage was reported with the tornadoes, although most remained unpopulated areas. The supercells moved east, with other thunderstorms back-building to the west. Large hail eventually became the main threat through the evening hours. Monetary damages were estimated.","Per spotter reports and damage survey, this tornado was a large multi-vortex tornado initially moving southeast, doing damage at inconsistent points along the entire width. However, the tornado did at times form a very wide single vortex which did consistent damage across the entire width. At two points in the path, there were several snapped/downed power poles with a width of 0.5-0.6 miles. However, at one of those points two outbuildings were destroyed and significant tree damage occurred, yet the house on the property sustained no visible damage. Significant damage occurred across the entire width starting at Highway 74 going east possibly signaling a change from multiple vorticies to a single vortex. At Highway 74 and Bison Rd., a single wide mobile home that was anchored down was thrown onto Highway 74. The tornado tracked east along Bison Rd, destroying outbuildings and a false roof at one property. A horse trailer at the property was thrown about 300 yards. Significant tree damage and snapped power poles occurred along Bison Rd. Monetary damages were not available.",CSV
200805,24,1617,200805,24,1622,18348,107958,OKLAHOMA,40,2008,May,Tornado,C,47,GARFIELD,OUN,24-MAY-08 16:17:00,CST-6,24-MAY-08 16:22:00,0,0,0,0,,0.00K,NWS Storm Survey,,,,,EF1,1.0,80.0,,,,,6.0,S,HAYWARD,7.0,S,HAYWARD,36.188,-97.494,36.174,-97.494,"An outflow boundary from overnight thunderstorms was located over parts of northern Oklahoma, roughly from southern Alfalfa county to northern Lincoln county. Convergence along this boundary and afternoon heating allowed thunderstorms to develop during the mid afternoon near and north of the outflow boundary. The most intense thunderstorms developed along the boundary, with less intense thunderstorms just to the north. The supercell thunderstorms that developed along the boundary moved very slowly east. Numerous tornadoes, at least eight in all, were reported with the thunderstorms. Some damage was reported with the tornadoes, although most remained unpopulated areas. The supercells moved east, with other thunderstorms back-building to the west. Large hail eventually became the main threat through the evening hours. Monetary damages were estimated.","This tornado destroyed a 100-year old church, damaged a homes roof, and ripped apart many trees along its path. It also knocked over oil storage equipment. Monetary damages were not available.",CSV
200805,24,1345,200805,24,1356,18348,107269,OKLAHOMA,40,2008,May,Tornado,C,73,KINGFISHER,OUN,24-MAY-08 13:45:00,CST-6,24-MAY-08 13:56:00,0,0,0,0,,0.00K,NWS Storm Survey,,,,,EF2,3.0,220.0,,,,,3.0,ENE,LACEY,5.0,WNW,HENNESSEY,36.137,-98.037,36.152,-97.982,"An outflow boundary from overnight thunderstorms was located over parts of northern Oklahoma, roughly from southern Alfalfa county to northern Lincoln county. Convergence along this boundary and afternoon heating allowed thunderstorms to develop during the mid afternoon near and north of the outflow boundary. The most intense thunderstorms developed along the boundary, with less intense thunderstorms just to the north. The supercell thunderstorms that developed along the boundary moved very slowly east. Numerous tornadoes, at least eight in all, were reported with the thunderstorms. Some damage was reported with the tornadoes, although most remained unpopulated areas. The supercells moved east, with other thunderstorms back-building to the west. Large hail eventually became the main threat through the evening hours. Monetary damages were estimated.","The tornado developed and crossed Highway 132, doing minor damage to grain silos. The tornado continue NE towards an abandoned farm. The roof of the house was removed and windows were broken. A large tree was uprooted at the farm and most of the trees had snapped trunks. After hitting the farm, the tornado crossed county road EW060 and snapped power poles. The tornado continued northeast, doing damage to tree limbs and flattening wheat near county road NS281. Monetary damages were not available.",CSV
200805,24,1703,200805,24,1706,18348,108988,OKLAHOMA,40,2008,May,Tornado,C,83,LOGAN,OUN,24-MAY-08 17:03:00,CST-6,24-MAY-08 17:06:00,0,0,0,0,0.00K,0.00K,Trained Spotter,,,,,EF0,0.5,50.0,OUN,OK,103.0,NOBLE,2.0,WNW,ORLANDO,2.0,NW,ORLANDO,36.158,-97.405,36.165,-97.4,"An outflow boundary from overnight thunderstorms was located over parts of northern Oklahoma, roughly from southern Alfalfa county to northern Lincoln county. Convergence along this boundary and afternoon heating allowed thunderstorms to develop during the mid afternoon near and north of the outflow boundary. The most intense thunderstorms developed along the boundary, with less intense thunderstorms just to the north. The supercell thunderstorms that developed along the boundary moved very slowly east. Numerous tornadoes, at least eight in all, were reported with the thunderstorms. Some damage was reported with the tornadoes, although most remained unpopulated areas. The supercells moved east, with other thunderstorms back-building to the west. Large hail eventually became the main threat through the evening hours. Monetary damages were estimated.",Spotters and chasers reported this tornado which occurred simultaneously with another tornado located to the south. This tornado continued into Noble county. No known damage was reported and the location was estimated.,CSV
200805,24,1407,200805,24,1416,18348,107271,OKLAHOMA,40,2008,May,Tornado,C,47,GARFIELD,OUN,24-MAY-08 14:07:00,CST-6,24-MAY-08 14:16:00,0,0,0,0,5.00K,0.00K,NWS Storm Survey,,,,,EF0,2.0,15.0,,,,,4.0,WSW,BISON,3.0,WSW,BISON,36.174,-97.961,36.188,-97.933,"An outflow boundary from overnight thunderstorms was located over parts of northern Oklahoma, roughly from southern Alfalfa county to northern Lincoln county. Convergence along this boundary and afternoon heating allowed thunderstorms to develop during the mid afternoon near and north of the outflow boundary. The most intense thunderstorms developed along the boundary, with less intense thunderstorms just to the north. The supercell thunderstorms that developed along the boundary moved very slowly east. Numerous tornadoes, at least eight in all, were reported with the thunderstorms. Some damage was reported with the tornadoes, although most remained unpopulated areas. The supercells moved east, with other thunderstorms back-building to the west. Large hail eventually became the main threat through the evening hours. Monetary damages were estimated.",Minor tree damage was the only known damage with this tornado. Monetary damages were estimated.,CSV
200805,24,1653,200805,24,1658,18348,107959,OKLAHOMA,40,2008,May,Tornado,C,47,GARFIELD,OUN,24-MAY-08 16:53:00,CST-6,24-MAY-08 16:58:00,0,0,0,0,,0.00K,NWS Storm Survey,,,,,EF0,1.3,1100.0,,,,,7.0,SSE,HAYWARD,8.0,SSE,HAYWARD,36.19,-97.4667,36.1729,-97.4774,"An outflow boundary from overnight thunderstorms was located over parts of northern Oklahoma, roughly from southern Alfalfa county to northern Lincoln county. Convergence along this boundary and afternoon heating allowed thunderstorms to develop during the mid afternoon near and north of the outflow boundary. The most intense thunderstorms developed along the boundary, with less intense thunderstorms just to the north. The supercell thunderstorms that developed along the boundary moved very slowly east. Numerous tornadoes, at least eight in all, were reported with the thunderstorms. Some damage was reported with the tornadoes, although most remained unpopulated areas. The supercells moved east, with other thunderstorms back-building to the west. Large hail eventually became the main threat through the evening hours. Monetary damages were estimated.","A large, southward moving tornado occurred along this path. A wide area of trees were severely damaged and oil storage tanks were damaged towards the beginning of the path. The very large tornado moved over open terrain before dissipating. Monetary damages were not available.",CSV
200805,24,1327,200805,24,1339,18348,107267,OKLAHOMA,40,2008,May,Tornado,C,73,KINGFISHER,OUN,24-MAY-08 13:27:00,CST-6,24-MAY-08 13:39:00,0,0,0,0,,0.00K,NWS Storm Survey,,,,,EF1,2.0,150.0,,,,,1.0,WNW,LACEY,1.0,ENE,LACEY,36.123,-98.103,36.124,-98.067,"An outflow boundary from overnight thunderstorms was located over parts of northern Oklahoma, roughly from southern Alfalfa county to northern Lincoln county. Convergence along this boundary and afternoon heating allowed thunderstorms to develop during the mid afternoon near and north of the outflow boundary. The most intense thunderstorms developed along the boundary, with less intense thunderstorms just to the north. The supercell thunderstorms that developed along the boundary moved very slowly east. Numerous tornadoes, at least eight in all, were reported with the thunderstorms. Some damage was reported with the tornadoes, although most remained unpopulated areas. The supercells moved east, with other thunderstorms back-building to the west. Large hail eventually became the main threat through the evening hours. Monetary damages were estimated.","The tornado touched down in an open field before damaging farm buildings at the Seaboard Foods Pig Farm. The tornado continued east-southeast, damaging some trees and a trailer before lifting. Monetary damages were not available.",CSV
200812,8,2336,200812,8,2337,25209,148536,OKLAHOMA,40,2008,December,Tornado,C,145,WAGONER,TSA,08-DEC-08 23:36:00,CST-6,08-DEC-08 23:37:00,0,0,0,0,45.00K,0.00K,NWS Storm Survey,,,,,EF1,0.6,50.0,,,,,4.0,NNE,BROKEN ARROW,4.0,NNE,BROKEN ARROW,36.0968,-95.745,36.1044,-95.7397,Severe thunderstorms occurred across northeast Oklahoma during the late evening hours of the 8th and early morning hours of the 9th.,A tornado severely damaged a mobile home and destroyed a shed.,CSV
200804,23,1625,200804,23,1626,16018,95928,OKLAHOMA,40,2008,April,Tornado,C,113,OSAGE,TSA,23-APR-08 16:25:00,CST-6,23-APR-08 16:26:00,0,0,0,0,0.00K,0.00K,Emergency Manager,,,,,EF0,0.1,50.0,,,,,8.0,NE,BARNSDALL,8.0,NE,BARNSDALL,36.6519,-96.068,36.6519,-96.068,Severe thunderstorms occurred across eastern Oklahoma during the afternoon and evening hours on the 23rd.,Multiple storm spotters reported a tornado over open country.,CSV
200804,10,356,200804,10,357,15996,95916,OKLAHOMA,40,2008,April,Tornado,C,135,SEQUOYAH,TSA,10-APR-08 03:56:00,CST-6,10-APR-08 03:57:00,0,0,0,0,0.00K,0.00K,NWS Storm Survey,,,,,EF0,2.0,150.0,,,,,6.0,NNE,VIAN,7.0,NNE,VIAN,35.5802,-94.9292,35.5936,-94.9224,Severe thunderstorms occurred across eastern Oklahoma from the evening of the 9th into the morning of the 10th.,An NWS storm survey found that numerous trees were damaged by this tornado.,CSV
200803,31,446,200803,31,454,14873,88566,OKLAHOMA,40,2008,March,Tornado,C,113,OSAGE,TSA,31-MAR-08 04:46:00,CST-6,31-MAR-08 04:54:00,0,0,0,0,50.00K,0.00K,NWS Storm Survey,,,,,EF1,5.5,250.0,,,,,2.0,NNW,HOMINY,6.0,ENE,HOMINY,36.4467,-96.4138,36.4532,-96.3003,Severe thunderstorms occurred across eastern Oklahoma on the 31st.,A tornado severely damaged the roof of a home west of the Hominy Airport and produced minor damage to the roofs of several other homes. Trees were snapped and barns were damaged or destroyed in the path of the tornado.,CSV
200803,31,625,200803,31,625,14873,88567,OKLAHOMA,40,2008,March,Tornado,C,147,WASHINGTON,TSA,31-MAR-08 06:25:00,CST-6,31-MAR-08 06:25:00,0,0,0,0,0.00K,0.00K,Storm Chaser,,,,,EF0,0.2,100.0,,,,,1.0,WSW,RAMONA,1.0,WSW,RAMONA,36.5245,-95.9366,36.5245,-95.9366,Severe thunderstorms occurred across eastern Oklahoma on the 31st.,A storm chaser for KOTV in Tulsa reported a tornado over open country.  An NWS storm survey found no damage from the tornado.,CSV
200803,31,1244,200803,31,1248,14873,88569,OKLAHOMA,40,2008,March,Tornado,C,115,OTTAWA,TSA,31-MAR-08 12:44:00,CST-6,31-MAR-08 12:48:00,0,0,0,0,75.00K,0.00K,NWS Storm Survey,,,,,EF1,3.0,200.0,SGF,MO,145.0,NEWTON,3.0,E,WYANDOTTE,6.0,ENE,WYANDOTTE,36.8,-94.6686,36.8183,-94.6184,Severe thunderstorms occurred across eastern Oklahoma on the 31st.,"A tornado severely damaged the roofs of several homes, broke glass windows out of several homes, damaged or destroyed several barns, snapped and uprooted a number of trees, and damaged power poles.  This tornado moved into Newton County, Missouri south of Seneca.",CSV
200803,31,1810,200803,31,1810,14873,88570,OKLAHOMA,40,2008,March,Tornado,C,23,CHOCTAW,TSA,31-MAR-08 18:10:00,CST-6,31-MAR-08 18:10:00,0,0,0,0,0.00K,0.00K,Public,,,,,EF0,0.1,75.0,,,,,7.0,NW,SAWYER,7.0,NW,SAWYER,34.0916,-95.4565,34.0916,-95.4565,Severe thunderstorms occurred across eastern Oklahoma on the 31st.,A tornado was photographed near Hugo Lake.  No damage is known to have occurred with this tornado.,CSV
200803,13,2136,200803,13,2136,14395,88555,OKLAHOMA,40,2008,March,Tornado,C,127,PUSHMATAHA,TSA,13-MAR-08 21:36:00,CST-6,13-MAR-08 21:36:00,0,0,0,0,0.00K,0.00K,Storm Chaser,,,,,EF0,0.1,50.0,,,,,6.0,NE,RATTAN,6.0,NE,RATTAN,34.2614,-95.3457,34.2614,-95.3457,Severe thunderstorms occurred during the evening hours across eastern Oklahoma.,Storm chasers for an Oklahoma City television station reported a brief tornado over open country.  No damage could be found from the tornado based on an NWS storm survey.,CSV
200803,31,23,200803,31,23,13992,90194,OKLAHOMA,40,2008,March,Tornado,C,109,OKLAHOMA,OUN,31-MAR-08 00:23:00,CST-6,31-MAR-08 00:23:00,0,0,0,0,0.00K,0.00K,Storm Chaser,,,,,EF0,0.2,20.0,,,,,9.0,W,EDMOND,9.0,W,EDMOND,35.65,-97.6403,35.65,-97.6403,"A powerful storm system moved toward the plains during the day on the 30th. A area of low pressure had developed over northwest Oklahoma. A dry line was located south of the low. Severe thunderstorms developed on the dry line in western Oklahoma by late afternoon. The supercell thunderstorms produced hail larger than baseballs in some areas, with thunderstorm wind gusts to 60 mph also reported. These thunderstorms bacame more intense as the moved northeast through the evening into central and northern Oklahoma. These thunderstorms produced very large hail, and eventually a few tornadoes. One brief tornado occurred near Albert, with other tornadoes affecting the northern parts of the Oklahoma metro area. One tornado in Oklahoma City produced fairly widespread damage, with several  homes sustaining moderate damage. Wind damage to trees, power lines, and some structures was also reported in parts of Logan county. Monetary damages were estimated.",The brief tornado was reported by a media storm chaser and estimated to be about one-quarter mile southwest of Edmond Road and Rockwell Avenue. The tornado produced no known damage.,CSV
200803,31,39,200803,31,45,13992,90197,OKLAHOMA,40,2008,March,Tornado,C,109,OKLAHOMA,OUN,31-MAR-08 00:39:00,CST-6,31-MAR-08 00:45:00,0,0,0,0,450.00K,0.00K,NWS Storm Survey,,,,,EF1,3.5,100.0,,,,,4.0,W,EDMOND,3.0,NNW,EDMOND,35.65,-97.5512,35.6834,-97.497,"A powerful storm system moved toward the plains during the day on the 30th. A area of low pressure had developed over northwest Oklahoma. A dry line was located south of the low. Severe thunderstorms developed on the dry line in western Oklahoma by late afternoon. The supercell thunderstorms produced hail larger than baseballs in some areas, with thunderstorm wind gusts to 60 mph also reported. These thunderstorms bacame more intense as the moved northeast through the evening into central and northern Oklahoma. These thunderstorms produced very large hail, and eventually a few tornadoes. One brief tornado occurred near Albert, with other tornadoes affecting the northern parts of the Oklahoma metro area. One tornado in Oklahoma City produced fairly widespread damage, with several  homes sustaining moderate damage. Wind damage to trees, power lines, and some structures was also reported in parts of Logan county. Monetary damages were estimated.","From the official National Weather Service damage survey, the tornado appeared to have developed near the intersection of NW 178th Street and Pennsylvania Avenue. The tornado caused most of its damage in the Valencia neighborhood. It was here that many homes sustained roof, window, garage door, and fence damage. One home sustained especially heavy damage, with a large portion of the roof being lost and extensive damage to the inside of the home. The tornado continued northeast and appeared to have dissipated just northeast of the subdivision, where some tree damage was noted. After a gap, additional damage was observed near the intersection of NW 192nd Street and Western Avenue, where several large power transmission poles were blown down, and some fence damage was also observed. While there was not a continuous damage path between the two damage sites, they do appear to be in line with the storm's path. A storm chaser also observed this tornado as far northeast as at least Covell Road between Santa Fe Avenue and Kelley Avenue where it is believed to have dissipated. Monetary damages were estimated.",CSV
200801,7,2228,200801,7,2230,12306,78586,OKLAHOMA,40,2008,January,Tornado,C,21,CHEROKEE,TSA,07-JAN-08 22:28:00,CST-6,07-JAN-08 22:30:00,0,0,0,0,25.00K,0.00K,NWS Storm Survey,,,,,EF0,1.8,500.0,,,,,2.0,NW,MOODYS,2.0,N,MOODYS,36.0505,-94.9753,36.0647,-94.95,"Very moist and unstable air spread into eastern Oklahoma ahead of a strong upper level storm system and associated cold front. This moist and unstable air combined with strong wind shear that was present in the atmosphere resulted in long-lived and organized thunderstorm structures, including supercell thunderstorms. These thunderstorms developed and tracked east-northeast through the afternoon and evening hours, generally moving across the same areas over a period of several hours. These storms produced widespread severe weather, including four tornadoes in eastern Oklahoma. A line of storms then developed along the cold front and moved across eastern Oklahoma in the early morning hours of the 8th.","An NWS survey team determined that a tornado damaged two barns, damaged the roofs of several houses, and uprooted a number of trees.",CSV
200803,30,2122,200803,30,2122,13992,90893,OKLAHOMA,40,2008,March,Tornado,C,15,CADDO,OUN,30-MAR-08 21:22:00,CST-6,30-MAR-08 21:22:00,0,0,0,0,0.00K,0.00K,Storm Chaser,,,,,EF0,0.1,20.0,,,,,4.0,W,COGAR,4.0,W,COGAR,35.33,-98.201,35.33,-98.201,"A powerful storm system moved toward the plains during the day on the 30th. A area of low pressure had developed over northwest Oklahoma. A dry line was located south of the low. Severe thunderstorms developed on the dry line in western Oklahoma by late afternoon. The supercell thunderstorms produced hail larger than baseballs in some areas, with thunderstorm wind gusts to 60 mph also reported. These thunderstorms bacame more intense as the moved northeast through the evening into central and northern Oklahoma. These thunderstorms produced very large hail, and eventually a few tornadoes. One brief tornado occurred near Albert, with other tornadoes affecting the northern parts of the Oklahoma metro area. One tornado in Oklahoma City produced fairly widespread damage, with several  homes sustaining moderate damage. Wind damage to trees, power lines, and some structures was also reported in parts of Logan county. Monetary damages were estimated.",A storm chaser submitted a photograph of a tornado near Cogar. No known damage occurred. The location and time are estimated.,CSV
200803,30,2044,200803,30,2046,13992,90189,OKLAHOMA,40,2008,March,Tornado,C,15,CADDO,OUN,30-MAR-08 20:44:00,CST-6,30-MAR-08 20:46:00,0,0,0,0,10.00K,0.00K,NWS Storm Survey,,,,,EF0,0.5,20.0,,,,,1.0,W,ALBERT,1.0,W,ALBERT,35.23,-98.4313,35.23,-98.4313,"A powerful storm system moved toward the plains during the day on the 30th. A area of low pressure had developed over northwest Oklahoma. A dry line was located south of the low. Severe thunderstorms developed on the dry line in western Oklahoma by late afternoon. The supercell thunderstorms produced hail larger than baseballs in some areas, with thunderstorm wind gusts to 60 mph also reported. These thunderstorms bacame more intense as the moved northeast through the evening into central and northern Oklahoma. These thunderstorms produced very large hail, and eventually a few tornadoes. One brief tornado occurred near Albert, with other tornadoes affecting the northern parts of the Oklahoma metro area. One tornado in Oklahoma City produced fairly widespread damage, with several  homes sustaining moderate damage. Wind damage to trees, power lines, and some structures was also reported in parts of Logan county. Monetary damages were estimated.","From the official National Weather Service Survey, the brief tornado did minor damage to a barn and to the roof of a residence. No other damage was reported with this tornado. Monetary damages were estimated.",CSV
200803,2,1646,200803,2,1649,13224,74012,OKLAHOMA,40,2008,March,Tornado,C,11,BLAINE,OUN,02-MAR-08 16:46:00,CST-6,02-MAR-08 16:49:00,0,0,0,0,0.00K,0.00K,Broadcast Media,,,,,EF0,1.0,50.0,,,,,4.0,N,EAGLE CITY,4.0,N,EAGLE CITY,35.9879,-98.59,35.9879,-98.59,"An upper level storm system moved from the northern and central Rocky mountains toward the southern plains early on the 2nd. Ahead of this system, a cold front moved toward northern Oklahoma. Moderate moisture increased across much of Oklahoma and temperatures were able to warm into the upper 60s and lower 70s. Several supercell thunderstorms developed along a dry line over western Oklahoma, with a line of thunderstorms also developing along the front. High winds, large hail, and very heavy rainfall accompanied the thunderstorms, with one tornado reported in Blaine county. The line of thunderstorms merged with the other thunderstorms and pushed into eastern and southern Oklahoma.  Monetary damages were estimated.",The tornado was reported by local media. No known damage was reported.,CSV
200803,31,820,200803,31,820,15754,90864,OKLAHOMA,40,2008,March,Tornado,C,103,NOBLE,OUN,31-MAR-08 08:20:00,CST-6,31-MAR-08 08:20:00,0,0,0,0,5.00K,0.00K,Emergency Manager,,,,,EF0,0.1,20.0,,,,,6.0,NNE,PERRY,6.0,NNE,PERRY,36.3702,-97.2488,36.3702,-97.2488,"Another active day for severe weather occurred during the afternoon and early evening hours over Oklahoma on the 31st. A cold front moved from northwest to southeast, entering northwest Oklahoma during the morning hours, and moving into southeast Oklahoma by early to mid evening. Ahead of the cold front, deep Gulf moisture was in place, with afternoon heating warming temperatures into the 70s. Thunderstorms developed along and ahead of the front, with the strongest storms occurring over southern and southeast Oklahoma. The thunderstorms occurred two waves, one occurred during the late morning early afternoon hours, with another wave occurring during the mid to late afternoon hours. The first wave of thunderstorms was mainly a large hail threat, although a brief tornado did occur in Noble county. Very large hail wast the main threat with the second threat, with strong winds and heavy rainfall another concern. The tornado in Noble county did some damage to a barn structure. The hail and strong winds also did some damage in the afternoon. Monetary damages estimated.",The brief tornado damaged a hay barn and shed 6 miles north and 1 mile east of Perry. No other damage was reported. Monetary damages were estimated.,CSV
200805,1,1937,200805,1,2012,16034,107738,OKLAHOMA,40,2008,May,Tornado,C,113,OSAGE,TSA,01-MAY-08 19:37:00,CST-6,01-MAY-08 20:12:00,0,0,0,0,75.00K,0.00K,NWS Storm Survey,,,,,EF1,17.0,450.0,,,,,9.0,SSE,FAIRFAX,8.0,WSW,PAWHUSKA,36.4497,-96.638,36.6257,-96.4633,A dry line over western Oklahoma shifted to central Oklahoma during the afternoon. Warm...moist...and very unstable air was in place over eastern Oklahoma ahead of the boundary. Thunderstorms formed on the dry line during the evening and moved northeast across northeastern Oklahoma. Favorable wind shear resulted in supercell thunderstorm development with several damaging tornadoes and large hail occurring over Pawnee and Osage Counties. A line of severe thunderstorms formed on a cold front approaching the area from the northwest and those storms moved through late in the evening and during the early morning hours. Several tornadoes and damaging wind occurred from those storms.,"A tornado damaged the roofs of two homes, caused extensive tree damage, and blew down several power poles. This tornado was observed by several storm chasers.",CSV
200805,1,2006,200805,1,2017,16034,107739,OKLAHOMA,40,2008,May,Tornado,C,113,OSAGE,TSA,01-MAY-08 20:06:00,CST-6,01-MAY-08 20:17:00,0,0,0,0,5.00K,0.00K,NWS Storm Survey,,,,,EF0,5.0,100.0,,,,,9.0,SW,PAWHUSKA,6.0,W,PAWHUSKA,36.5779,-96.4448,36.67,-96.4292,A dry line over western Oklahoma shifted to central Oklahoma during the afternoon. Warm...moist...and very unstable air was in place over eastern Oklahoma ahead of the boundary. Thunderstorms formed on the dry line during the evening and moved northeast across northeastern Oklahoma. Favorable wind shear resulted in supercell thunderstorm development with several damaging tornadoes and large hail occurring over Pawnee and Osage Counties. A line of severe thunderstorms formed on a cold front approaching the area from the northwest and those storms moved through late in the evening and during the early morning hours. Several tornadoes and damaging wind occurred from those storms.,A tornado damaged trees and blew down power lines. Several storm chasers observed this tornado.,CSV
200805,2,45,200805,2,51,16034,107740,OKLAHOMA,40,2008,May,Tornado,C,37,CREEK,TSA,02-MAY-08 00:45:00,CST-6,02-MAY-08 00:51:00,0,0,0,0,20.00K,0.00K,NWS Storm Survey,,,,,EF0,7.0,250.0,,,,,1.0,S,BRISTOW,7.0,ENE,BRISTOW,35.8155,-96.38,35.8674,-96.2687,A dry line over western Oklahoma shifted to central Oklahoma during the afternoon. Warm...moist...and very unstable air was in place over eastern Oklahoma ahead of the boundary. Thunderstorms formed on the dry line during the evening and moved northeast across northeastern Oklahoma. Favorable wind shear resulted in supercell thunderstorm development with several damaging tornadoes and large hail occurring over Pawnee and Osage Counties. A line of severe thunderstorms formed on a cold front approaching the area from the northwest and those storms moved through late in the evening and during the early morning hours. Several tornadoes and damaging wind occurred from those storms.,"A tornado destroyed a barn, damaged trees, and blew down power lines.",CSV
200805,2,203,200805,2,203,16034,107742,OKLAHOMA,40,2008,May,Tornado,C,97,MAYES,TSA,02-MAY-08 02:03:00,CST-6,02-MAY-08 02:03:00,0,0,0,0,20.00K,0.00K,NWS Storm Survey,,,,,EF1,0.5,100.0,,,,,5.0,W,PRYOR,5.0,W,PRYOR,36.3,-95.4098,36.3,-95.4098,A dry line over western Oklahoma shifted to central Oklahoma during the afternoon. Warm...moist...and very unstable air was in place over eastern Oklahoma ahead of the boundary. Thunderstorms formed on the dry line during the evening and moved northeast across northeastern Oklahoma. Favorable wind shear resulted in supercell thunderstorm development with several damaging tornadoes and large hail occurring over Pawnee and Osage Counties. A line of severe thunderstorms formed on a cold front approaching the area from the northwest and those storms moved through late in the evening and during the early morning hours. Several tornadoes and damaging wind occurred from those storms.,A tornado severely damaged the roof of a home and blew down trees and power lines.,CSV
200805,2,203,200805,2,204,16034,107745,OKLAHOMA,40,2008,May,Tornado,C,131,ROGERS,TSA,02-MAY-08 02:03:00,CST-6,02-MAY-08 02:04:00,0,0,0,0,5.00K,0.00K,NWS Storm Survey,,,,,EF1,0.5,100.0,TSA,OK,97.0,MAYES,8.0,ENE,TIAWAH,8.0,ENE,TIAWAH,36.3106,-95.4428,36.315,-95.4356,A dry line over western Oklahoma shifted to central Oklahoma during the afternoon. Warm...moist...and very unstable air was in place over eastern Oklahoma ahead of the boundary. Thunderstorms formed on the dry line during the evening and moved northeast across northeastern Oklahoma. Favorable wind shear resulted in supercell thunderstorm development with several damaging tornadoes and large hail occurring over Pawnee and Osage Counties. A line of severe thunderstorms formed on a cold front approaching the area from the northwest and those storms moved through late in the evening and during the early morning hours. Several tornadoes and damaging wind occurred from those storms.,A tornado damaged trees and blew down power poles. This tornado continued into Mayes County.,CSV
200805,1,1925,200805,1,1935,16034,107737,OKLAHOMA,40,2008,May,Tornado,C,117,PAWNEE,TSA,01-MAY-08 19:25:00,CST-6,01-MAY-08 19:35:00,0,0,0,0,20.00K,0.00K,NWS Storm Survey,,,,,EF1,3.0,300.0,,,,,2.0,NW,SKEDEE,4.0,N,SKEDEE,36.4012,-96.734,36.4395,-96.7139,A dry line over western Oklahoma shifted to central Oklahoma during the afternoon. Warm...moist...and very unstable air was in place over eastern Oklahoma ahead of the boundary. Thunderstorms formed on the dry line during the evening and moved northeast across northeastern Oklahoma. Favorable wind shear resulted in supercell thunderstorm development with several damaging tornadoes and large hail occurring over Pawnee and Osage Counties. A line of severe thunderstorms formed on a cold front approaching the area from the northwest and those storms moved through late in the evening and during the early morning hours. Several tornadoes and damaging wind occurred from those storms.,"A tornado caused structural damage to the roof of a home, resulted in extensive damage to trees, and blew down several power poles. This tornado was observed by several storm chasers.",CSV
200805,2,204,200805,2,215,16034,107747,OKLAHOMA,40,2008,May,Tornado,C,97,MAYES,TSA,02-MAY-08 02:04:00,CST-6,02-MAY-08 02:15:00,2,0,0,0,50.00K,0.00K,NWS Storm Survey,,,,,EF1,8.5,500.0,,,,,7.0,W,PRYOR,2.0,WNW,GREEN,36.315,-95.4356,36.3897,-95.3149,A dry line over western Oklahoma shifted to central Oklahoma during the afternoon. Warm...moist...and very unstable air was in place over eastern Oklahoma ahead of the boundary. Thunderstorms formed on the dry line during the evening and moved northeast across northeastern Oklahoma. Favorable wind shear resulted in supercell thunderstorm development with several damaging tornadoes and large hail occurring over Pawnee and Osage Counties. A line of severe thunderstorms formed on a cold front approaching the area from the northwest and those storms moved through late in the evening and during the early morning hours. Several tornadoes and damaging wind occurred from those storms.,"A tornado developed over extreme eastern Rogers County and moved into western Mayes County. The tornado severely damaged the roofs of several homes, downed numerous trees, blew down power poles, and injured two people in Mayes County.",CSV
200805,10,1642,200805,10,1655,17867,109035,OKLAHOMA,40,2008,May,Tornado,C,121,PITTSBURG,TSA,10-MAY-08 16:42:00,CST-6,10-MAY-08 16:55:00,0,0,0,0,200.00K,0.00K,NWS Storm Survey,,,,,EF2,8.0,400.0,TSA,OK,77.0,LATIMER,6.0,SW,HARTSHORNE,5.0,S,HARTSHORNE,34.7686,-95.6048,34.7591,-95.5143,"Elevated severe thunderstorms containing large hail developed north of a warm front that was moving slowly northward across eastern Oklahoma and west central Arkansas during the morning and early afternoon of the 10th. ||Another round of severe thunderstorms developed late in the afternoon as a dry line approached the area from the west. Extreme instability and strong vertical wind shear resulted in the development of long-lived supercell thunderstorms that moved across eastern Oklahoma and northwestern Arkansas during the late afternoon and evening. Several of these supercells became tornadic and a few produced long-lived damaging tornadoes. ||One such supercell developed and moved along the Oklahoma-Kansas border and then into southwestern Missouri. This storm produced a tornado in northeastern Craig County OK that remained on the ground for 29 miles in Oklahoma, continued for about 31 miles in Newton County MO, and finally dissipated about 15 miles into Barry County MO. It produced EF-4 damage in several locations, including Picher, a small town in north-central Ottawa County OK. Twenty-one fatalities, over 350 injuries, and an estimated $60 million in property damage resulted from this tornado in Oklahoma and Missouri. Six of the fatalities and about 150 injuries occurred in Picher OK.||Other strong tornadoes developed and moved across portions of Pittsburg and Latimer Counties. A EF-2 tornado was on the ground for about eight miles west of McAlester, damaging numerous homes in its path. Another EF-2 tornado developed southwest of Hartshorne in Pittsburg County and moved 19 miles before dissipating just east of Yanush in Latimer County. Four injuries resulted from that tornado and numerous homes were severely damaged or destroyed.","A tornado destroyed mobile homes, severely damaged permanent homes, snapped or uprooted numerous trees, destroyed barns and outbuildings, and blew down power poles and power lines. This tornado continued into Latimer County.",CSV
200805,7,1622,200805,7,1626,18161,106276,OKLAHOMA,40,2008,May,Tornado,C,109,OKLAHOMA,OUN,07-MAY-08 16:22:00,CST-6,07-MAY-08 16:26:00,0,0,0,0,50.00K,0.00K,NWS Storm Survey,,,,,EF0,2.8,20.0,,,,,5.0,NNW,THE VILLAGE,3.0,NNE,THE VILLAGE,35.6369,-97.5841,35.6101,-97.5296,"A strong upper level low pressure system moved into southwest Oklahoma, and continued moving east throughout the day. Extremely strong lift ahead of the storm system and abundant moisture allowed for widespread showers and thunderstorms to develop over much of Oklahoma. The better chances for severe convection was located along and south of a stationary boundary that setup near Interstate 44. Severe thunderstorms developed during the afternoon hours south of the boundary, with large hail, flash flooding, and tornadoes reported. Several tornadoes were reported in the Oklahoma City metro area during the evening rush hour, with damage reported from Yukon through the northern portion of the city. Other tornadoes were reported south of the city, with damage also reported in this area. The slow movement of the precipitation quickly added up, with widespread amounts of at least two to four inches of rainfall. Flash flooding became a concern as the afternoon progressed, with several reports around central Oklahoma of roads being closed. The upper level storm system moved east during the evening, with the precipitation moving east as well. Monetary damages were estimated.","The tornado developed near NW 164th and May Avenue. Scattered tree and sign damage was reported as the tornado moved southeast toward Memorial Road and Western Avenue. Roof damage was also observed at a residence near NW 150th and Pennsylvania Avenue, and at an apartment complex northeast of Pennsylvania Avenue and Memorial Road. Monetary damages were estimated.",CSV
200805,10,1730,200805,10,1732,17867,109013,OKLAHOMA,40,2008,May,Tornado,C,127,PUSHMATAHA,TSA,10-MAY-08 17:30:00,CST-6,10-MAY-08 17:32:00,0,0,0,0,0.00K,0.00K,NWS Storm Survey,,,,,EF1,1.5,200.0,,,,,2.0,NNW,SNOW,1.0,NE,SNOW,34.4225,-95.4288,34.4066,-95.4109,"Elevated severe thunderstorms containing large hail developed north of a warm front that was moving slowly northward across eastern Oklahoma and west central Arkansas during the morning and early afternoon of the 10th. ||Another round of severe thunderstorms developed late in the afternoon as a dry line approached the area from the west. Extreme instability and strong vertical wind shear resulted in the development of long-lived supercell thunderstorms that moved across eastern Oklahoma and northwestern Arkansas during the late afternoon and evening. Several of these supercells became tornadic and a few produced long-lived damaging tornadoes. ||One such supercell developed and moved along the Oklahoma-Kansas border and then into southwestern Missouri. This storm produced a tornado in northeastern Craig County OK that remained on the ground for 29 miles in Oklahoma, continued for about 31 miles in Newton County MO, and finally dissipated about 15 miles into Barry County MO. It produced EF-4 damage in several locations, including Picher, a small town in north-central Ottawa County OK. Twenty-one fatalities, over 350 injuries, and an estimated $60 million in property damage resulted from this tornado in Oklahoma and Missouri. Six of the fatalities and about 150 injuries occurred in Picher OK.||Other strong tornadoes developed and moved across portions of Pittsburg and Latimer Counties. A EF-2 tornado was on the ground for about eight miles west of McAlester, damaging numerous homes in its path. Another EF-2 tornado developed southwest of Hartshorne in Pittsburg County and moved 19 miles before dissipating just east of Yanush in Latimer County. Four injuries resulted from that tornado and numerous homes were severely damaged or destroyed.",An NWS storm survey determined that a tornado snapped or uprooted numerous trees north of town.,CSV
200805,10,1648,200805,10,1650,17867,108859,OKLAHOMA,40,2008,May,Tornado,C,115,OTTAWA,TSA,10-MAY-08 16:48:00,CST-6,10-MAY-08 16:50:00,0,0,0,0,0.00K,0.00K,NWS Storm Survey,,,,,EF1,2.3,200.0,,,,,5.0,E,QUAPAW,2.0,N,PEORIA,36.95,-94.6985,36.9504,-94.67,"Elevated severe thunderstorms containing large hail developed north of a warm front that was moving slowly northward across eastern Oklahoma and west central Arkansas during the morning and early afternoon of the 10th. ||Another round of severe thunderstorms developed late in the afternoon as a dry line approached the area from the west. Extreme instability and strong vertical wind shear resulted in the development of long-lived supercell thunderstorms that moved across eastern Oklahoma and northwestern Arkansas during the late afternoon and evening. Several of these supercells became tornadic and a few produced long-lived damaging tornadoes. ||One such supercell developed and moved along the Oklahoma-Kansas border and then into southwestern Missouri. This storm produced a tornado in northeastern Craig County OK that remained on the ground for 29 miles in Oklahoma, continued for about 31 miles in Newton County MO, and finally dissipated about 15 miles into Barry County MO. It produced EF-4 damage in several locations, including Picher, a small town in north-central Ottawa County OK. Twenty-one fatalities, over 350 injuries, and an estimated $60 million in property damage resulted from this tornado in Oklahoma and Missouri. Six of the fatalities and about 150 injuries occurred in Picher OK.||Other strong tornadoes developed and moved across portions of Pittsburg and Latimer Counties. A EF-2 tornado was on the ground for about eight miles west of McAlester, damaging numerous homes in its path. Another EF-2 tornado developed southwest of Hartshorne in Pittsburg County and moved 19 miles before dissipating just east of Yanush in Latimer County. Four injuries resulted from that tornado and numerous homes were severely damaged or destroyed.",This tornado developed from the Picher supercell and moved east-southeast eventually merging with the then decaying Picher tornado. The merger apparently reintensified the original tornadic circulation as it quickly became a mile-wide just north of Peoria. A NWS storm survey found extensive tree damage associated with this second tornado prior to its aforementioned merger with the original tornado.,CSV
200805,24,1702,200805,24,1707,18348,108987,OKLAHOMA,40,2008,May,Tornado,C,83,LOGAN,OUN,24-MAY-08 17:02:00,CST-6,24-MAY-08 17:07:00,0,0,0,0,0.00K,0.00K,Trained Spotter,,,,,EF0,1.0,100.0,,,,,3.0,W,ORLANDO,4.0,WSW,ORLANDO,36.15,-97.4338,36.1279,-97.4462,"An outflow boundary from overnight thunderstorms was located over parts of northern Oklahoma, roughly from southern Alfalfa county to northern Lincoln county. Convergence along this boundary and afternoon heating allowed thunderstorms to develop during the mid afternoon near and north of the outflow boundary. The most intense thunderstorms developed along the boundary, with less intense thunderstorms just to the north. The supercell thunderstorms that developed along the boundary moved very slowly east. Numerous tornadoes, at least eight in all, were reported with the thunderstorms. Some damage was reported with the tornadoes, although most remained unpopulated areas. The supercells moved east, with other thunderstorms back-building to the west. Large hail eventually became the main threat through the evening hours. Monetary damages were estimated.","Spotters and chasers reported this tornado which occurred simultaneously with another tornado located to the north. No known damage was reported, and the location was estimated.",CSV
200805,10,1603,200805,10,1621,17867,108850,OKLAHOMA,40,2008,May,Tornado,C,121,PITTSBURG,TSA,10-MAY-08 16:03:00,CST-6,10-MAY-08 16:21:00,0,0,0,0,500.00K,0.00K,NWS Storm Survey,,,,,EF2,8.2,200.0,,,,,4.0,WNW,HAYWOOD,4.0,W,MC ALESTER,34.9022,-96.0152,34.93,-95.8477,"Elevated severe thunderstorms containing large hail developed north of a warm front that was moving slowly northward across eastern Oklahoma and west central Arkansas during the morning and early afternoon of the 10th. ||Another round of severe thunderstorms developed late in the afternoon as a dry line approached the area from the west. Extreme instability and strong vertical wind shear resulted in the development of long-lived supercell thunderstorms that moved across eastern Oklahoma and northwestern Arkansas during the late afternoon and evening. Several of these supercells became tornadic and a few produced long-lived damaging tornadoes. ||One such supercell developed and moved along the Oklahoma-Kansas border and then into southwestern Missouri. This storm produced a tornado in northeastern Craig County OK that remained on the ground for 29 miles in Oklahoma, continued for about 31 miles in Newton County MO, and finally dissipated about 15 miles into Barry County MO. It produced EF-4 damage in several locations, including Picher, a small town in north-central Ottawa County OK. Twenty-one fatalities, over 350 injuries, and an estimated $60 million in property damage resulted from this tornado in Oklahoma and Missouri. Six of the fatalities and about 150 injuries occurred in Picher OK.||Other strong tornadoes developed and moved across portions of Pittsburg and Latimer Counties. A EF-2 tornado was on the ground for about eight miles west of McAlester, damaging numerous homes in its path. Another EF-2 tornado developed southwest of Hartshorne in Pittsburg County and moved 19 miles before dissipating just east of Yanush in Latimer County. Four injuries resulted from that tornado and numerous homes were severely damaged or destroyed.","A strong tornado severely damaged homes, snapped and uprooted numerous trees, and blew down power poles and power lines.",CSV
200805,10,1705,200805,10,1710,15307,106207,OKLAHOMA,40,2008,May,Tornado,C,5,ATOKA,OUN,10-MAY-08 17:05:00,CST-6,10-MAY-08 17:10:00,0,0,0,0,75.00K,0.00K,NWS Storm Survey,,,,,EF2,1.6,100.0,TSA,OK,127.0,PUSHMATAHA,3.0,NE,DAISY,5.0,ENE,DAISY,34.5707,-95.7027,34.5649,-95.6669,"A powerful storm system strengthened over the central Plains during the day on Saturday, drawing rich gulf moisture north into eastern Oklahoma. A surface low pressure developed with a trailing cold front that moved quickly through western Oklahoma, and a dry line extending to the east of the cold front. Isolated severe thunderstorms developed near Hughes county early in the afternoon, with large hail reported in a few locations. Later in the afternoon, supercells over eastern Oklahoma expanded southwest. One supercell developed over far eastern Atoka county, producing a tornado near Daisy and large hail. Damage was reported with the tornado, but there were no injuries. Monetary damages were estimated.","The tornado continued into Pushmataha county before lifting 2.75 miles WSW of Adel. In Atoka County, three houses were damaged.  The roof was removed and some of the exterior walls on one well-built home were collapsed. Numerous trees were uprooted or snapped above the ground. Monetary damage were estimated.",CSV
200805,10,1621,200805,10,1621,17867,108852,OKLAHOMA,40,2008,May,Tornado,C,121,PITTSBURG,TSA,10-MAY-08 16:21:00,CST-6,10-MAY-08 16:21:00,0,0,0,0,0.00K,0.00K,Storm Chaser,,,,,EF0,0.1,50.0,,,,,3.0,S,CROWDER,3.0,S,CROWDER,35.0766,-95.67,35.0766,-95.67,"Elevated severe thunderstorms containing large hail developed north of a warm front that was moving slowly northward across eastern Oklahoma and west central Arkansas during the morning and early afternoon of the 10th. ||Another round of severe thunderstorms developed late in the afternoon as a dry line approached the area from the west. Extreme instability and strong vertical wind shear resulted in the development of long-lived supercell thunderstorms that moved across eastern Oklahoma and northwestern Arkansas during the late afternoon and evening. Several of these supercells became tornadic and a few produced long-lived damaging tornadoes. ||One such supercell developed and moved along the Oklahoma-Kansas border and then into southwestern Missouri. This storm produced a tornado in northeastern Craig County OK that remained on the ground for 29 miles in Oklahoma, continued for about 31 miles in Newton County MO, and finally dissipated about 15 miles into Barry County MO. It produced EF-4 damage in several locations, including Picher, a small town in north-central Ottawa County OK. Twenty-one fatalities, over 350 injuries, and an estimated $60 million in property damage resulted from this tornado in Oklahoma and Missouri. Six of the fatalities and about 150 injuries occurred in Picher OK.||Other strong tornadoes developed and moved across portions of Pittsburg and Latimer Counties. A EF-2 tornado was on the ground for about eight miles west of McAlester, damaging numerous homes in its path. Another EF-2 tornado developed southwest of Hartshorne in Pittsburg County and moved 19 miles before dissipating just east of Yanush in Latimer County. Four injuries resulted from that tornado and numerous homes were severely damaged or destroyed.",A tornado formed and dissipated over Lake Eufaula. Several people witnessed this tornado including storm chasers affiliated with Tulsa television stations and fishermen on the lake.,CSV
200805,10,1634,200805,10,1644,17867,108855,OKLAHOMA,40,2008,May,Tornado,C,77,LATIMER,TSA,10-MAY-08 16:34:00,CST-6,10-MAY-08 16:44:00,0,0,0,0,0.00K,0.00K,Storm Chaser,,,,,EF0,5.5,100.0,,,,,11.0,NW,WILBURTON,6.0,NW,WILBURTON,35.0326,-95.4574,34.9814,-95.3949,"Elevated severe thunderstorms containing large hail developed north of a warm front that was moving slowly northward across eastern Oklahoma and west central Arkansas during the morning and early afternoon of the 10th. ||Another round of severe thunderstorms developed late in the afternoon as a dry line approached the area from the west. Extreme instability and strong vertical wind shear resulted in the development of long-lived supercell thunderstorms that moved across eastern Oklahoma and northwestern Arkansas during the late afternoon and evening. Several of these supercells became tornadic and a few produced long-lived damaging tornadoes. ||One such supercell developed and moved along the Oklahoma-Kansas border and then into southwestern Missouri. This storm produced a tornado in northeastern Craig County OK that remained on the ground for 29 miles in Oklahoma, continued for about 31 miles in Newton County MO, and finally dissipated about 15 miles into Barry County MO. It produced EF-4 damage in several locations, including Picher, a small town in north-central Ottawa County OK. Twenty-one fatalities, over 350 injuries, and an estimated $60 million in property damage resulted from this tornado in Oklahoma and Missouri. Six of the fatalities and about 150 injuries occurred in Picher OK.||Other strong tornadoes developed and moved across portions of Pittsburg and Latimer Counties. A EF-2 tornado was on the ground for about eight miles west of McAlester, damaging numerous homes in its path. Another EF-2 tornado developed southwest of Hartshorne in Pittsburg County and moved 19 miles before dissipating just east of Yanush in Latimer County. Four injuries resulted from that tornado and numerous homes were severely damaged or destroyed.","A storm chaser filmed a tornado northwest of town. It occurred in a remote area of the county, and thus a ground survey could not be conducted.",CSV
200805,10,1710,200805,10,1714,17867,108862,OKLAHOMA,40,2008,May,Tornado,C,127,PUSHMATAHA,TSA,10-MAY-08 17:10:00,CST-6,10-MAY-08 17:14:00,0,0,0,0,0.00K,0.00K,NWS Storm Survey,,,,,EF1,1.9,100.0,,,,,6.0,W,ADEL,4.0,WSW,ADEL,34.5661,-95.6719,34.5685,-95.6392,"Elevated severe thunderstorms containing large hail developed north of a warm front that was moving slowly northward across eastern Oklahoma and west central Arkansas during the morning and early afternoon of the 10th. ||Another round of severe thunderstorms developed late in the afternoon as a dry line approached the area from the west. Extreme instability and strong vertical wind shear resulted in the development of long-lived supercell thunderstorms that moved across eastern Oklahoma and northwestern Arkansas during the late afternoon and evening. Several of these supercells became tornadic and a few produced long-lived damaging tornadoes. ||One such supercell developed and moved along the Oklahoma-Kansas border and then into southwestern Missouri. This storm produced a tornado in northeastern Craig County OK that remained on the ground for 29 miles in Oklahoma, continued for about 31 miles in Newton County MO, and finally dissipated about 15 miles into Barry County MO. It produced EF-4 damage in several locations, including Picher, a small town in north-central Ottawa County OK. Twenty-one fatalities, over 350 injuries, and an estimated $60 million in property damage resulted from this tornado in Oklahoma and Missouri. Six of the fatalities and about 150 injuries occurred in Picher OK.||Other strong tornadoes developed and moved across portions of Pittsburg and Latimer Counties. A EF-2 tornado was on the ground for about eight miles west of McAlester, damaging numerous homes in its path. Another EF-2 tornado developed southwest of Hartshorne in Pittsburg County and moved 19 miles before dissipating just east of Yanush in Latimer County. Four injuries resulted from that tornado and numerous homes were severely damaged or destroyed.","This tornado developed northeast of Daisy in Atoka County and moved into northwestern Pushmataha County, uprooting and snapping numerous trees.",CSV
200805,23,1903,200805,23,1915,18183,107446,OKLAHOMA,40,2008,May,Tornado,C,59,HARPER,OUN,23-MAY-08 19:03:00,CST-6,23-MAY-08 19:15:00,0,0,0,0,,0.00K,NWS Storm Survey,,,,,EF3,5.0,1100.0,,,,,10.0,SSW,SELMAN,5.0,SSW,SELMAN,36.6663,-99.5591,36.7331,-99.5246,"Thunderstorms developed during the afternoon ahead of a dry line that was located near the Texas panhandle and Oklahoma border. The thunderstorms quickly became supercells as they moved toward southwest Kansas. Very large hail was the initial threat, although a significant tornado threat became apparent as they neared the Kansas border. Three tornadoes were reported with the thunderstorms, with two of them doing significant damage. The tornadic thunderstorms moved northeast by nightfall, with other less severe thunderstorms developing farther south. Monetary damages were estimated.","A strong tornado, rated EF3 at its peak intensity, struck south-southwest of the Selman area, producing widespread damage along its path. The tornado touched down, doing minor damage to trees and outbuildings. The tornado continued moving northeast and struck a residence. Significant damage consistent with EF2 damage was seen at this location. More significant damage was done to a residence and stocked workshop building as the tornado moved northeast. This was the strongest point of the tornado, rated EF3. A semi-cab and a 20-horse trailer were blown 50 yards from inside of the workshop. They both sustained significant damage. The tornado moved north from this point, doing EF2 damage to a building and workshop. The owners of the home took shelter in their storm shelter during the tornado, but became trapped inside by debris over top of the door. They were freed by local firemen after approximately 45 minutes. The tornado continued north and then northwest as it began to dissipate. Before it dissipated, however, a heavy fiberglass water tank that was filled with water was destroyed and moved some distance away. Two horses were also killed and one was seriously injured by swirling tin and other sharp debris. Monetary damages were estimated.",CSV
200805,10,1619,200805,10,1619,17867,108851,OKLAHOMA,40,2008,May,Tornado,C,91,MCINTOSH,TSA,10-MAY-08 16:19:00,CST-6,10-MAY-08 16:19:00,0,0,0,0,0.00K,0.00K,Trained Spotter,,,,,EF0,0.1,50.0,,,,,3.0,NE,CHECOTAH,3.0,NE,CHECOTAH,35.4607,-95.4823,35.4607,-95.4823,"Elevated severe thunderstorms containing large hail developed north of a warm front that was moving slowly northward across eastern Oklahoma and west central Arkansas during the morning and early afternoon of the 10th. ||Another round of severe thunderstorms developed late in the afternoon as a dry line approached the area from the west. Extreme instability and strong vertical wind shear resulted in the development of long-lived supercell thunderstorms that moved across eastern Oklahoma and northwestern Arkansas during the late afternoon and evening. Several of these supercells became tornadic and a few produced long-lived damaging tornadoes. ||One such supercell developed and moved along the Oklahoma-Kansas border and then into southwestern Missouri. This storm produced a tornado in northeastern Craig County OK that remained on the ground for 29 miles in Oklahoma, continued for about 31 miles in Newton County MO, and finally dissipated about 15 miles into Barry County MO. It produced EF-4 damage in several locations, including Picher, a small town in north-central Ottawa County OK. Twenty-one fatalities, over 350 injuries, and an estimated $60 million in property damage resulted from this tornado in Oklahoma and Missouri. Six of the fatalities and about 150 injuries occurred in Picher OK.||Other strong tornadoes developed and moved across portions of Pittsburg and Latimer Counties. A EF-2 tornado was on the ground for about eight miles west of McAlester, damaging numerous homes in its path. Another EF-2 tornado developed southwest of Hartshorne in Pittsburg County and moved 19 miles before dissipating just east of Yanush in Latimer County. Four injuries resulted from that tornado and numerous homes were severely damaged or destroyed.","A tornado, witnessed by several trained storm spotters, touched down briefly in open country.",CSV
200805,10,1625,200805,10,1627,17867,108854,OKLAHOMA,40,2008,May,Tornado,C,121,PITTSBURG,TSA,10-MAY-08 16:25:00,CST-6,10-MAY-08 16:27:00,0,0,0,0,0.00K,0.00K,Broadcast Media,,,,,EF0,0.5,75.0,,,,,2.0,SW,MC ALESTER,1.0,SW,MC ALESTER,34.9147,-95.7887,34.9198,-95.7825,"Elevated severe thunderstorms containing large hail developed north of a warm front that was moving slowly northward across eastern Oklahoma and west central Arkansas during the morning and early afternoon of the 10th. ||Another round of severe thunderstorms developed late in the afternoon as a dry line approached the area from the west. Extreme instability and strong vertical wind shear resulted in the development of long-lived supercell thunderstorms that moved across eastern Oklahoma and northwestern Arkansas during the late afternoon and evening. Several of these supercells became tornadic and a few produced long-lived damaging tornadoes. ||One such supercell developed and moved along the Oklahoma-Kansas border and then into southwestern Missouri. This storm produced a tornado in northeastern Craig County OK that remained on the ground for 29 miles in Oklahoma, continued for about 31 miles in Newton County MO, and finally dissipated about 15 miles into Barry County MO. It produced EF-4 damage in several locations, including Picher, a small town in north-central Ottawa County OK. Twenty-one fatalities, over 350 injuries, and an estimated $60 million in property damage resulted from this tornado in Oklahoma and Missouri. Six of the fatalities and about 150 injuries occurred in Picher OK.||Other strong tornadoes developed and moved across portions of Pittsburg and Latimer Counties. A EF-2 tornado was on the ground for about eight miles west of McAlester, damaging numerous homes in its path. Another EF-2 tornado developed southwest of Hartshorne in Pittsburg County and moved 19 miles before dissipating just east of Yanush in Latimer County. Four injuries resulted from that tornado and numerous homes were severely damaged or destroyed.",A tornado damaged trees just southwest of town. It was filmed by a helicopter crew from KFOR-TV in Oklahoma City and was witnessed by the public.,CSV
200805,23,1958,200805,23,2004,18183,107448,OKLAHOMA,40,2008,May,Tornado,C,59,HARPER,OUN,23-MAY-08 19:58:00,CST-6,23-MAY-08 20:04:00,0,0,0,0,10.00K,0.00K,NWS Storm Survey,,,,,EF0,4.7,125.0,DDC,KS,25.0,CLARK,9.0,NNW,BUFFALO,12.0,N,BUFFALO,36.9503,-99.6923,36.9964,-99.63,"Thunderstorms developed during the afternoon ahead of a dry line that was located near the Texas panhandle and Oklahoma border. The thunderstorms quickly became supercells as they moved toward southwest Kansas. Very large hail was the initial threat, although a significant tornado threat became apparent as they neared the Kansas border. Three tornadoes were reported with the thunderstorms, with two of them doing significant damage. The tornadic thunderstorms moved northeast by nightfall, with other less severe thunderstorms developing farther south. Monetary damages were estimated.","This tornado produced some minor tree damage, shingle damage to a home and some tin scattered about. The tornado continued to move north-northeast and crossed the state line into Clark County Kansas. Monetary damages were estimated.",CSV
200805,10,1625,200805,10,1625,17867,108853,OKLAHOMA,40,2008,May,Tornado,C,97,MAYES,TSA,10-MAY-08 16:25:00,CST-6,10-MAY-08 16:25:00,0,0,0,0,0.00K,0.00K,Trained Spotter,,,,,EF0,0.1,50.0,,,,,4.0,NE,PRYOR,4.0,NE,PRYOR,36.3409,-95.2692,36.3409,-95.2692,"Elevated severe thunderstorms containing large hail developed north of a warm front that was moving slowly northward across eastern Oklahoma and west central Arkansas during the morning and early afternoon of the 10th. ||Another round of severe thunderstorms developed late in the afternoon as a dry line approached the area from the west. Extreme instability and strong vertical wind shear resulted in the development of long-lived supercell thunderstorms that moved across eastern Oklahoma and northwestern Arkansas during the late afternoon and evening. Several of these supercells became tornadic and a few produced long-lived damaging tornadoes. ||One such supercell developed and moved along the Oklahoma-Kansas border and then into southwestern Missouri. This storm produced a tornado in northeastern Craig County OK that remained on the ground for 29 miles in Oklahoma, continued for about 31 miles in Newton County MO, and finally dissipated about 15 miles into Barry County MO. It produced EF-4 damage in several locations, including Picher, a small town in north-central Ottawa County OK. Twenty-one fatalities, over 350 injuries, and an estimated $60 million in property damage resulted from this tornado in Oklahoma and Missouri. Six of the fatalities and about 150 injuries occurred in Picher OK.||Other strong tornadoes developed and moved across portions of Pittsburg and Latimer Counties. A EF-2 tornado was on the ground for about eight miles west of McAlester, damaging numerous homes in its path. Another EF-2 tornado developed southwest of Hartshorne in Pittsburg County and moved 19 miles before dissipating just east of Yanush in Latimer County. Four injuries resulted from that tornado and numerous homes were severely damaged or destroyed.",A brief tornado produced minor tree damage northeast of town.,CSV
200805,10,1625,200805,10,1654,17867,109027,OKLAHOMA,40,2008,May,Tornado,C,115,OTTAWA,TSA,10-MAY-08 16:25:00,CST-6,10-MAY-08 16:54:00,150,0,6,0,15.00M,0.00K,NWS Storm Survey,,,,,EF4,24.0,1760.0,SGF,MO,145.0,NEWTON,10.0,WNW,NORTH MIAMI,3.0,E,PEORIA,36.9924,-95.0345,36.9278,-94.6186,"Elevated severe thunderstorms containing large hail developed north of a warm front that was moving slowly northward across eastern Oklahoma and west central Arkansas during the morning and early afternoon of the 10th. ||Another round of severe thunderstorms developed late in the afternoon as a dry line approached the area from the west. Extreme instability and strong vertical wind shear resulted in the development of long-lived supercell thunderstorms that moved across eastern Oklahoma and northwestern Arkansas during the late afternoon and evening. Several of these supercells became tornadic and a few produced long-lived damaging tornadoes. ||One such supercell developed and moved along the Oklahoma-Kansas border and then into southwestern Missouri. This storm produced a tornado in northeastern Craig County OK that remained on the ground for 29 miles in Oklahoma, continued for about 31 miles in Newton County MO, and finally dissipated about 15 miles into Barry County MO. It produced EF-4 damage in several locations, including Picher, a small town in north-central Ottawa County OK. Twenty-one fatalities, over 350 injuries, and an estimated $60 million in property damage resulted from this tornado in Oklahoma and Missouri. Six of the fatalities and about 150 injuries occurred in Picher OK.||Other strong tornadoes developed and moved across portions of Pittsburg and Latimer Counties. A EF-2 tornado was on the ground for about eight miles west of McAlester, damaging numerous homes in its path. Another EF-2 tornado developed southwest of Hartshorne in Pittsburg County and moved 19 miles before dissipating just east of Yanush in Latimer County. Four injuries resulted from that tornado and numerous homes were severely damaged or destroyed.","This tornado developed at 1620 cst in northeastern Craig County and continued into Ottawa County. The tornado moved rapidly eastward toward the town of Picher where it destroyed about 200 homes, killed six people, and injured another 150 people at about 540 pm. Damage in and around Picher was rated EF-4 on the Enhanced Fujita Scale. ||The tornado began moving more southeasterly near Picher and struck the north side of Quapaw. While this tornado was beginning to weaken east of Quapaw, the supercell produced another tornado a few miles east-northeast of Quapaw that merged with this tornado just east of I-44. After the merger of the two tornadoes, a single tornadic circulation reintensified and became about a mile wide for several miles before moving into Newton County MO.",CSV
200805,7,1602,200805,7,1609,18161,107431,OKLAHOMA,40,2008,May,Tornado,C,109,OKLAHOMA,OUN,07-MAY-08 16:02:00,CST-6,07-MAY-08 16:09:00,0,1,0,0,100.00K,0.00K,NWS Storm Survey,,,,,EF1,4.1,120.0,,,,,2.0,WNW,BETHANY,1.0,ENE,WARR ACRES,35.5183,-97.6646,35.5255,-97.6036,"A strong upper level low pressure system moved into southwest Oklahoma, and continued moving east throughout the day. Extremely strong lift ahead of the storm system and abundant moisture allowed for widespread showers and thunderstorms to develop over much of Oklahoma. The better chances for severe convection was located along and south of a stationary boundary that setup near Interstate 44. Severe thunderstorms developed during the afternoon hours south of the boundary, with large hail, flash flooding, and tornadoes reported. Several tornadoes were reported in the Oklahoma City metro area during the evening rush hour, with damage reported from Yukon through the northern portion of the city. Other tornadoes were reported south of the city, with damage also reported in this area. The slow movement of the precipitation quickly added up, with widespread amounts of at least two to four inches of rainfall. Flash flooding became a concern as the afternoon progressed, with several reports around central Oklahoma of roads being closed. The upper level storm system moved east during the evening, with the precipitation moving east as well. Monetary damages were estimated.","The tornado continued to move east-northeast from Canadian county. The tornado continued from the north side of Lake Overholser and crossed NW 39th street, damaging several bleachers next to the baseball field. Damage to trees was also noted at this location, with one tree falling on a gas plant. About 50 residents had to be evacuated due to the gas leak. An apartment complex was sustained some damage near NW 50th and Grove streets. Tree damage continued along the tornadoes path until it finally lifted near NW 60th and Meridian Avenue. One indirect injury was reported with the tornado. A Bethany woman broke her leg while she was running toward her storm shelter. No other injuries were reported. Monetary damages were estimated.",CSV
200805,10,1620,200805,10,1625,17867,109023,OKLAHOMA,40,2008,May,Tornado,C,35,CRAIG,TSA,10-MAY-08 16:20:00,CST-6,10-MAY-08 16:25:00,0,0,0,0,600.00K,0.00K,NWS Storm Survey,,,,,EF2,5.0,500.0,TSA,OK,115.0,OTTAWA,9.0,NNW,WELCH,9.0,NNE,WELCH,36.9982,-95.1415,36.9924,-95.0345,"Elevated severe thunderstorms containing large hail developed north of a warm front that was moving slowly northward across eastern Oklahoma and west central Arkansas during the morning and early afternoon of the 10th. ||Another round of severe thunderstorms developed late in the afternoon as a dry line approached the area from the west. Extreme instability and strong vertical wind shear resulted in the development of long-lived supercell thunderstorms that moved across eastern Oklahoma and northwestern Arkansas during the late afternoon and evening. Several of these supercells became tornadic and a few produced long-lived damaging tornadoes. ||One such supercell developed and moved along the Oklahoma-Kansas border and then into southwestern Missouri. This storm produced a tornado in northeastern Craig County OK that remained on the ground for 29 miles in Oklahoma, continued for about 31 miles in Newton County MO, and finally dissipated about 15 miles into Barry County MO. It produced EF-4 damage in several locations, including Picher, a small town in north-central Ottawa County OK. Twenty-one fatalities, over 350 injuries, and an estimated $60 million in property damage resulted from this tornado in Oklahoma and Missouri. Six of the fatalities and about 150 injuries occurred in Picher OK.||Other strong tornadoes developed and moved across portions of Pittsburg and Latimer Counties. A EF-2 tornado was on the ground for about eight miles west of McAlester, damaging numerous homes in its path. Another EF-2 tornado developed southwest of Hartshorne in Pittsburg County and moved 19 miles before dissipating just east of Yanush in Latimer County. Four injuries resulted from that tornado and numerous homes were severely damaged or destroyed.","A tornado developed just south of the Oklahoma-Kansas border north-northwest of Welch. It moved rapidly east across northeastern Craig County, intensifying and widening as it moved into Ottawa County. In Craig County, the tornado destroyed several mobile homes, severely damaged about a dozen other homes, snapped or uprooted numerous trees, and blew down power poles and power lines.",CSV
200805,10,1735,200805,10,1735,17867,109015,OKLAHOMA,40,2008,May,Tornado,C,127,PUSHMATAHA,TSA,10-MAY-08 17:35:00,CST-6,10-MAY-08 17:35:00,0,0,0,0,0.00K,0.00K,Storm Chaser,,,,,EF1,0.5,100.0,,,,,5.0,SE,ALBION,5.0,SE,ALBION,34.6188,-95.0378,34.6188,-95.0378,"Elevated severe thunderstorms containing large hail developed north of a warm front that was moving slowly northward across eastern Oklahoma and west central Arkansas during the morning and early afternoon of the 10th. ||Another round of severe thunderstorms developed late in the afternoon as a dry line approached the area from the west. Extreme instability and strong vertical wind shear resulted in the development of long-lived supercell thunderstorms that moved across eastern Oklahoma and northwestern Arkansas during the late afternoon and evening. Several of these supercells became tornadic and a few produced long-lived damaging tornadoes. ||One such supercell developed and moved along the Oklahoma-Kansas border and then into southwestern Missouri. This storm produced a tornado in northeastern Craig County OK that remained on the ground for 29 miles in Oklahoma, continued for about 31 miles in Newton County MO, and finally dissipated about 15 miles into Barry County MO. It produced EF-4 damage in several locations, including Picher, a small town in north-central Ottawa County OK. Twenty-one fatalities, over 350 injuries, and an estimated $60 million in property damage resulted from this tornado in Oklahoma and Missouri. Six of the fatalities and about 150 injuries occurred in Picher OK.||Other strong tornadoes developed and moved across portions of Pittsburg and Latimer Counties. A EF-2 tornado was on the ground for about eight miles west of McAlester, damaging numerous homes in its path. Another EF-2 tornado developed southwest of Hartshorne in Pittsburg County and moved 19 miles before dissipating just east of Yanush in Latimer County. Four injuries resulted from that tornado and numerous homes were severely damaged or destroyed.",A tornado snapped or uprooted several trees along Indian Highway.,CSV
200805,7,1556,200805,7,1557,18161,106259,OKLAHOMA,40,2008,May,Tornado,C,49,GARVIN,OUN,07-MAY-08 15:56:00,CST-6,07-MAY-08 15:57:00,1,0,0,0,50.00K,0.00K,NWS Storm Survey,,,,,EF1,0.5,30.0,,,,,5.0,ESE,PAOLI,5.0,ESE,PAOLI,34.8023,-97.1786,34.8023,-97.1786,"A strong upper level low pressure system moved into southwest Oklahoma, and continued moving east throughout the day. Extremely strong lift ahead of the storm system and abundant moisture allowed for widespread showers and thunderstorms to develop over much of Oklahoma. The better chances for severe convection was located along and south of a stationary boundary that setup near Interstate 44. Severe thunderstorms developed during the afternoon hours south of the boundary, with large hail, flash flooding, and tornadoes reported. Several tornadoes were reported in the Oklahoma City metro area during the evening rush hour, with damage reported from Yukon through the northern portion of the city. Other tornadoes were reported south of the city, with damage also reported in this area. The slow movement of the precipitation quickly added up, with widespread amounts of at least two to four inches of rainfall. Flash flooding became a concern as the afternoon progressed, with several reports around central Oklahoma of roads being closed. The upper level storm system moved east during the evening, with the precipitation moving east as well. Monetary damages were estimated.","A tornado briefly touched down five miles east-southeast of Paoli. At this location, a  mobile home was moved off of its foundation, causing damage to the home. A few trees were also damaged near the residence. One person received minor injuries as a result of being inside of the mobile home. No other damage was reported. Monetary damages were estimated.",CSV
200805,7,1557,200805,7,1602,18161,106254,OKLAHOMA,40,2008,May,Tornado,C,17,CANADIAN,OUN,07-MAY-08 15:57:00,CST-6,07-MAY-08 16:02:00,0,0,0,0,50.00K,0.00K,NWS Storm Survey,,,,,EF1,3.4,120.0,OUN,OK,109.0,OKLAHOMA,1.0,E,YUKON,5.0,E,YUKON,35.5,-97.7222,35.5,-97.66,"A strong upper level low pressure system moved into southwest Oklahoma, and continued moving east throughout the day. Extremely strong lift ahead of the storm system and abundant moisture allowed for widespread showers and thunderstorms to develop over much of Oklahoma. The better chances for severe convection was located along and south of a stationary boundary that setup near Interstate 44. Severe thunderstorms developed during the afternoon hours south of the boundary, with large hail, flash flooding, and tornadoes reported. Several tornadoes were reported in the Oklahoma City metro area during the evening rush hour, with damage reported from Yukon through the northern portion of the city. Other tornadoes were reported south of the city, with damage also reported in this area. The slow movement of the precipitation quickly added up, with widespread amounts of at least two to four inches of rainfall. Flash flooding became a concern as the afternoon progressed, with several reports around central Oklahoma of roads being closed. The upper level storm system moved east during the evening, with the precipitation moving east as well. Monetary damages were estimated.",The tornado developed southwest of Main Street and Mustang Road on the east side of Yukon. The tornadic winds removed part of a residence's roof near this location. Sporadic damage to trees and fences were reported as the tornado moved east northeast toward the north side of Lake Overholser. The tornado continued moving east-northeast into Oklahoma county. Monetary damages were estimated.,CSV
200805,1,1829,200805,1,1829,15133,107428,OKLAHOMA,40,2008,May,Tornado,C,109,OKLAHOMA,OUN,01-MAY-08 18:29:00,CST-6,01-MAY-08 18:29:00,0,0,0,0,15.00K,0.00K,Broadcast Media,,,,,EF0,0.1,20.0,,,,,1.0,NW,CHOCTAW,1.0,NW,CHOCTAW,35.5002,-97.2826,35.5002,-97.2826,"A dry line moved east into central Oklahoma during the afternoon before stalling just east of Interstate 35.  Explosive thunderstorm development occurred east of the dry line over central Oklahoma by dinnertime. The thunderstorms almost immediately became severe as they moved toward the east and northeast. Hail larger than baseballs fell over southern sides of the Oklahoma City metropolitan area, with reports of large hail into Lincoln and Payne counties. Some damage was reported with the large hail, especially in the Midwest City area. A  brief tornado was reported near southeast Oklahoma City, causing minor damage. Another tornado was reported in Payne county near Glencoe. The thunderstorms moved into eastern Oklahoma by mid-evening, but additional thunderstorms has already begun to develop over north-central Oklahoma. Monetary damages were estimated.","Local broadcast media reported a brief touchdown near NE 36th and Henney road. The tornado produced minor damage to an outbuilding, damaging its roof and ripping metal siding off. Tree damage was also reported. Monetary damages were estimated.",CSV
200805,1,1918,200805,1,1918,16034,107719,OKLAHOMA,40,2008,May,Tornado,C,117,PAWNEE,TSA,01-MAY-08 19:18:00,CST-6,01-MAY-08 19:18:00,0,0,0,0,0.00K,0.00K,Storm Chaser,,,,,EF0,0.1,75.0,,,,,1.0,NE,PAWNEE,1.0,NE,PAWNEE,36.3402,-96.7873,36.3402,-96.7873,A dry line over western Oklahoma shifted to central Oklahoma during the afternoon. Warm...moist...and very unstable air was in place over eastern Oklahoma ahead of the boundary. Thunderstorms formed on the dry line during the evening and moved northeast across northeastern Oklahoma. Favorable wind shear resulted in supercell thunderstorm development with several damaging tornadoes and large hail occurring over Pawnee and Osage Counties. A line of severe thunderstorms formed on a cold front approaching the area from the northwest and those storms moved through late in the evening and during the early morning hours. Several tornadoes and damaging wind occurred from those storms.,Several storm chasers observed a brief tornado touchdown in open country northeast of town. A survey of the area by NWS personnel found no damage resulting from this tornado.,CSV
200805,7,1621,200805,7,1625,18161,107922,OKLAHOMA,40,2008,May,Tornado,C,87,MCCLAIN,OUN,07-MAY-08 16:21:00,CST-6,07-MAY-08 16:25:00,0,0,0,0,15.00K,0.00K,NWS Storm Survey,,,,,EF0,1.8,25.0,OUN,OK,27.0,CLEVELAND,1.0,SE,GOLDSBY,2.0,E,GOLDSBY,35.1449,-97.4737,35.15,-97.4446,"A strong upper level low pressure system moved into southwest Oklahoma, and continued moving east throughout the day. Extremely strong lift ahead of the storm system and abundant moisture allowed for widespread showers and thunderstorms to develop over much of Oklahoma. The better chances for severe convection was located along and south of a stationary boundary that setup near Interstate 44. Severe thunderstorms developed during the afternoon hours south of the boundary, with large hail, flash flooding, and tornadoes reported. Several tornadoes were reported in the Oklahoma City metro area during the evening rush hour, with damage reported from Yukon through the northern portion of the city. Other tornadoes were reported south of the city, with damage also reported in this area. The slow movement of the precipitation quickly added up, with widespread amounts of at least two to four inches of rainfall. Flash flooding became a concern as the afternoon progressed, with several reports around central Oklahoma of roads being closed. The upper level storm system moved east during the evening, with the precipitation moving east as well. Monetary damages were estimated.","The tornado developed a half of a mile southeast of Goldsby, near Interstate 35. A truck jackknifed on the interstate as the tornado moved northeast. Tree damage was noticed along its path, with some roof flashing also damaged near the Canadian River. Monetary damages were estimated.",CSV
200805,7,1625,200805,7,1631,18161,106272,OKLAHOMA,40,2008,May,Tornado,C,27,CLEVELAND,OUN,07-MAY-08 16:25:00,CST-6,07-MAY-08 16:31:00,0,0,0,0,10.00K,0.00K,NWS Storm Survey,,,,,EF0,2.8,25.0,,,,,3.0,WNW,NOBLE,2.0,N,NOBLE,35.1539,-97.4309,35.1617,-97.39,"A strong upper level low pressure system moved into southwest Oklahoma, and continued moving east throughout the day. Extremely strong lift ahead of the storm system and abundant moisture allowed for widespread showers and thunderstorms to develop over much of Oklahoma. The better chances for severe convection was located along and south of a stationary boundary that setup near Interstate 44. Severe thunderstorms developed during the afternoon hours south of the boundary, with large hail, flash flooding, and tornadoes reported. Several tornadoes were reported in the Oklahoma City metro area during the evening rush hour, with damage reported from Yukon through the northern portion of the city. Other tornadoes were reported south of the city, with damage also reported in this area. The slow movement of the precipitation quickly added up, with widespread amounts of at least two to four inches of rainfall. Flash flooding became a concern as the afternoon progressed, with several reports around central Oklahoma of roads being closed. The upper level storm system moved east during the evening, with the precipitation moving east as well. Monetary damages were estimated.",The tornado continued moving northeast from McClain county. Mostly tree and fence damage was reported along the tornadoes path. Little other damage was reported. Monetary damages were estimated.,CSV
200805,10,1655,200805,10,1715,17867,109040,OKLAHOMA,40,2008,May,Tornado,C,77,LATIMER,TSA,10-MAY-08 16:55:00,CST-6,10-MAY-08 17:15:00,4,0,0,0,1.00M,0.00K,NWS Storm Survey,,,,,EF2,11.0,580.0,,,,,5.0,SW,HIGGINS,1.0,E,YANUSH,34.7591,-95.5143,34.7,-95.2971,"Elevated severe thunderstorms containing large hail developed north of a warm front that was moving slowly northward across eastern Oklahoma and west central Arkansas during the morning and early afternoon of the 10th. ||Another round of severe thunderstorms developed late in the afternoon as a dry line approached the area from the west. Extreme instability and strong vertical wind shear resulted in the development of long-lived supercell thunderstorms that moved across eastern Oklahoma and northwestern Arkansas during the late afternoon and evening. Several of these supercells became tornadic and a few produced long-lived damaging tornadoes. ||One such supercell developed and moved along the Oklahoma-Kansas border and then into southwestern Missouri. This storm produced a tornado in northeastern Craig County OK that remained on the ground for 29 miles in Oklahoma, continued for about 31 miles in Newton County MO, and finally dissipated about 15 miles into Barry County MO. It produced EF-4 damage in several locations, including Picher, a small town in north-central Ottawa County OK. Twenty-one fatalities, over 350 injuries, and an estimated $60 million in property damage resulted from this tornado in Oklahoma and Missouri. Six of the fatalities and about 150 injuries occurred in Picher OK.||Other strong tornadoes developed and moved across portions of Pittsburg and Latimer Counties. A EF-2 tornado was on the ground for about eight miles west of McAlester, damaging numerous homes in its path. Another EF-2 tornado developed southwest of Hartshorne in Pittsburg County and moved 19 miles before dissipating just east of Yanush in Latimer County. Four injuries resulted from that tornado and numerous homes were severely damaged or destroyed.","This tornado continued from Pittsburg County. As it moved into Latimer County, the tornado destroyed a double-wide mobile home, severely damaged another home and barn, and rolled an F350 pickup truck about 50 yards. Numerous trees were snapped or uprooted as the tornado approached Yanush. In Yanush, about 50 homes were damaged, eight of those were destroyed along with one business. Numerous sheds, barns, and outbuildings were destroyed. Numerous trees and power lines were blown down.",CSV
200806,18,2000,200806,18,2015,19728,118088,OKLAHOMA,40,2008,June,Tornado,C,7,BEAVER,AMA,18-JUN-08 20:00:00,CST-6,18-JUN-08 20:15:00,0,0,0,0,200.00K,0.00K,Emergency Manager,,,,,EF2,12.02,200.0,,,,,6.0,NW,BRYANS CORNER,7.0,S,BRYANS CORNER,36.6814,-100.8965,36.5187,-100.82,Severe thunderstorms producing damaging winds and large hail moved across the central and eastern Oklahoma Panhandle during the evening hours. Severe thunderstorms also produced a tornado in the eastern Oklahoma Panhandle which caused extensive damage. No injuries were reported however.,The tornado start and end times were estimated. The tornado touched down at approximately 2000 CST about six miles northwest of Bryans Corner and traveled south southeast across U.S. Highway 412 and Oklahoma State Highway 3. The Emergency Manager reported significant damage on the west side of U.S. Highway 83 and the north and south side of Oklahoma State Highway 3. The tornado knocked down thirty-five power poles and caused extensive damage to a large framed metal barn. The tornado also lifted a twenty-four foot aluminum stock trailer airborne and moved it one hundred yards. The trailer weighed approximately four thousand pounds. A residence also lost the back side and and the east half of their roof and another residence lost an outbuilding. No injuries were reported. The tornado finally dissipated at approximately 2015 CST seven miles south of Bryans Corner.,CSV
200806,19,1730,200806,19,1731,19950,118788,OKLAHOMA,40,2008,June,Tornado,C,25,CIMARRON,AMA,19-JUN-08 17:30:00,CST-6,19-JUN-08 17:31:00,0,0,0,0,0.00K,0.00K,Law Enforcement,,,,,EF0,0.27,25.0,,,,,4.0,N,FELT,4.0,N,FELT,36.6279,-102.78,36.6269,-102.7754,Severe thunderstorms raked across the western Oklahoma Panhandle during the late afternoon and early evening hours. These severe storms produced large hail and an isolated brief tornado. No damage or injuries were reported.,The tornado touched down in open country at approximately 1730 CST about four miles north of Felt. The tornado traveled southeast for less than a half mile before dissipating at approximately 1731 CST. The tornado start and end times are estimated. The tornado path length and path width were also estimated. No damage or injuries were reported.,CSV
200809,11,1935,200809,11,1936,23401,136731,OKLAHOMA,40,2008,September,Tornado,C,39,CUSTER,OUN,11-SEP-08 19:35:00,CST-6,11-SEP-08 19:36:00,0,0,0,0,,0.00K,Emergency Manager,,,,,EF0,0.5,40.0,,,,,3.0,NNE,CLINTON,3.0,NNE,CLINTON,35.5501,-98.9496,35.5501,-98.9496,"A prolonged area of southwest flow developed over much of Oklahoma during the period from the 10th through the 12th. Numerous disturbances moving through the flow allowed for widespread showers and thunderstorms to develop and move northeast over the area. Also, moisture associated with remnant Tropical Storm Lowell moved over western and northern Oklahoma. Although winds at most locations were nearly calm during the event, enough wind shear was in place for very small, short-lived circulations to develop. Two areas of damage were reported with brief tornadoes, one near the Clinton airport in Custer county, and the other in Tonkawa in Kay county. The damage was relatively minor, with tree and roof damage reported. Several chickens were killed when their chicken coop was destroyed. Monetary damages were estimated.","A brief tornado struck near the intersection of roads E1010 and N2270, to the northwest of Clinton Regional Airport. One utility pole was damaged. One residence was damaged and lost half of its roof, and the roof on a mobile home was damaged. One chicken coop was destroyed and all the livestock inside killed.  Monetary damages were unavailable.",CSV
200809,12,205,200809,12,205,23401,136732,OKLAHOMA,40,2008,September,Tornado,C,71,KAY,OUN,12-SEP-08 02:05:00,CST-6,12-SEP-08 02:05:00,0,0,0,0,,0.00K,Emergency Manager,,,,,EF0,0.3,25.0,,,,,1.0,E,TONKAWA,1.0,E,TONKAWA,36.68,-97.292,36.68,-97.292,"A prolonged area of southwest flow developed over much of Oklahoma during the period from the 10th through the 12th. Numerous disturbances moving through the flow allowed for widespread showers and thunderstorms to develop and move northeast over the area. Also, moisture associated with remnant Tropical Storm Lowell moved over western and northern Oklahoma. Although winds at most locations were nearly calm during the event, enough wind shear was in place for very small, short-lived circulations to develop. Two areas of damage were reported with brief tornadoes, one near the Clinton airport in Custer county, and the other in Tonkawa in Kay county. The damage was relatively minor, with tree and roof damage reported. Several chickens were killed when their chicken coop was destroyed. Monetary damages were estimated.",A brief tornado developed on the east side of Tonkawa. The most significant damage occurred to an open air carport that was destroyed and thrown 200 yards from the residence it was attached to. Other minor damage was reported to trees and a couple of roofs. Monetary damages were unavailable.,CSV
200805,7,1740,200805,7,1745,17662,107751,OKLAHOMA,40,2008,May,Tornado,C,111,OKMULGEE,TSA,07-MAY-08 17:40:00,CST-6,07-MAY-08 17:45:00,0,0,0,0,35.00K,0.00K,NWS Storm Survey,,,,,EF0,4.0,200.0,,,,,0.0,E,NUYAKA,3.0,S,BEGGS,35.6507,-96.1228,35.6878,-96.0665,Severe thunderstorms occurred primarily during the afternoon and evening hours of the 7th.,"A tornado destroyed a small barn, damaged a mobile home, and blew down numerous trees and power lines.",CSV
200805,23,1959,200805,23,2008,18183,107451,OKLAHOMA,40,2008,May,Tornado,C,151,WOODS,OUN,23-MAY-08 19:59:00,CST-6,23-MAY-08 20:08:00,0,0,0,0,20.00K,0.00K,NWS Storm Survey,,,,,EF2,4.0,440.0,DDC,KS,33.0,COMANCHE,10.0,N,CAMP HOUSTON,14.0,NNE,CAMP HOUSTON,36.9475,-99.12,36.9905,-99.0265,"Thunderstorms developed during the afternoon ahead of a dry line that was located near the Texas panhandle and Oklahoma border. The thunderstorms quickly became supercells as they moved toward southwest Kansas. Very large hail was the initial threat, although a significant tornado threat became apparent as they neared the Kansas border. Three tornadoes were reported with the thunderstorms, with two of them doing significant damage. The tornadic thunderstorms moved northeast by nightfall, with other less severe thunderstorms developing farther south. Monetary damages were estimated.","The tornado developed and moved predominately over range land. Little or no significant damage was observed until the tornado approached the state line. Widespread tree damage, consistent with an EF2 tornado was noted.  The tornado then moved into Comanche County Kansas. Monetary damages were estimated.",CSV
200805,1,1842,200805,1,1842,15133,107424,OKLAHOMA,40,2008,May,Tornado,C,119,PAYNE,OUN,01-MAY-08 18:42:00,CST-6,01-MAY-08 18:42:00,0,0,0,0,0.00K,0.00K,Public,,,,,EF0,0.3,75.0,,,,,2.0,ENE,GLENCOE,2.0,ENE,GLENCOE,36.2411,-96.8968,36.2411,-96.8968,"A dry line moved east into central Oklahoma during the afternoon before stalling just east of Interstate 35.  Explosive thunderstorm development occurred east of the dry line over central Oklahoma by dinnertime. The thunderstorms almost immediately became severe as they moved toward the east and northeast. Hail larger than baseballs fell over southern sides of the Oklahoma City metropolitan area, with reports of large hail into Lincoln and Payne counties. Some damage was reported with the large hail, especially in the Midwest City area. A  brief tornado was reported near southeast Oklahoma City, causing minor damage. Another tornado was reported in Payne county near Glencoe. The thunderstorms moved into eastern Oklahoma by mid-evening, but additional thunderstorms has already begun to develop over north-central Oklahoma. Monetary damages were estimated.",The public reported a brief tornado which produced no known damage.,CSV
