BEGIN_YEARMONTH,BEGIN_DAY,BEGIN_TIME,END_YEARMONTH,END_DAY,END_TIME,EPISODE_ID,EVENT_ID,STATE,STATE_FIPS,YEAR,MONTH_NAME,EVENT_TYPE,CZ_TYPE,CZ_FIPS,CZ_NAME,WFO,BEGIN_DATE_TIME,CZ_TIMEZONE,END_DATE_TIME,INJURIES_DIRECT,INJURIES_INDIRECT,DEATHS_DIRECT,DEATHS_INDIRECT,DAMAGE_PROPERTY,DAMAGE_CROPS,SOURCE,MAGNITUDE,MAGNITUDE_TYPE,FLOOD_CAUSE,CATEGORY,TOR_F_SCALE,TOR_LENGTH,TOR_WIDTH,TOR_OTHER_WFO,TOR_OTHER_CZ_STATE,TOR_OTHER_CZ_FIPS,TOR_OTHER_CZ_NAME,BEGIN_RANGE,BEGIN_AZIMUTH,BEGIN_LOCATION,END_RANGE,END_AZIMUTH,END_LOCATION,BEGIN_LAT,BEGIN_LON,END_LAT,END_LON,EPISODE_NARRATIVE,EVENT_NARRATIVE,DATA_SOURCE
201905,17,1832,201905,17,1839,137548,826292,OKLAHOMA,40,2019,May,Tornado,C,7,BEAVER,AMA,17-MAY-19 18:32:00,CST-6,17-MAY-19 18:39:00,0,0,0,0,0.00K,0.00K,Storm Chaser,,,,,EFU,2.88,50.0,DDC,KS,119.0,MEADE,5.0,NNW,FORGAN,7.0,N,FORGAN,36.9622,-100.5635,37.0006,-100.5432,"A dryline moved through parts of the eastern Panhandles the afternoon of the 17th. Moisture (dewpoint temperatures) where much greater ahead of the boundary and instability was high enough for a few storms to form. There was sufficient wind shear (good clockwise turning of wind with height in this case) to allow a supercell thunderstorm to rapidly developed as it moved from southern to northern Beaver County, Oklahoma. A few miles south of the Oklahoma / Kansas, a tornado was reported with this supercell as the storm then quickly exited the Oklahoma Panhandle into southern Kansas as the tornado remained over rural, open country.","Based on radar, pictures, reports, and videos, the best estimate was a touchdown around 733 PM CDT and crossed over the OK/KS state line around 735 pm. It then continued for at least another 5 minutes into rural southern KS. No damage was reported as the tornado remained in rough, open country.",CSV
201905,20,1612,201905,20,1629,137027,831208,OKLAHOMA,40,2019,May,Tornado,C,55,GREER,OUN,20-MAY-19 16:12:00,CST-6,20-MAY-19 16:29:00,0,0,0,0,300.00K,0.00K,NWS Storm Survey,,,,,EF2,11.0,1200.0,,,,,8.0,SE,REED,3.0,N,MANGUM,34.809,-99.614,34.93,-99.492,An extremely unstable environment led to widespread severe weather across Texas and Oklahoma on the 20th into the morning of the 21st.,"A highly visible tornado developed about 8 miles southwest of Mangum, then moved northeast through the northwestern and northern portions of Mangum before dissipating about 3.5 miles north of Mangum just east of Oklahoma Highway 34. The beginning of the tornado path was in rural areas and the valley and terrain around the Salt Fork of the Red River and damage was mainly to trees. However as the tornado moved through the northwest side of Mangum and adjacent areas, many outbuildings were destroyed and at least one home just northwest of town had much of it's roof removed. The maximum damage in and near Mangum was consistent with an EF2 rating, although many indications (including research radar data from the Center for Severe Weather Research) indicate that the tornado was likely stronger in the rural areas southwest of Mangum.",CSV
201905,25,2153,201905,25,2153,137035,830371,OKLAHOMA,40,2019,May,Tornado,C,109,OKLAHOMA,OUN,25-MAY-19 21:53:00,CST-6,25-MAY-19 21:53:00,0,0,0,0,10.00K,0.00K,Emergency Manager,,,,,EF0,0.5,30.0,,,,,2.0,W,FOREST PARK,2.0,W,FOREST PARK,35.516,-97.492,35.516,-97.492,Scattered supercells merged into a linear system that produced a variety of severe weather on the 25th.,"Within the larger area of thunderstorm wind damage, a small tornado developed just southeast of NE 42nd Street and Kelley Avenue and moved northeast to near NE 43rd Street and Everest Avenue. A church sign was destroyed and large trees were uprooted (although in ground that was much wetter than usual after recent heavy rainfall.) One of these trees fell onto a parked car.",CSV
201905,21,313,201905,21,313,137027,830434,OKLAHOMA,40,2019,May,Tornado,C,27,CLEVELAND,OUN,21-MAY-19 03:13:00,CST-6,21-MAY-19 03:13:00,0,0,0,0,3.00K,0.00K,NWS Employee,,,,,EF0,0.3,20.0,,,,,4.0,SSE,STANLEY DRAPER LAKE DAM,4.0,SSE,STANLEY DRAPER LAKE DAM,35.277,-97.318,35.277,-97.318,An extremely unstable environment led to widespread severe weather across Texas and Oklahoma on the 20th into the morning of the 21st.,A QLCS tornado developed just west of the intersection of 84th Avenue NE and Franklin Road and moved about one-quarter mile northeast damaging trees and causing roof damage to a barn.,CSV
201905,20,1609,201905,20,1609,137027,831188,OKLAHOMA,40,2019,May,Tornado,C,83,LOGAN,OUN,20-MAY-19 16:09:00,CST-6,20-MAY-19 16:09:00,0,0,0,0,1.00K,0.00K,Storm Chaser,,,,,EF0,0.3,50.0,,,,,4.0,WSW,ORLANDO,4.0,WSW,ORLANDO,36.1279,-97.4462,36.1279,-97.4462,An extremely unstable environment led to widespread severe weather across Texas and Oklahoma on the 20th into the morning of the 21st.,A storm chaser reported a brief tornado that produced some tree damage in northern Logan County. The tornado was estimated to be about 4 miles west-southwest of Orlando.,CSV
201905,20,1559,201905,20,1559,137027,831202,OKLAHOMA,40,2019,May,Tornado,C,57,HARMON,OUN,20-MAY-19 15:59:00,CST-6,20-MAY-19 15:59:00,0,0,0,0,0.00K,0.00K,Storm Chaser,,,,,EFU,0.1,20.0,,,,,2.0,NNE,GOULD,2.0,NNE,GOULD,34.6967,-99.7565,34.6967,-99.7565,An extremely unstable environment led to widespread severe weather across Texas and Oklahoma on the 20th into the morning of the 21st.,Multiple storm chasers observed a brief tornado estimated to be about 2 miles north-northeast of Gould. No damage was reported.,CSV
201905,20,1537,201905,20,1538,137027,831201,OKLAHOMA,40,2019,May,Tornado,C,57,HARMON,OUN,20-MAY-19 15:37:00,CST-6,20-MAY-19 15:38:00,0,0,0,0,0.00K,0.00K,Storm Chaser,,,,,EFU,0.5,50.0,,,,,3.0,SW,HOLLIS,3.0,SW,HOLLIS,34.6593,-99.9573,34.6593,-99.9573,An extremely unstable environment led to widespread severe weather across Texas and Oklahoma on the 20th into the morning of the 21st.,Multiple storm chasers observed a tornado estimated to be about 3 miles southwest of Hollis. No damage was reported.,CSV
201905,20,1638,201905,20,1638,137027,831204,OKLAHOMA,40,2019,May,Tornado,C,55,GREER,OUN,20-MAY-19 16:38:00,CST-6,20-MAY-19 16:38:00,0,0,0,0,0.00K,0.00K,Storm Chaser,,,,,EFU,0.2,40.0,,,,,1.0,SW,GRANITE,1.0,SW,GRANITE,34.9498,-99.3925,34.9498,-99.3925,An extremely unstable environment led to widespread severe weather across Texas and Oklahoma on the 20th into the morning of the 21st.,Multiple storm chasers reported a brief tornado estimated to be about 1 mile southwest of Granite. No damage was reported.,CSV
201905,20,1443,201905,20,1447,137027,830804,OKLAHOMA,40,2019,May,Tornado,C,73,KINGFISHER,OUN,20-MAY-19 14:43:00,CST-6,20-MAY-19 14:47:00,0,0,0,0,0.00K,0.00K,Broadcast Media,,,,,EFU,3.7,150.0,,,,,7.0,NNW,CASHION,10.0,N,CASHION,35.897,-97.716,35.944,-97.684,An extremely unstable environment led to widespread severe weather across Texas and Oklahoma on the 20th into the morning of the 21st.,"A tornado was observed by OKC television storm chasers and helicopters to the north of Cashion. No damage was reported, and the path was estimated using landscape comparisons from helicopter video.",CSV
201905,20,1557,201905,20,1559,137027,831175,OKLAHOMA,40,2019,May,Tornado,C,83,LOGAN,OUN,20-MAY-19 15:57:00,CST-6,20-MAY-19 15:59:00,0,0,0,0,0.00K,0.00K,Storm Chaser,,,,,EF0,0.7,20.0,,,,,4.0,SW,MARSHALL,4.0,SW,MARSHALL,36.123,-97.676,36.123,-97.664,An extremely unstable environment led to widespread severe weather across Texas and Oklahoma on the 20th into the morning of the 21st.,A storm chaser observed and recorded a tornado that developed in northeast Kingfisher County and moved into northwest Logan County north of Oklahoma Highway 51 and southwest of Marshall. No damage was reported.,CSV
201905,20,1605,201905,20,1608,137027,831180,OKLAHOMA,40,2019,May,Tornado,C,47,GARFIELD,OUN,20-MAY-19 16:05:00,CST-6,20-MAY-19 16:08:00,0,0,0,0,0.00K,0.00K,Emergency Manager,,,,,EF0,2.5,75.0,OUN,OK,103.0,NOBLE,6.0,S,HAYWARD,6.0,SSE,HAYWARD,36.19,-97.495,36.211,-97.46,An extremely unstable environment led to widespread severe weather across Texas and Oklahoma on the 20th into the morning of the 21st.,"A spotter reported a tornado developing near Bison Road and Eason Road in southeasten Garfield County, then moved northeast into Noble County. No damage was reported in Garfield County.",CSV
201905,20,1638,201905,20,1638,137027,831193,OKLAHOMA,40,2019,May,Tornado,C,103,NOBLE,OUN,20-MAY-19 16:38:00,CST-6,20-MAY-19 16:38:00,0,0,0,0,0.00K,0.00K,Storm Chaser,,,,,EFU,0.2,30.0,,,,,6.0,NE,SUMNER,6.0,NE,SUMNER,36.393,-97.052,36.393,-97.052,An extremely unstable environment led to widespread severe weather across Texas and Oklahoma on the 20th into the morning of the 21st.,"A storm chaser observed a brief tornado in eastern Noble County, reported to be about 4 miles south-southwest of Sooner Lake. No damage was reported and the specific location is estimated.",CSV
201905,20,1714,201905,20,1715,137027,831210,OKLAHOMA,40,2019,May,Tornado,C,75,KIOWA,OUN,20-MAY-19 17:14:00,CST-6,20-MAY-19 17:15:00,0,0,0,0,0.00K,0.00K,Trained Spotter,,,,,EFU,0.5,30.0,,,,,4.0,NNE,LONE WOLF,4.0,NNE,LONE WOLF,35.0435,-99.223,35.0435,-99.223,An extremely unstable environment led to widespread severe weather across Texas and Oklahoma on the 20th into the morning of the 21st.,Multiple storm spotters and storm chasers observed a brief tornado estimated to be about 4 miles north-northeast of Lone Wolf. No damage was reported.,CSV
201905,20,1545,201905,20,1545,137027,842610,OKLAHOMA,40,2019,May,Tornado,C,57,HARMON,OUN,20-MAY-19 15:45:00,CST-6,20-MAY-19 15:45:00,0,0,0,0,0.00K,0.00K,NWS Employee,,,,,EFU,0.3,30.0,,,,,3.0,ENE,HOLLIS,3.0,ENE,HOLLIS,34.7066,-99.8712,34.7066,-99.8712,An extremely unstable environment led to widespread severe weather across Texas and Oklahoma on the 20th into the morning of the 21st.,An off-duty NWS employee observed a brief tornado estimated to be about 3 miles east-northeast of Hollis. No damage was reported.,CSV
201905,25,2157,201905,25,2157,137035,830374,OKLAHOMA,40,2019,May,Tornado,C,109,OKLAHOMA,OUN,25-MAY-19 21:57:00,CST-6,25-MAY-19 21:57:00,0,0,0,0,2.00K,0.00K,Emergency Manager,,,,,EF0,0.2,30.0,,,,,2.0,NNW,FOREST PARK,2.0,NNW,FOREST PARK,35.5364,-97.4595,35.5364,-97.4595,Scattered supercells merged into a linear system that produced a variety of severe weather on the 25th.,"One final tornado embedded within a larger area of wind damage caused damage to a convenience store at NE 63rd Street and Kelley Avenue, or just southeast of the Interstate 35/Interstate 44 interchange.",CSV
201905,21,248,201905,21,250,137027,830392,OKLAHOMA,40,2019,May,Tornado,C,27,CLEVELAND,OUN,21-MAY-19 02:48:00,CST-6,21-MAY-19 02:50:00,0,0,0,0,1.00K,0.00K,NWS Storm Survey,,,,,EF0,0.75,100.0,,,,,1.0,W,NOBLE,1.0,NW,NOBLE,35.139,-97.409,35.146,-97.399,An extremely unstable environment led to widespread severe weather across Texas and Oklahoma on the 20th into the morning of the 21st.,This tornado developed in McClain County and crossed the Canadian River into Cleveland County. It produced some light tree damage on the northeast side of Noble before dissipating.,CSV
201905,21,322,201905,21,324,137027,830437,OKLAHOMA,40,2019,May,Tornado,C,27,CLEVELAND,OUN,21-MAY-19 03:22:00,CST-6,21-MAY-19 03:24:00,0,0,0,0,0.00K,0.00K,NWS Storm Survey,,,,,EF1,1.4,30.0,,,,,3.0,NW,STELLA,3.0,NNW,STELLA,35.358,-97.25,35.356,-97.226,An extremely unstable environment led to widespread severe weather across Texas and Oklahoma on the 20th into the morning of the 21st.,A QLCS tornado developed southwest of SE 104th Street and Indian Meridian Road in far southeast Oklahoma City and moved just south of due east dissipating after crossing Triple XXX Road. One outbuilding was heavily damaged near Triple XXX Road and a number of trees were damaged along the path.,CSV
201905,21,525,201905,21,525,137027,830450,OKLAHOMA,40,2019,May,Tornado,C,95,MARSHALL,OUN,21-MAY-19 05:25:00,CST-6,21-MAY-19 05:25:00,0,0,0,0,0.00K,0.00K,Emergency Manager,,,,,EFU,0.5,20.0,,,,,4.0,SW,MCBRIDE,4.0,SW,MCBRIDE,33.8991,-96.6893,33.8991,-96.6893,An extremely unstable environment led to widespread severe weather across Texas and Oklahoma on the 20th into the morning of the 21st.,Marshall County Emergency Management reported a waterspout occurred with a QLCS storm over Lake Texoma that was estimated to be about 4 miles southwest of McBride. The waterspout likely did not move onshore and no damage was reported.,CSV
201905,7,2246,201905,7,2248,137021,830727,OKLAHOMA,40,2019,May,Tornado,C,149,WASHITA,OUN,07-MAY-19 22:46:00,CST-6,07-MAY-19 22:48:00,0,0,0,0,0.00K,0.00K,NWS Employee,,,,,EFU,0.5,40.0,,,,,5.0,SSW,CORDELL,5.0,SSW,CORDELL,35.2231,-99.0239,35.2231,-99.0239,Numerous supercell storms were followed by a large line of thunderstorms that produced severe weather on the evening and overnight of the 7th into the 8th.,"While the Rocky tornado was moving north-northeast between Rocky and Cordell, spotters observed a second simultaneous tornado that was estimated to be about 5 miles south-southwest of Cordell. Darkness prevented observers from distinguishing rather this was a satellite tornado around the Rocky tornado or a tornado along a parallel path. No damage was observed.",CSV
201905,7,2327,201905,7,2327,137021,830740,OKLAHOMA,40,2019,May,Tornado,C,75,KIOWA,OUN,07-MAY-19 23:27:00,CST-6,07-MAY-19 23:27:00,0,0,0,0,0.00K,0.00K,Storm Chaser,,,,,EFU,0.5,30.0,,,,,7.0,SW,COLD SPRINGS,7.0,SW,COLD SPRINGS,34.728,-99.095,34.728,-99.095,Numerous supercell storms were followed by a large line of thunderstorms that produced severe weather on the evening and overnight of the 7th into the 8th.,A storm chaser observed a brief needle tornado looking north from near Headrick. No damage is known to have occurred and the location of the tornado is estimated based on radar.,CSV
201905,7,1932,201905,7,1936,137021,830755,OKLAHOMA,40,2019,May,Tornado,C,39,CUSTER,OUN,07-MAY-19 19:32:00,CST-6,07-MAY-19 19:36:00,0,0,0,0,0.00K,0.00K,Storm Chaser,,,,,EFU,2.0,50.0,,,,,9.0,N,BUTLER,10.0,ENE,MOOREWOOD,35.773,-99.181,35.801,-99.185,Numerous supercell storms were followed by a large line of thunderstorms that produced severe weather on the evening and overnight of the 7th into the 8th.,Two storm chasers observed a tornado in a rural area of northern Custer County north of Butler. No damage was reported and the tornado path is estimated.,CSV
201905,24,1735,201905,24,1735,137033,830763,OKLAHOMA,40,2019,May,Tornado,C,65,JACKSON,OUN,24-MAY-19 17:35:00,CST-6,24-MAY-19 17:35:00,0,0,0,0,20.00K,0.00K,Public,,,,,EF0,0.5,20.0,,,,,1.0,S,BLAIR,1.0,S,BLAIR,34.7655,-99.33,34.7655,-99.33,Scattered supercells merged into a linear system that produced a variety of severe weather on the 24th.,"A resident of Blair recorded a video of a tornado just south of Blair. A mobile home, outbuildings and trees were reported to be damaged, although the specific locations are unknown and the tornado location is estimated.",CSV
201905,25,1814,201905,25,1814,137035,830766,OKLAHOMA,40,2019,May,Tornado,C,9,BECKHAM,OUN,25-MAY-19 18:14:00,CST-6,25-MAY-19 18:14:00,0,0,0,0,0.00K,0.00K,Storm Chaser,,,,,EFU,0.2,50.0,,,,,3.0,SW,RETROP,3.0,SW,RETROP,35.1293,-99.3976,35.1293,-99.3976,Scattered supercells merged into a linear system that produced a variety of severe weather on the 25th.,"A storm chaser observed a tornado estimated to be about 3 miles southwest of Retrop in southeastern Beckham County. No damage was observed. The duration of the tornado may have been longer, but it became wrapped in rain and unobservable soon after developing.",CSV
201905,20,1446,201905,20,1447,137027,830805,OKLAHOMA,40,2019,May,Tornado,C,73,KINGFISHER,OUN,20-MAY-19 14:46:00,CST-6,20-MAY-19 14:47:00,0,0,0,0,0.00K,0.00K,Broadcast Media,,,,,EFU,0.5,50.0,,,,,11.0,N,CASHION,11.0,N,CASHION,35.9592,-97.68,35.9592,-97.68,An extremely unstable environment led to widespread severe weather across Texas and Oklahoma on the 20th into the morning of the 21st.,A second tornado was observed at the same time as a longer track tornado north of Cashion. No damage was reported and the tornado location was estimated.,CSV
201905,20,1508,201905,20,1508,137027,830835,OKLAHOMA,40,2019,May,Tornado,C,83,LOGAN,OUN,20-MAY-19 15:08:00,CST-6,20-MAY-19 15:08:00,0,0,0,0,1.00K,0.00K,Emergency Manager,,,,,EF1,0.3,40.0,,,,,7.0,NW,MULHALL,7.0,NW,MULHALL,36.116,-97.497,36.116,-97.497,An extremely unstable environment led to widespread severe weather across Texas and Oklahoma on the 20th into the morning of the 21st.,Two power poles and trees were damaged by a brief tornado near State Highway 51 and Kelley Avenue. A truck was also pushed into a ditch.,CSV
201906,15,1940,201906,15,1949,138440,837301,OKLAHOMA,40,2019,June,Tornado,C,43,DEWEY,OUN,15-JUN-19 19:40:00,CST-6,15-JUN-19 19:49:00,0,0,0,0,3.00K,0.00K,NWS Storm Survey,,,,,EF1,3.0,100.0,OUN,OK,39.0,CUSTER,3.0,SE,PUTNAM,3.0,S,PUTNAM,35.833,-98.932,35.812,-98.974,A dryline and a cold front combined to produce numerous severe thunderstorms on the 15th.,Storm spotters and chasers observed a tornado develop southeast of Putman. A few tree branches and tree limbs were broken as the tornado moved west and southwest. The tornado crossed into Custer County about a mile west of US-183 where a wooden cross member was broken on a power pole at the county line.,CSV
201906,15,1949,201906,15,1950,138440,837302,OKLAHOMA,40,2019,June,Tornado,C,39,CUSTER,OUN,15-JUN-19 19:49:00,CST-6,15-JUN-19 19:50:00,0,0,0,0,1.00K,0.00K,NWS Storm Survey,,,,,EF1,0.15,100.0,,,,,12.0,NNW,CUSTER CITY,12.0,NNW,CUSTER CITY,35.812,-98.974,35.81,-98.974,A dryline and a cold front combined to produce numerous severe thunderstorms on the 15th.,This tornado crossed into Custer County from Dewey County breaking a wooden cross member on a power pole on the county line. The tornado moved south less than one quarter of a mile before dissipating.,CSV
201906,16,1319,201906,16,1320,138441,837317,OKLAHOMA,40,2019,June,Tornado,C,73,KINGFISHER,OUN,16-JUN-19 13:19:00,CST-6,16-JUN-19 13:20:00,0,0,0,0,0.00K,0.00K,Storm Chaser,,,,,EF0,0.2,20.0,,,,,7.0,ESE,OMEGA,7.0,ESE,OMEGA,35.8312,-98.0845,35.8312,-98.0845,A weak upper low sparked thunderstorms that produced a couple landspout tornadoes on the 16th.,A second simultaneous landspout tornado was observed to the east-southeast of Omega. No damage is known to have occurred and the location is estimated.,CSV
201906,16,1650,201906,16,1650,138441,837324,OKLAHOMA,40,2019,June,Tornado,C,87,MCCLAIN,OUN,16-JUN-19 16:50:00,CST-6,16-JUN-19 16:50:00,0,0,0,0,0.00K,0.00K,Storm Chaser,,,,,EF0,0.2,20.0,,,,,1.0,SSE,WAYNE,1.0,SSE,WAYNE,34.9066,-97.3133,34.9066,-97.3133,A weak upper low sparked thunderstorms that produced a couple landspout tornadoes on the 16th.,A brief landspout tornado estimated to be about a mile south-southeast of Wayne was observed by a storm chaser. There was no known damage.,CSV
201906,15,2016,201906,15,2018,138440,837308,OKLAHOMA,40,2019,June,Tornado,C,39,CUSTER,OUN,15-JUN-19 20:16:00,CST-6,15-JUN-19 20:18:00,0,0,0,0,2.00K,0.00K,Storm Chaser,,,,,EF0,1.3,300.0,,,,,8.0,NW,CUSTER CITY,7.0,NW,CUSTER CITY,35.74,-98.976,35.724,-98.984,A dryline and a cold front combined to produce numerous severe thunderstorms on the 15th.,The RaXPol mobile research radar observed a second tornado from 9:16:06 to 9:17:20 pm CDT northwest of where the previous tornado had dissipated. This radar signature likely corresponds to tree damage noted along County Roads E0880 and N2250 to the west of US-183.,CSV
201905,20,2135,201905,20,2143,137246,823787,OKLAHOMA,40,2019,May,Tornado,C,97,MAYES,TSA,20-MAY-19 21:35:00,CST-6,20-MAY-19 21:43:00,0,0,0,0,10.00K,0.00K,NWS Storm Survey,,,,,EF1,3.6,1100.0,,,,,1.0,SE,LAKE HUDSON,4.0,ESE,SALINA,36.2675,-95.1491,36.2853,-95.089,"A strong upper level storm system moved into the Southern Plains from the Rockies on the 20th and 21st. The attendant warm front moved from northern Texas northward into northeastern Oklahoma during the day on the 20th, and then the cold front associated with this storm system moved through eastern Oklahoma during the late evening of the 20th and early morning hours of the 21st. Warm, moist, and very unstable air resided across eastern Oklahoma ahead of this system. This pattern resulted in multiple rounds of severe thunderstorms across eastern Oklahoma from the early afternoon of the 20th through late morning of the 21st. Very strong wind shear coexisting with the strong instability resulted in some supercell thunderstorms that produced large hail up to golfball size and multiple tornadoes on the 20th. A squall line developed along the cold front that moved into the area during the morning of the 21st, and that line of storms produced multiple tornadoes along the leading edge. Locally heavy rainfall and subsequent flash flooding occurred across northeastern Oklahoma as multiple rounds of thunderstorms affected generally the same area.","This tornado developed in the forward flank of the Peggs/Leach supercell, over Lake Hudson. It moved ashore snapping power poles and uprooting trees along Highway 82. The tornado moved east and then northeast uprooting trees and snapping large limbs as it moved along Kenwood Road. Based on this damage, maximum estimated wind in the tornado was 90 to 100 mph.",CSV
201904,30,1303,201904,30,1310,136142,822179,OKLAHOMA,40,2019,April,Tornado,C,111,OKMULGEE,TSA,30-APR-19 13:03:00,CST-6,30-APR-19 13:10:00,0,0,0,0,30.00K,0.00K,NWS Storm Survey,,,,,EF0,2.5,100.0,,,,,3.0,WSW,BALD HILL,1.0,SSW,BALD HILL,35.7058,-95.8747,35.7193,-95.8335,"Strong to severe thunderstorms developed across eastern Oklahoma during the early afternoon hours of the 30th, to the east of a stationary frontal boundary that was located across north-central Oklahoma into northwest Texas. Moderately strong instability combined with strong wind shear resulted in the development of supercell thunderstorms, which produced multiple tornadoes, including two strong tornadoes, large hail up to half dollar size, and damaging winds. Locally heavy rainfall also occurred across portions of northeastern Oklahoma, which resulted in flash flooding.","This tornado damaged a mobile home, damaged barns and outbuildings, and uprooted trees. It was observed by a number of people. Based on the damage, maximum estimated wind in the tornado was 80 to 85 mph.",CSV
201904,30,1314,201904,30,1316,136142,822181,OKLAHOMA,40,2019,April,Tornado,C,113,OSAGE,TSA,30-APR-19 13:14:00,CST-6,30-APR-19 13:16:00,0,0,0,0,0.00K,0.00K,NWS Storm Survey,,,,,EF0,1.2,50.0,,,,,3.0,NW,SKIATOOK ARPT,2.0,NW,SKIATOOK,36.38,-96.0511,36.3886,-96.0316,"Strong to severe thunderstorms developed across eastern Oklahoma during the early afternoon hours of the 30th, to the east of a stationary frontal boundary that was located across north-central Oklahoma into northwest Texas. Moderately strong instability combined with strong wind shear resulted in the development of supercell thunderstorms, which produced multiple tornadoes, including two strong tornadoes, large hail up to half dollar size, and damaging winds. Locally heavy rainfall also occurred across portions of northeastern Oklahoma, which resulted in flash flooding.","This tornado snapped large tree limbs. It was observed by many people. Based on the damage, maximum estimated wind in the tornado was 55 to 65 mph.",CSV
201904,30,1351,201904,30,1351,136142,822195,OKLAHOMA,40,2019,April,Tornado,C,131,ROGERS,TSA,30-APR-19 13:51:00,CST-6,30-APR-19 13:51:00,0,0,0,0,0.00K,0.00K,Storm Chaser,,,,,EFU,0.1,50.0,,,,,7.0,W,TALALA,7.0,W,TALALA,36.5348,-95.8042,36.5348,-95.8042,"Strong to severe thunderstorms developed across eastern Oklahoma during the early afternoon hours of the 30th, to the east of a stationary frontal boundary that was located across north-central Oklahoma into northwest Texas. Moderately strong instability combined with strong wind shear resulted in the development of supercell thunderstorms, which produced multiple tornadoes, including two strong tornadoes, large hail up to half dollar size, and damaging winds. Locally heavy rainfall also occurred across portions of northeastern Oklahoma, which resulted in flash flooding.","This tornado was a satellite tornado of the Talala Tornado, and was observed by a storm chaser. Since the tornado occurred over open country inaccessible by road, there is no known damage from this tornado.",CSV
201904,30,1524,201904,30,1528,136142,822223,OKLAHOMA,40,2019,April,Tornado,C,115,OTTAWA,TSA,30-APR-19 15:24:00,CST-6,30-APR-19 15:28:00,0,0,0,0,5.00K,0.00K,NWS Storm Survey,,,,,EF0,2.0,650.0,,,,,5.0,NW,NARCISSA,4.0,NNW,NARCISSA,36.8403,-94.9993,36.8474,-94.9647,"Strong to severe thunderstorms developed across eastern Oklahoma during the early afternoon hours of the 30th, to the east of a stationary frontal boundary that was located across north-central Oklahoma into northwest Texas. Moderately strong instability combined with strong wind shear resulted in the development of supercell thunderstorms, which produced multiple tornadoes, including two strong tornadoes, large hail up to half dollar size, and damaging winds. Locally heavy rainfall also occurred across portions of northeastern Oklahoma, which resulted in flash flooding.","This is the second segment of a two-segment tornado. In Ottawa County, the tornado damaged a home and snapped large tree limbs. Based on this damage, maximum estimated wind in this segment of the tornado was 80 to 85 mph.",CSV
201904,30,1633,201904,30,1640,136142,822251,OKLAHOMA,40,2019,April,Tornado,C,41,DELAWARE,TSA,30-APR-19 16:33:00,CST-6,30-APR-19 16:40:00,0,0,0,0,75.00K,0.00K,NWS Storm Survey,,,,,EF1,3.4,1100.0,TSA,OK,115.0,OTTAWA,2.0,WNW,BERNICE,4.0,N,BERNICE,36.6346,-94.9563,36.6705,-94.9136,"Strong to severe thunderstorms developed across eastern Oklahoma during the early afternoon hours of the 30th, to the east of a stationary frontal boundary that was located across north-central Oklahoma into northwest Texas. Moderately strong instability combined with strong wind shear resulted in the development of supercell thunderstorms, which produced multiple tornadoes, including two strong tornadoes, large hail up to half dollar size, and damaging winds. Locally heavy rainfall also occurred across portions of northeastern Oklahoma, which resulted in flash flooding.","This is the first segment of a two-segment tornado. In Delaware County, this large tornado developed south of the E 260 Road and west of the S 4520 Road. It moved northeast snapping and uprooting numerous trees, damaging a home, damaging barns and outbuildings, and snapping power poles. The tornado was observed by multiple people. Based on this damage, maximum estimated wind in this segment of the tornado was 90 to 100 mph. The tornado continued into Ottawa County.",CSV
201904,30,1640,201904,30,1641,136142,822264,OKLAHOMA,40,2019,April,Tornado,C,115,OTTAWA,TSA,30-APR-19 16:40:00,CST-6,30-APR-19 16:41:00,0,0,0,0,0.00K,0.00K,NWS Storm Survey,,,,,EF0,0.7,450.0,,,,,4.0,ESE,AFTON,4.0,ESE,AFTON,36.6705,-94.9136,36.679,-94.9065,"Strong to severe thunderstorms developed across eastern Oklahoma during the early afternoon hours of the 30th, to the east of a stationary frontal boundary that was located across north-central Oklahoma into northwest Texas. Moderately strong instability combined with strong wind shear resulted in the development of supercell thunderstorms, which produced multiple tornadoes, including two strong tornadoes, large hail up to half dollar size, and damaging winds. Locally heavy rainfall also occurred across portions of northeastern Oklahoma, which resulted in flash flooding.","This is the second segment of a two-segment tornado. In Ottawa County, the tornado snapped large tree limbs before dissipating south of Highway 59. It was observed by multiple people. Based on the damage, maximum estimated wind in this segment of the tornado was 75 to 85 mph.",CSV
201904,30,2141,201904,30,2157,136142,822280,OKLAHOMA,40,2019,April,Tornado,C,121,PITTSBURG,TSA,30-APR-19 21:41:00,CST-6,30-APR-19 21:57:00,1,0,0,0,1.50M,0.00K,NWS Storm Survey,,,,,EF2,10.0,1300.0,,,,,2.0,S,BOND,1.0,W,CENTERVILLE,34.79,-95.6489,34.8726,-95.52,"Strong to severe thunderstorms developed across eastern Oklahoma during the early afternoon hours of the 30th, to the east of a stationary frontal boundary that was located across north-central Oklahoma into northwest Texas. Moderately strong instability combined with strong wind shear resulted in the development of supercell thunderstorms, which produced multiple tornadoes, including two strong tornadoes, large hail up to half dollar size, and damaging winds. Locally heavy rainfall also occurred across portions of northeastern Oklahoma, which resulted in flash flooding.","This tornado developed from a remnant mesocyclone that had a history of producing a strong tornado in Bryan and Atoka Counties. The circulation in the storm strengthened southwest of Haileyville, just east of the S Bache Road and south of Ray Road, where this tornado developed. It moved north-northeast significantly damaging several homes, destroying barns and outbuildings, and snapping or uprooting trees from Ray Road to Crawley Road. The tornado then moved through open country for a couple miles and turned northeast as it moved across S Smallwood Lane, where it snapped many trees and destroyed outbuildings. It continued to produced significant tree damage along Highway 63 as it approached Haileyville. Many homes and businesses were damaged in town, some were destroyed, as it continued northeast to Lone Oak Road W on the northeast side of town, where the tornado began to move east. Homes were damaged, many trees were snapped, an electrical substation was damaged, and power poles were snapped before it dissipated near Price Road, south of Shelton Road. This tornado was observed by multiple people. Based on this damage, maximum estimated wind in the tornado was 110 to 120 mph.",CSV
201904,30,2251,201904,30,2256,136142,822284,OKLAHOMA,40,2019,April,Tornado,C,79,LE FLORE,TSA,30-APR-19 22:51:00,CST-6,30-APR-19 22:56:00,0,0,0,0,25.00K,0.00K,NWS Storm Survey,,,,,EF1,4.4,1000.0,,,,,4.0,S,FANSHAWE,2.0,NNE,SUMMERFIELD,34.899,-94.9094,34.9095,-94.8323,"Strong to severe thunderstorms developed across eastern Oklahoma during the early afternoon hours of the 30th, to the east of a stationary frontal boundary that was located across north-central Oklahoma into northwest Texas. Moderately strong instability combined with strong wind shear resulted in the development of supercell thunderstorms, which produced multiple tornadoes, including two strong tornadoes, large hail up to half dollar size, and damaging winds. Locally heavy rainfall also occurred across portions of northeastern Oklahoma, which resulted in flash flooding.","This tornado developed within a line of thunderstorms, along Le Flore Road west of Summerfield. It moved east-northeast uprooting a number of trees and damaging outbuildings. The tornado dissipated as it approached Wister Lake. Based on this damage, maximum estimated wind in the tornado was 85 to 95 mph.",CSV
201904,30,1053,201904,30,1101,136286,822182,OKLAHOMA,40,2019,April,Tornado,C,81,LINCOLN,OUN,30-APR-19 10:53:00,CST-6,30-APR-19 11:01:00,0,0,0,0,3.00K,0.00K,Emergency Manager,,,,,EF1,3.0,30.0,,,,,1.0,SE,AGRA,3.0,ENE,AGRA,35.885,-96.857,35.917,-96.823,A stationary front and and upper wave produced numerous thunderstorms with a variety of severe weather on the 30th.,A tornado produced tree damage as it moved northeast in areas to the southeast and east of Agra.,CSV
201904,30,1109,201904,30,1109,136286,822185,OKLAHOMA,40,2019,April,Tornado,C,99,MURRAY,OUN,30-APR-19 11:09:00,CST-6,30-APR-19 11:09:00,0,0,0,0,0.00K,0.00K,Storm Chaser,,,,,EFU,0.3,50.0,,,,,6.0,E,DOUGHERTY,6.0,E,DOUGHERTY,34.4,-96.9448,34.4,-96.9448,A stationary front and and upper wave produced numerous thunderstorms with a variety of severe weather on the 30th.,A storm chaser observed a brief tornado estimated to have been located about 6 miles east of Dougherty. No damage is know to have occurred with this tornado.,CSV
201904,30,1113,201904,30,1114,136286,822187,OKLAHOMA,40,2019,April,Tornado,C,119,PAYNE,OUN,30-APR-19 11:13:00,CST-6,30-APR-19 11:14:00,0,0,0,0,20.00K,0.00K,Emergency Manager,,,,,EF1,0.5,20.0,,,,,1.0,NE,CUSHING,1.0,NE,CUSHING,35.99,-96.746,35.994,-96.74,A stationary front and and upper wave produced numerous thunderstorms with a variety of severe weather on the 30th.,A tornado was filmed in the northeast portion of Cushing. The tornado produced roof damage at an energy company building as well as some tree damage.,CSV
201904,30,1123,201904,30,1131,136286,822191,OKLAHOMA,40,2019,April,Tornado,C,99,MURRAY,OUN,30-APR-19 11:23:00,CST-6,30-APR-19 11:31:00,0,0,0,0,0.00K,0.00K,Storm Chaser,,,,,EF1,1.75,30.0,,,,,1.0,SSW,SCULLIN,1.0,ENE,SCULLIN,34.506,-96.8684,34.5257,-96.8492,A stationary front and and upper wave produced numerous thunderstorms with a variety of severe weather on the 30th.,"A storm chaser observed most of the life cycle of this tornado using a drone. The tornado initially developed in Johnston County before crossing Highway 7 and moving into Murray County. The drone video observed a number of trees being damaged by the tornado, but no structural damage was observed. The drone video was used to precisely locate the tornado path.",CSV
201904,30,1451,201904,30,1451,136286,822194,OKLAHOMA,40,2019,April,Tornado,C,141,TILLMAN,OUN,30-APR-19 14:51:00,CST-6,30-APR-19 14:51:00,0,0,0,0,0.00K,0.00K,Trained Spotter,,,,,EFU,0.2,30.0,,,,,3.0,SW,LOVELAND,3.0,SW,LOVELAND,34.2693,-98.8072,34.2693,-98.8072,A stationary front and and upper wave produced numerous thunderstorms with a variety of severe weather on the 30th.,A spotter reported a brief tornado that was estimated to be about 3 miles southwest of Loveland. No damage was reported.,CSV
201904,30,2034,201904,30,2035,136286,822196,OKLAHOMA,40,2019,April,Tornado,C,29,COAL,OUN,30-APR-19 20:34:00,CST-6,30-APR-19 20:35:00,0,0,0,0,5.00K,0.00K,COOP Observer,,,,,EF1,0.75,25.0,,,,,3.0,SW,LEHIGH,2.0,SW,LEHIGH,34.436,-96.255,34.444,-96.247,A stationary front and and upper wave produced numerous thunderstorms with a variety of severe weather on the 30th.,The Lehigh cooperative observer noted a 20-30 yard wide path of damage to Blackjack Oak trees southwest of Lehigh.,CSV
201905,29,1521,201905,29,1522,137201,823549,OKLAHOMA,40,2019,May,Tornado,C,89,MCCURTAIN,SHV,29-MAY-19 15:21:00,CST-6,29-MAY-19 15:22:00,0,0,0,0,0.00K,0.00K,Trained Spotter,,,,,EF0,1.06,75.0,,,,,3.0,NW,FARMERS HILL,2.0,SSW,MILLERTON,33.9471,-95.0533,33.954,-95.0368,"An upper level trough lifted northeast across the Middle Red River Valley into Eastern Oklahoma during the daytime hours on May 29th, which helped drive a weak surface boundary southeast into portions of North Texas, Southern and Eastern Oklahoma. Sufficient shear and moderate instability were in place across the broad warm sector south of this surface boundary, as large scale forcing increased during the afternoon ahead of the trough, such that scattered strong to severe thunderstorms developed over Southeast Oklahoma and portions of Northeast Texas. These storms produced an isolated tornado in Southwest McCurtain County Oklahoma just southwest of the Millerton community, with additional damaging winds downing trees at the Beavers Bend State Park north of Broken Bow before weakening by late afternoon.",Storm spotters near the intersection of Highway 98 and Highway 37 observed a tornado briefly touch down in an open pasture to the north-northwest of their location near Baker Road. The tornado remained over open pasture and did not damage any trees or structures in the area before lifting prior to crossing Highway 98 a couple of miles south of the Millerton community.,CSV
201905,21,531,201905,21,535,137246,823800,OKLAHOMA,40,2019,May,Tornado,C,143,TULSA,TSA,21-MAY-19 05:31:00,CST-6,21-MAY-19 05:35:00,1,0,0,0,125.00K,0.00K,NWS Storm Survey,,,,,EF1,2.3,550.0,,,,,2.0,NW,TULSA,2.0,WNW,DAWSON,36.1742,-95.9725,36.1789,-95.932,"A strong upper level storm system moved into the Southern Plains from the Rockies on the 20th and 21st. The attendant warm front moved from northern Texas northward into northeastern Oklahoma during the day on the 20th, and then the cold front associated with this storm system moved through eastern Oklahoma during the late evening of the 20th and early morning hours of the 21st. Warm, moist, and very unstable air resided across eastern Oklahoma ahead of this system. This pattern resulted in multiple rounds of severe thunderstorms across eastern Oklahoma from the early afternoon of the 20th through late morning of the 21st. Very strong wind shear coexisting with the strong instability resulted in some supercell thunderstorms that produced large hail up to golfball size and multiple tornadoes on the 20th. A squall line developed along the cold front that moved into the area during the morning of the 21st, and that line of storms produced multiple tornadoes along the leading edge. Locally heavy rainfall and subsequent flash flooding occurred across northeastern Oklahoma as multiple rounds of thunderstorms affected generally the same area.","This tornado developed just south of E Pine Street at N Rockford Avenue and moved east. The tornado damaged a number of homes and structures, blew down trees, and snapped two power poles. A man was injured when a large tree fell onto his house. The tornado dissipated just north of E Pine Street near N Oswego Avenue. Based on this damage, maximum estimated wind in the tornado was 90 to 100 mph.",CSV
201905,20,2005,201905,20,2006,137246,823781,OKLAHOMA,40,2019,May,Tornado,C,143,TULSA,TSA,20-MAY-19 20:05:00,CST-6,20-MAY-19 20:06:00,0,0,0,0,2.00K,0.00K,NWS Storm Survey,,,,,EF0,0.5,100.0,,,,,2.0,SW,GARNETT,1.0,SW,GARNETT,36.1543,-95.8549,36.1565,-95.8492,"A strong upper level storm system moved into the Southern Plains from the Rockies on the 20th and 21st. The attendant warm front moved from northern Texas northward into northeastern Oklahoma during the day on the 20th, and then the cold front associated with this storm system moved through eastern Oklahoma during the late evening of the 20th and early morning hours of the 21st. Warm, moist, and very unstable air resided across eastern Oklahoma ahead of this system. This pattern resulted in multiple rounds of severe thunderstorms across eastern Oklahoma from the early afternoon of the 20th through late morning of the 21st. Very strong wind shear coexisting with the strong instability resulted in some supercell thunderstorms that produced large hail up to golfball size and multiple tornadoes on the 20th. A squall line developed along the cold front that moved into the area during the morning of the 21st, and that line of storms produced multiple tornadoes along the leading edge. Locally heavy rainfall and subsequent flash flooding occurred across northeastern Oklahoma as multiple rounds of thunderstorms affected generally the same area.","A tornado snapped large tree limbs and blew down power poles. Based on this damage, maximum estimated wind in the tornado was 80 to 85 mph.",CSV
201905,20,2109,201905,20,2110,137246,823783,OKLAHOMA,40,2019,May,Tornado,C,145,WAGONER,TSA,20-MAY-19 21:09:00,CST-6,20-MAY-19 21:10:00,0,0,0,0,0.00K,0.00K,Trained Spotter,,,,,EF0,0.75,75.0,,,,,3.0,SSW,LA BARGE,3.0,SSW,LA BARGE,35.9365,-95.4118,35.9436,-95.4015,"A strong upper level storm system moved into the Southern Plains from the Rockies on the 20th and 21st. The attendant warm front moved from northern Texas northward into northeastern Oklahoma during the day on the 20th, and then the cold front associated with this storm system moved through eastern Oklahoma during the late evening of the 20th and early morning hours of the 21st. Warm, moist, and very unstable air resided across eastern Oklahoma ahead of this system. This pattern resulted in multiple rounds of severe thunderstorms across eastern Oklahoma from the early afternoon of the 20th through late morning of the 21st. Very strong wind shear coexisting with the strong instability resulted in some supercell thunderstorms that produced large hail up to golfball size and multiple tornadoes on the 20th. A squall line developed along the cold front that moved into the area during the morning of the 21st, and that line of storms produced multiple tornadoes along the leading edge. Locally heavy rainfall and subsequent flash flooding occurred across northeastern Oklahoma as multiple rounds of thunderstorms affected generally the same area.","A tornado uprooted several trees and snapped large tree limbs. Based on this damage, maximum estimated wind in the tornado was 80 to 85 mph.",CSV
201910,20,2208,201910,20,2215,142851,862850,OKLAHOMA,40,2019,October,Tornado,C,145,WAGONER,TSA,20-OCT-19 22:08:00,CST-6,20-OCT-19 22:15:00,0,0,0,0,10.00K,0.00K,NWS Storm Survey,,,,,EF1,7.2,1100.0,,,,,4.0,S,COWETA EASLEY ARPT,4.0,WNW,LA BARGE,35.9436,-95.5608,35.9928,-95.4469,"Thunderstorms developed over central Oklahoma during the early evening of the 20th, along and just ahead of a cold front moving into the area. The atmosphere ahead of the front was very unstable. Wind fields across the region strengthened with the approach of a strong upper level storm system, and very strong deep layer shear developed over eastern Oklahoma by the evening. The combination of strong instability and very strong wind shear promoted the development of supercell thunderstorms, that produced hail up to baseball size and damaging wind. As the thunderstorms moved eastward during the late evening, they eventually organized into a solid line of thunderstorms. Low level wind shear increased across the region during the evening, and this supported the development of several tornadoes, in addition to the very strong downburst wind that some of the thunderstorms produced.","A tornado developed just south of Highway 51, east of Coweta, and moved east-northeast damaging a home, and blowing down trees and power poles. Based on this damage, maximum estimated wind in the tornado was 85 to 95 mph.",CSV
201905,20,2145,201905,20,2156,137246,823785,OKLAHOMA,40,2019,May,Tornado,C,41,DELAWARE,TSA,20-MAY-19 21:45:00,CST-6,20-MAY-19 21:56:00,0,0,0,0,150.00K,0.00K,NWS Storm Survey,,,,,EF2,9.1,2700.0,,,,,5.0,SW,LEACH,2.0,N,TWIN OAKS,36.1615,-94.9891,36.2307,-94.8497,"A strong upper level storm system moved into the Southern Plains from the Rockies on the 20th and 21st. The attendant warm front moved from northern Texas northward into northeastern Oklahoma during the day on the 20th, and then the cold front associated with this storm system moved through eastern Oklahoma during the late evening of the 20th and early morning hours of the 21st. Warm, moist, and very unstable air resided across eastern Oklahoma ahead of this system. This pattern resulted in multiple rounds of severe thunderstorms across eastern Oklahoma from the early afternoon of the 20th through late morning of the 21st. Very strong wind shear coexisting with the strong instability resulted in some supercell thunderstorms that produced large hail up to golfball size and multiple tornadoes on the 20th. A squall line developed along the cold front that moved into the area during the morning of the 21st, and that line of storms produced multiple tornadoes along the leading edge. Locally heavy rainfall and subsequent flash flooding occurred across northeastern Oklahoma as multiple rounds of thunderstorms affected generally the same area.","This is the second segment of a two-segment tornado. This large tornado moved into the far southwestern portion of Delaware County and moved northeast toward Leach. It damaged homes, destroyed outbuildings, and snapped or uprooted many trees. The tornado crossed the Cherokee Turnpike west of Twin Oaks and dissipated. Based on this damage, maximum estimated wind in this segment of the tornado was 110 to 120 mph.",CSV
201910,20,2212,201910,20,2222,142851,862865,OKLAHOMA,40,2019,October,Tornado,C,101,MUSKOGEE,TSA,20-OCT-19 22:12:00,CST-6,20-OCT-19 22:22:00,0,0,0,0,2.00K,0.00K,NWS Storm Survey,,,,,EF0,8.3,400.0,,,,,1.0,SE,BOYNTON,1.0,NNE,BELAND,35.6351,-95.6311,35.7161,-95.5232,"Thunderstorms developed over central Oklahoma during the early evening of the 20th, along and just ahead of a cold front moving into the area. The atmosphere ahead of the front was very unstable. Wind fields across the region strengthened with the approach of a strong upper level storm system, and very strong deep layer shear developed over eastern Oklahoma by the evening. The combination of strong instability and very strong wind shear promoted the development of supercell thunderstorms, that produced hail up to baseball size and damaging wind. As the thunderstorms moved eastward during the late evening, they eventually organized into a solid line of thunderstorms. Low level wind shear increased across the region during the evening, and this supported the development of several tornadoes, in addition to the very strong downburst wind that some of the thunderstorms produced.","A tornado developed southeast of Boynton to the south of W 83rd Street S, and moved northeast to a point north of W 33rd Street S. It uprooted a couple medium sized trees, blew down a power pole, and snapped large tree limbs. Much of the tornado path was across farmland, so the damage noted above generally occurred as the tornado crossed section line roads. Based on this damage, maximum estimated wind in the tornado was 80 to 85 mph.",CSV
201910,20,2239,201910,20,2243,142851,862874,OKLAHOMA,40,2019,October,Tornado,C,21,CHEROKEE,TSA,20-OCT-19 22:39:00,CST-6,20-OCT-19 22:43:00,0,0,0,0,0.00K,0.00K,NWS Storm Survey,,,,,EF1,2.9,600.0,,,,,1.0,E,TERESITA,4.0,E,TERESITA,36.1189,-94.9665,36.1211,-94.9143,"Thunderstorms developed over central Oklahoma during the early evening of the 20th, along and just ahead of a cold front moving into the area. The atmosphere ahead of the front was very unstable. Wind fields across the region strengthened with the approach of a strong upper level storm system, and very strong deep layer shear developed over eastern Oklahoma by the evening. The combination of strong instability and very strong wind shear promoted the development of supercell thunderstorms, that produced hail up to baseball size and damaging wind. As the thunderstorms moved eastward during the late evening, they eventually organized into a solid line of thunderstorms. Low level wind shear increased across the region during the evening, and this supported the development of several tornadoes, in addition to the very strong downburst wind that some of the thunderstorms produced.","This tornado uprooted trees and snapped numerous large tree limbs. Based on this damage, maximum estimated wind in the tornado was 85 to 95 mph.",CSV
201905,21,537,201905,21,539,137246,823801,OKLAHOMA,40,2019,May,Tornado,C,143,TULSA,TSA,21-MAY-19 05:37:00,CST-6,21-MAY-19 05:39:00,0,0,0,0,0.00K,0.00K,NWS Storm Survey,,,,,EF1,0.7,75.0,,,,,3.0,NW,(TUL)TULSA INTL ARPT,3.0,NNW,(TUL)TULSA INTL ARPT,36.2334,-95.9153,36.2359,-95.9032,"A strong upper level storm system moved into the Southern Plains from the Rockies on the 20th and 21st. The attendant warm front moved from northern Texas northward into northeastern Oklahoma during the day on the 20th, and then the cold front associated with this storm system moved through eastern Oklahoma during the late evening of the 20th and early morning hours of the 21st. Warm, moist, and very unstable air resided across eastern Oklahoma ahead of this system. This pattern resulted in multiple rounds of severe thunderstorms across eastern Oklahoma from the early afternoon of the 20th through late morning of the 21st. Very strong wind shear coexisting with the strong instability resulted in some supercell thunderstorms that produced large hail up to golfball size and multiple tornadoes on the 20th. A squall line developed along the cold front that moved into the area during the morning of the 21st, and that line of storms produced multiple tornadoes along the leading edge. Locally heavy rainfall and subsequent flash flooding occurred across northeastern Oklahoma as multiple rounds of thunderstorms affected generally the same area.","This tornado damaged trees, and resulted in a radar detected tornadic debris signature. It was observed by several people.",CSV
201905,21,548,201905,21,549,137246,823803,OKLAHOMA,40,2019,May,Tornado,C,143,TULSA,TSA,21-MAY-19 05:48:00,CST-6,21-MAY-19 05:49:00,0,0,0,0,0.00K,0.00K,Law Enforcement,,,,,EF0,0.6,100.0,,,,,3.0,NNE,OWASSO,3.0,SSE,COLLINSVILLE,36.3156,-95.8231,36.3212,-95.8149,"A strong upper level storm system moved into the Southern Plains from the Rockies on the 20th and 21st. The attendant warm front moved from northern Texas northward into northeastern Oklahoma during the day on the 20th, and then the cold front associated with this storm system moved through eastern Oklahoma during the late evening of the 20th and early morning hours of the 21st. Warm, moist, and very unstable air resided across eastern Oklahoma ahead of this system. This pattern resulted in multiple rounds of severe thunderstorms across eastern Oklahoma from the early afternoon of the 20th through late morning of the 21st. Very strong wind shear coexisting with the strong instability resulted in some supercell thunderstorms that produced large hail up to golfball size and multiple tornadoes on the 20th. A squall line developed along the cold front that moved into the area during the morning of the 21st, and that line of storms produced multiple tornadoes along the leading edge. Locally heavy rainfall and subsequent flash flooding occurred across northeastern Oklahoma as multiple rounds of thunderstorms affected generally the same area.","This tornado snapped large tree limbs north of the TTC Owasso Campus. Based on this damage, maximum estimated wind in the tornado was 65 to 70 mph.",CSV
201910,20,2300,201910,20,2306,142851,862906,OKLAHOMA,40,2019,October,Tornado,C,1,ADAIR,TSA,20-OCT-19 23:00:00,CST-6,20-OCT-19 23:06:00,0,0,0,0,75.00K,0.00K,NWS Storm Survey,,,,,EF1,5.8,900.0,TSA,AR,7.0,BENTON,5.0,N,CHANCE,2.0,NNE,WATTS,36.141,-94.6644,36.1524,-94.561,"Thunderstorms developed over central Oklahoma during the early evening of the 20th, along and just ahead of a cold front moving into the area. The atmosphere ahead of the front was very unstable. Wind fields across the region strengthened with the approach of a strong upper level storm system, and very strong deep layer shear developed over eastern Oklahoma by the evening. The combination of strong instability and very strong wind shear promoted the development of supercell thunderstorms, that produced hail up to baseball size and damaging wind. As the thunderstorms moved eastward during the late evening, they eventually organized into a solid line of thunderstorms. Low level wind shear increased across the region during the evening, and this supported the development of several tornadoes, in addition to the very strong downburst wind that some of the thunderstorms produced.","This is the first segment of a two-segment tornado. This tornado uprooted numerous trees, destroyed several outbuildings, and damaged the roofs of several homes. Based on this damage, maximum estimated wind in this segment of the tornado was 90 to 100 mph. The tornado continued into Benton County.",CSV
201905,18,1058,201905,18,1100,137226,823678,OKLAHOMA,40,2019,May,Tornado,C,131,ROGERS,TSA,18-MAY-19 10:58:00,CST-6,18-MAY-19 11:00:00,0,0,0,0,25.00K,0.00K,NWS Storm Survey,,,,,EF0,1.4,400.0,TSA,OK,97.0,MAYES,7.0,ENE,TIAWAH,8.0,ENE,TIAWAH,36.3049,-95.4547,36.3158,-95.4357,"A squall line moved through eastern Oklahoma during the morning hours of May 18th. Very strong low level wind shear and moderately strong instability ahead of the squall line resulted in the development of several tornadoes, as well as damaging wind and large hail up to quarter size, as the line of thunderstorms moved across the area.","This is the first segment of a two-segment tornado. This tornado developed south of Highway 20, about a mile west of the Rogers/Mayes County line. It moved northeast damaging homes, damaging outbuildings, and snapping large tree limbs from Highway 20 to the county line. Based on this damage, maximum estimated wind in this segment of the tornado was 80 to 85 mph. The tornado continued into Mayes County.",CSV
201905,18,1100,201905,18,1111,137226,823681,OKLAHOMA,40,2019,May,Tornado,C,97,MAYES,TSA,18-MAY-19 11:00:00,CST-6,18-MAY-19 11:11:00,0,0,0,0,15.00K,0.00K,NWS Storm Survey,,,,,EF1,8.7,400.0,,,,,7.0,W,PRYOR,3.0,WNW,GREEN,36.3158,-95.4357,36.3998,-95.3205,"A squall line moved through eastern Oklahoma during the morning hours of May 18th. Very strong low level wind shear and moderately strong instability ahead of the squall line resulted in the development of several tornadoes, as well as damaging wind and large hail up to quarter size, as the line of thunderstorms moved across the area.","This is the second segment of a two-segment tornado. In Mayes County, this tornado snapped and uprooted trees, damaged outbuildings, and snapped power poles as it moved northeast from the Rogers/Mayes County line south of the W 480 Road to northeast of the intersection of the W 430 Road and N 431 Road where it dissipated. Based on this damage, maximum estimated wind in this segment of the tornado was 90 to 100 mph.",CSV
201905,18,1132,201905,18,1135,137226,823683,OKLAHOMA,40,2019,May,Tornado,C,97,MAYES,TSA,18-MAY-19 11:32:00,CST-6,18-MAY-19 11:35:00,0,0,0,0,3.00K,0.00K,Emergency Manager,,,,,EF0,2.1,100.0,,,,,2.0,W,LANGLEY,1.0,NNW,LANGLEY ARPT,36.47,-95.086,36.4945,-95.0606,"A squall line moved through eastern Oklahoma during the morning hours of May 18th. Very strong low level wind shear and moderately strong instability ahead of the squall line resulted in the development of several tornadoes, as well as damaging wind and large hail up to quarter size, as the line of thunderstorms moved across the area.","This tornado snapped large tree limbs and blew down a few power poles. Based on this damage, maximum estimated wind in the tornado was 75 to 80 mph.",CSV
201905,18,1213,201905,18,1215,137226,823684,OKLAHOMA,40,2019,May,Tornado,C,61,HASKELL,TSA,18-MAY-19 12:13:00,CST-6,18-MAY-19 12:15:00,0,0,0,0,0.00K,0.00K,Fire Department/Rescue,,,,,EF1,1.2,100.0,,,,,3.0,NNW,MC CURTAIN,3.0,N,MC CURTAIN,35.1901,-94.9903,35.1876,-94.97,"A squall line moved through eastern Oklahoma during the morning hours of May 18th. Very strong low level wind shear and moderately strong instability ahead of the squall line resulted in the development of several tornadoes, as well as damaging wind and large hail up to quarter size, as the line of thunderstorms moved across the area.","This tornado uprooted trees and snapped large tree limbs. It was observed and photographed by a fireman and trained storm spotter. Based on this damage, maximum estimated wind in the tornado was 85 to 95 mph.",CSV
201905,18,1255,201905,18,1256,137226,823685,OKLAHOMA,40,2019,May,Tornado,C,79,LE FLORE,TSA,18-MAY-19 12:55:00,CST-6,18-MAY-19 12:56:00,0,0,0,0,10.00K,0.00K,NWS Storm Survey,,,,,EF0,0.3,400.0,TSA,AR,131.0,SEBASTIAN,1.0,SE,ARKOMA,1.0,ESE,ARKOMA,35.34,-94.4381,35.3408,-94.4331,"A squall line moved through eastern Oklahoma during the morning hours of May 18th. Very strong low level wind shear and moderately strong instability ahead of the squall line resulted in the development of several tornadoes, as well as damaging wind and large hail up to quarter size, as the line of thunderstorms moved across the area.","This is the first segment of a two-segment tornado. This tornado developed on the south side of Arkoma, where large tree limbs were snapped and the roofs of homes were damaged. The tornado quickly moved into Sebastian County, Arkansas. Based on the damage in Arkoma, maximum estimated wind in this segment of the tornado was 75 to 85 mph.",CSV
201906,19,1724,201906,19,1726,137911,828827,OKLAHOMA,40,2019,June,Tornado,C,89,MCCURTAIN,SHV,19-JUN-19 17:24:00,CST-6,19-JUN-19 17:26:00,0,0,0,0,50.00K,0.00K,NWS Storm Survey,,,,,EF1,0.38,75.0,,,,,1.0,WSW,HAWORTH,0.0,SSW,HAWORTH,33.8458,-94.6576,33.8478,-94.6515,"A complex of severe thunderstorms that tracked across portions of East Texas and Northwest Louisiana during the early morning hours of July 19th left behind a surface boundary which lifted north across Northeast Texas, Southeast Oklahoma, and Southwest Arkansas during the afternoon ahead of an approaching upper level shortwave trough. Strong heating near this surface boundary resulted in the development of moderate instability, with large scale forcing ahead of the approaching trough contributing to the development of a second round of severe thunderstorms during the late afternoon through the evening hours across portions of McCurtain County Oklahoma. These storms produced damaging winds which downed trees near Wright City and along the McCurtain County Oklahoma/Little River County Arkansas line, and produced large hail that fell in Idabel and near Broken Bow before moving into portions of Northeast Texas and Southwest Arkansas late in the afternoon. A brief, isolated tornado also touched down in the Haworth community.","An EF-1 tornado with maximum estimated winds near 90 mph touched down in Downtown Haworth. This tornado touched down on the west side of town near Choctaw Avenue and lifted just east of Elm Street along East 4th Street near the center of town. Most of the damage was to trees, but one uprooted tree fell on a home on West Arkansas Avenue and caused significant roof damage.",CSV
201905,25,2321,201905,25,2335,137771,830707,OKLAHOMA,40,2019,May,Tornado,C,37,CREEK,TSA,25-MAY-19 23:21:00,CST-6,25-MAY-19 23:35:00,0,0,0,0,750.00K,0.00K,NWS Storm Survey,,,,,EF1,10.9,1400.0,TSA,OK,143.0,TULSA,3.0,N,KELLYVILLE,1.0,NE,HILTON,35.9876,-96.2139,36.0337,-96.0299,"Severe thunderstorms developed over West Texas during the late afternoon of the 25th, ahead of a dry line. These storms evolved into a line of thunderstorms that moved across Oklahoma during the evening, reaching eastern Oklahoma by late evening. Very strong low level wind shear in the air mass over eastern Oklahoma ahead of the line of thunderstorms allowed for the development of multiple tornadoes along the leading edge of the storms. Damaging wind gusts and large hail up to quarter size also occurred across northeastern Oklahoma with these thunderstorms.","This is the first segment of a two-segment tornado. This large tornado developed west of Sapulpa, west of the intersection of I-44 and Highway 33. It moved east along Highway 66, then across the northern portion of Sapulpa. It crossed Hickory Hill Road near the Creek Turnpike, and moved into Tulsa County near W 91st Street S. In Creek County, the tornado damaged homes and businesses, snapped and uprooted numerous trees, and blew down power poles. Based on this damage, maximum estimated wind in this segment of the tornado was 100 to 110 mph.",CSV
201905,25,2335,201905,25,2338,137771,830710,OKLAHOMA,40,2019,May,Tornado,C,143,TULSA,TSA,25-MAY-19 23:35:00,CST-6,25-MAY-19 23:38:00,0,0,0,0,10.00K,0.00K,NWS Storm Survey,,,,,EF1,1.6,900.0,,,,,3.0,W,TULSA R L JONES ARPT,2.0,NW,TULSA R L JONES ARPT,36.0337,-96.0299,36.0471,-96.006,"Severe thunderstorms developed over West Texas during the late afternoon of the 25th, ahead of a dry line. These storms evolved into a line of thunderstorms that moved across Oklahoma during the evening, reaching eastern Oklahoma by late evening. Very strong low level wind shear in the air mass over eastern Oklahoma ahead of the line of thunderstorms allowed for the development of multiple tornadoes along the leading edge of the storms. Damaging wind gusts and large hail up to quarter size also occurred across northeastern Oklahoma with these thunderstorms.","This is the second segment of a two-segment tornado. This tornado crossed into Tulsa County near W 91st Street S, where large tree limbs were snapped and power poles were blown down. It moved northeast dissipating near Highway 75 and W 81 Street S. Based on this damage, maximum estimated wind in this segment of the tornado was 90 to 100 mph.",CSV
201905,22,1826,201905,22,1827,137725,830637,OKLAHOMA,40,2019,May,Tornado,C,131,ROGERS,TSA,22-MAY-19 18:26:00,CST-6,22-MAY-19 18:27:00,0,0,0,0,0.00K,0.00K,Trained Spotter,,,,,EFU,0.8,75.0,,,,,4.0,ESE,CATOOSA,5.0,SSE,VERDIGRIS,36.1624,-95.6727,36.1664,-95.6603,"Severe thunderstorms developed over northeastern Oklahoma during the afternoon hours of the 22nd, ahead of a cold front that moved into the area. Very strong instability and wind shear in the air mass ahead of the cold front allowed for the development of supercell thunderstorms, which affected the area through late evening. These supercells produced twenty-one documented tornadoes, including a significant tornado, large hail up to baseball size, damaging wind gusts, and locally heavy rainfall that resulted in flash flooding across northeastern Oklahoma.",This is the second segment of a two-segment tornado. This tornado was reported by a trained storm spotter. It developed south of Highway 412 in northern Wagoner County and moved east-northeast into southern Rogers County. There is no known damage from the tornado.,CSV
201905,25,2353,201905,25,2354,137771,830733,OKLAHOMA,40,2019,May,Tornado,C,145,WAGONER,TSA,25-MAY-19 23:53:00,CST-6,25-MAY-19 23:54:00,0,0,0,0,75.00K,0.00K,NWS Storm Survey,,,,,EF0,0.9,400.0,,,,,2.0,NE,BROKEN ARROW,2.0,NE,BROKEN ARROW,36.0704,-95.7617,36.072,-95.7459,"Severe thunderstorms developed over West Texas during the late afternoon of the 25th, ahead of a dry line. These storms evolved into a line of thunderstorms that moved across Oklahoma during the evening, reaching eastern Oklahoma by late evening. Very strong low level wind shear in the air mass over eastern Oklahoma ahead of the line of thunderstorms allowed for the development of multiple tornadoes along the leading edge of the storms. Damaging wind gusts and large hail up to quarter size also occurred across northeastern Oklahoma with these thunderstorms.","This is the second segment of a two-segment tornado. This tornado moved into Wagoner County just south of E Albany Street where the roofs of homes were damaged and large tree limbs were snapped. It moved east and dissipated before reaching S 209th East Avenue. Based on this damage, maximum estimated wind in this segment of the tornado was 75 to 80 mph.",CSV
201905,26,15,201905,26,15,137771,830735,OKLAHOMA,40,2019,May,Tornado,C,91,MCINTOSH,TSA,26-MAY-19 00:15:00,CST-6,26-MAY-19 00:15:00,0,0,0,0,0.00K,0.00K,Trained Spotter,,,,,EF0,0.2,75.0,,,,,5.0,W,RENTIESVILLE,5.0,W,RENTIESVILLE,35.5285,-95.5923,35.5285,-95.5923,"Severe thunderstorms developed over West Texas during the late afternoon of the 25th, ahead of a dry line. These storms evolved into a line of thunderstorms that moved across Oklahoma during the evening, reaching eastern Oklahoma by late evening. Very strong low level wind shear in the air mass over eastern Oklahoma ahead of the line of thunderstorms allowed for the development of multiple tornadoes along the leading edge of the storms. Damaging wind gusts and large hail up to quarter size also occurred across northeastern Oklahoma with these thunderstorms.","This brief tornado was reported by a trained storm spotter. It snapped large tree limbs. Based on this damage, maximum estimated wind in the tornado was 70 to 75 mph.",CSV
201905,22,1534,201905,22,1535,137725,830276,OKLAHOMA,40,2019,May,Tornado,C,107,OKFUSKEE,TSA,22-MAY-19 15:34:00,CST-6,22-MAY-19 15:35:00,0,0,0,0,0.00K,0.00K,Trained Spotter,,,,,EFU,0.5,100.0,,,,,4.0,SSW,CASTLE,4.0,SSW,CASTLE,35.4113,-96.4046,35.4203,-96.3993,"Severe thunderstorms developed over northeastern Oklahoma during the afternoon hours of the 22nd, ahead of a cold front that moved into the area. Very strong instability and wind shear in the air mass ahead of the cold front allowed for the development of supercell thunderstorms, which affected the area through late evening. These supercells produced twenty-one documented tornadoes, including a significant tornado, large hail up to baseball size, damaging wind gusts, and locally heavy rainfall that resulted in flash flooding across northeastern Oklahoma.","A brief tornado was observed by trained storm spotters. There is no known damage from this tornado, as the area in which this tornado occurred was inaccessible by road.",CSV
201905,22,1736,201905,22,1736,137725,830317,OKLAHOMA,40,2019,May,Tornado,C,101,MUSKOGEE,TSA,22-MAY-19 17:36:00,CST-6,22-MAY-19 17:36:00,0,0,0,0,0.00K,0.00K,Trained Spotter,,,,,EF0,0.2,75.0,,,,,1.0,NE,HASKELL,1.0,NE,HASKELL,35.8343,-95.6553,35.8343,-95.6553,"Severe thunderstorms developed over northeastern Oklahoma during the afternoon hours of the 22nd, ahead of a cold front that moved into the area. Very strong instability and wind shear in the air mass ahead of the cold front allowed for the development of supercell thunderstorms, which affected the area through late evening. These supercells produced twenty-one documented tornadoes, including a significant tornado, large hail up to baseball size, damaging wind gusts, and locally heavy rainfall that resulted in flash flooding across northeastern Oklahoma.","A brief tornado was reported by a trained storm spotter. An NWS damage survey found that the tornado snapped large tree limbs. Based on this damage, maximum estimated wind in the tornado was 70 to 80 mph.",CSV
201905,22,1744,201905,22,1753,137725,830330,OKLAHOMA,40,2019,May,Tornado,C,35,CRAIG,TSA,22-MAY-19 17:44:00,CST-6,22-MAY-19 17:53:00,0,0,0,0,0.00K,0.00K,NWS Storm Survey,,,,,EF1,5.1,350.0,,,,,6.0,ESE,CENTRALIA,2.0,NW,PYRAMID CORNERS,36.7813,-95.2521,36.8239,-95.1783,"Severe thunderstorms developed over northeastern Oklahoma during the afternoon hours of the 22nd, ahead of a cold front that moved into the area. Very strong instability and wind shear in the air mass ahead of the cold front allowed for the development of supercell thunderstorms, which affected the area through late evening. These supercells produced twenty-one documented tornadoes, including a significant tornado, large hail up to baseball size, damaging wind gusts, and locally heavy rainfall that resulted in flash flooding across northeastern Oklahoma.","This tornado snapped and uprooted trees. Based on this damage, maximum estimated wind in the tornado was 95 to 105 mph. Multiple people observed this tornado, and it produced a radar-detected debris signature.",CSV
201905,22,1759,201905,22,1801,137725,830344,OKLAHOMA,40,2019,May,Tornado,C,35,CRAIG,TSA,22-MAY-19 17:59:00,CST-6,22-MAY-19 18:01:00,0,0,0,0,3.00K,0.00K,NWS Storm Survey,,,,,EF1,1.5,150.0,,,,,2.0,NNE,PYRAMID CORNERS,2.0,SSW,WELCH,36.832,-95.1399,36.842,-95.1172,"Severe thunderstorms developed over northeastern Oklahoma during the afternoon hours of the 22nd, ahead of a cold front that moved into the area. Very strong instability and wind shear in the air mass ahead of the cold front allowed for the development of supercell thunderstorms, which affected the area through late evening. These supercells produced twenty-one documented tornadoes, including a significant tornado, large hail up to baseball size, damaging wind gusts, and locally heavy rainfall that resulted in flash flooding across northeastern Oklahoma.","This tornado uprooted trees and snapped power poles. Based on this damage, maximum estimated wind in the tornado was 85 to 90 mph. It was observed by a trained storm spotter.",CSV
201905,25,2304,201905,25,2307,137771,830702,OKLAHOMA,40,2019,May,Tornado,C,37,CREEK,TSA,25-MAY-19 23:04:00,CST-6,25-MAY-19 23:07:00,0,0,0,0,40.00K,0.00K,NWS Storm Survey,,,,,EF1,2.6,200.0,,,,,4.0,W,BELLVUE,1.0,W,BELLVUE,35.9011,-96.4495,35.9018,-96.4036,"Severe thunderstorms developed over West Texas during the late afternoon of the 25th, ahead of a dry line. These storms evolved into a line of thunderstorms that moved across Oklahoma during the evening, reaching eastern Oklahoma by late evening. Very strong low level wind shear in the air mass over eastern Oklahoma ahead of the line of thunderstorms allowed for the development of multiple tornadoes along the leading edge of the storms. Damaging wind gusts and large hail up to quarter size also occurred across northeastern Oklahoma with these thunderstorms.","This tornado damaged the roofs of several homes, damaged outbuildings, uprooted trees, and blew down power poles. Based on this damage, maximum estimated wind in the tornado was 85 to 95 mph.",CSV
201905,26,44,201905,26,47,137771,830739,OKLAHOMA,40,2019,May,Tornado,C,97,MAYES,TSA,26-MAY-19 00:44:00,CST-6,26-MAY-19 00:47:00,0,0,0,0,0.00K,0.00K,NWS Storm Survey,,,,,EF0,3.2,300.0,,,,,3.0,E,SALINA,5.0,N,ROSE,36.2973,-95.0889,36.2975,-95.0322,"Severe thunderstorms developed over West Texas during the late afternoon of the 25th, ahead of a dry line. These storms evolved into a line of thunderstorms that moved across Oklahoma during the evening, reaching eastern Oklahoma by late evening. Very strong low level wind shear in the air mass over eastern Oklahoma ahead of the line of thunderstorms allowed for the development of multiple tornadoes along the leading edge of the storms. Damaging wind gusts and large hail up to quarter size also occurred across northeastern Oklahoma with these thunderstorms.","This tornado developed west of NE 490 Drive, to the north of Kenwood Road. It moved east, crossed Kenwood Road, and dissipated east of the S 447 Road. The tornado uprooted trees and snapped large tree limbs. Based on this damage, maximum estimated wind in the tornado was 80 to 85 mph.",CSV
201905,22,1547,201905,22,1549,137725,830277,OKLAHOMA,40,2019,May,Tornado,C,107,OKFUSKEE,TSA,22-MAY-19 15:47:00,CST-6,22-MAY-19 15:49:00,0,0,0,0,25.00K,0.00K,NWS Storm Survey,,,,,EF1,0.8,75.0,,,,,2.0,NE,CASTLE,2.0,SW,LAKE OKEMAH,35.4935,-96.3606,35.5012,-96.3492,"Severe thunderstorms developed over northeastern Oklahoma during the afternoon hours of the 22nd, ahead of a cold front that moved into the area. Very strong instability and wind shear in the air mass ahead of the cold front allowed for the development of supercell thunderstorms, which affected the area through late evening. These supercells produced twenty-one documented tornadoes, including a significant tornado, large hail up to baseball size, damaging wind gusts, and locally heavy rainfall that resulted in flash flooding across northeastern Oklahoma.","This tornado destroyed outbuildings and snapped large tree limbs. It was observed by several people. Based on this damage, maximum estimated wind in the tornado was 85 to 95 mph.",CSV
201905,20,2154,201905,20,2204,137246,823788,OKLAHOMA,40,2019,May,Tornado,C,41,DELAWARE,TSA,20-MAY-19 21:54:00,CST-6,20-MAY-19 22:04:00,0,0,0,0,50.00K,0.00K,NWS Storm Survey,,,,,EF1,6.9,600.0,,,,,2.0,W,LEACH,2.0,NNE,TWIN OAKS,36.2036,-94.9533,36.2214,-94.8324,"A strong upper level storm system moved into the Southern Plains from the Rockies on the 20th and 21st. The attendant warm front moved from northern Texas northward into northeastern Oklahoma during the day on the 20th, and then the cold front associated with this storm system moved through eastern Oklahoma during the late evening of the 20th and early morning hours of the 21st. Warm, moist, and very unstable air resided across eastern Oklahoma ahead of this system. This pattern resulted in multiple rounds of severe thunderstorms across eastern Oklahoma from the early afternoon of the 20th through late morning of the 21st. Very strong wind shear coexisting with the strong instability resulted in some supercell thunderstorms that produced large hail up to golfball size and multiple tornadoes on the 20th. A squall line developed along the cold front that moved into the area during the morning of the 21st, and that line of storms produced multiple tornadoes along the leading edge. Locally heavy rainfall and subsequent flash flooding occurred across northeastern Oklahoma as multiple rounds of thunderstorms affected generally the same area.","This tornado damaged homes, destroyed outbuildings, and uprooted trees. It developed as the Peggs/Leach tornado was dissipating, and moved east-northeast across the end of the earlier tornado's path. Based on this damage, maximum estimated wind in the tornado was 85 to 95 mph.",CSV
201905,22,2348,201905,22,2351,137725,830696,OKLAHOMA,40,2019,May,Tornado,C,35,CRAIG,TSA,22-MAY-19 23:48:00,CST-6,22-MAY-19 23:51:00,0,0,0,0,0.00K,0.00K,NWS Storm Survey,,,,,EF1,2.6,1100.0,TSA,OK,41.0,DELAWARE,5.0,S,TODD,4.0,SSE,TODD,36.5938,-95.0387,36.6139,-94.9995,"Severe thunderstorms developed over northeastern Oklahoma during the afternoon hours of the 22nd, ahead of a cold front that moved into the area. Very strong instability and wind shear in the air mass ahead of the cold front allowed for the development of supercell thunderstorms, which affected the area through late evening. These supercells produced twenty-one documented tornadoes, including a significant tornado, large hail up to baseball size, damaging wind gusts, and locally heavy rainfall that resulted in flash flooding across northeastern Oklahoma.","This is the first segment of a two-segment tornado. This large tornado developed east of Highway 82 and south of Highway 69/60, where trees were uprooted. It moved northeast into Delaware County at the E 280 Road, where trees were uprooted. Based on this damage, maximum estimated wind in this segment of the tornado was 90 to 100 mph.",CSV
201905,22,2351,201905,23,0,137725,830699,OKLAHOMA,40,2019,May,Tornado,C,41,DELAWARE,TSA,22-MAY-19 23:51:00,CST-6,23-MAY-19 00:00:00,0,0,0,0,100.00K,0.00K,NWS Storm Survey,,,,,EF1,6.0,1100.0,,,,,3.0,NW,CLEORA,3.0,N,BERNICE,36.6139,-94.9995,36.6644,-94.9127,"Severe thunderstorms developed over northeastern Oklahoma during the afternoon hours of the 22nd, ahead of a cold front that moved into the area. Very strong instability and wind shear in the air mass ahead of the cold front allowed for the development of supercell thunderstorms, which affected the area through late evening. These supercells produced twenty-one documented tornadoes, including a significant tornado, large hail up to baseball size, damaging wind gusts, and locally heavy rainfall that resulted in flash flooding across northeastern Oklahoma.","This is the second segment of a two-segment tornado. This large tornado moved into Delaware County near the E 280 Road, where trees were uprooted. It moved northeast snapping and uprooting numerous trees, snapping power poles, destroying outbuildings, and damaging homes until it dissipated on Grand Lake near the Ottawa County line. Based on this damage, maximum estimated wind in this segment of the tornado was 100 to 110 mph.",CSV
201905,20,2129,201905,20,2145,137246,823784,OKLAHOMA,40,2019,May,Tornado,C,21,CHEROKEE,TSA,20-MAY-19 21:29:00,CST-6,20-MAY-19 21:45:00,1,0,0,0,800.00K,0.00K,NWS Storm Survey,,,,,EF2,11.9,2700.0,TSA,OK,41.0,DELAWARE,4.0,WSW,PEGGS,3.0,N,TERESITA,36.0526,-95.1535,36.1615,-94.9891,"A strong upper level storm system moved into the Southern Plains from the Rockies on the 20th and 21st. The attendant warm front moved from northern Texas northward into northeastern Oklahoma during the day on the 20th, and then the cold front associated with this storm system moved through eastern Oklahoma during the late evening of the 20th and early morning hours of the 21st. Warm, moist, and very unstable air resided across eastern Oklahoma ahead of this system. This pattern resulted in multiple rounds of severe thunderstorms across eastern Oklahoma from the early afternoon of the 20th through late morning of the 21st. Very strong wind shear coexisting with the strong instability resulted in some supercell thunderstorms that produced large hail up to golfball size and multiple tornadoes on the 20th. A squall line developed along the cold front that moved into the area during the morning of the 21st, and that line of storms produced multiple tornadoes along the leading edge. Locally heavy rainfall and subsequent flash flooding occurred across northeastern Oklahoma as multiple rounds of thunderstorms affected generally the same area.","This is the first segment of a two-segment tornado. This large tornado developed southwest of the intersection of the N 420 Road and the W 660 Road. It moved northeast snapping and uprooting trees, and destroying outbuildings when it crossed those roads. Significant tree damage occurred as the tornado crossed the W 650 Road and approached Highway 82, where homes and businesses were severely damaged and numerous trees were snapped in Peggs. After moving through Peggs, the tornado continued to move northeast across mainly rural, rugged terrain where significant tree damage was noted for several miles. It crossed the N 495 Road snapping trees, damaging homes, and destroying outbuildings, and then moved into Delaware County. Based on this damage, maximum estimated wind in this segment of the tornado was 110 to 120 mph.",CSV
201905,25,2333,201905,25,2339,137771,830724,OKLAHOMA,40,2019,May,Tornado,C,143,TULSA,TSA,25-MAY-19 23:33:00,CST-6,25-MAY-19 23:39:00,0,0,0,0,250.00K,0.00K,NWS Storm Survey,,,,,EF1,6.5,2200.0,,,,,3.0,WSW,TULSA R L JONES ARPT,3.0,ESE,JENKS,36.0058,-96.0297,36.0106,-95.9137,"Severe thunderstorms developed over West Texas during the late afternoon of the 25th, ahead of a dry line. These storms evolved into a line of thunderstorms that moved across Oklahoma during the evening, reaching eastern Oklahoma by late evening. Very strong low level wind shear in the air mass over eastern Oklahoma ahead of the line of thunderstorms allowed for the development of multiple tornadoes along the leading edge of the storms. Damaging wind gusts and large hail up to quarter size also occurred across northeastern Oklahoma with these thunderstorms.","This is the second segment of a two-segment tornado. This tornado moved into Tulsa County near W 111th Street S and moved east across Jenks. It crossed the Arkansas River and dissipated east of S Yale Avenue, north of E 111th Street S. The tornado damaged the roofs of numerous homes, snapped or uprooted many trees, and blew down numerous power poles. Based on this damage, maximum estimated wind in the tornado was 90 to 100 mph.",CSV
201905,25,2327,201905,25,2333,137771,830719,OKLAHOMA,40,2019,May,Tornado,C,37,CREEK,TSA,25-MAY-19 23:27:00,CST-6,25-MAY-19 23:33:00,0,0,0,0,800.00K,0.00K,NWS Storm Survey,,,,,EF1,5.8,2200.0,TSA,OK,143.0,TULSA,2.0,WSW,SAPULPA,2.0,SE,HILTON,35.9911,-96.132,36.0058,-96.0297,"Severe thunderstorms developed over West Texas during the late afternoon of the 25th, ahead of a dry line. These storms evolved into a line of thunderstorms that moved across Oklahoma during the evening, reaching eastern Oklahoma by late evening. Very strong low level wind shear in the air mass over eastern Oklahoma ahead of the line of thunderstorms allowed for the development of multiple tornadoes along the leading edge of the storms. Damaging wind gusts and large hail up to quarter size also occurred across northeastern Oklahoma with these thunderstorms.","This is the first segment of a two-segment tornado. This large tornado developed near the Sapulpa Golf Course and moved east across Sapulpa, roughly between E Taft Avenue and E Dewey Avenue. It crossed Hickory Hill Road and S 49th West Avenue south of the Creek Turnpike, and moved into Tulsa County near W 111th Street S. The tornado damaged the roofs of many homes, damaged businesses, snapped numerous power poles, and snapped or uprooted numerous trees. Based on this damage, maximum estimated wind in this segment of the tornado was 100 to 110 mph.",CSV
201905,20,2101,201905,20,2111,137246,823782,OKLAHOMA,40,2019,May,Tornado,C,111,OKMULGEE,TSA,20-MAY-19 21:01:00,CST-6,20-MAY-19 21:11:00,0,0,0,0,25.00K,0.00K,NWS Storm Survey,,,,,EF1,4.4,450.0,,,,,5.0,N,BALD HILL,6.0,ENE,HECTOR,35.794,-95.8454,35.8545,-95.8194,"A strong upper level storm system moved into the Southern Plains from the Rockies on the 20th and 21st. The attendant warm front moved from northern Texas northward into northeastern Oklahoma during the day on the 20th, and then the cold front associated with this storm system moved through eastern Oklahoma during the late evening of the 20th and early morning hours of the 21st. Warm, moist, and very unstable air resided across eastern Oklahoma ahead of this system. This pattern resulted in multiple rounds of severe thunderstorms across eastern Oklahoma from the early afternoon of the 20th through late morning of the 21st. Very strong wind shear coexisting with the strong instability resulted in some supercell thunderstorms that produced large hail up to golfball size and multiple tornadoes on the 20th. A squall line developed along the cold front that moved into the area during the morning of the 21st, and that line of storms produced multiple tornadoes along the leading edge. Locally heavy rainfall and subsequent flash flooding occurred across northeastern Oklahoma as multiple rounds of thunderstorms affected generally the same area.","This tornado damaged a home, destroyed an outbuilding, snapped and uprooted trees, and blew down power poles as it moved north-northeast. Based on this damage, maximum estimated wind in the tornado was 95 to 105 mph.",CSV
201905,25,2351,201905,25,2353,137771,830731,OKLAHOMA,40,2019,May,Tornado,C,143,TULSA,TSA,25-MAY-19 23:51:00,CST-6,25-MAY-19 23:53:00,0,0,0,0,100.00K,0.00K,NWS Storm Survey,,,,,EF0,0.9,400.0,TSA,OK,145.0,WAGONER,1.0,N,BROKEN ARROW,2.0,NE,BROKEN ARROW,36.0693,-95.778,36.0704,-95.7617,"Severe thunderstorms developed over West Texas during the late afternoon of the 25th, ahead of a dry line. These storms evolved into a line of thunderstorms that moved across Oklahoma during the evening, reaching eastern Oklahoma by late evening. Very strong low level wind shear in the air mass over eastern Oklahoma ahead of the line of thunderstorms allowed for the development of multiple tornadoes along the leading edge of the storms. Damaging wind gusts and large hail up to quarter size also occurred across northeastern Oklahoma with these thunderstorms.","This is the first segment of a two-segment tornado. This tornado developed near Lynn Lane, north of the Broken Arrow Expressway. It moved east across several neighborhoods, where the roofs of homes were damaged and large tree limbs were snapped. It moved across the southern portion of the Broken Arrow High School facilities, where the baseball field was damaged. Based on this damage, maximum estimated wind in this segment of the tornado was 75 to 80 mph. The tornado continued into Wagoner County.",CSV
201905,22,1703,201905,22,1703,137725,830315,OKLAHOMA,40,2019,May,Tornado,C,111,OKMULGEE,TSA,22-MAY-19 17:03:00,CST-6,22-MAY-19 17:03:00,0,0,0,0,0.00K,0.00K,Trained Spotter,,,,,EF0,0.2,75.0,,,,,3.0,NW,MORRIS,3.0,NW,MORRIS,35.6237,-95.8869,35.6237,-95.8869,"Severe thunderstorms developed over northeastern Oklahoma during the afternoon hours of the 22nd, ahead of a cold front that moved into the area. Very strong instability and wind shear in the air mass ahead of the cold front allowed for the development of supercell thunderstorms, which affected the area through late evening. These supercells produced twenty-one documented tornadoes, including a significant tornado, large hail up to baseball size, damaging wind gusts, and locally heavy rainfall that resulted in flash flooding across northeastern Oklahoma.","A brief tornado was reported by a trained storm spotter. An NWS damage survey found that the tornado snapped large tree limbs. Based on this damage, maximum estimated wind in the tornado was 70 to 80 mph.",CSV
201905,21,508,201905,21,511,137246,823798,OKLAHOMA,40,2019,May,Tornado,C,37,CREEK,TSA,21-MAY-19 05:08:00,CST-6,21-MAY-19 05:11:00,0,0,0,0,0.00K,0.00K,NWS Storm Survey,,,,,EF1,1.6,75.0,,,,,4.0,WNW,SAPULPA,4.0,NW,SAPULPA,36.0231,-96.1655,36.0435,-96.159,"A strong upper level storm system moved into the Southern Plains from the Rockies on the 20th and 21st. The attendant warm front moved from northern Texas northward into northeastern Oklahoma during the day on the 20th, and then the cold front associated with this storm system moved through eastern Oklahoma during the late evening of the 20th and early morning hours of the 21st. Warm, moist, and very unstable air resided across eastern Oklahoma ahead of this system. This pattern resulted in multiple rounds of severe thunderstorms across eastern Oklahoma from the early afternoon of the 20th through late morning of the 21st. Very strong wind shear coexisting with the strong instability resulted in some supercell thunderstorms that produced large hail up to golfball size and multiple tornadoes on the 20th. A squall line developed along the cold front that moved into the area during the morning of the 21st, and that line of storms produced multiple tornadoes along the leading edge. Locally heavy rainfall and subsequent flash flooding occurred across northeastern Oklahoma as multiple rounds of thunderstorms affected generally the same area.","This tornado developed south of Sahoma Lake and moved north across the lake, then to the northeast, dissipating before reaching W 81st St S. The path is primarily based on radar data, which detected a strong gate-to-gate circulation and debris signature. A storm survey team from NWS Tulsa investigated the area for damage but couldn't access by road the area where the tornado occurred. The area is heavily wooded, which is most likely the origin of the radar detected tornadic debris signature. This tornado was observed by several people.",CSV
201905,18,1003,201905,18,1008,137226,823675,OKLAHOMA,40,2019,May,Tornado,C,143,TULSA,TSA,18-MAY-19 10:03:00,CST-6,18-MAY-19 10:08:00,0,0,0,0,5.00K,0.00K,NWS Storm Survey,,,,,EF0,3.7,350.0,,,,,3.0,ESE,GLENPOOL,1.0,NW,BIXBY,35.9285,-95.9464,35.9584,-95.891,"A squall line moved through eastern Oklahoma during the morning hours of May 18th. Very strong low level wind shear and moderately strong instability ahead of the squall line resulted in the development of several tornadoes, as well as damaging wind and large hail up to quarter size, as the line of thunderstorms moved across the area.","This tornado developed just southwest of the intersection of E 161st St S and S Harvard Avenue, where an outbuilding was damaged and large tree limbs were snapped. The tornado moved northeast snapping large tree limbs on the south side of Whitehawk Golf Club, as well as in the neighborhoods east of the golf course. It dissipated before crossing Highway 64. Based on this damage, maximum estimated wind in the tornado was 75 to 80 mph.",CSV
201905,25,2314,201905,25,2324,137771,830704,OKLAHOMA,40,2019,May,Tornado,C,37,CREEK,TSA,25-MAY-19 23:14:00,CST-6,25-MAY-19 23:24:00,0,0,0,0,250.00K,0.00K,NWS Storm Survey,,,,,EF1,10.7,1000.0,,,,,4.0,E,BELLVUE,3.0,W,KIEFER,35.9079,-96.3092,35.9477,-96.126,"Severe thunderstorms developed over West Texas during the late afternoon of the 25th, ahead of a dry line. These storms evolved into a line of thunderstorms that moved across Oklahoma during the evening, reaching eastern Oklahoma by late evening. Very strong low level wind shear in the air mass over eastern Oklahoma ahead of the line of thunderstorms allowed for the development of multiple tornadoes along the leading edge of the storms. Damaging wind gusts and large hail up to quarter size also occurred across northeastern Oklahoma with these thunderstorms.","This tornado developed southwest of Kellyville near the intersection of I-44 and Highway 66, and moved east passing south of Kellyville before turning toward the northeast and dissipating east of town. It snapped and uprooted numerous trees, and destroyed outbuildings. Based on this damage, maximum estimated wind in the tornado was 90 to 100 mph.",CSV
201905,21,529,201905,21,530,137246,823799,OKLAHOMA,40,2019,May,Tornado,C,143,TULSA,TSA,21-MAY-19 05:29:00,CST-6,21-MAY-19 05:30:00,0,0,0,0,0.00K,0.00K,NWS Storm Survey,,,,,EF0,0.4,75.0,,,,,2.0,NW,TULSA,2.0,NW,TULSA,36.1708,-95.9739,36.1762,-95.9751,"A strong upper level storm system moved into the Southern Plains from the Rockies on the 20th and 21st. The attendant warm front moved from northern Texas northward into northeastern Oklahoma during the day on the 20th, and then the cold front associated with this storm system moved through eastern Oklahoma during the late evening of the 20th and early morning hours of the 21st. Warm, moist, and very unstable air resided across eastern Oklahoma ahead of this system. This pattern resulted in multiple rounds of severe thunderstorms across eastern Oklahoma from the early afternoon of the 20th through late morning of the 21st. Very strong wind shear coexisting with the strong instability resulted in some supercell thunderstorms that produced large hail up to golfball size and multiple tornadoes on the 20th. A squall line developed along the cold front that moved into the area during the morning of the 21st, and that line of storms produced multiple tornadoes along the leading edge. Locally heavy rainfall and subsequent flash flooding occurred across northeastern Oklahoma as multiple rounds of thunderstorms affected generally the same area.","This tornado moved north across a mainly industrial area east of N Peoria Avenue and south of Highway 75. Radar detected a tornadic debris signature in this area, and a survey team from NWS Tulsa investigated the area. No damage was found in the industrial area, as access to the area where the tornado occurred was limited. This tornado dissipated just before a stronger tornado developed near this location.",CSV
201905,22,2034,201905,22,2107,137725,830679,OKLAHOMA,40,2019,May,Tornado,C,41,DELAWARE,TSA,22-MAY-19 20:34:00,CST-6,22-MAY-19 21:07:00,0,0,0,0,500.00K,0.00K,NWS Storm Survey,,,,,EF2,16.5,1100.0,SGF,MO,119.0,MCDONALD,1.0,NW,JAY,6.0,E,GROVE ARPT,36.4307,-94.8135,36.606,-94.6178,"Severe thunderstorms developed over northeastern Oklahoma during the afternoon hours of the 22nd, ahead of a cold front that moved into the area. Very strong instability and wind shear in the air mass ahead of the cold front allowed for the development of supercell thunderstorms, which affected the area through late evening. These supercells produced twenty-one documented tornadoes, including a significant tornado, large hail up to baseball size, damaging wind gusts, and locally heavy rainfall that resulted in flash flooding across northeastern Oklahoma.","This is the first segment of a two-segment tornado. The tornado developed on the west side of Jay and moved northeast severely damaging two homes and snapping numerous trees and power poles near Highway 59. The tornado continued northeast, destroying two mobile homes and snapping trees and power poles near the intersection of the E 380 Road and S 630 Road. It then moved northeast across heavily wooded terrain, crossed the E 340 Road, and then the E 290 Road. Trees were uprooted, large tree limbs were snapped, power poles were blown down, and outbuildings were damaged by the tornado throughout this wide and lengthy portion of the path. Based on this damage, maximum estimated wind in this segment of the tornado was 110 to 120 mph. It was observed by multiple people and produced a radar-detected debris signature. The tornado continued into McDonald County, Missouri.",CSV
201905,22,1541,201905,22,1543,137725,832380,OKLAHOMA,40,2019,May,Tornado,C,107,OKFUSKEE,TSA,22-MAY-19 15:41:00,CST-6,22-MAY-19 15:43:00,0,0,0,0,0.00K,0.00K,Storm Chaser,,,,,EFU,1.0,50.0,,,,,1.0,SSW,CASTLE,0.0,ESE,CASTLE,35.4538,-96.3853,35.4692,-96.3753,"Severe thunderstorms developed over northeastern Oklahoma during the afternoon hours of the 22nd, ahead of a cold front that moved into the area. Very strong instability and wind shear in the air mass ahead of the cold front allowed for the development of supercell thunderstorms, which affected the area through late evening. These supercells produced twenty-one documented tornadoes, including a significant tornado, large hail up to baseball size, damaging wind gusts, and locally heavy rainfall that resulted in flash flooding across northeastern Oklahoma.",Storm chasers observed a tornado south through southeast of Castle. No known damage occurred from this tornado.,CSV
201905,22,1825,201905,22,1826,137725,830634,OKLAHOMA,40,2019,May,Tornado,C,145,WAGONER,TSA,22-MAY-19 18:25:00,CST-6,22-MAY-19 18:26:00,0,0,0,0,0.00K,0.00K,Trained Spotter,,,,,EFU,1.0,75.0,TSA,OK,131.0,ROGERS,9.0,NE,BROKEN ARROW,10.0,NE,BROKEN ARROW,36.1563,-95.6889,36.1624,-95.6727,"Severe thunderstorms developed over northeastern Oklahoma during the afternoon hours of the 22nd, ahead of a cold front that moved into the area. Very strong instability and wind shear in the air mass ahead of the cold front allowed for the development of supercell thunderstorms, which affected the area through late evening. These supercells produced twenty-one documented tornadoes, including a significant tornado, large hail up to baseball size, damaging wind gusts, and locally heavy rainfall that resulted in flash flooding across northeastern Oklahoma.","This is the first segment of a two-segment tornado. This tornado was reported by a trained storm spotter. It developed south of Highway 412 in northern Wagoner County, and moved east-northeast into southern Rogers County. There is no known damage from the tornado.",CSV
201905,22,2339,201905,22,2340,137725,830691,OKLAHOMA,40,2019,May,Tornado,C,35,CRAIG,TSA,22-MAY-19 23:39:00,CST-6,22-MAY-19 23:40:00,0,0,0,0,5.00K,0.00K,Trained Spotter,,,,,EF0,0.5,150.0,,,,,4.0,SE,VINITA,3.0,E,VINITA ARPT,36.6091,-95.099,36.6143,-95.0876,"Severe thunderstorms developed over northeastern Oklahoma during the afternoon hours of the 22nd, ahead of a cold front that moved into the area. Very strong instability and wind shear in the air mass ahead of the cold front allowed for the development of supercell thunderstorms, which affected the area through late evening. These supercells produced twenty-one documented tornadoes, including a significant tornado, large hail up to baseball size, damaging wind gusts, and locally heavy rainfall that resulted in flash flooding across northeastern Oklahoma.","This tornado was reported by a trained storm spotter. The tornado snapped large tree limbs and blew down power poles. Based on this damage, maximum estimated wind in the tornado was 80 to 85 mph.",CSV
201905,22,1825,201905,22,1834,137725,830640,OKLAHOMA,40,2019,May,Tornado,C,115,OTTAWA,TSA,22-MAY-19 18:25:00,CST-6,22-MAY-19 18:34:00,0,0,0,0,75.00K,0.00K,NWS Storm Survey,,,,,EF1,4.5,1100.0,SGF,KS,21.0,CHEROKEE,4.0,NW,NORTH MIAMI,2.0,NNW,CARDIN,36.9535,-94.9301,36.9989,-94.8707,"Severe thunderstorms developed over northeastern Oklahoma during the afternoon hours of the 22nd, ahead of a cold front that moved into the area. Very strong instability and wind shear in the air mass ahead of the cold front allowed for the development of supercell thunderstorms, which affected the area through late evening. These supercells produced twenty-one documented tornadoes, including a significant tornado, large hail up to baseball size, damaging wind gusts, and locally heavy rainfall that resulted in flash flooding across northeastern Oklahoma.","This is the first segment of a two-segment tornado. In Ottawa County, this large tornado developed southwest of the E 40 Road and S 530 Road intersection. It moved northeast damaging a few homes, destroying outbuildings, snapping or uprooting trees, and snapping power poles. Based on this damage, maximum estimated wind in this segment of the tornado was 95 to 105 mph. This tornado was observed by multiple people, and it produced a radar-detected debris signature. The tornado continued into Cherokee County, Kansas.",CSV
201905,22,1909,201905,22,1919,137725,830644,OKLAHOMA,40,2019,May,Tornado,C,97,MAYES,TSA,22-MAY-19 19:09:00,CST-6,22-MAY-19 19:19:00,0,0,0,0,25.00K,0.00K,NWS Storm Survey,,,,,EF1,3.1,650.0,,,,,1.0,NNE,PRYOR,2.0,SSW,GREEN,36.3138,-95.3108,36.3567,-95.2885,"Severe thunderstorms developed over northeastern Oklahoma during the afternoon hours of the 22nd, ahead of a cold front that moved into the area. Very strong instability and wind shear in the air mass ahead of the cold front allowed for the development of supercell thunderstorms, which affected the area through late evening. These supercells produced twenty-one documented tornadoes, including a significant tornado, large hail up to baseball size, damaging wind gusts, and locally heavy rainfall that resulted in flash flooding across northeastern Oklahoma.","This tornado developed on the north side of Pryor and moved north-northeast, damaging outbuildings, uprooting trees, and snapping large tree limbs. It dissipated near the Rocklahoma grounds, and produced a radar-detected debris signature. Based on this damage, maximum estimated wind in the tornado was 90 to 100 mph.",CSV
201905,22,1931,201905,22,1931,137725,830648,OKLAHOMA,40,2019,May,Tornado,C,113,OSAGE,TSA,22-MAY-19 19:31:00,CST-6,22-MAY-19 19:31:00,0,0,0,0,0.00K,0.00K,Trained Spotter,,,,,EFU,0.2,75.0,,,,,5.0,W,HOMINY,5.0,W,HOMINY,36.42,-96.4881,36.42,-96.4881,"Severe thunderstorms developed over northeastern Oklahoma during the afternoon hours of the 22nd, ahead of a cold front that moved into the area. Very strong instability and wind shear in the air mass ahead of the cold front allowed for the development of supercell thunderstorms, which affected the area through late evening. These supercells produced twenty-one documented tornadoes, including a significant tornado, large hail up to baseball size, damaging wind gusts, and locally heavy rainfall that resulted in flash flooding across northeastern Oklahoma.",Trained storm spotters reported a brief tornado over open country.,CSV
201905,22,1944,201905,22,1944,137725,830649,OKLAHOMA,40,2019,May,Tornado,C,97,MAYES,TSA,22-MAY-19 19:44:00,CST-6,22-MAY-19 19:44:00,0,0,0,0,0.00K,0.00K,Trained Spotter,,,,,EFU,0.2,100.0,,,,,4.0,NW,LOCUST GROVE,4.0,NW,LOCUST GROVE,36.2358,-95.2144,36.2358,-95.2144,"Severe thunderstorms developed over northeastern Oklahoma during the afternoon hours of the 22nd, ahead of a cold front that moved into the area. Very strong instability and wind shear in the air mass ahead of the cold front allowed for the development of supercell thunderstorms, which affected the area through late evening. These supercells produced twenty-one documented tornadoes, including a significant tornado, large hail up to baseball size, damaging wind gusts, and locally heavy rainfall that resulted in flash flooding across northeastern Oklahoma.",Trained storm spotters reported a brief tornado. No known damage resulted from this tornado.,CSV
201905,22,1952,201905,22,2002,137725,830653,OKLAHOMA,40,2019,May,Tornado,C,97,MAYES,TSA,22-MAY-19 19:52:00,CST-6,22-MAY-19 20:02:00,0,0,0,0,0.00K,0.00K,NWS Storm Survey,,,,,EF1,5.3,400.0,,,,,1.0,ESE,BOATMAN,3.0,ENE,SALINA,36.2661,-95.1683,36.3173,-95.105,"Severe thunderstorms developed over northeastern Oklahoma during the afternoon hours of the 22nd, ahead of a cold front that moved into the area. Very strong instability and wind shear in the air mass ahead of the cold front allowed for the development of supercell thunderstorms, which affected the area through late evening. These supercells produced twenty-one documented tornadoes, including a significant tornado, large hail up to baseball size, damaging wind gusts, and locally heavy rainfall that resulted in flash flooding across northeastern Oklahoma.","This tornado developed on the west side of Lake Hudson, and moved east-northeast across the lake south of Salina. It crossed Highway 82 and moved northeast uprooting trees, and snapping large tree limbs. The tornado dissipated near the E 483 Road, northeast of Salina. Based on the tree damage, maximum estimated wind in the tornado was 85 to 95 mph. Trained storm spotters observed this tornado.",CSV
201905,22,1643,201905,22,1650,137725,830314,OKLAHOMA,40,2019,May,Tornado,C,111,OKMULGEE,TSA,22-MAY-19 16:43:00,CST-6,22-MAY-19 16:50:00,0,0,0,0,0.00K,0.00K,NWS Storm Survey,,,,,EF1,3.3,400.0,,,,,7.0,S,NUYAKA,4.0,SSW,NUYAKA,35.5519,-96.1403,35.5987,-96.1465,"Severe thunderstorms developed over northeastern Oklahoma during the afternoon hours of the 22nd, ahead of a cold front that moved into the area. Very strong instability and wind shear in the air mass ahead of the cold front allowed for the development of supercell thunderstorms, which affected the area through late evening. These supercells produced twenty-one documented tornadoes, including a significant tornado, large hail up to baseball size, damaging wind gusts, and locally heavy rainfall that resulted in flash flooding across northeastern Oklahoma.","This is the second segment of a two-segment tornado. This tornado moved into Okmulgee County over the west side of Dripping Springs Lake and moved north snapping and uprooting numerous trees from south of the E 1000 Road to north of the E 990 Road. The tornado turned north-northwest and dissipated near the E 980 Road and east of Highway 56. Based on the extensive damage to trees, maximum estimated wind in this segment of the tornado was 100 to 110 mph. This tornado was observed by several people, and produced a radar-detected debris signature.",CSV
201905,22,1928,201905,22,1928,137725,830647,OKLAHOMA,40,2019,May,Tornado,C,113,OSAGE,TSA,22-MAY-19 19:28:00,CST-6,22-MAY-19 19:28:00,0,0,0,0,0.00K,0.00K,Trained Spotter,,,,,EFU,0.2,100.0,,,,,7.0,W,HOMINY,7.0,W,HOMINY,36.42,-96.5205,36.42,-96.5205,"Severe thunderstorms developed over northeastern Oklahoma during the afternoon hours of the 22nd, ahead of a cold front that moved into the area. Very strong instability and wind shear in the air mass ahead of the cold front allowed for the development of supercell thunderstorms, which affected the area through late evening. These supercells produced twenty-one documented tornadoes, including a significant tornado, large hail up to baseball size, damaging wind gusts, and locally heavy rainfall that resulted in flash flooding across northeastern Oklahoma.",Trained storm spotters reported a brief tornado over open country.,CSV
201905,22,1610,201905,22,1612,137725,830280,OKLAHOMA,40,2019,May,Tornado,C,107,OKFUSKEE,TSA,22-MAY-19 16:10:00,CST-6,22-MAY-19 16:12:00,0,0,0,0,10.00K,0.00K,NWS Storm Survey,,,,,EF1,0.6,125.0,,,,,0.0,N,OKFUSKEE,1.0,NE,OKFUSKEE,35.6066,-96.2292,35.6108,-96.2204,"Severe thunderstorms developed over northeastern Oklahoma during the afternoon hours of the 22nd, ahead of a cold front that moved into the area. Very strong instability and wind shear in the air mass ahead of the cold front allowed for the development of supercell thunderstorms, which affected the area through late evening. These supercells produced twenty-one documented tornadoes, including a significant tornado, large hail up to baseball size, damaging wind gusts, and locally heavy rainfall that resulted in flash flooding across northeastern Oklahoma.","This tornado snapped trees, damaged a barn, and blew round hay bales out of a field across a road. Several people witnessed this tornado and it produced a radar-detected debris signature. Based on this damage, maximum estimated wind in the tornado was 90 to 100 mph.",CSV
201905,22,1632,201905,22,1643,137725,830306,OKLAHOMA,40,2019,May,Tornado,C,107,OKFUSKEE,TSA,22-MAY-19 16:32:00,CST-6,22-MAY-19 16:43:00,0,0,0,0,10.00K,0.00K,NWS Storm Survey,,,,,EF1,4.4,400.0,TSA,OK,111.0,OKMULGEE,5.0,NNW,PHAROAH,6.0,ESE,OKFUSKEE,35.4903,-96.1605,35.5519,-96.1403,"Severe thunderstorms developed over northeastern Oklahoma during the afternoon hours of the 22nd, ahead of a cold front that moved into the area. Very strong instability and wind shear in the air mass ahead of the cold front allowed for the development of supercell thunderstorms, which affected the area through late evening. These supercells produced twenty-one documented tornadoes, including a significant tornado, large hail up to baseball size, damaging wind gusts, and locally heavy rainfall that resulted in flash flooding across northeastern Oklahoma.","This is the first segment of a two-segment tornado. This tornado developed near the E 1050 Road and moved north-northeast toward, and ultimately across, Dripping Springs Lake near the county line. In Okfuskee County, the tornado snapped trees and damaged outbuildings. Based on this damage, maximum estimated wind in this segment of the tornado was 100 to 110 mph. Several people observed the tornado, and it produced a radar-detected debris signature. The tornado continued into Okmulgee County.",CSV
201905,22,1623,201905,22,1633,137725,830281,OKLAHOMA,40,2019,May,Tornado,C,107,OKFUSKEE,TSA,22-MAY-19 16:23:00,CST-6,22-MAY-19 16:33:00,0,0,0,0,40.00K,0.00K,NWS Storm Survey,,,,,EF1,6.0,650.0,,,,,3.0,NW,CLEARVIEW,6.0,ESE,MORSE,35.4313,-96.2168,35.5067,-96.1709,"Severe thunderstorms developed over northeastern Oklahoma during the afternoon hours of the 22nd, ahead of a cold front that moved into the area. Very strong instability and wind shear in the air mass ahead of the cold front allowed for the development of supercell thunderstorms, which affected the area through late evening. These supercells produced twenty-one documented tornadoes, including a significant tornado, large hail up to baseball size, damaging wind gusts, and locally heavy rainfall that resulted in flash flooding across northeastern Oklahoma.","This tornado developed just north of I-40 and moved northeast, damaging homes, snapping trees, and destroying outbuildings. The tornado began to turn north at about the E 1065 Road, and dissipated near the E 1040 Road. Based on this damage, maximum estimated wind in the tornado was 100 to 110 mph.",CSV
201906,2,1918,201906,2,1918,139175,837050,OKLAHOMA,40,2019,June,Tornado,C,25,CIMARRON,AMA,02-JUN-19 19:18:00,CST-6,02-JUN-19 19:18:00,0,0,0,0,0.00K,0.00K,NWS Employee,,,,,EF0,0.01,20.0,,,,,6.0,NNE,FELT,6.0,NNE,FELT,36.65,-102.76,36.65,-102.76,"An upper level disturbance generated a multi cell cluster of thunderstorms over parts of northeastern New Mexico. Favorable winds with low level moisture and instability in the central and western Oklahoma Panhandle allowed thunderstorms to maintain their strength as they moved east from New Mexico into the area. Large hail up to golf balls and even a landspout was reported in Cimarron County, OK. Some thunderstorms across the western OK Panhandle did back build over the same areas which resulted in a few reports of flooding across parts of Cimarron County.",A landspout with a tubular dust cloud lasted 2 minutes in open country causing no damage.,CSV
201905,22,1707,201905,22,1707,137725,830316,OKLAHOMA,40,2019,May,Tornado,C,143,TULSA,TSA,22-MAY-19 17:07:00,CST-6,22-MAY-19 17:07:00,0,0,0,0,0.00K,0.00K,Trained Spotter,,,,,EF0,0.2,75.0,,,,,3.0,NNE,TURLEY,3.0,NNE,TURLEY,36.2923,-95.9378,36.2923,-95.9378,"Severe thunderstorms developed over northeastern Oklahoma during the afternoon hours of the 22nd, ahead of a cold front that moved into the area. Very strong instability and wind shear in the air mass ahead of the cold front allowed for the development of supercell thunderstorms, which affected the area through late evening. These supercells produced twenty-one documented tornadoes, including a significant tornado, large hail up to baseball size, damaging wind gusts, and locally heavy rainfall that resulted in flash flooding across northeastern Oklahoma.","A brief tornado was reported by a trained storm spotter. An NWS damage survey found that the tornado snapped large tree limbs. Based on this damage, maximum estimated wind in the tornado was 70 to 80 mph.",CSV
201910,20,2101,201910,20,2102,143035,858541,OKLAHOMA,40,2019,October,Tornado,C,123,PONTOTOC,OUN,20-OCT-19 21:01:00,CST-6,20-OCT-19 21:02:00,0,0,0,0,5.00K,0.00K,NWS Storm Survey,,,,,EF1,0.25,150.0,,,,,11.0,NNW,VANOSS,11.0,NNW,VANOSS,34.91,-96.92,34.91,-96.92,A strong upper wave and a cold front initiated numerous thunderstorms with a variety of severe hazards on the evening of the 20th.,"Known damage from this tornado was located about 5 miles south of Asher or about 10 miles southwest of Konowa in extreme northwestern Ponotoc County. A barn was destroyed and a couple of other farm buildings were damaged near the intersection of State Highway 3W and County Road 1450. Otherwise, the path occurred in areas inaccessible by road.",CSV
201910,20,2112,201910,20,2115,143035,858542,OKLAHOMA,40,2019,October,Tornado,C,133,SEMINOLE,OUN,20-OCT-19 21:12:00,CST-6,20-OCT-19 21:15:00,0,0,0,0,10.00K,0.00K,NWS Storm Survey,,,,,EF1,2.8,100.0,,,,,2.0,WSW,VAMOOSA,1.0,N,VAMOOSA,34.98,-96.7,35.0,-96.67,A strong upper wave and a cold front initiated numerous thunderstorms with a variety of severe hazards on the evening of the 20th.,Several wooden power poles were snapped and trees were damaged along County Road EW 1400 to the west of State Highway 99. The tornado moved east and then turned northeast after crossing State Highway 99 where additional tree damage was observed. Other potential portions of this tornado path were also in areas inaccessible by road.,CSV
201908,26,2001,201908,26,2001,141581,853548,OKLAHOMA,40,2019,August,Tornado,C,109,OKLAHOMA,OUN,26-AUG-19 20:01:00,CST-6,26-AUG-19 20:01:00,0,0,0,0,0.00K,0.00K,NWS Storm Survey,,,,,EF0,0.12,100.0,,,,,6.0,NNW,EDMOND,6.0,NNW,EDMOND,35.726,-97.514,35.726,-97.514,A highly unstable airmass and a cold front produced intense thunderstorms with widespread various severe hazards including widespread wind damage across the OKC metro area.,A tornado that developed in Logan County moved south-southwest into Oklahoma County as it crossed Waterloo Road before quickly dissipating south of Waterloo Road near Santa Fe Avenue. Damage in Oklahoma County was confined to broken tree limbs.,CSV
201908,26,1955,201908,26,2001,141581,853547,OKLAHOMA,40,2019,August,Tornado,C,83,LOGAN,OUN,26-AUG-19 19:55:00,CST-6,26-AUG-19 20:01:00,0,0,0,0,150.00K,0.00K,NWS Storm Survey,,,,,EF1,3.4,500.0,OUN,OK,109.0,OKLAHOMA,2.0,S,SEWARD,5.0,SSW,SEWARD,35.771,-97.496,35.726,-97.514,A highly unstable airmass and a cold front produced intense thunderstorms with widespread various severe hazards including widespread wind damage across the OKC metro area.,"The tornado developed near the intersection of West Simpson Road and Kelley Avenue and moved south-southwest. Damage was relatively spotty along the track and consisted primarily of broken tree limbs and branches, along with some snapped and uprooted trees. The most significant structure damage was to a home southeast of Simmons Road and Santa Fe Avenue where a large portion of the roof was removed. The tornado crossed Waterloo Road into Oklahoma County, but dissipated quickly south of the county line.||Damage was also noted north and east of the tornado track, although evidence suggested this was the result of a large surge of straight line thunderstorm winds.",CSV
201908,26,1912,201908,26,1919,141581,853546,OKLAHOMA,40,2019,August,Tornado,C,83,LOGAN,OUN,26-AUG-19 19:12:00,CST-6,26-AUG-19 19:19:00,0,0,0,0,75.00K,0.00K,NWS Storm Survey,,,,,EF1,2.2,50.0,,,,,4.0,NW,MULHALL,4.0,WNW,MULHALL,36.105,-97.443,36.078,-97.461,A highly unstable airmass and a cold front produced intense thunderstorms with widespread various severe hazards including widespread wind damage across the OKC metro area.,"This tornado moved south and southwest in northern Logan County northwest of Mulhall. One shop building was destroyed, but otherwise damage was confined to trees along the path.",CSV
201908,23,1910,201908,23,1920,140882,854338,OKLAHOMA,40,2019,August,Tornado,C,7,BEAVER,AMA,23-AUG-19 19:10:00,CST-6,23-AUG-19 19:20:00,0,0,0,0,0.00K,0.00K,NWS Storm Survey,,,,,EF0,1.93,50.0,,,,,9.0,NNW,CLEAR LAKE,8.0,ESE,BEAVER,36.7969,-100.3509,36.797,-100.3858,Scattered to numerous thunderstorms developed during the evening across the eastern Oklahoma Panhandle along a low pressure trough.  Thunderstorm development was enhanced by a vigorous mid-level shortwave trough encountering a very moist and unstable atmosphere.,The tornado touched down near a rural ranch home. Significant tree damage occurred in that location along with damage to the roof of a barn and the porch and roof of one home in the complex. Another outbuilding was destroyed further along the path. The degree of|damage and lack of damage to power poles along the path supported an EF0 rating.,CSV
201912,28,1530,201912,28,1531,143848,864113,OKLAHOMA,40,2019,December,Tornado,C,143,TULSA,TSA,28-DEC-19 15:30:00,CST-6,28-DEC-19 15:31:00,0,0,0,0,2.00K,0.00K,NWS Storm Survey,,,,,EF0,0.2,120.0,TSA,OK,145.0,WAGONER,3.0,SSE,BROKEN ARROW,3.0,SSE,BROKEN ARROW,36.0121,-95.7647,36.0137,-95.7617,"Broken lines of thunderstorms developed and moved through eastern Oklahoma during the afternoon and early evening of the 28th, as a cold front and strong upper level storm system approached the Southern Plains from the west. Although instability was weak, very strong low level wind shear was more than enough to support the development of low level rotation in a couple of the stronger convective lines as they moved through eastern Oklahoma. One such line produced a weak tornado in Broken Arrow. Other strong storms produced damaging wind.","This is the first segment of a two-segment tornado. This tornado developed over an open area west of County Line Road and south of E 101st Street S. It moved northeast and crossed the Wagoner County Line, where it pushed over power poles. Based on this damage, maximum estimated wind in this segment of the tornado was 80 to 85 mph.",CSV
201905,18,827,201905,18,827,137026,829946,OKLAHOMA,40,2019,May,Tornado,C,119,PAYNE,OUN,18-MAY-19 08:27:00,CST-6,18-MAY-19 08:27:00,0,0,0,0,10.00K,0.00K,Emergency Manager,,,,,EF0,0.2,25.0,,,,,3.0,ESE,STILLWATER,3.0,ESE,STILLWATER,36.106,-97.002,36.106,-97.002,"The beginning of a very active period, the 18th started with a complex of thunderstorms that grew upscale producing wind and tornadoes in the morning and then finished with isolated supercells producing large hail across northern Oklahoma.",An outbuilding and detached garage were significantly damaged by a brief QLCS tornado.,CSV
201905,5,2254,201905,5,2256,137020,829954,OKLAHOMA,40,2019,May,Tornado,C,103,NOBLE,OUN,05-MAY-19 22:54:00,CST-6,05-MAY-19 22:56:00,0,0,0,0,30.00K,0.00K,Emergency Manager,,,,,EF1,1.5,30.0,,,,,5.0,WSW,SUMNER,4.0,SW,SUMNER,36.282,-97.198,36.277,-97.175,Thunderstorms moved into the area late in the evening on the 5th with enough instability and shear present to maintain severe weather into the early morning hours of the 6th.,"A car was flipped, a garage door damaged, and numerous trees were downed by a tornado east of Perry.",CSV
201905,23,2043,201905,23,2044,137032,842620,OKLAHOMA,40,2019,May,Tornado,C,59,HARPER,OUN,23-MAY-19 20:43:00,CST-6,23-MAY-19 20:44:00,0,0,0,0,0.00K,0.00K,Trained Spotter,,,,,EFU,0.5,75.0,,,,,6.0,SW,LAVERNE,6.0,SW,LAVERNE,36.6486,-99.9766,36.6486,-99.9766,Isolated supercells that developed in the Texas Panhandle and moved into far northwestern Oklahoma with tornadoes and wind reported on the 23rd.,"Spotters observed a tornado from a second storm southwest of Laverne. No damage was noted that could be distinguished as independent from the initial tornado in the area, therefore the location of this tornado was estimated.",CSV
201905,1,1226,201905,1,1226,137018,829267,OKLAHOMA,40,2019,May,Tornado,C,67,JEFFERSON,OUN,01-MAY-19 12:26:00,CST-6,01-MAY-19 12:26:00,0,0,0,0,0.00K,0.00K,Emergency Manager,,,,,EFU,0.5,20.0,,,,,4.0,SSW,WAURIKA,4.0,SSW,WAURIKA,34.1165,-98.0268,34.1165,-98.0268,Outflow boundaries from previous days storms provided focus for thunderstorm development with a variety of severe weather on the 1st.,Spotters with the highway patrol and emergency management and storm chasers observed a brief tornado estimated to be about 4 miles south-southwest of Waurika. No damage was reported.,CSV
201905,1,1308,201905,1,1308,137018,829271,OKLAHOMA,40,2019,May,Tornado,C,67,JEFFERSON,OUN,01-MAY-19 13:08:00,CST-6,01-MAY-19 13:08:00,0,0,0,0,0.00K,0.00K,Storm Chaser,,,,,EFU,0.2,30.0,,,,,7.0,E,ADDINGTON,7.0,E,ADDINGTON,34.24,-97.8475,34.24,-97.8475,Outflow boundaries from previous days storms provided focus for thunderstorm development with a variety of severe weather on the 1st.,Storms chasers observed a tornado estimated to be about 7 miles east of Addington. No damage was reported.,CSV
201905,1,1521,201905,1,1529,137018,829275,OKLAHOMA,40,2019,May,Tornado,C,85,LOVE,OUN,01-MAY-19 15:21:00,CST-6,01-MAY-19 15:29:00,0,0,0,0,3.00K,0.00K,Emergency Manager,,,,,EF0,3.16,50.0,,,,,5.0,W,MARIETTA,2.0,W,MARIETTA,33.942,-97.212,33.94,-97.157,Outflow boundaries from previous days storms provided focus for thunderstorm development with a variety of severe weather on the 1st.,"Spotters and chasers observed a tornado west of Marietta. Emergency management reported tree damage about 5 miles west of Marietta, and a carport was damaged about 2 miles west of Marietta.",CSV
201906,19,121,201906,19,122,138442,837328,OKLAHOMA,40,2019,June,Tornado,C,133,SEMINOLE,OUN,19-JUN-19 01:21:00,CST-6,19-JUN-19 01:22:00,0,0,0,0,100.00K,0.00K,Emergency Manager,,,,,EF1,1.0,50.0,,,,,0.0,NNE,KONAWA,1.0,NW,KONAWA,34.963,-96.748,34.968,-96.764,"Isolated thunderstorms produced scattered hail across northern Oklahoma while a line of thunderstorms produced extensive severe wind across southern Oklahoma on the 18th into the early morning on the 19th.  Later on the 19th, large hail was reported with isolated thunderstorms across northern Oklahoma.",A tornado developed within a squall line just northwest of the town of Konawa and moved east-southeast through the north side of Konawa. Numerous trees were downed and fell into homes creating significant roof and siding damage.,CSV
201905,23,1930,201905,23,1947,137866,828479,OKLAHOMA,40,2019,May,Tornado,C,7,BEAVER,AMA,23-MAY-19 19:30:00,CST-6,23-MAY-19 19:47:00,0,0,0,0,,,NWS Storm Survey,,,,,EF2,5.76,1400.0,OUN,OK,45.0,ELLIS,9.0,SSE,SLAPOUT,7.0,ESE,SLAPOUT,36.4998,-100.0506,36.5739,-100.0032,"A vigorous upper level low pressure system developed across southern Nevada.  Significant wind shear and instability developed as moisture was drawn north into the Panhandles setting the stage for a very long duration and higher end severe episode.  Initially, elevated supercell storms developed in the NW Texas Panhandles on the cold side of a nearly stationary frontal boundary and moved northeast into the central Oklahoma Panhandle as the first of multiple disturbances moved across the area.  Hail up to golf ball size and wind damage was reported with these storms. ||During the afternoon hours, upper level disturbances, daytime heating and the very pronounced frontal boundary stretching from near Amarillo northeast into Beaver County, Oklahoma became the main catalyst for surface based supercells which produced very large hail up to baseball size and several tornadoes.  Most of the tornadoes remained in Texas, however one very large and long tracked tornado  crossed the Texas state line into Beaver county and eventually into Ellis County, Oklahoma. This tornado was rated an EF-2 in Beaver County based on the damage, but it remained in very rural areas throughout its life-cycle.","The tornado began in Lipscomb County in Texas, crossed into southeast Beaver County Oklahoma and crossed into Ellis and Harper Counties from there. The tornado got stronger and larger with time, but mainly damaged trees, fences and power poles in the area of this survey limiting the EF rating to a 2. The tornado did greater damage (and earned higher rating) as it destroyed a home just feet across the county line. This damage was surveyed by the Norman Weather Forecast Office.",CSV
201905,20,1608,201905,20,1613,137027,831185,OKLAHOMA,40,2019,May,Tornado,C,103,NOBLE,OUN,20-MAY-19 16:08:00,CST-6,20-MAY-19 16:13:00,0,0,0,0,75.00K,0.00K,Emergency Manager,,,,,EF1,5.2,100.0,,,,,5.0,S,LUCIEN,3.0,E,LUCIEN,36.211,-97.46,36.273,-97.406,An extremely unstable environment led to widespread severe weather across Texas and Oklahoma on the 20th into the morning of the 21st.,This tornado moved from Garfield County into Noble County to the south of Lucien. The tornado heavily damaged a house and a barn to the south-southeast of Lucien as it moved northeast. The tornado dissipated about 2.5 miles east of Lucien.,CSV
201905,1,1617,201905,1,1626,137018,829285,OKLAHOMA,40,2019,May,Tornado,C,85,LOVE,OUN,01-MAY-19 16:17:00,CST-6,01-MAY-19 16:26:00,0,0,0,0,50.00K,0.00K,Emergency Manager,,,,,EF1,6.8,150.0,,,,,4.0,SSE,LEON,1.0,W,BURNEYVILLE,33.833,-97.395,33.911,-97.325,Outflow boundaries from previous days storms provided focus for thunderstorm development with a variety of severe weather on the 1st.,"A tornado moved northeast in Love County embedded within a larger area of damaging winds. Although most of the damage was to trees, one mobile home was blown off of it's foundation and destroyed about 3.5 miles east-southeast of Leon.",CSV
201905,20,1555,201905,20,1557,137027,831173,OKLAHOMA,40,2019,May,Tornado,C,73,KINGFISHER,OUN,20-MAY-19 15:55:00,CST-6,20-MAY-19 15:57:00,0,0,0,0,0.00K,0.00K,Storm Chaser,,,,,EF0,0.75,20.0,OUN,OK,83.0,LOGAN,12.0,E,HENNESSEY,13.0,E,HENNESSEY,36.123,-97.69,36.123,-97.676,An extremely unstable environment led to widespread severe weather across Texas and Oklahoma on the 20th into the morning of the 21st.,"A storm chaser on Oklahoma Highway 51 observed and recorded a tornado developing to his northwest as a thunderstorm interacted with a strong cold front. Although the chaser was only a few hundred yards southwest of the tornado, he was on the cold side of the front and had reported that the temperature had dropped from 73 to 57 just moments before the tornado developed. The tornado moved into northwestern Logan County before dissipating. No damage was reported.",CSV
201905,1,1546,201905,1,1548,137018,829277,OKLAHOMA,40,2019,May,Tornado,C,85,LOVE,OUN,01-MAY-19 15:46:00,CST-6,01-MAY-19 15:48:00,0,0,0,0,2.00K,0.00K,Emergency Manager,,,,,EF0,0.75,30.0,,,,,4.0,S,OVERBROOK,4.0,WSW,LAKE MURRAY DAM,34.015,-97.134,34.009,-97.123,Outflow boundaries from previous days storms provided focus for thunderstorm development with a variety of severe weather on the 1st.,A tornado caused damage to trees about 5 miles north of Marietta near US Highway 77.,CSV
201905,25,2146,201905,25,2147,137035,830341,OKLAHOMA,40,2019,May,Tornado,C,109,OKLAHOMA,OUN,25-MAY-19 21:46:00,CST-6,25-MAY-19 21:47:00,0,0,0,0,20.00K,0.00K,NWS Storm Survey,,,,,EF0,0.9,50.0,,,,,3.0,SSE,WARR ACRES,3.0,SE,WARR ACRES,35.481,-97.599,35.482,-97.583,Scattered supercells merged into a linear system that produced a variety of severe weather on the 25th.,"An area of damage consistent with a narrow QLCS tornado was found within a larger swath of damaging winds. This tornado developed near NW 11th Terrace and Warren Place and moved east along and just north of Liberty Avenue to just north of Liberty Avenue and Portland Avenue. Besides trees, damage was also observed to house roofs, porches and car ports with evidence of debris lofted.",CSV
201905,7,2232,201905,7,2255,137021,830455,OKLAHOMA,40,2019,May,Tornado,C,149,WASHITA,OUN,07-MAY-19 22:32:00,CST-6,07-MAY-19 22:55:00,0,0,0,0,120.00K,0.00K,NWS Storm Survey,,,,,EF2,8.8,400.0,,,,,2.0,SSW,ROCKY,4.0,SSW,CORDELL,35.1289,-99.0768,35.24,-99.008,Numerous supercell storms were followed by a large line of thunderstorms that produced severe weather on the evening and overnight of the 7th into the 8th.,"This tornado developed as another tornado just a mile to the southeast was dissipating in northern Kiowa County. This second tornado moved north-northeast directly into the town of Rocky. Fortunately the tornado was relatively weak in Rocky and the damage in town was generally EF0 tree damage. The tornado turned more northeast after moving through Rocky and intensified to EF2 intensity. Northeast of town, a transmitter shelter building was damaged, a few mobile homes were significantly damaged, outbuildings damaged or destroyed, and a number of trees and power poles were damaged. Some debris from mobile homes and/or outbuildings were blown about 3/4 of a mile to the northeast. For the last two miles of the path, the tornado turned north and dissipated south of US-183 to the south-southwest of Cordell.",CSV
201905,20,1431,201905,20,1432,137027,830792,OKLAHOMA,40,2019,May,Tornado,C,73,KINGFISHER,OUN,20-MAY-19 14:31:00,CST-6,20-MAY-19 14:32:00,0,0,0,0,0.00K,0.00K,Broadcast Media,,,,,EFU,0.5,40.0,,,,,6.0,NW,CASHION,6.0,NW,CASHION,35.8614,-97.7557,35.8614,-97.7557,An extremely unstable environment led to widespread severe weather across Texas and Oklahoma on the 20th into the morning of the 21st.,Oklahoma City television storm chasers observed a tornado estimated to be about 6 miles northwest of Cashion. The tornado lasted for about one minute and no damage was reported.,CSV
201905,7,2223,201905,7,2233,137021,830454,OKLAHOMA,40,2019,May,Tornado,C,75,KIOWA,OUN,07-MAY-19 22:23:00,CST-6,07-MAY-19 22:33:00,0,0,0,0,75.00K,0.00K,NWS Storm Survey,,,,,EF2,3.7,300.0,,,,,3.0,NNE,HOBART,6.0,NNE,HOBART,35.065,-99.08,35.115,-99.063,Numerous supercell storms were followed by a large line of thunderstorms that produced severe weather on the evening and overnight of the 7th into the 8th.,"A large tornado developed north-northeast of Hobart and moved north-northeast to just southwest of the intersection of US-183 and the Kiowa-Washita County line. One mobile home received roof damage, a number of barns and outbuildings were damaged or destroyed, and trees and power poles were damaged, including at least four wooden large transmission line poles that were snapped. As this tornado was dissipating, a second tornado was developing about one mile to the NW in Washita County.",CSV
201905,18,637,201905,18,638,137026,829950,OKLAHOMA,40,2019,May,Tornado,C,31,COMANCHE,OUN,18-MAY-19 06:37:00,CST-6,18-MAY-19 06:38:00,1,0,0,0,150.00K,0.00K,NWS Storm Survey,,,,,EF2,0.5,60.0,,,,,3.0,E,GERONIMO,3.0,E,GERONIMO,34.473,-98.334,34.48,-98.33,"The beginning of a very active period, the 18th started with a complex of thunderstorms that grew upscale producing wind and tornadoes in the morning and then finished with isolated supercells producing large hail across northern Oklahoma.",A QLCS tornado destroyed two homes about three miles east of Geronimo. One home had most exterior walls collapsed while another house just across the street to the north had it's roof removed and many of the exterior walls collapsed. A few power poles were snapped and a tree was uprooted.,CSV
201905,20,1523,201905,20,1527,137027,830865,OKLAHOMA,40,2019,May,Tornado,C,103,NOBLE,OUN,20-MAY-19 15:23:00,CST-6,20-MAY-19 15:27:00,0,0,0,0,75.00K,0.00K,Storm Chaser,,,,,EF1,3.0,100.0,,,,,4.0,ESE,LUCIEN,3.0,W,PERRY,36.253,-97.385,36.287,-97.352,An extremely unstable environment led to widespread severe weather across Texas and Oklahoma on the 20th into the morning of the 21st.,A tornado developed about 6 miles west-southwest of Perry and moved to about 4 miles west of Perry. Barns and a home were damaged just east of the intersection of US Highway 77 and State Highway 164.,CSV
201905,21,350,201905,21,350,137027,830448,OKLAHOMA,40,2019,May,Tornado,C,125,POTTAWATOMIE,OUN,21-MAY-19 03:50:00,CST-6,21-MAY-19 03:50:00,0,0,0,0,1.00K,0.00K,NWS Storm Survey,,,,,EF0,0.1,25.0,OUN,OK,81.0,LINCOLN,3.0,ENE,AYDELOTTE,3.0,ENE,AYDELOTTE,35.463,-96.856,35.463,-96.856,An extremely unstable environment led to widespread severe weather across Texas and Oklahoma on the 20th into the morning of the 21st.,"This QLCS tornado developed just south of the Pottawatomie-Lincoln County line, damaging trees as it moved north-northwest immediately moving into Lincoln County.",CSV
201905,25,2149,201905,25,2150,137035,830358,OKLAHOMA,40,2019,May,Tornado,C,109,OKLAHOMA,OUN,25-MAY-19 21:49:00,CST-6,25-MAY-19 21:50:00,0,0,0,0,20.00K,0.00K,NWS Storm Survey,,,,,EF0,0.7,50.0,,,,,2.0,NW,OKLAHOMA CITY,2.0,NW,OKLAHOMA CITY,35.49,-97.539,35.494,-97.53,Scattered supercells merged into a linear system that produced a variety of severe weather on the 25th.,"A second area consistent with a tornado was observed within a larger swath of thunderstorm wind damage as a Quasi-Linear Convective System moved through. This tornado developed just west of NW 20th Street and Blackwelder Avenue and initially moved east-northeast. Just west of Douglas Avenue, the tornado turned north until reaching NW 23rd Street, then turned east-northeast dissipating near NW 24th Street and Western Avenue. A restaurant near NW 23rd Street and Douglas suffered roof damage on the east side of the building, and windows were broken in a building that had previously housed Rainbow Records at NW 23rd and Classen. Elsewhere along the path, trees and powerlines were damaged as well as roof damage to one home, an damaged outbuilding, and street signs along NW 23rd.",CSV
201912,28,1531,201912,28,1532,143848,864114,OKLAHOMA,40,2019,December,Tornado,C,145,WAGONER,TSA,28-DEC-19 15:31:00,CST-6,28-DEC-19 15:32:00,0,0,0,0,40.00K,0.00K,NWS Storm Survey,,,,,EF0,1.0,160.0,,,,,2.0,W,ONETA,2.0,W,ONETA,36.0137,-95.7617,36.0225,-95.7466,"Broken lines of thunderstorms developed and moved through eastern Oklahoma during the afternoon and early evening of the 28th, as a cold front and strong upper level storm system approached the Southern Plains from the west. Although instability was weak, very strong low level wind shear was more than enough to support the development of low level rotation in a couple of the stronger convective lines as they moved through eastern Oklahoma. One such line produced a weak tornado in Broken Arrow. Other strong storms produced damaging wind.","This is the second segment of a two-segment tornado. This tornado crossed into Wagoner County where a portion of the roof of a home was uplifted, and many shingles were removed from the roof of another nearby home. Large tree limbs were snapped from the county line, across neighborhoods, on the south side of the Jack Graves Scout Reservation, to where it dissipated north of the NSU Broken Arrow campus. Based on this damage, maximum estimated wind in this segment of the tornado was 80 to 85 mph.",CSV
201905,7,1912,201905,7,1916,137021,830748,OKLAHOMA,40,2019,May,Tornado,C,9,BECKHAM,OUN,07-MAY-19 19:12:00,CST-6,07-MAY-19 19:16:00,0,0,0,0,0.00K,0.00K,Emergency Manager,,,,,EFU,2.0,100.0,,,,,9.0,S,TEXOLA,7.0,SSE,TEXOLA,35.096,-99.963,35.121,-99.943,Numerous supercell storms were followed by a large line of thunderstorms that produced severe weather on the evening and overnight of the 7th into the 8th.,Television storm chasers and emergency management spotters observed a tornado to the south of Texola moving northeast. No damage was reported and the path of the tornado was estimated based on spotter reports and radar.,CSV
201904,17,1547,201904,17,1553,136282,822178,OKLAHOMA,40,2019,April,Tornado,C,45,ELLIS,OUN,17-APR-19 15:47:00,CST-6,17-APR-19 15:53:00,0,0,0,0,20.00K,0.00K,Emergency Manager,,,,,EF1,1.6,50.0,,,,,5.0,NW,SHATTUCK,6.0,NW,SHATTUCK,36.314,-99.942,36.325,-99.967,"A closed upper low, a cold front, and a dryline combined to produce numerous thunderstorms with severe weather on the 17th.","This tornado was observed by many spotters and chasers, and was one of two tornadoes observed north and northwest of Shattuck. This tornado touched down about 4.5 miles northwest of Shattuck and moved northwest. Two mobile homes were damaged, including one that suffered significant loss of roof. This tornado also damaged trees and an outbuilding.",CSV
201904,17,1549,201904,17,1603,136282,822180,OKLAHOMA,40,2019,April,Tornado,C,45,ELLIS,OUN,17-APR-19 15:49:00,CST-6,17-APR-19 16:03:00,0,0,0,0,1.00K,0.00K,Emergency Manager,,,,,EF0,1.31,10.0,,,,,7.0,N,SHATTUCK,6.0,N,SHATTUCK,36.37,-99.9,36.36,-99.88,"A closed upper low, a cold front, and a dryline combined to produce numerous thunderstorms with severe weather on the 17th.",A second tornado touched down north of Shattuck and was one of two simultaneous tornadoes observed for a time. The tornado produced only some minor tree damage near US-283 and E45 Road.,CSV
201904,30,1329,201904,30,1330,136142,822183,OKLAHOMA,40,2019,April,Tornado,C,101,MUSKOGEE,TSA,30-APR-19 13:29:00,CST-6,30-APR-19 13:30:00,0,0,0,0,5.00K,0.00K,NWS Storm Survey,,,,,EF0,0.2,125.0,TSA,OK,145.0,WAGONER,3.0,NNW,HASKELL,3.0,NNW,HASKELL,35.8546,-95.6922,35.8566,-95.6898,"Strong to severe thunderstorms developed across eastern Oklahoma during the early afternoon hours of the 30th, to the east of a stationary frontal boundary that was located across north-central Oklahoma into northwest Texas. Moderately strong instability combined with strong wind shear resulted in the development of supercell thunderstorms, which produced multiple tornadoes, including two strong tornadoes, large hail up to half dollar size, and damaging winds. Locally heavy rainfall also occurred across portions of northeastern Oklahoma, which resulted in flash flooding.","This is the first segment of a two-segment tornado. In Muskogee County, the tornado damaged the roof of a home and uprooted small trees. It was observed by multiple people. Based on the damage, maximum estimated wind in this segment of the tornado was 75 to 80 mph. The tornado continued into Wagoner County.",CSV
201904,30,1330,201904,30,1336,136142,822186,OKLAHOMA,40,2019,April,Tornado,C,145,WAGONER,TSA,30-APR-19 13:30:00,CST-6,30-APR-19 13:36:00,0,0,0,0,25.00K,0.00K,NWS Storm Survey,,,,,EF1,2.1,150.0,,,,,3.0,SE,STONEBLUFF,3.0,W,REDBIRD,35.8566,-95.6898,35.873,-95.6591,"Strong to severe thunderstorms developed across eastern Oklahoma during the early afternoon hours of the 30th, to the east of a stationary frontal boundary that was located across north-central Oklahoma into northwest Texas. Moderately strong instability combined with strong wind shear resulted in the development of supercell thunderstorms, which produced multiple tornadoes, including two strong tornadoes, large hail up to half dollar size, and damaging winds. Locally heavy rainfall also occurred across portions of northeastern Oklahoma, which resulted in flash flooding.","This is the second segment of a two-segment tornado. In Wagoner County, the tornado damaged barns and outbuildings, snapped the trunks of small trees, and snapped numerous large tree limbs. It was observed by multiple people. Based on the damage, maximum estimated wind in this segment of the tornado was 85 to 95 mph.",CSV
201904,30,1122,201904,30,1123,136286,822190,OKLAHOMA,40,2019,April,Tornado,C,69,JOHNSTON,OUN,30-APR-19 11:22:00,CST-6,30-APR-19 11:23:00,0,0,0,0,1.00K,0.00K,Storm Chaser,,,,,EF1,0.2,30.0,OUN,OK,99.0,MURRAY,8.0,NNW,MILL CREEK,8.0,NNW,MILL CREEK,34.504,-96.8702,34.506,-96.8684,A stationary front and and upper wave produced numerous thunderstorms with a variety of severe weather on the 30th.,"A tornado developed about 1.25 miles southwest of Scullin, just south of the Murray-Johnston County line. The tornado moved northeast and into Murray County. The tornado was observed by a storm chaser using a drone which observed tree damage occurring as the tornado crossed Highway 7 and into Murray County.",CSV
201904,30,1451,201904,30,1451,136142,822220,OKLAHOMA,40,2019,April,Tornado,C,97,MAYES,TSA,30-APR-19 14:51:00,CST-6,30-APR-19 14:51:00,0,0,0,0,0.00K,0.00K,Law Enforcement,,,,,EFU,0.1,50.0,,,,,2.0,ESE,BOATMAN,2.0,ESE,BOATMAN,36.2563,-95.1501,36.2563,-95.1501,"Strong to severe thunderstorms developed across eastern Oklahoma during the early afternoon hours of the 30th, to the east of a stationary frontal boundary that was located across north-central Oklahoma into northwest Texas. Moderately strong instability combined with strong wind shear resulted in the development of supercell thunderstorms, which produced multiple tornadoes, including two strong tornadoes, large hail up to half dollar size, and damaging winds. Locally heavy rainfall also occurred across portions of northeastern Oklahoma, which resulted in flash flooding.","Multiple people observed a tornado over Lake Hudson. NWS Tulsa surveyed the area on the east side of the lake and found no damage, so the tornado was believed to have developed and dissipated over the lake.",CSV
201904,30,1515,201904,30,1524,136142,822222,OKLAHOMA,40,2019,April,Tornado,C,35,CRAIG,TSA,30-APR-19 15:15:00,CST-6,30-APR-19 15:24:00,0,0,0,0,15.00K,0.00K,NWS Storm Survey,,,,,EF1,4.3,800.0,TSA,OK,115.0,OTTAWA,2.0,N,BLUEJACKET,5.0,NE,BLUEJACKET,36.8236,-95.0748,36.8403,-94.9993,"Strong to severe thunderstorms developed across eastern Oklahoma during the early afternoon hours of the 30th, to the east of a stationary frontal boundary that was located across north-central Oklahoma into northwest Texas. Moderately strong instability combined with strong wind shear resulted in the development of supercell thunderstorms, which produced multiple tornadoes, including two strong tornadoes, large hail up to half dollar size, and damaging winds. Locally heavy rainfall also occurred across portions of northeastern Oklahoma, which resulted in flash flooding.","This is the first segment of a two-segment tornado. In Craig County, this tornado developed west of the S 4450 Road and moved east-northeast damaging a home, damaging outbuildings, and uprooting trees. Based on this damage, maximum estimated wind in this segment of the tornado was 90 to 100 mph. The tornado continued into Ottawa County.",CSV
201904,30,1529,201904,30,1544,136142,822245,OKLAHOMA,40,2019,April,Tornado,C,115,OTTAWA,TSA,30-APR-19 15:29:00,CST-6,30-APR-19 15:44:00,0,0,0,0,100.00K,0.00K,NWS Storm Survey,,,,,EF1,7.2,700.0,,,,,4.0,NNW,NARCISSA,2.0,SE,COMMERCE,36.859,-94.9586,36.9092,-94.846,"Strong to severe thunderstorms developed across eastern Oklahoma during the early afternoon hours of the 30th, to the east of a stationary frontal boundary that was located across north-central Oklahoma into northwest Texas. Moderately strong instability combined with strong wind shear resulted in the development of supercell thunderstorms, which produced multiple tornadoes, including two strong tornadoes, large hail up to half dollar size, and damaging winds. Locally heavy rainfall also occurred across portions of northeastern Oklahoma, which resulted in flash flooding.","This tornado developed west of Miami, to the south of Highway 59 and east of the S 510 Road, where large tree limbs were snapped. The tornado moved east-northeast over open country to the north of Highway 59, and then northeast across Miami where it damaged numerous homes and businesses, uprooted trees, and snapped power poles. The tornado dissipated before reaching Highway 69A on the northeast side of town to the south of the E 70 Road. It was observed by multiple people. Based on the damage, maximum estimated wind in the tornado was 85 to 95 mph.",CSV
201904,30,1344,201904,30,1347,136142,822188,OKLAHOMA,40,2019,April,Tornado,C,147,WASHINGTON,TSA,30-APR-19 13:44:00,CST-6,30-APR-19 13:47:00,0,0,0,0,0.00K,0.00K,NWS Storm Survey,,,,,EFU,1.3,500.0,TSA,OK,131.0,ROGERS,5.0,E,RAMONA,6.0,E,RAMONA,36.519,-95.832,36.5283,-95.812,"Strong to severe thunderstorms developed across eastern Oklahoma during the early afternoon hours of the 30th, to the east of a stationary frontal boundary that was located across north-central Oklahoma into northwest Texas. Moderately strong instability combined with strong wind shear resulted in the development of supercell thunderstorms, which produced multiple tornadoes, including two strong tornadoes, large hail up to half dollar size, and damaging winds. Locally heavy rainfall also occurred across portions of northeastern Oklahoma, which resulted in flash flooding.","This is the first segment of a two-segment tornado. In Washington County, the tornado produced no known damage as it occurred over open country that was inaccessible by road. It was observed by multiple people. The tornado crossed into Rogers County north of the E 350 Road.",CSV
201904,30,1347,201904,30,1409,136142,822193,OKLAHOMA,40,2019,April,Tornado,C,131,ROGERS,TSA,30-APR-19 13:47:00,CST-6,30-APR-19 14:09:00,0,0,0,0,125.00K,0.00K,NWS Storm Survey,,,,,EF2,8.5,1300.0,,,,,7.0,W,TALALA,4.0,N,TALALA,36.5283,-95.812,36.5882,-95.6844,"Strong to severe thunderstorms developed across eastern Oklahoma during the early afternoon hours of the 30th, to the east of a stationary frontal boundary that was located across north-central Oklahoma into northwest Texas. Moderately strong instability combined with strong wind shear resulted in the development of supercell thunderstorms, which produced multiple tornadoes, including two strong tornadoes, large hail up to half dollar size, and damaging winds. Locally heavy rainfall also occurred across portions of northeastern Oklahoma, which resulted in flash flooding.","This is the second segment of a two-segment tornado. In Rogers County, the tornado moved northeast and widened from near the E 340 Road across open country to north of the E 320 Road, where barns were damaged, the roofs of homes were damaged, and tree were uprooted. The tornado severely damaged a home, destroyed barns and outbuildings, and snapped two-pole utility structures near the S 4100 Road, before turning east and dissipating over open country north of the E 300 Road. It was observed by multiple people. Based on the damage, maximum estimated wind in this segment of the tornado was 110 to 120 mph.",CSV
201904,30,1357,201904,30,1409,136142,822202,OKLAHOMA,40,2019,April,Tornado,C,105,NOWATA,TSA,30-APR-19 13:57:00,CST-6,30-APR-19 14:09:00,0,0,0,0,0.00K,0.00K,NWS Storm Survey,,,,,EF1,7.5,900.0,,,,,1.0,SE,LENAPAH,4.0,E,ELLIOT,36.8425,-95.6177,36.9366,-95.5518,"Strong to severe thunderstorms developed across eastern Oklahoma during the early afternoon hours of the 30th, to the east of a stationary frontal boundary that was located across north-central Oklahoma into northwest Texas. Moderately strong instability combined with strong wind shear resulted in the development of supercell thunderstorms, which produced multiple tornadoes, including two strong tornadoes, large hail up to half dollar size, and damaging winds. Locally heavy rainfall also occurred across portions of northeastern Oklahoma, which resulted in flash flooding.","This tornado developed east of Lenapah where large tree limbs were snapped on the N 4150 Road, and moved north-northeast uprooting trees and snapping large tree limbs. It was observed by multiple people. Based on the damage, maximum estimated wind in the tornado was 90 to 100 mph.",CSV
201904,30,1402,201904,30,1417,136142,822213,OKLAHOMA,40,2019,April,Tornado,C,145,WAGONER,TSA,30-APR-19 14:02:00,CST-6,30-APR-19 14:17:00,0,0,0,0,20.00K,0.00K,NWS Storm Survey,,,,,EF1,7.8,300.0,,,,,4.0,SSW,NEODESHA,4.0,WNW,YONKERS,35.9993,-95.4553,36.0688,-95.3443,"Strong to severe thunderstorms developed across eastern Oklahoma during the early afternoon hours of the 30th, to the east of a stationary frontal boundary that was located across north-central Oklahoma into northwest Texas. Moderately strong instability combined with strong wind shear resulted in the development of supercell thunderstorms, which produced multiple tornadoes, including two strong tornadoes, large hail up to half dollar size, and damaging winds. Locally heavy rainfall also occurred across portions of northeastern Oklahoma, which resulted in flash flooding.","This tornado developed south of the E 700 Road and east of the N 4240 Road where trees were snapped and uprooted. The tornado moved northeast damaging outbuildings, uprooting trees, and snapping power poles. It crossed Highway 69 about a mile south of the Mayes County line, and turned east-northeast before dissipating south of the W 650 Road and east of the N 4360 Road. The tornado was observed by multiple people. Based on the damage, maximum estimated wind in the tornado was 100 to 110 mph.",CSV
201905,21,257,201905,21,308,137027,830433,OKLAHOMA,40,2019,May,Tornado,C,27,CLEVELAND,OUN,21-MAY-19 02:57:00,CST-6,21-MAY-19 03:08:00,0,0,0,0,6.00K,0.00K,NWS Storm Survey,,,,,EF1,4.1,50.0,,,,,4.0,E,NORMAN,4.0,S,STANLEY DRAPER LAKE DAM,35.218,-97.361,35.269,-97.363,An extremely unstable environment led to widespread severe weather across Texas and Oklahoma on the 20th into the morning of the 21st.,"A tornado with a Quasi-Linear Convective system developed near E Alameda Street between 48th Avenue NE and 60th Avenue NE. It moved north-northeast to just east of 60th Avenue NE and Rock Creek Road, then turned north and then northwest dissipating about one-half mile northwest of 60th Avenue NE and Tecumseh Road. A number of trees were damaged along the path.",CSV
201905,23,1947,201905,23,1951,137032,829978,OKLAHOMA,40,2019,May,Tornado,C,45,ELLIS,OUN,23-MAY-19 19:47:00,CST-6,23-MAY-19 19:51:00,0,0,0,0,150.00K,0.00K,NWS Storm Survey,,,,,EF3,1.8,1500.0,OUN,OK,59.0,HARPER,6.0,NNW,CATESBY,7.0,N,CATESBY,36.5739,-100.0032,36.593,-99.984,Isolated supercells that developed in the Texas Panhandle and moved into far northwestern Oklahoma with tornadoes and wind reported on the 23rd.,"This tornado developed in Lipscomb County Texas and moved through Beaver County (see Storm Data entries from the NWS Amarillo in the Texas and Oklahoma panhandles) before moving into northwest Ellis County. This tornado was surveyed by meteorologists from both the NWS Norman and Amarillo.||Immediately after moving into Ellis County, a home and outbuilding were completely destroyed. An extended cab pickup truck in a carport at this home was blown 0.3 of a mile northeast with some pieces of the truck found over one half mile northeast of the home. Numerous power poles were snapped both north-south along the county line and east-west along county road 30. ||The tornado continued to move northeast and into Harper County southwest of Laverne.",CSV
201905,21,603,201905,21,606,137027,833402,OKLAHOMA,40,2019,May,Tornado,C,5,ATOKA,OUN,21-MAY-19 06:03:00,CST-6,21-MAY-19 06:06:00,0,0,0,0,7.00K,0.00K,Emergency Manager,,,,,EF1,1.6,100.0,,,,,2.0,WNW,BOGGY DEPOT STATE PARK,2.0,NNW,BOGGY DEPOT STATE PARK,34.335,-96.345,34.349,-96.323,An extremely unstable environment led to widespread severe weather across Texas and Oklahoma on the 20th into the morning of the 21st.,A tornado developed in western Atoka County south of the community of Wilson and west-northwest of Boggy Depot State Park. A barn had significant roof damage on Bob White Lane and trees and power lines were downed along Bob White Lane and Artesian Lane.,CSV
201905,23,2142,201905,23,2147,137032,829986,OKLAHOMA,40,2019,May,Tornado,C,59,HARPER,OUN,23-MAY-19 21:42:00,CST-6,23-MAY-19 21:47:00,0,0,0,0,20.00K,0.00K,Emergency Manager,,,,,EF1,2.0,150.0,,,,,12.0,N,SELMAN,14.0,N,SELMAN,36.975,-99.498,36.995,-99.471,Isolated supercells that developed in the Texas Panhandle and moved into far northwestern Oklahoma with tornadoes and wind reported on the 23rd.,An Oklahoma City television storm chaser observed a tornado from 10:42 to 10:47 pm CDT in far northeastern Harper County. An outbuilding was destroyed and numerous trees were downed on a ranch. The tornado dissipated before reaching the state line.,CSV
201912,28,1528,201912,28,1528,154269,929385,OKLAHOMA,40,2019,December,Tornado,C,29,COAL,OUN,28-DEC-19 15:28:00,CST-6,28-DEC-19 15:28:00,0,0,0,0,0.00K,10.00K,Emergency Manager,,,,,EF0,0.2,20.0,,,,,1.0,W,LEHIGH,1.0,W,LEHIGH,34.4702,-96.246,34.4702,-96.246,A line of thunderstorms produced an isolated tornado west of Lehigh.,A brief tornado developed with an otherwise non-severe line of thunderstorms west of Lehigh. This tornado heavily damaged two buildings on a farm with some of the debris blown to the northwest at right angles to the storm motion.,CSV
201905,7,2257,201905,7,2301,137021,830732,OKLAHOMA,40,2019,May,Tornado,C,71,KAY,OUN,07-MAY-19 22:57:00,CST-6,07-MAY-19 23:01:00,0,0,0,0,25.00K,0.00K,NWS Storm Survey,,,,,EF1,2.1,60.0,,,,,1.0,SW,NEWKIRK,1.0,NNE,NEWKIRK,36.873,-97.066,36.896,-97.049,Numerous supercell storms were followed by a large line of thunderstorms that produced severe weather on the evening and overnight of the 7th into the 8th.,"A storm associated with a Quasi-Linear Convective System (QLCS) produced a wide swath of wind damage and an embedded tornado in and near Newkirk. The tornado developed on the southwest side of town, moved northeast to just southeast of downtown, then turned north along Pine Avenue dissipating just northeast of town. A few houses had some minor damage and a number of sheds and outbuildings were damaged. Tree and power line damage was also observed along the path.",CSV
201905,18,1018,201905,18,1018,137026,829951,OKLAHOMA,40,2019,May,Tornado,C,29,COAL,OUN,18-MAY-19 10:18:00,CST-6,18-MAY-19 10:18:00,3,0,0,0,25.00K,0.00K,Emergency Manager,,,,,EF0,0.5,50.0,,,,,6.0,NNE,COTTONWOOD,6.0,NNE,COTTONWOOD,34.647,-96.178,34.647,-96.178,"The beginning of a very active period, the 18th started with a complex of thunderstorms that grew upscale producing wind and tornadoes in the morning and then finished with isolated supercells producing large hail across northern Oklahoma.",A brief QLCS tornado caused damage at a natural gas production facility that was under construction about 8 miles north-northeast of Coalgate. Multiple large shipping containers were blown over and light frame structures were damaged. Flying debris damaged numerous vehicles and injured 3 people.,CSV
201905,18,833,201905,18,833,137026,829947,OKLAHOMA,40,2019,May,Tornado,C,119,PAYNE,OUN,18-MAY-19 08:33:00,CST-6,18-MAY-19 08:33:00,0,0,0,0,30.00K,0.00K,Emergency Manager,,,,,EF0,0.4,50.0,,,,,1.0,ENE,INGALLS,1.0,ENE,INGALLS,36.102,-96.87,36.102,-96.87,"The beginning of a very active period, the 18th started with a complex of thunderstorms that grew upscale producing wind and tornadoes in the morning and then finished with isolated supercells producing large hail across northern Oklahoma.",A brief QLCS tornado significantly damaged three barns and a shop about a half mile east of Ingalls.,CSV
201905,20,1454,201905,20,1455,137027,830823,OKLAHOMA,40,2019,May,Tornado,C,83,LOGAN,OUN,20-MAY-19 14:54:00,CST-6,20-MAY-19 14:55:00,0,0,0,0,0.00K,0.00K,Broadcast Media,,,,,EFU,1.0,40.0,,,,,3.0,NNW,CRESCENT,3.0,N,CRESCENT,35.987,-97.617,36.0,-97.607,An extremely unstable environment led to widespread severe weather across Texas and Oklahoma on the 20th into the morning of the 21st.,A well-developed tornado formed south of the ongoing tornado to the northwest of Crescent. No damage was reported and the path was estimated.,CSV
201904,30,2007,201904,30,2026,136286,822242,OKLAHOMA,40,2019,April,Tornado,C,13,BRYAN,OUN,30-APR-19 20:07:00,CST-6,30-APR-19 20:26:00,11,0,2,0,300.00K,0.00K,NWS Storm Survey,,,,,EF3,15.4,1400.0,OUN,OK,5.0,ATOKA,2.0,SSE,BLUE,11.0,NNE,BOKCHITO,33.9711,-96.2071,34.157,-96.0586,A stationary front and and upper wave produced numerous thunderstorms with a variety of severe weather on the 30th.,"A tornado developed about 2 miles south-southeast of Blue, and quickly became a large and strong tornado. Before crossing SH-70 east of Blue, the tornado widened to 1400 yards and damaged or destroyed a number of mobile homes. One mobile home was blown  about 50-75 yards east-northeast into a grove of trees. A woman in this mobile home suffered significant injuries and died in a hospital on May 2. The tornado crossed US-70 producing significant tree damage. Just north of US-70, another mobile home was destroyed and blown away with another fatality. The tornado moved northeast into a less densely populate area, although at least one other home was unroofed northeast of Blue.||About two miles south of the Atoka County line, the tornado hit an anchored mobile home that was destroyed with the debris scattered hundreds of yards to the east and southeast. The tornado continued to produce tree damage in northern Bryan County and moved into Atoka County near just west of Matoy Road.",CSV
201904,30,2026,201904,30,2042,136286,822281,OKLAHOMA,40,2019,April,Tornado,C,5,ATOKA,OUN,30-APR-19 20:26:00,CST-6,30-APR-19 20:42:00,5,0,0,0,0.00K,0.00K,NWS Storm Survey,,,,,EF3,12.2,1000.0,,,,,5.0,SSE,BENTLEY,2.0,NE,LANE,34.157,-96.0586,34.319,-95.974,A stationary front and and upper wave produced numerous thunderstorms with a variety of severe weather on the 30th.,"This tornado initially developed in Bryan County near Blue, and entered Atoka County just west of Matoy Road. The tornado produced widespread tree damage as it moved northeast crossing Matoy Road on either side of Clear Boggy Creek. North of the creek, a cabin or small home was destroyed, and another home was damaged. As the tornado moved north-northeast, damage continued to trees, power poles, and sheds. One mobile home was blown off piers south-southwest of Lane. The tornado weakened as it approached State Highway 3 and the town of Lane. The tornado brushed the town of Lane with some tree and shingle damage before dissipating about 1.5 miles northeast of Lane.",CSV
201905,20,1450,201905,20,1458,137027,830819,OKLAHOMA,40,2019,May,Tornado,C,83,LOGAN,OUN,20-MAY-19 14:50:00,CST-6,20-MAY-19 14:58:00,0,0,0,0,3.00K,0.00K,Broadcast Media,,,,,EF1,6.0,70.0,,,,,3.0,W,CRESCENT,3.0,SE,LOVELL,35.953,-97.656,36.029,-97.598,An extremely unstable environment led to widespread severe weather across Texas and Oklahoma on the 20th into the morning of the 21st.,Oklahoma City television coverage broadcast a tornado that developed 3 miles west of Crescent and moved north-northeast to 5 miles north of Crescent. Emergency Management officials reported that the roof was blown off a barn near County Road 72 and Rockwell Avenue. No other damage was reported.,CSV
201905,21,333,201905,21,342,137027,830440,OKLAHOMA,40,2019,May,Tornado,C,125,POTTAWATOMIE,OUN,21-MAY-19 03:33:00,CST-6,21-MAY-19 03:42:00,0,0,0,0,0.00K,0.00K,NWS Storm Survey,,,,,EF2,2.6,150.0,,,,,1.0,E,DALE,3.0,NE,DALE,35.387,-97.028,35.42,-97.014,An extremely unstable environment led to widespread severe weather across Texas and Oklahoma on the 20th into the morning of the 21st.,This QLCS tornado developed north of Interstate 40 about 1 mile east of Dale and moved north-northwest and then turned northeast to just west of Wolverine Road and Bethel Road. One mobile home was destroyed and several outbuildings were severely damaged on Westech Road near the beginning of the tornado path. Otherwise damage was generally to trees along the path.,CSV
201905,21,245,201905,21,248,137027,830391,OKLAHOMA,40,2019,May,Tornado,C,87,MCCLAIN,OUN,21-MAY-19 02:45:00,CST-6,21-MAY-19 02:48:00,0,0,0,0,30.00K,0.00K,NWS Storm Survey,,,,,EF1,3.0,250.0,OUN,OK,27.0,CLEVELAND,3.0,SSE,GOLDSBY,4.0,E,GOLDSBY,35.109,-97.447,35.139,-97.409,An extremely unstable environment led to widespread severe weather across Texas and Oklahoma on the 20th into the morning of the 21st.,A tornado from a Quasi-Linear Convective System (QLCS) developed south of Interstate 35 and Ladd Road. At least four outbuildings were damaged and a number of trees snapped as the tornado moved northeast. The tornado crossed the Canadian River into Cleveland County near Noble.,CSV
201905,21,350,201905,21,355,137027,830449,OKLAHOMA,40,2019,May,Tornado,C,81,LINCOLN,OUN,21-MAY-19 03:50:00,CST-6,21-MAY-19 03:55:00,0,0,0,0,6.00K,0.00K,NWS Storm Survey,,,,,EF0,2.2,30.0,,,,,3.0,SE,MEEKER,3.0,E,MEEKER,35.463,-96.856,35.493,-96.846,An extremely unstable environment led to widespread severe weather across Texas and Oklahoma on the 20th into the morning of the 21st.,"This QLCS tornado developed in Pottawatomie County just south of the Lincoln County line, and immediately moved into Lincoln County. The tornado moved north-northwest and then northeast dissipating about 1.5 miles east of Meeker. There were two outbuildings damaged and a number of trees along the path.",CSV
201905,25,2156,201905,25,2157,137035,830375,OKLAHOMA,40,2019,May,Tornado,C,27,CLEVELAND,OUN,25-MAY-19 21:56:00,CST-6,25-MAY-19 21:57:00,0,0,0,0,10.00K,0.00K,NWS Storm Survey,,,,,EF0,0.7,30.0,,,,,5.0,W,(OUN)NORMAN WESTHEIMER ARPT,4.0,W,(OUN)NORMAN WESTHEIMER ARPT,35.249,-97.552,35.246,-97.542,Scattered supercells merged into a linear system that produced a variety of severe weather on the 25th.,A QLCS tornado developed with a line of storms in far western portions of the city of Norman near 72nd Avenue NW and Rock Creek Road. This tornado damaged buildings and a mobile home as well as a number of trees as it moved east-southeast.,CSV
201905,7,2110,201905,7,2110,137021,830756,OKLAHOMA,40,2019,May,Tornado,C,9,BECKHAM,OUN,07-MAY-19 21:10:00,CST-6,07-MAY-19 21:10:00,0,0,0,0,0.00K,0.00K,Broadcast Media,,,,,EFU,0.5,30.0,,,,,4.0,NW,CARTER,4.0,NW,CARTER,35.2609,-99.5501,35.2609,-99.5501,Numerous supercell storms were followed by a large line of thunderstorms that produced severe weather on the evening and overnight of the 7th into the 8th.,An Oklahoma City television storm chaser reported a tornado estimated to be about 4 miles northwest of Carter. No damage was reported in the area.,CSV
201905,20,1538,201905,20,1538,137027,830875,OKLAHOMA,40,2019,May,Tornado,C,73,KINGFISHER,OUN,20-MAY-19 15:38:00,CST-6,20-MAY-19 15:38:00,0,0,0,0,0.00K,0.00K,Broadcast Media,,,,,EF0,0.1,20.0,,,,,4.0,NNE,DOVER,4.0,NNE,DOVER,36.041,-97.885,36.041,-97.885,An extremely unstable environment led to widespread severe weather across Texas and Oklahoma on the 20th into the morning of the 21st.,An Oklahoma City television chaser observed a second brief tornado to his east-southeast from US-81 5 miles south of Hennessey. No damage was reported.,CSV
201905,25,1804,201905,25,1806,137035,830764,OKLAHOMA,40,2019,May,Tornado,C,55,GREER,OUN,25-MAY-19 18:04:00,CST-6,25-MAY-19 18:06:00,0,0,0,0,0.00K,0.00K,Broadcast Media,,,,,EFU,0.3,30.0,,,,,1.0,SW,WILLOW,1.0,SW,WILLOW,35.0449,-99.5163,35.0449,-99.5163,Scattered supercells merged into a linear system that produced a variety of severe weather on the 25th.,An Oklahoma City television storm chaser observed a tornado that was estimated to be located just southwest of the community of Willow. No damage was reported.,CSV
201906,15,2006,201906,15,2013,138440,837306,OKLAHOMA,40,2019,June,Tornado,C,39,CUSTER,OUN,15-JUN-19 20:06:00,CST-6,15-JUN-19 20:13:00,0,0,0,0,80.00K,0.00K,NWS Storm Survey,,,,,EF2,6.25,500.0,,,,,9.0,NNW,CUSTER CITY,4.0,WNW,CUSTER CITY,35.769,-98.969,35.694,-98.945,A dryline and a cold front combined to produce numerous severe thunderstorms on the 15th.,A tornado developed along US Highway 183 near County Road E0860 Road and moved south along US-183. The roof of one house was removed and more than a dozen power poles were downed between E0870 Road and E0880 Road. The tornado continued south and then turned generally southeast dissipating near E0910 Road about 1.25 miles east of US-183. The RaXPol mobile research radar observed the last portion of the tornado life cycle and preliminary investigations noted that the tornadic circulation weakened at 9:13:55 pm CDT.,CSV
201906,15,2042,201906,15,2045,138440,837309,OKLAHOMA,40,2019,June,Tornado,C,39,CUSTER,OUN,15-JUN-19 20:42:00,CST-6,15-JUN-19 20:45:00,0,0,0,0,50.00K,0.00K,NWS Storm Survey,,,,,EF1,1.5,400.0,,,,,5.0,WNW,CUSTER CITY,5.0,W,CUSTER CITY,35.686,-98.964,35.665,-98.965,A dryline and a cold front combined to produce numerous severe thunderstorms on the 15th.,"A fourth tornado occurred along US-183, moving generally south from just north of of E0920 Road to SW of the US-183/Oklahoma Highway 33 intersection. An outbuilding was destroyed with pieces of tin blown for several hundred yards. One house had roof damage and a number of trees were damaged.",CSV
201906,16,1318,201906,16,1319,138441,837316,OKLAHOMA,40,2019,June,Tornado,C,73,KINGFISHER,OUN,16-JUN-19 13:18:00,CST-6,16-JUN-19 13:19:00,0,0,0,0,0.00K,0.00K,Storm Chaser,,,,,EF0,0.2,20.0,,,,,7.0,ESE,OMEGA,7.0,ESE,OMEGA,35.8312,-98.0845,35.8312,-98.0845,A weak upper low sparked thunderstorms that produced a couple landspout tornadoes on the 16th.,A landspout tornado was observed to the east-southeast of Omega and west of Kingfisher. No known damage occurred and the tornado location is estimated.,CSV
201906,15,2251,201906,15,2257,138440,837313,OKLAHOMA,40,2019,June,Tornado,C,81,LINCOLN,OUN,15-JUN-19 22:51:00,CST-6,15-JUN-19 22:57:00,0,0,0,0,60.00K,0.00K,Emergency Manager,,,,,EF1,5.2,50.0,,,,,8.0,NW,JACKTOWN,6.0,NNW,JACKTOWN,35.579,-97.115,35.596,-97.025,A dryline and a cold front combined to produce numerous severe thunderstorms on the 15th.,"Lincoln County Emergency Management reported a path of damage from a tornado along 108th Street (E0990 Road) from just west of E3310 Road to just east of Fowler Road (N3340). From there, the tornado turned northeast and dissipated northeast of E0980 Road and N3350 Road. A few homes received roof and/or siding damage, barns and other outbuildings were damaged or destroyed and power poles were damaged.",CSV
201905,20,1536,201905,20,1536,137027,830874,OKLAHOMA,40,2019,May,Tornado,C,73,KINGFISHER,OUN,20-MAY-19 15:36:00,CST-6,20-MAY-19 15:36:00,0,0,0,0,0.00K,0.00K,Broadcast Media,,,,,EF0,0.1,20.0,,,,,4.0,NNE,DOVER,4.0,NNE,DOVER,36.038,-97.886,36.038,-97.886,An extremely unstable environment led to widespread severe weather across Texas and Oklahoma on the 20th into the morning of the 21st.,An Oklahoma City television storm chaser observed a brief tornado to his southeast from US-81 4.5 miles south of Hennessey. No damage was reported.,CSV
201905,23,2032,201905,23,2033,137032,829983,OKLAHOMA,40,2019,May,Tornado,C,59,HARPER,OUN,23-MAY-19 20:32:00,CST-6,23-MAY-19 20:33:00,0,0,0,0,0.00K,0.00K,Broadcast Media,,,,,EFU,0.5,50.0,,,,,5.0,W,BUFFALO,5.0,W,BUFFALO,36.83,-99.7204,36.83,-99.7204,Isolated supercells that developed in the Texas Panhandle and moved into far northwestern Oklahoma with tornadoes and wind reported on the 23rd.,An Oklahoma City television storm chaser observed a tornado estimated to be about 5 miles west of Buffalo. No damage was reported.,CSV
201905,22,1529,201905,22,1531,137030,830376,OKLAHOMA,40,2019,May,Tornado,C,133,SEMINOLE,OUN,22-MAY-19 15:29:00,CST-6,22-MAY-19 15:31:00,0,0,0,0,3.00K,0.00K,Emergency Manager,,,,,EF1,1.0,50.0,,,,,1.0,NNW,CROMWELL,1.0,NNE,CROMWELL,35.358,-96.462,35.36,-96.444,Unstable conditions again led to thunderstorm development with hail across parts of Texas and southwest Oklahoma and hail and tornadoes across eastern Oklahoma on the 22nd.,A tornado was observed crossing State Highway 56 just north of Cromwell. Trees were snapped and an outbuilding suffered roof damage. The last known damage occurred just west of the Seminole-Okfuskee County line.,CSV
201905,23,1951,201905,23,1958,137032,829981,OKLAHOMA,40,2019,May,Tornado,C,59,HARPER,OUN,23-MAY-19 19:51:00,CST-6,23-MAY-19 19:58:00,0,0,0,0,20.00K,0.00K,NWS Storm Survey,,,,,EF2,4.0,1500.0,,,,,9.0,SSW,LAVERNE,5.0,SSW,LAVERNE,36.593,-99.984,36.639,-99.944,Isolated supercells that developed in the Texas Panhandle and moved into far northwestern Oklahoma with tornadoes and wind reported on the 23rd.,"This tornado developed in Lipscomb County Texas and moved through Beaver and Ellis Counties in Oklahoma before moving into southwestern Harper County. The tornado broke numerous power poles and damaged trees as it moved northeast, crossing US Highway 412/State Highway 3, and dissipated about one mile north of the highway to the southwest of Laverne.",CSV
201905,25,2128,201905,25,2132,137035,830307,OKLAHOMA,40,2019,May,Tornado,C,17,CANADIAN,OUN,25-MAY-19 21:28:00,CST-6,25-MAY-19 21:32:00,29,0,2,0,400.00K,0.00K,NWS Storm Survey,,,,,EF3,2.2,75.0,,,,,2.0,S,EL RENO,3.0,ESE,EL RENO,35.5,-97.955,35.51,-97.919,Scattered supercells merged into a linear system that produced a variety of severe weather on the 25th.,"An intense QLCS tornado developed south of El Reno, just south of Interstate 40 and about a mile west of US-81. Initially the tornado affected rural areas, but as it moved east-northeast, it moved through the northwestern portion of an automobile dealership at the northwest corner of Interstate 40 and US-81. There it overturned or displaced a number of vehicles and removed the roof and collapsed many exterior walls of an automobile service building.||Immediately northeast of the automobile dealership, the tornado moved through the southeastern portion of a mobile home park destroying many mobile homes. Although the tornado was relatively narrow, the destruction of mobile homes was complete in the path while mobile homes just a couple of blocks away suffered minimal damage.  Two residents of one mobile home were killed when their home was destroyed.||Just to the northeast of the mobile home park, the tornado hit a two-story motel. Most walls of the second story were collapsed in the portion of the motel that was in the most intense part of the tornado path and the tornado was rated EF3 at this motel. ||Crossing US-81, the tornado significantly damaged another automotive service building and produced significant roof damage to a home on SE 27th Street. The tornado weakened as it moved east-northeast along and just north of SE 27th Street damaging trees before dissipating near Alfadale Road.",CSV
