BEGIN_YEARMONTH,BEGIN_DAY,BEGIN_TIME,END_YEARMONTH,END_DAY,END_TIME,EPISODE_ID,EVENT_ID,STATE,STATE_FIPS,YEAR,MONTH_NAME,EVENT_TYPE,CZ_TYPE,CZ_FIPS,CZ_NAME,WFO,BEGIN_DATE_TIME,CZ_TIMEZONE,END_DATE_TIME,INJURIES_DIRECT,INJURIES_INDIRECT,DEATHS_DIRECT,DEATHS_INDIRECT,DAMAGE_PROPERTY,DAMAGE_CROPS,SOURCE,MAGNITUDE,MAGNITUDE_TYPE,FLOOD_CAUSE,CATEGORY,TOR_F_SCALE,TOR_LENGTH,TOR_WIDTH,TOR_OTHER_WFO,TOR_OTHER_CZ_STATE,TOR_OTHER_CZ_FIPS,TOR_OTHER_CZ_NAME,BEGIN_RANGE,BEGIN_AZIMUTH,BEGIN_LOCATION,END_RANGE,END_AZIMUTH,END_LOCATION,BEGIN_LAT,BEGIN_LON,END_LAT,END_LON,EPISODE_NARRATIVE,EVENT_NARRATIVE,DATA_SOURCE
201204,9,1623,201204,9,1623,62007,379499,OKLAHOMA,40,2012,April,Tornado,C,153,WOODWARD,OUN,09-APR-12 16:23:00,CST-6,09-APR-12 16:23:00,0,0,0,0,0.00K,0.00K,Storm Chaser,,,,,EF0,0.1,30.0,,,,,3.0,SSW,WOODWARD,3.0,SSW,WOODWARD,36.3899,-99.4107,36.3899,-99.4107,"Supercell thunderstorms developed over northwest Oklahoma during the mid-afternoon hours and moved southeast through the evening hours. Hail up to softball-size was reported over many areas of Woodward county. In addition, several weak tornadoes occurred near and south of Woodward, OK. The tornadoes were brief in duration, although one did produce some damage east of Sharon, OK. The more extensive damage occurred with the very large hail that ravaged most of the city of Woodward. The hail shattered numerous automobile and building windows, some of which caused injuries. Two injuries occurred as hail busted through car windows. Another injury occurred to a girl that was closing her storm shelter. She broke her wrist after being struck by tennis ball-size hail. The Mesonet site located 2 miles south-southwest of Woodward recorded an interesting drop in pressure as the supercell tornado moved nearby. The storms moved southeast with large hail becoming primary threat as they moved over Clinton, OK. Other thunderstorms developed over the Texas panhandle and moved into far southwest Oklahoma and adjacent portions of western north Texas. These storms moved over mainly rural areas of Hardeman Foard counties, with large hail likely occurring and wind gusts over 60 mph.",A number of storm chasers reported a tornado approximately 3 miles south-southwest of Woodward. No known damage occurred and the location is estimated.,CSV
201204,14,1526,201204,14,1526,62013,379730,OKLAHOMA,40,2012,April,Tornado,C,153,WOODWARD,OUN,14-APR-12 15:26:00,CST-6,14-APR-12 15:26:00,0,0,0,0,0.00K,0.00K,Storm Chaser,,,,,EF0,0.2,30.0,,,,,24.0,N,MOORELAND,24.0,N,MOORELAND,36.7874,-99.21,36.7874,-99.21,"A severe weather outbreak occurred on the afternoon and evening of Saturday April 14th, 2012 across Kansas and northwest Oklahoma. Multiple tornadoes, including a few that were strong, very large hail and damaging winds accompanied the supercells that formed through the afternoon and evening. Over a dozen tornadoes occurred in northwest Oklahoma in addition to the numerous tornadoes in Kansas.||Much of Oklahoma remained under clear skies for the afternoon, which coupled with plentiful moisture allowed very strong instability to develop. A dryline stretched from western Kansas into northwest and western Oklahoma through the afternoon hours. Thunderstorms ignited off the dryline in the early afternoon, with the first severe weather reports around 230pm. The first tornado was not reported until nearly 4pm as low level wind shear increased gradually. The tornado reports continued through nearly 1am with the tornado that impacted Woodward, OK the last tornado of the evening.||With the first supercells firing around 2 PM, many dropped large hail, some as large as 3 inches in diameter. Many brief tornado touchdowns were reported as well, with the initial reports north of Woodward, OK. Additional supercells developed through the afternoon with a prominent tornadic supercell developing near Waynoka, Oklahoma. This supercell produced multiple tornadoes near Cherokee and continued moving to the northeast. One tornado with this supercell produced damage to a cemetery west of Byron. Fortunately, many of the tornadoes from this thunderstorm remained over mainly rural areas in Waynoka, Woods and Alfalfa counties.||Another tornadic supercell developed southwest of Woodward before midnight and tracked toward Woodward. The Woodward tornado began around 1150 PM roughly 3 miles northeast of Arnett and moved northeast into Woodward county. The southwest city limits of Woodward were impacted near 1218 AM on Sunday April 15th, 2012 and the tornado finally exited the north-northwest side of Woodward around 1223 AM. The tornado dissipated shortly afterward, 4 miles north of Woodward. Sadly, 6 fatalities were reported with the tornado that impacted Woodward.","A tornado was observed by a storm chaser approximately 4 miles west-northwest of Freedom, likely just on the south side of the Cimarron River, however the location is estimated. No damage is known to have occurred with this tornado.",CSV
201204,9,1635,201204,9,1635,62007,379505,OKLAHOMA,40,2012,April,Tornado,C,153,WOODWARD,OUN,09-APR-12 16:35:00,CST-6,09-APR-12 16:35:00,0,0,0,0,0.00K,0.00K,Emergency Manager,,,,,EF1,0.2,100.0,,,,,5.0,S,WOODWARD,5.0,S,WOODWARD,36.3568,-99.3722,36.3568,-99.3722,"Supercell thunderstorms developed over northwest Oklahoma during the mid-afternoon hours and moved southeast through the evening hours. Hail up to softball-size was reported over many areas of Woodward county. In addition, several weak tornadoes occurred near and south of Woodward, OK. The tornadoes were brief in duration, although one did produce some damage east of Sharon, OK. The more extensive damage occurred with the very large hail that ravaged most of the city of Woodward. The hail shattered numerous automobile and building windows, some of which caused injuries. Two injuries occurred as hail busted through car windows. Another injury occurred to a girl that was closing her storm shelter. She broke her wrist after being struck by tennis ball-size hail. The Mesonet site located 2 miles south-southwest of Woodward recorded an interesting drop in pressure as the supercell tornado moved nearby. The storms moved southeast with large hail becoming primary threat as they moved over Clinton, OK. Other thunderstorms developed over the Texas panhandle and moved into far southwest Oklahoma and adjacent portions of western north Texas. These storms moved over mainly rural areas of Hardeman Foard counties, with large hail likely occurring and wind gusts over 60 mph.","A tornado was observed by spotters and storm chasers south of Woodward. A camper was rolled over, trees were uprooted and light damage occurred to a building.",CSV
201204,9,1645,201204,9,1645,62007,379508,OKLAHOMA,40,2012,April,Tornado,C,153,WOODWARD,OUN,09-APR-12 16:45:00,CST-6,09-APR-12 16:45:00,0,0,0,0,0.00K,0.00K,Storm Chaser,,,,,EF0,0.2,200.0,,,,,5.0,NNW,SHARON,5.0,NNW,SHARON,36.3498,-99.3638,36.3498,-99.3638,"Supercell thunderstorms developed over northwest Oklahoma during the mid-afternoon hours and moved southeast through the evening hours. Hail up to softball-size was reported over many areas of Woodward county. In addition, several weak tornadoes occurred near and south of Woodward, OK. The tornadoes were brief in duration, although one did produce some damage east of Sharon, OK. The more extensive damage occurred with the very large hail that ravaged most of the city of Woodward. The hail shattered numerous automobile and building windows, some of which caused injuries. Two injuries occurred as hail busted through car windows. Another injury occurred to a girl that was closing her storm shelter. She broke her wrist after being struck by tennis ball-size hail. The Mesonet site located 2 miles south-southwest of Woodward recorded an interesting drop in pressure as the supercell tornado moved nearby. The storms moved southeast with large hail becoming primary threat as they moved over Clinton, OK. Other thunderstorms developed over the Texas panhandle and moved into far southwest Oklahoma and adjacent portions of western north Texas. These storms moved over mainly rural areas of Hardeman Foard counties, with large hail likely occurring and wind gusts over 60 mph.",Emergency management and a storm chaser reported a multiple-vortex tornado between Woodward and Sharon. No known damage occurred and the location of this tornado is estimated.,CSV
201204,9,1656,201204,9,1656,62007,379509,OKLAHOMA,40,2012,April,Tornado,C,153,WOODWARD,OUN,09-APR-12 16:56:00,CST-6,09-APR-12 16:56:00,0,0,0,0,0.00K,0.00K,Storm Chaser,,,,,EF0,0.2,200.0,,,,,1.0,NE,SHARON,1.0,NE,SHARON,36.2902,-99.3273,36.2902,-99.3273,"Supercell thunderstorms developed over northwest Oklahoma during the mid-afternoon hours and moved southeast through the evening hours. Hail up to softball-size was reported over many areas of Woodward county. In addition, several weak tornadoes occurred near and south of Woodward, OK. The tornadoes were brief in duration, although one did produce some damage east of Sharon, OK. The more extensive damage occurred with the very large hail that ravaged most of the city of Woodward. The hail shattered numerous automobile and building windows, some of which caused injuries. Two injuries occurred as hail busted through car windows. Another injury occurred to a girl that was closing her storm shelter. She broke her wrist after being struck by tennis ball-size hail. The Mesonet site located 2 miles south-southwest of Woodward recorded an interesting drop in pressure as the supercell tornado moved nearby. The storms moved southeast with large hail becoming primary threat as they moved over Clinton, OK. Other thunderstorms developed over the Texas panhandle and moved into far southwest Oklahoma and adjacent portions of western north Texas. These storms moved over mainly rural areas of Hardeman Foard counties, with large hail likely occurring and wind gusts over 60 mph.",A storm spotter reported a tornado just NE of Sharon. No damage is known to have occurred and the location is estimated.,CSV
201204,14,1801,201204,14,1801,62013,379740,OKLAHOMA,40,2012,April,Tornado,C,93,MAJOR,OUN,14-APR-12 18:01:00,CST-6,14-APR-12 18:01:00,0,0,0,0,0.00K,0.00K,Storm Chaser,,,,,EF0,0.1,30.0,,,,,4.0,NW,BOUSE JUNCTION,4.0,NW,BOUSE JUNCTION,36.4609,-98.9409,36.4609,-98.9409,"A severe weather outbreak occurred on the afternoon and evening of Saturday April 14th, 2012 across Kansas and northwest Oklahoma. Multiple tornadoes, including a few that were strong, very large hail and damaging winds accompanied the supercells that formed through the afternoon and evening. Over a dozen tornadoes occurred in northwest Oklahoma in addition to the numerous tornadoes in Kansas.||Much of Oklahoma remained under clear skies for the afternoon, which coupled with plentiful moisture allowed very strong instability to develop. A dryline stretched from western Kansas into northwest and western Oklahoma through the afternoon hours. Thunderstorms ignited off the dryline in the early afternoon, with the first severe weather reports around 230pm. The first tornado was not reported until nearly 4pm as low level wind shear increased gradually. The tornado reports continued through nearly 1am with the tornado that impacted Woodward, OK the last tornado of the evening.||With the first supercells firing around 2 PM, many dropped large hail, some as large as 3 inches in diameter. Many brief tornado touchdowns were reported as well, with the initial reports north of Woodward, OK. Additional supercells developed through the afternoon with a prominent tornadic supercell developing near Waynoka, Oklahoma. This supercell produced multiple tornadoes near Cherokee and continued moving to the northeast. One tornado with this supercell produced damage to a cemetery west of Byron. Fortunately, many of the tornadoes from this thunderstorm remained over mainly rural areas in Waynoka, Woods and Alfalfa counties.||Another tornadic supercell developed southwest of Woodward before midnight and tracked toward Woodward. The Woodward tornado began around 1150 PM roughly 3 miles northeast of Arnett and moved northeast into Woodward county. The southwest city limits of Woodward were impacted near 1218 AM on Sunday April 15th, 2012 and the tornado finally exited the north-northwest side of Woodward around 1223 AM. The tornado dissipated shortly afterward, 4 miles north of Woodward. Sadly, 6 fatalities were reported with the tornado that impacted Woodward.",Storm chasers reported a brief tornado that is estimated to have occurred about 4 miles northwest of Bouse Junction (the junction of US Highways 281 and 412.) This tornado produced no known damage.,CSV
201204,30,2010,201204,30,2100,63218,379945,OKLAHOMA,40,2012,April,Tornado,C,53,GRANT,OUN,30-APR-12 20:10:00,CST-6,30-APR-12 21:00:00,0,0,0,0,,,Broadcast Media,,,,,EF1,14.0,400.0,,,,,1.0,SE,MEDFORD,2.0,E,DEER CREEK,36.7998,-97.7172,36.81,-97.4839,"Two distinct areas of severe thunderstorms developed late on the afternoon of April 30. The first was a cluster of supercells that initiated near a warm front across southwest Kansas and northwest Oklahoma. Several reports of golfball size hail were received between 7:00pm and 9:00pm CDT in Woods and Alfalfa County. More significantly, several tornadoes occurred in the area from near Great Salt Plains Lake to Medford with the easternmost supercell in this cluster. Some minor damage was reported, and the Oklahoma Mesonet site 1 SW Medford recorded a gust to 84 mph near a tornado.||The second area of severe weather initially developed across the Texas Panhandle, but spread eastward into parts of western and central Oklahoma overnight. One supercell affected Harmon County between 9:00-10:30pm CDT, with reports of golfball size hail and a wind gust of 76 mph near Gould. A large complex moved across much of central Oklahoma between 10:00pm-1:00am. While a couple of 1.00 hail reports were received in Oklahoma City, the main impact was severe winds, with numerous reports received from Caddo, Canadian, Grady, and Oklahoma County.","Soon after one tornado dissipated just south of Medford, another tornado developed just southeast of Medford. This tornado moved north-northeast damaging hundreds of power poles east of Medford toward Deer Creek and heavily damaging the Hohmann substation west of Deer Creek. When the tornado reached a point to the northwest of Deer Creek, the tornado began to curve to the east-southeast passing just north of Deer Creek and dissipating 2 or 3 miles east of Deer Creek.  Near Deer Creek, the tornado damaged the valve of a 30000 gallon anhydrous ammonia tank causing a leak that could not be stopped for a few hours. Much of the path of this tornado is estimated since it moved primarily through farmland.",CSV
201203,18,1750,201203,18,1804,60509,361106,OKLAHOMA,40,2012,March,Tornado,C,55,GREER,OUN,18-MAR-12 17:50:00,CST-6,18-MAR-12 18:04:00,0,0,0,0,0.00K,0.00K,Storm Chaser,,,,,EF0,3.85,150.0,,,,,2.0,E,REED,5.0,NE,REED,34.9,-99.6647,34.9512,-99.6376,"Supercell thunderstorms developed over the southern Texas panhandle and moved into southwest Oklahoma, with large hail and four tornadoes reported by early evening. The first thunderstorms moved into western portions of north Texas and quickly strengthened to severe levels. large hail was reported as they moved northeast into southwest Oklahoma. As the storms moved into Greer county, the supercells developed strong low level rotation due to the high amounts of low-level wind shear. Four tornadoes developed over Greer and far southeast Beckham counties, but remained over open land and caused no known damage. Other storms developed during the evening hours, but the threat had transitioned to heavy rainfall, large hail, and damaging winds.","The tornado developed just south of State Highway 9 and moved north-northeast. Although it became a well-developed tornado, it produced no known damage.",CSV
201203,18,1810,201203,18,1810,60509,361107,OKLAHOMA,40,2012,March,Tornado,C,55,GREER,OUN,18-MAR-12 18:10:00,CST-6,18-MAR-12 18:10:00,0,0,0,0,0.00K,0.00K,Storm Chaser,,,,,EF0,0.1,50.0,,,,,3.0,WSW,BRINKMAN,3.0,WSW,BRINKMAN,34.9934,-99.569,34.9934,-99.569,"Supercell thunderstorms developed over the southern Texas panhandle and moved into southwest Oklahoma, with large hail and four tornadoes reported by early evening. The first thunderstorms moved into western portions of north Texas and quickly strengthened to severe levels. large hail was reported as they moved northeast into southwest Oklahoma. As the storms moved into Greer county, the supercells developed strong low level rotation due to the high amounts of low-level wind shear. Four tornadoes developed over Greer and far southeast Beckham counties, but remained over open land and caused no known damage. Other storms developed during the evening hours, but the threat had transitioned to heavy rainfall, large hail, and damaging winds.",The tornado produced no known damage.,CSV
201204,30,2107,201204,30,2113,63218,379948,OKLAHOMA,40,2012,April,Tornado,C,71,KAY,OUN,30-APR-12 21:07:00,CST-6,30-APR-12 21:13:00,0,0,0,0,0.00K,0.00K,Emergency Manager,,,,,EF1,2.0,50.0,,,,,1.0,W,NARDIN,2.0,S,NARDIN,36.81,-97.459,36.7811,-97.45,"Two distinct areas of severe thunderstorms developed late on the afternoon of April 30. The first was a cluster of supercells that initiated near a warm front across southwest Kansas and northwest Oklahoma. Several reports of golfball size hail were received between 7:00pm and 9:00pm CDT in Woods and Alfalfa County. More significantly, several tornadoes occurred in the area from near Great Salt Plains Lake to Medford with the easternmost supercell in this cluster. Some minor damage was reported, and the Oklahoma Mesonet site 1 SW Medford recorded a gust to 84 mph near a tornado.||The second area of severe weather initially developed across the Texas Panhandle, but spread eastward into parts of western and central Oklahoma overnight. One supercell affected Harmon County between 9:00-10:30pm CDT, with reports of golfball size hail and a wind gust of 76 mph near Gould. A large complex moved across much of central Oklahoma between 10:00pm-1:00am. While a couple of 1.00 hail reports were received in Oklahoma City, the main impact was severe winds, with numerous reports received from Caddo, Canadian, Grady, and Oklahoma County.",Trees were damaged near west and south of Nardin as a tornado moved from near state highway 11 and 164th Street south-southeast.,CSV
201204,14,1814,201204,14,1820,62013,378790,OKLAHOMA,40,2012,April,Tornado,C,151,WOODS,OUN,14-APR-12 18:14:00,CST-6,14-APR-12 18:20:00,0,0,0,0,0.00K,0.00K,Broadcast Media,,,,,EF1,3.3,150.0,,,,,6.0,S,WAYNOKA,5.0,SE,WAYNOKA,36.506,-98.86,36.5388,-98.8163,"A severe weather outbreak occurred on the afternoon and evening of Saturday April 14th, 2012 across Kansas and northwest Oklahoma. Multiple tornadoes, including a few that were strong, very large hail and damaging winds accompanied the supercells that formed through the afternoon and evening. Over a dozen tornadoes occurred in northwest Oklahoma in addition to the numerous tornadoes in Kansas.||Much of Oklahoma remained under clear skies for the afternoon, which coupled with plentiful moisture allowed very strong instability to develop. A dryline stretched from western Kansas into northwest and western Oklahoma through the afternoon hours. Thunderstorms ignited off the dryline in the early afternoon, with the first severe weather reports around 230pm. The first tornado was not reported until nearly 4pm as low level wind shear increased gradually. The tornado reports continued through nearly 1am with the tornado that impacted Woodward, OK the last tornado of the evening.||With the first supercells firing around 2 PM, many dropped large hail, some as large as 3 inches in diameter. Many brief tornado touchdowns were reported as well, with the initial reports north of Woodward, OK. Additional supercells developed through the afternoon with a prominent tornadic supercell developing near Waynoka, Oklahoma. This supercell produced multiple tornadoes near Cherokee and continued moving to the northeast. One tornado with this supercell produced damage to a cemetery west of Byron. Fortunately, many of the tornadoes from this thunderstorm remained over mainly rural areas in Waynoka, Woods and Alfalfa counties.||Another tornadic supercell developed southwest of Woodward before midnight and tracked toward Woodward. The Woodward tornado began around 1150 PM roughly 3 miles northeast of Arnett and moved northeast into Woodward county. The southwest city limits of Woodward were impacted near 1218 AM on Sunday April 15th, 2012 and the tornado finally exited the north-northwest side of Woodward around 1223 AM. The tornado dissipated shortly afterward, 4 miles north of Woodward. Sadly, 6 fatalities were reported with the tornado that impacted Woodward.","The tornado moved from Major County into Woods County south and southeast of Waynoka. As the tornado was in the process of dissipating, it damaged equipment at an oil field southeast of Waynoka starting a fire.",CSV
201204,14,1819,201204,14,1821,62013,378760,OKLAHOMA,40,2012,April,Tornado,C,151,WOODS,OUN,14-APR-12 18:19:00,CST-6,14-APR-12 18:21:00,0,0,0,0,0.00K,0.00K,Storm Chaser,,,,,EF0,1.0,75.0,,,,,4.0,SE,WAYNOKA,4.0,SE,WAYNOKA,36.5491,-98.829,36.5491,-98.829,"A severe weather outbreak occurred on the afternoon and evening of Saturday April 14th, 2012 across Kansas and northwest Oklahoma. Multiple tornadoes, including a few that were strong, very large hail and damaging winds accompanied the supercells that formed through the afternoon and evening. Over a dozen tornadoes occurred in northwest Oklahoma in addition to the numerous tornadoes in Kansas.||Much of Oklahoma remained under clear skies for the afternoon, which coupled with plentiful moisture allowed very strong instability to develop. A dryline stretched from western Kansas into northwest and western Oklahoma through the afternoon hours. Thunderstorms ignited off the dryline in the early afternoon, with the first severe weather reports around 230pm. The first tornado was not reported until nearly 4pm as low level wind shear increased gradually. The tornado reports continued through nearly 1am with the tornado that impacted Woodward, OK the last tornado of the evening.||With the first supercells firing around 2 PM, many dropped large hail, some as large as 3 inches in diameter. Many brief tornado touchdowns were reported as well, with the initial reports north of Woodward, OK. Additional supercells developed through the afternoon with a prominent tornadic supercell developing near Waynoka, Oklahoma. This supercell produced multiple tornadoes near Cherokee and continued moving to the northeast. One tornado with this supercell produced damage to a cemetery west of Byron. Fortunately, many of the tornadoes from this thunderstorm remained over mainly rural areas in Waynoka, Woods and Alfalfa counties.||Another tornadic supercell developed southwest of Woodward before midnight and tracked toward Woodward. The Woodward tornado began around 1150 PM roughly 3 miles northeast of Arnett and moved northeast into Woodward county. The southwest city limits of Woodward were impacted near 1218 AM on Sunday April 15th, 2012 and the tornado finally exited the north-northwest side of Woodward around 1223 AM. The tornado dissipated shortly afterward, 4 miles north of Woodward. Sadly, 6 fatalities were reported with the tornado that impacted Woodward.",The tornado developed just northwest and west of the tornado that moved into Woods County from Major County. It produced no known damage and the location is estimated.,CSV
201204,14,2242,201204,14,2305,62013,378787,OKLAHOMA,40,2012,April,Tornado,C,45,ELLIS,OUN,14-APR-12 22:42:00,CST-6,14-APR-12 23:05:00,0,0,0,0,0.00K,0.00K,NWS Employee,,,,,EF3,15.0,400.0,OUN,OK,153.0,WOODWARD,2.0,SSW,ARNETT,7.0,S,FARGO,36.1133,-99.7837,36.276,-99.604,"A severe weather outbreak occurred on the afternoon and evening of Saturday April 14th, 2012 across Kansas and northwest Oklahoma. Multiple tornadoes, including a few that were strong, very large hail and damaging winds accompanied the supercells that formed through the afternoon and evening. Over a dozen tornadoes occurred in northwest Oklahoma in addition to the numerous tornadoes in Kansas.||Much of Oklahoma remained under clear skies for the afternoon, which coupled with plentiful moisture allowed very strong instability to develop. A dryline stretched from western Kansas into northwest and western Oklahoma through the afternoon hours. Thunderstorms ignited off the dryline in the early afternoon, with the first severe weather reports around 230pm. The first tornado was not reported until nearly 4pm as low level wind shear increased gradually. The tornado reports continued through nearly 1am with the tornado that impacted Woodward, OK the last tornado of the evening.||With the first supercells firing around 2 PM, many dropped large hail, some as large as 3 inches in diameter. Many brief tornado touchdowns were reported as well, with the initial reports north of Woodward, OK. Additional supercells developed through the afternoon with a prominent tornadic supercell developing near Waynoka, Oklahoma. This supercell produced multiple tornadoes near Cherokee and continued moving to the northeast. One tornado with this supercell produced damage to a cemetery west of Byron. Fortunately, many of the tornadoes from this thunderstorm remained over mainly rural areas in Waynoka, Woods and Alfalfa counties.||Another tornadic supercell developed southwest of Woodward before midnight and tracked toward Woodward. The Woodward tornado began around 1150 PM roughly 3 miles northeast of Arnett and moved northeast into Woodward county. The southwest city limits of Woodward were impacted near 1218 AM on Sunday April 15th, 2012 and the tornado finally exited the north-northwest side of Woodward around 1223 AM. The tornado dissipated shortly afterward, 4 miles north of Woodward. Sadly, 6 fatalities were reported with the tornado that impacted Woodward.","The tornado developed south of Arnett and moved northeast. Two homes were categorized as destroyed and a few other homes sustained damage. Trees and power lines were also damaged as the tornado moved toward the Woodward county border. The tornado eventually crossed the border, doing substantially more damage towards Woodward.",CSV
201204,14,2305,201204,14,2327,62013,378771,OKLAHOMA,40,2012,April,Tornado,C,153,WOODWARD,OUN,14-APR-12 23:05:00,CST-6,14-APR-12 23:27:00,29,0,6,0,,,NWS Storm Survey,,,,,EF3,19.0,400.0,,,,,11.0,SSW,TANGIER,4.0,N,WOODWARD,36.276,-99.604,36.4879,-99.39,"A severe weather outbreak occurred on the afternoon and evening of Saturday April 14th, 2012 across Kansas and northwest Oklahoma. Multiple tornadoes, including a few that were strong, very large hail and damaging winds accompanied the supercells that formed through the afternoon and evening. Over a dozen tornadoes occurred in northwest Oklahoma in addition to the numerous tornadoes in Kansas.||Much of Oklahoma remained under clear skies for the afternoon, which coupled with plentiful moisture allowed very strong instability to develop. A dryline stretched from western Kansas into northwest and western Oklahoma through the afternoon hours. Thunderstorms ignited off the dryline in the early afternoon, with the first severe weather reports around 230pm. The first tornado was not reported until nearly 4pm as low level wind shear increased gradually. The tornado reports continued through nearly 1am with the tornado that impacted Woodward, OK the last tornado of the evening.||With the first supercells firing around 2 PM, many dropped large hail, some as large as 3 inches in diameter. Many brief tornado touchdowns were reported as well, with the initial reports north of Woodward, OK. Additional supercells developed through the afternoon with a prominent tornadic supercell developing near Waynoka, Oklahoma. This supercell produced multiple tornadoes near Cherokee and continued moving to the northeast. One tornado with this supercell produced damage to a cemetery west of Byron. Fortunately, many of the tornadoes from this thunderstorm remained over mainly rural areas in Waynoka, Woods and Alfalfa counties.||Another tornadic supercell developed southwest of Woodward before midnight and tracked toward Woodward. The Woodward tornado began around 1150 PM roughly 3 miles northeast of Arnett and moved northeast into Woodward county. The southwest city limits of Woodward were impacted near 1218 AM on Sunday April 15th, 2012 and the tornado finally exited the north-northwest side of Woodward around 1223 AM. The tornado dissipated shortly afterward, 4 miles north of Woodward. Sadly, 6 fatalities were reported with the tornado that impacted Woodward.","The tornado developed approximately just south of Arnett (Ellis County) at 11:42 pm CDT on April 14, 2012 and moved northeast. Only minor damage, downed trees and power poles/lines, was seen as the tornado moved over mainly rural portions of Woodward County, southwest of the city of Woodward. At approximately 12:12 am CDT on April 15, 2012, the tornado struck two mobile homes 5 miles southwest of Woodward. The damage here was determined to be EF-2 in intensity, and also resulted in 3 fatalities. The heaviest damage, rated EF-3, was reported as the tornado entered the southwest sides of Woodward around 12:18 am CDT. Several homes and businesses were heavily damaged as the tornado continued northeast.|Several more mobile homes were destroyed by the tornado on the north side of Woodward, and resulted in 3 additional fatalities. The tornado finally exited the city of Woodward at approximately 12:23 am CDT, eventually dissipating approximately 4 miles north of Woodward at 12:27 am CDT.",CSV
201204,14,1937,201204,14,1942,62013,378789,OKLAHOMA,40,2012,April,Tornado,C,53,GRANT,OUN,14-APR-12 19:37:00,CST-6,14-APR-12 19:42:00,0,0,0,0,0.00K,0.00K,NWS Employee,,,,,EF0,2.9,600.0,,,,,4.0,WSW,MANCHESTER,2.0,WNW,MANCHESTER,36.974,-98.112,36.998,-98.069,"A severe weather outbreak occurred on the afternoon and evening of Saturday April 14th, 2012 across Kansas and northwest Oklahoma. Multiple tornadoes, including a few that were strong, very large hail and damaging winds accompanied the supercells that formed through the afternoon and evening. Over a dozen tornadoes occurred in northwest Oklahoma in addition to the numerous tornadoes in Kansas.||Much of Oklahoma remained under clear skies for the afternoon, which coupled with plentiful moisture allowed very strong instability to develop. A dryline stretched from western Kansas into northwest and western Oklahoma through the afternoon hours. Thunderstorms ignited off the dryline in the early afternoon, with the first severe weather reports around 230pm. The first tornado was not reported until nearly 4pm as low level wind shear increased gradually. The tornado reports continued through nearly 1am with the tornado that impacted Woodward, OK the last tornado of the evening.||With the first supercells firing around 2 PM, many dropped large hail, some as large as 3 inches in diameter. Many brief tornado touchdowns were reported as well, with the initial reports north of Woodward, OK. Additional supercells developed through the afternoon with a prominent tornadic supercell developing near Waynoka, Oklahoma. This supercell produced multiple tornadoes near Cherokee and continued moving to the northeast. One tornado with this supercell produced damage to a cemetery west of Byron. Fortunately, many of the tornadoes from this thunderstorm remained over mainly rural areas in Waynoka, Woods and Alfalfa counties.||Another tornadic supercell developed southwest of Woodward before midnight and tracked toward Woodward. The Woodward tornado began around 1150 PM roughly 3 miles northeast of Arnett and moved northeast into Woodward county. The southwest city limits of Woodward were impacted near 1218 AM on Sunday April 15th, 2012 and the tornado finally exited the north-northwest side of Woodward around 1223 AM. The tornado dissipated shortly afterward, 4 miles north of Woodward. Sadly, 6 fatalities were reported with the tornado that impacted Woodward.","A large and violently rotating tornado crossed from Alfalfa County through far northwest Grant County briefly before entering Harper County, Kansas (see NWS Wichita report for southeast Kansas for the continuation of this tornado). The tornado produced no known damage in Grant County, except to trees.",CSV
201204,14,1618,201204,14,1618,62013,378751,OKLAHOMA,40,2012,April,Tornado,C,153,WOODWARD,OUN,14-APR-12 16:18:00,CST-6,14-APR-12 16:18:00,0,0,0,0,0.00K,0.00K,Broadcast Media,,,,,EF0,0.2,30.0,,,,,13.0,SSW,TANGIER,13.0,SSW,TANGIER,36.236,-99.589,36.236,-99.589,"A severe weather outbreak occurred on the afternoon and evening of Saturday April 14th, 2012 across Kansas and northwest Oklahoma. Multiple tornadoes, including a few that were strong, very large hail and damaging winds accompanied the supercells that formed through the afternoon and evening. Over a dozen tornadoes occurred in northwest Oklahoma in addition to the numerous tornadoes in Kansas.||Much of Oklahoma remained under clear skies for the afternoon, which coupled with plentiful moisture allowed very strong instability to develop. A dryline stretched from western Kansas into northwest and western Oklahoma through the afternoon hours. Thunderstorms ignited off the dryline in the early afternoon, with the first severe weather reports around 230pm. The first tornado was not reported until nearly 4pm as low level wind shear increased gradually. The tornado reports continued through nearly 1am with the tornado that impacted Woodward, OK the last tornado of the evening.||With the first supercells firing around 2 PM, many dropped large hail, some as large as 3 inches in diameter. Many brief tornado touchdowns were reported as well, with the initial reports north of Woodward, OK. Additional supercells developed through the afternoon with a prominent tornadic supercell developing near Waynoka, Oklahoma. This supercell produced multiple tornadoes near Cherokee and continued moving to the northeast. One tornado with this supercell produced damage to a cemetery west of Byron. Fortunately, many of the tornadoes from this thunderstorm remained over mainly rural areas in Waynoka, Woods and Alfalfa counties.||Another tornadic supercell developed southwest of Woodward before midnight and tracked toward Woodward. The Woodward tornado began around 1150 PM roughly 3 miles northeast of Arnett and moved northeast into Woodward county. The southwest city limits of Woodward were impacted near 1218 AM on Sunday April 15th, 2012 and the tornado finally exited the north-northwest side of Woodward around 1223 AM. The tornado dissipated shortly afterward, 4 miles north of Woodward. Sadly, 6 fatalities were reported with the tornado that impacted Woodward.",Television chasers reported a tornado that produced no known damage. The tornado was estimated to have occurred 6 miles north-northwest of Harmon.,CSV
201205,1,30,201205,1,32,63245,380011,OKLAHOMA,40,2012,May,Tornado,C,35,CRAIG,TSA,01-MAY-12 00:30:00,CST-6,01-MAY-12 00:32:00,1,0,0,0,250.00K,0.00K,NWS Storm Survey,,,,,EF2,1.0,150.0,,,,,1.0,NNE,WELCH,2.0,NNE,WELCH,36.8872,-95.094,36.8961,-95.0796,"Thunderstorms developed over far northeast Oklahoma, in the vicinity of a warm front and an outflow boundary from earlier thunderstorms. Large hail, damaging winds, several tornadoes and flash flooding were observed with these thunderstorms. This event began during the evening hours of April 30th and continued into the early morning hours of May 1st.","A tornado tore the roof off of a permanent home, shifted another permanent home off its foundation and blew out an exterior wall, turned over an outbuilding, rolled two horse trailers, destroyed a 40' by 60' steel-framed barn, and snapped or uprooted a number of hardwood trees. Maximum estimated wind in the tornado based on this damage was 110 to 120 mph.",CSV
201204,30,2125,201204,30,2138,63218,378965,OKLAHOMA,40,2012,April,Tornado,C,71,KAY,OUN,30-APR-12 21:25:00,CST-6,30-APR-12 21:38:00,0,0,0,0,0.00K,0.00K,Emergency Manager,,,,,EF1,7.0,100.0,,,,,3.0,SSE,NARDIN,6.0,W,TONKAWA,36.7766,-97.4327,36.68,-97.4183,"Two distinct areas of severe thunderstorms developed late on the afternoon of April 30. The first was a cluster of supercells that initiated near a warm front across southwest Kansas and northwest Oklahoma. Several reports of golfball size hail were received between 7:00pm and 9:00pm CDT in Woods and Alfalfa County. More significantly, several tornadoes occurred in the area from near Great Salt Plains Lake to Medford with the easternmost supercell in this cluster. Some minor damage was reported, and the Oklahoma Mesonet site 1 SW Medford recorded a gust to 84 mph near a tornado.||The second area of severe weather initially developed across the Texas Panhandle, but spread eastward into parts of western and central Oklahoma overnight. One supercell affected Harmon County between 9:00-10:30pm CDT, with reports of golfball size hail and a wind gust of 76 mph near Gould. A large complex moved across much of central Oklahoma between 10:00pm-1:00am. While a couple of 1.00 hail reports were received in Oklahoma City, the main impact was severe winds, with numerous reports received from Caddo, Canadian, Grady, and Oklahoma County.",Several outbuildings and one home were heavily damaged. Numerous large trees were also blown over.,CSV
201204,13,1500,201204,13,1512,62012,378464,OKLAHOMA,40,2012,April,Tornado,C,27,CLEVELAND,OUN,13-APR-12 15:00:00,CST-6,13-APR-12 15:12:00,0,20,0,0,,,NWS Storm Survey,,,,,EF1,5.0,600.0,,,,,4.0,WSW,NORMAN,1.0,NE,NORMAN,35.202,-97.5021,35.2299,-97.4261,"A severe weather event began during the early afternoon hours of Friday, April 13, 2012, and lasted through the early morning hours of Saturday, April 14, 2012. Around a dozen tornadoes, as well as large hail, and strong wind gusts were produced by the numerous thunderstorms that occurred during this event. Much of the severe weather occurred in parts of southwestern and central Oklahoma. However, thunderstorms did develop in other portions of Oklahoma as well during the event.||A moist airmass had been in place over much of the region for several days prior to April 13th, and several rounds of showers and thunderstorms had occurred during this period. On Friday, April 13th, a dryline and weak frontal boundary moved into the area extending from near southwestern and west central Oklahoma then northeast into north central Oklahoma by the early afternoon hours. The first storms developed in parts of southwestern Oklahoma and west Texas. However, it was several hours before the first tornado occurred. In fact, the potential for tornadoes increased during the early evening hours of April 13th as the low level jet (strong winds just above the surface) became stronger.||The first tornadic activity of the day occurred in central Oklahoma as a tornado touched down just southwest of Norman at 3:59 pm CDT, and then moved east-northeast through the heart of that city shortly after 4:00 pm CDT. This tornado was eventually rated an EF-1 as it damaged many businesses and homes, and numerous trees and power lines were also downed. No fatalities were reported with this rush hour tornado, but 20 injuries were reported. The same parent supercell thunderstorm that produced the Norman tornado also spawned a brief, weak tornado in Pottawatomie County 6 miles northwest of Shawnee, OK.||Meanwhile, supercell thunderstorms continued to develop in southwestern Oklahoma. Nine tornadoes occurred in this area with 3, and possibly 4 tornadoes occurring at one time with a storm near Cooperton, OK in Kiowa County during the evening of April 13th. Two tornadoes were also reported near Blair, OK in Jackson County, and 3 tornadoes were observed near Carnegie, OK in Caddo County.|Large hail and strong wind gusts was also reported with these severe thunderstorms. The largest hail reported was 3 inches in diameter and fell in an area 12 miles south of Sayre, OK. Several wind gusts to 70 mph were also reported.||Approximately 12 tornadoes occurred during this severe weather event. Fortunately, no fatalities or major injuries were reported with these tornadoes.","This tornado moved across the Canadian River into Cleveland County and southwest Norman. The tornado moved east-northeast through the heart of Norman. Numerous trees and power lines were blown down. Minor roof damage was also reported at a number of locations along the path. The higher degree of damage occurred near I-35, and also between Lahoma and Peters Avenues north of Main Street. The tornado finally dissipated just south of NE 12th and Robinson Street.",CSV
201204,13,1459,201204,13,1500,62012,378463,OKLAHOMA,40,2012,April,Tornado,C,87,MCCLAIN,OUN,13-APR-12 14:59:00,CST-6,13-APR-12 15:00:00,0,0,0,0,,,NWS Storm Survey,,,,,EF0,1.0,200.0,OUN,OK,27.0,CLEVELAND,4.0,NNW,GOLDSBY,4.0,NNW,GOLDSBY,35.1991,-97.5188,35.202,-97.5021,"A severe weather event began during the early afternoon hours of Friday, April 13, 2012, and lasted through the early morning hours of Saturday, April 14, 2012. Around a dozen tornadoes, as well as large hail, and strong wind gusts were produced by the numerous thunderstorms that occurred during this event. Much of the severe weather occurred in parts of southwestern and central Oklahoma. However, thunderstorms did develop in other portions of Oklahoma as well during the event.||A moist airmass had been in place over much of the region for several days prior to April 13th, and several rounds of showers and thunderstorms had occurred during this period. On Friday, April 13th, a dryline and weak frontal boundary moved into the area extending from near southwestern and west central Oklahoma then northeast into north central Oklahoma by the early afternoon hours. The first storms developed in parts of southwestern Oklahoma and west Texas. However, it was several hours before the first tornado occurred. In fact, the potential for tornadoes increased during the early evening hours of April 13th as the low level jet (strong winds just above the surface) became stronger.||The first tornadic activity of the day occurred in central Oklahoma as a tornado touched down just southwest of Norman at 3:59 pm CDT, and then moved east-northeast through the heart of that city shortly after 4:00 pm CDT. This tornado was eventually rated an EF-1 as it damaged many businesses and homes, and numerous trees and power lines were also downed. No fatalities were reported with this rush hour tornado, but 20 injuries were reported. The same parent supercell thunderstorm that produced the Norman tornado also spawned a brief, weak tornado in Pottawatomie County 6 miles northwest of Shawnee, OK.||Meanwhile, supercell thunderstorms continued to develop in southwestern Oklahoma. Nine tornadoes occurred in this area with 3, and possibly 4 tornadoes occurring at one time with a storm near Cooperton, OK in Kiowa County during the evening of April 13th. Two tornadoes were also reported near Blair, OK in Jackson County, and 3 tornadoes were observed near Carnegie, OK in Caddo County.|Large hail and strong wind gusts was also reported with these severe thunderstorms. The largest hail reported was 3 inches in diameter and fell in an area 12 miles south of Sayre, OK. Several wind gusts to 70 mph were also reported.||Approximately 12 tornadoes occurred during this severe weather event. Fortunately, no fatalities or major injuries were reported with these tornadoes.","This tornado developed just west of the Canadian River, with minor tree damage reported. The tornado continued into Cleveland county.",CSV
201204,13,1714,201204,13,1716,62012,378471,OKLAHOMA,40,2012,April,Tornado,C,65,JACKSON,OUN,13-APR-12 17:14:00,CST-6,13-APR-12 17:16:00,0,0,0,0,0.00K,0.00K,Storm Chaser,,,,,EF0,0.5,25.0,,,,,3.0,SE,BLAIR,3.0,SE,BLAIR,34.7493,-99.2926,34.7493,-99.2926,"A severe weather event began during the early afternoon hours of Friday, April 13, 2012, and lasted through the early morning hours of Saturday, April 14, 2012. Around a dozen tornadoes, as well as large hail, and strong wind gusts were produced by the numerous thunderstorms that occurred during this event. Much of the severe weather occurred in parts of southwestern and central Oklahoma. However, thunderstorms did develop in other portions of Oklahoma as well during the event.||A moist airmass had been in place over much of the region for several days prior to April 13th, and several rounds of showers and thunderstorms had occurred during this period. On Friday, April 13th, a dryline and weak frontal boundary moved into the area extending from near southwestern and west central Oklahoma then northeast into north central Oklahoma by the early afternoon hours. The first storms developed in parts of southwestern Oklahoma and west Texas. However, it was several hours before the first tornado occurred. In fact, the potential for tornadoes increased during the early evening hours of April 13th as the low level jet (strong winds just above the surface) became stronger.||The first tornadic activity of the day occurred in central Oklahoma as a tornado touched down just southwest of Norman at 3:59 pm CDT, and then moved east-northeast through the heart of that city shortly after 4:00 pm CDT. This tornado was eventually rated an EF-1 as it damaged many businesses and homes, and numerous trees and power lines were also downed. No fatalities were reported with this rush hour tornado, but 20 injuries were reported. The same parent supercell thunderstorm that produced the Norman tornado also spawned a brief, weak tornado in Pottawatomie County 6 miles northwest of Shawnee, OK.||Meanwhile, supercell thunderstorms continued to develop in southwestern Oklahoma. Nine tornadoes occurred in this area with 3, and possibly 4 tornadoes occurring at one time with a storm near Cooperton, OK in Kiowa County during the evening of April 13th. Two tornadoes were also reported near Blair, OK in Jackson County, and 3 tornadoes were observed near Carnegie, OK in Caddo County.|Large hail and strong wind gusts was also reported with these severe thunderstorms. The largest hail reported was 3 inches in diameter and fell in an area 12 miles south of Sayre, OK. Several wind gusts to 70 mph were also reported.||Approximately 12 tornadoes occurred during this severe weather event. Fortunately, no fatalities or major injuries were reported with these tornadoes.",Storm chasers reported another brief tornado southeast of Blair. This tornado produced no known damage.,CSV
201204,13,1710,201204,13,1712,62012,378469,OKLAHOMA,40,2012,April,Tornado,C,65,JACKSON,OUN,13-APR-12 17:10:00,CST-6,13-APR-12 17:12:00,0,0,0,0,0.00K,0.00K,Storm Chaser,,,,,EF0,0.5,25.0,,,,,2.0,SE,BLAIR,2.0,SE,BLAIR,34.7595,-99.3051,34.7595,-99.3051,"A severe weather event began during the early afternoon hours of Friday, April 13, 2012, and lasted through the early morning hours of Saturday, April 14, 2012. Around a dozen tornadoes, as well as large hail, and strong wind gusts were produced by the numerous thunderstorms that occurred during this event. Much of the severe weather occurred in parts of southwestern and central Oklahoma. However, thunderstorms did develop in other portions of Oklahoma as well during the event.||A moist airmass had been in place over much of the region for several days prior to April 13th, and several rounds of showers and thunderstorms had occurred during this period. On Friday, April 13th, a dryline and weak frontal boundary moved into the area extending from near southwestern and west central Oklahoma then northeast into north central Oklahoma by the early afternoon hours. The first storms developed in parts of southwestern Oklahoma and west Texas. However, it was several hours before the first tornado occurred. In fact, the potential for tornadoes increased during the early evening hours of April 13th as the low level jet (strong winds just above the surface) became stronger.||The first tornadic activity of the day occurred in central Oklahoma as a tornado touched down just southwest of Norman at 3:59 pm CDT, and then moved east-northeast through the heart of that city shortly after 4:00 pm CDT. This tornado was eventually rated an EF-1 as it damaged many businesses and homes, and numerous trees and power lines were also downed. No fatalities were reported with this rush hour tornado, but 20 injuries were reported. The same parent supercell thunderstorm that produced the Norman tornado also spawned a brief, weak tornado in Pottawatomie County 6 miles northwest of Shawnee, OK.||Meanwhile, supercell thunderstorms continued to develop in southwestern Oklahoma. Nine tornadoes occurred in this area with 3, and possibly 4 tornadoes occurring at one time with a storm near Cooperton, OK in Kiowa County during the evening of April 13th. Two tornadoes were also reported near Blair, OK in Jackson County, and 3 tornadoes were observed near Carnegie, OK in Caddo County.|Large hail and strong wind gusts was also reported with these severe thunderstorms. The largest hail reported was 3 inches in diameter and fell in an area 12 miles south of Sayre, OK. Several wind gusts to 70 mph were also reported.||Approximately 12 tornadoes occurred during this severe weather event. Fortunately, no fatalities or major injuries were reported with these tornadoes.",Storm chasers reported a brief tornado southeast of Blair. No damage is known to have occurred.,CSV
201204,13,1827,201204,13,1827,62012,378473,OKLAHOMA,40,2012,April,Tornado,C,75,KIOWA,OUN,13-APR-12 18:27:00,CST-6,13-APR-12 18:27:00,0,0,0,0,0.00K,0.00K,NWS Employee,,,,,EF0,0.2,100.0,,,,,1.0,S,COOPERTON,1.0,S,COOPERTON,34.8555,-98.87,34.8555,-98.87,"A severe weather event began during the early afternoon hours of Friday, April 13, 2012, and lasted through the early morning hours of Saturday, April 14, 2012. Around a dozen tornadoes, as well as large hail, and strong wind gusts were produced by the numerous thunderstorms that occurred during this event. Much of the severe weather occurred in parts of southwestern and central Oklahoma. However, thunderstorms did develop in other portions of Oklahoma as well during the event.||A moist airmass had been in place over much of the region for several days prior to April 13th, and several rounds of showers and thunderstorms had occurred during this period. On Friday, April 13th, a dryline and weak frontal boundary moved into the area extending from near southwestern and west central Oklahoma then northeast into north central Oklahoma by the early afternoon hours. The first storms developed in parts of southwestern Oklahoma and west Texas. However, it was several hours before the first tornado occurred. In fact, the potential for tornadoes increased during the early evening hours of April 13th as the low level jet (strong winds just above the surface) became stronger.||The first tornadic activity of the day occurred in central Oklahoma as a tornado touched down just southwest of Norman at 3:59 pm CDT, and then moved east-northeast through the heart of that city shortly after 4:00 pm CDT. This tornado was eventually rated an EF-1 as it damaged many businesses and homes, and numerous trees and power lines were also downed. No fatalities were reported with this rush hour tornado, but 20 injuries were reported. The same parent supercell thunderstorm that produced the Norman tornado also spawned a brief, weak tornado in Pottawatomie County 6 miles northwest of Shawnee, OK.||Meanwhile, supercell thunderstorms continued to develop in southwestern Oklahoma. Nine tornadoes occurred in this area with 3, and possibly 4 tornadoes occurring at one time with a storm near Cooperton, OK in Kiowa County during the evening of April 13th. Two tornadoes were also reported near Blair, OK in Jackson County, and 3 tornadoes were observed near Carnegie, OK in Caddo County.|Large hail and strong wind gusts was also reported with these severe thunderstorms. The largest hail reported was 3 inches in diameter and fell in an area 12 miles south of Sayre, OK. Several wind gusts to 70 mph were also reported.||Approximately 12 tornadoes occurred during this severe weather event. Fortunately, no fatalities or major injuries were reported with these tornadoes.",This tornado occurred simultaneously to the end of another tornado south of Cooperton. This tornado produced no known damage and the location is estimated.,CSV
201204,13,1825,201204,13,1827,62012,378472,OKLAHOMA,40,2012,April,Tornado,C,75,KIOWA,OUN,13-APR-12 18:25:00,CST-6,13-APR-12 18:27:00,0,0,0,0,0.00K,0.00K,NWS Employee,,,,,EF0,0.5,300.0,,,,,1.0,SE,COOPERTON,1.0,SE,COOPERTON,34.8598,-98.8575,34.8598,-98.8575,"A severe weather event began during the early afternoon hours of Friday, April 13, 2012, and lasted through the early morning hours of Saturday, April 14, 2012. Around a dozen tornadoes, as well as large hail, and strong wind gusts were produced by the numerous thunderstorms that occurred during this event. Much of the severe weather occurred in parts of southwestern and central Oklahoma. However, thunderstorms did develop in other portions of Oklahoma as well during the event.||A moist airmass had been in place over much of the region for several days prior to April 13th, and several rounds of showers and thunderstorms had occurred during this period. On Friday, April 13th, a dryline and weak frontal boundary moved into the area extending from near southwestern and west central Oklahoma then northeast into north central Oklahoma by the early afternoon hours. The first storms developed in parts of southwestern Oklahoma and west Texas. However, it was several hours before the first tornado occurred. In fact, the potential for tornadoes increased during the early evening hours of April 13th as the low level jet (strong winds just above the surface) became stronger.||The first tornadic activity of the day occurred in central Oklahoma as a tornado touched down just southwest of Norman at 3:59 pm CDT, and then moved east-northeast through the heart of that city shortly after 4:00 pm CDT. This tornado was eventually rated an EF-1 as it damaged many businesses and homes, and numerous trees and power lines were also downed. No fatalities were reported with this rush hour tornado, but 20 injuries were reported. The same parent supercell thunderstorm that produced the Norman tornado also spawned a brief, weak tornado in Pottawatomie County 6 miles northwest of Shawnee, OK.||Meanwhile, supercell thunderstorms continued to develop in southwestern Oklahoma. Nine tornadoes occurred in this area with 3, and possibly 4 tornadoes occurring at one time with a storm near Cooperton, OK in Kiowa County during the evening of April 13th. Two tornadoes were also reported near Blair, OK in Jackson County, and 3 tornadoes were observed near Carnegie, OK in Caddo County.|Large hail and strong wind gusts was also reported with these severe thunderstorms. The largest hail reported was 3 inches in diameter and fell in an area 12 miles south of Sayre, OK. Several wind gusts to 70 mph were also reported.||Approximately 12 tornadoes occurred during this severe weather event. Fortunately, no fatalities or major injuries were reported with these tornadoes.",An off-duty NWS employee observed this tornado just southeast of Cooperton for a couple of minutes but is not known to have produced any damage. The specific location is estimated.,CSV
201204,13,1828,201204,13,1833,62012,378474,OKLAHOMA,40,2012,April,Tornado,C,75,KIOWA,OUN,13-APR-12 18:28:00,CST-6,13-APR-12 18:33:00,0,0,0,0,0.00K,0.00K,NWS Employee,,,,,EF1,5.0,500.0,,,,,2.0,SW,COOPERTON,3.0,E,COOPERTON,34.8495,-98.8949,34.87,-98.8259,"A severe weather event began during the early afternoon hours of Friday, April 13, 2012, and lasted through the early morning hours of Saturday, April 14, 2012. Around a dozen tornadoes, as well as large hail, and strong wind gusts were produced by the numerous thunderstorms that occurred during this event. Much of the severe weather occurred in parts of southwestern and central Oklahoma. However, thunderstorms did develop in other portions of Oklahoma as well during the event.||A moist airmass had been in place over much of the region for several days prior to April 13th, and several rounds of showers and thunderstorms had occurred during this period. On Friday, April 13th, a dryline and weak frontal boundary moved into the area extending from near southwestern and west central Oklahoma then northeast into north central Oklahoma by the early afternoon hours. The first storms developed in parts of southwestern Oklahoma and west Texas. However, it was several hours before the first tornado occurred. In fact, the potential for tornadoes increased during the early evening hours of April 13th as the low level jet (strong winds just above the surface) became stronger.||The first tornadic activity of the day occurred in central Oklahoma as a tornado touched down just southwest of Norman at 3:59 pm CDT, and then moved east-northeast through the heart of that city shortly after 4:00 pm CDT. This tornado was eventually rated an EF-1 as it damaged many businesses and homes, and numerous trees and power lines were also downed. No fatalities were reported with this rush hour tornado, but 20 injuries were reported. The same parent supercell thunderstorm that produced the Norman tornado also spawned a brief, weak tornado in Pottawatomie County 6 miles northwest of Shawnee, OK.||Meanwhile, supercell thunderstorms continued to develop in southwestern Oklahoma. Nine tornadoes occurred in this area with 3, and possibly 4 tornadoes occurring at one time with a storm near Cooperton, OK in Kiowa County during the evening of April 13th. Two tornadoes were also reported near Blair, OK in Jackson County, and 3 tornadoes were observed near Carnegie, OK in Caddo County.|Large hail and strong wind gusts was also reported with these severe thunderstorms. The largest hail reported was 3 inches in diameter and fell in an area 12 miles south of Sayre, OK. Several wind gusts to 70 mph were also reported.||Approximately 12 tornadoes occurred during this severe weather event. Fortunately, no fatalities or major injuries were reported with these tornadoes.","Just after the dissipation of two other tornadoes near Cooperton, storm chasers reported a third tornado developed about 2 miles southwest of Cooperton. This large tornado initially moved southeast before crossing state highway 54, then turned northeast. Some damage occurred to a roof and a silo.",CSV
201204,13,1852,201204,13,1912,62012,378477,OKLAHOMA,40,2012,April,Tornado,C,75,KIOWA,OUN,13-APR-12 18:52:00,CST-6,13-APR-12 19:12:00,0,0,0,0,0.00K,0.00K,Storm Chaser,,,,,EF0,6.0,500.0,,,,,6.0,ENE,COOPERTON,11.0,NE,COOPERTON,34.9032,-98.7722,34.9775,-98.7389,"A severe weather event began during the early afternoon hours of Friday, April 13, 2012, and lasted through the early morning hours of Saturday, April 14, 2012. Around a dozen tornadoes, as well as large hail, and strong wind gusts were produced by the numerous thunderstorms that occurred during this event. Much of the severe weather occurred in parts of southwestern and central Oklahoma. However, thunderstorms did develop in other portions of Oklahoma as well during the event.||A moist airmass had been in place over much of the region for several days prior to April 13th, and several rounds of showers and thunderstorms had occurred during this period. On Friday, April 13th, a dryline and weak frontal boundary moved into the area extending from near southwestern and west central Oklahoma then northeast into north central Oklahoma by the early afternoon hours. The first storms developed in parts of southwestern Oklahoma and west Texas. However, it was several hours before the first tornado occurred. In fact, the potential for tornadoes increased during the early evening hours of April 13th as the low level jet (strong winds just above the surface) became stronger.||The first tornadic activity of the day occurred in central Oklahoma as a tornado touched down just southwest of Norman at 3:59 pm CDT, and then moved east-northeast through the heart of that city shortly after 4:00 pm CDT. This tornado was eventually rated an EF-1 as it damaged many businesses and homes, and numerous trees and power lines were also downed. No fatalities were reported with this rush hour tornado, but 20 injuries were reported. The same parent supercell thunderstorm that produced the Norman tornado also spawned a brief, weak tornado in Pottawatomie County 6 miles northwest of Shawnee, OK.||Meanwhile, supercell thunderstorms continued to develop in southwestern Oklahoma. Nine tornadoes occurred in this area with 3, and possibly 4 tornadoes occurring at one time with a storm near Cooperton, OK in Kiowa County during the evening of April 13th. Two tornadoes were also reported near Blair, OK in Jackson County, and 3 tornadoes were observed near Carnegie, OK in Caddo County.|Large hail and strong wind gusts was also reported with these severe thunderstorms. The largest hail reported was 3 inches in diameter and fell in an area 12 miles south of Sayre, OK. Several wind gusts to 70 mph were also reported.||Approximately 12 tornadoes occurred during this severe weather event. Fortunately, no fatalities or major injuries were reported with these tornadoes.","A large tornado developed east-northeast of Cooperton and moved north-northeast. Despite the large width, no damage was reported with this tornado and the specific location is estimated.",CSV
201204,13,1936,201204,13,1938,62012,378479,OKLAHOMA,40,2012,April,Tornado,C,15,CADDO,OUN,13-APR-12 19:36:00,CST-6,13-APR-12 19:38:00,0,0,0,0,0.00K,0.00K,NWS Employee,,,,,EF0,2.0,50.0,,,,,3.0,S,CARNEGIE,3.0,SE,CARNEGIE,35.0566,-98.6,35.0744,-98.5687,"A severe weather event began during the early afternoon hours of Friday, April 13, 2012, and lasted through the early morning hours of Saturday, April 14, 2012. Around a dozen tornadoes, as well as large hail, and strong wind gusts were produced by the numerous thunderstorms that occurred during this event. Much of the severe weather occurred in parts of southwestern and central Oklahoma. However, thunderstorms did develop in other portions of Oklahoma as well during the event.||A moist airmass had been in place over much of the region for several days prior to April 13th, and several rounds of showers and thunderstorms had occurred during this period. On Friday, April 13th, a dryline and weak frontal boundary moved into the area extending from near southwestern and west central Oklahoma then northeast into north central Oklahoma by the early afternoon hours. The first storms developed in parts of southwestern Oklahoma and west Texas. However, it was several hours before the first tornado occurred. In fact, the potential for tornadoes increased during the early evening hours of April 13th as the low level jet (strong winds just above the surface) became stronger.||The first tornadic activity of the day occurred in central Oklahoma as a tornado touched down just southwest of Norman at 3:59 pm CDT, and then moved east-northeast through the heart of that city shortly after 4:00 pm CDT. This tornado was eventually rated an EF-1 as it damaged many businesses and homes, and numerous trees and power lines were also downed. No fatalities were reported with this rush hour tornado, but 20 injuries were reported. The same parent supercell thunderstorm that produced the Norman tornado also spawned a brief, weak tornado in Pottawatomie County 6 miles northwest of Shawnee, OK.||Meanwhile, supercell thunderstorms continued to develop in southwestern Oklahoma. Nine tornadoes occurred in this area with 3, and possibly 4 tornadoes occurring at one time with a storm near Cooperton, OK in Kiowa County during the evening of April 13th. Two tornadoes were also reported near Blair, OK in Jackson County, and 3 tornadoes were observed near Carnegie, OK in Caddo County.|Large hail and strong wind gusts was also reported with these severe thunderstorms. The largest hail reported was 3 inches in diameter and fell in an area 12 miles south of Sayre, OK. Several wind gusts to 70 mph were also reported.||Approximately 12 tornadoes occurred during this severe weather event. Fortunately, no fatalities or major injuries were reported with these tornadoes.",A tornado was observed south of Carnegie and east of state highway 58. The tornado produced no known damage and the location is estimated.,CSV
201204,13,1942,201204,13,1942,62012,378480,OKLAHOMA,40,2012,April,Tornado,C,15,CADDO,OUN,13-APR-12 19:42:00,CST-6,13-APR-12 19:42:00,0,0,0,0,0.00K,0.00K,NWS Employee,,,,,EF0,0.3,50.0,,,,,8.0,SSE,CARNEGIE,8.0,SSE,CARNEGIE,34.993,-98.5459,34.993,-98.5459,"A severe weather event began during the early afternoon hours of Friday, April 13, 2012, and lasted through the early morning hours of Saturday, April 14, 2012. Around a dozen tornadoes, as well as large hail, and strong wind gusts were produced by the numerous thunderstorms that occurred during this event. Much of the severe weather occurred in parts of southwestern and central Oklahoma. However, thunderstorms did develop in other portions of Oklahoma as well during the event.||A moist airmass had been in place over much of the region for several days prior to April 13th, and several rounds of showers and thunderstorms had occurred during this period. On Friday, April 13th, a dryline and weak frontal boundary moved into the area extending from near southwestern and west central Oklahoma then northeast into north central Oklahoma by the early afternoon hours. The first storms developed in parts of southwestern Oklahoma and west Texas. However, it was several hours before the first tornado occurred. In fact, the potential for tornadoes increased during the early evening hours of April 13th as the low level jet (strong winds just above the surface) became stronger.||The first tornadic activity of the day occurred in central Oklahoma as a tornado touched down just southwest of Norman at 3:59 pm CDT, and then moved east-northeast through the heart of that city shortly after 4:00 pm CDT. This tornado was eventually rated an EF-1 as it damaged many businesses and homes, and numerous trees and power lines were also downed. No fatalities were reported with this rush hour tornado, but 20 injuries were reported. The same parent supercell thunderstorm that produced the Norman tornado also spawned a brief, weak tornado in Pottawatomie County 6 miles northwest of Shawnee, OK.||Meanwhile, supercell thunderstorms continued to develop in southwestern Oklahoma. Nine tornadoes occurred in this area with 3, and possibly 4 tornadoes occurring at one time with a storm near Cooperton, OK in Kiowa County during the evening of April 13th. Two tornadoes were also reported near Blair, OK in Jackson County, and 3 tornadoes were observed near Carnegie, OK in Caddo County.|Large hail and strong wind gusts was also reported with these severe thunderstorms. The largest hail reported was 3 inches in diameter and fell in an area 12 miles south of Sayre, OK. Several wind gusts to 70 mph were also reported.||Approximately 12 tornadoes occurred during this severe weather event. Fortunately, no fatalities or major injuries were reported with these tornadoes.",This tornado formed a few miles south of the initial tornado south of Carnegie. No damage is known to have occurred with this brief tornado.,CSV
201204,13,1950,201204,13,1955,62012,378481,OKLAHOMA,40,2012,April,Tornado,C,15,CADDO,OUN,13-APR-12 19:50:00,CST-6,13-APR-12 19:55:00,0,0,0,0,0.00K,0.00K,NWS Employee,,,,,EF0,4.0,100.0,,,,,6.0,SSE,CARNEGIE,7.0,SE,CARNEGIE,35.0198,-98.5594,35.0284,-98.5125,"A severe weather event began during the early afternoon hours of Friday, April 13, 2012, and lasted through the early morning hours of Saturday, April 14, 2012. Around a dozen tornadoes, as well as large hail, and strong wind gusts were produced by the numerous thunderstorms that occurred during this event. Much of the severe weather occurred in parts of southwestern and central Oklahoma. However, thunderstorms did develop in other portions of Oklahoma as well during the event.||A moist airmass had been in place over much of the region for several days prior to April 13th, and several rounds of showers and thunderstorms had occurred during this period. On Friday, April 13th, a dryline and weak frontal boundary moved into the area extending from near southwestern and west central Oklahoma then northeast into north central Oklahoma by the early afternoon hours. The first storms developed in parts of southwestern Oklahoma and west Texas. However, it was several hours before the first tornado occurred. In fact, the potential for tornadoes increased during the early evening hours of April 13th as the low level jet (strong winds just above the surface) became stronger.||The first tornadic activity of the day occurred in central Oklahoma as a tornado touched down just southwest of Norman at 3:59 pm CDT, and then moved east-northeast through the heart of that city shortly after 4:00 pm CDT. This tornado was eventually rated an EF-1 as it damaged many businesses and homes, and numerous trees and power lines were also downed. No fatalities were reported with this rush hour tornado, but 20 injuries were reported. The same parent supercell thunderstorm that produced the Norman tornado also spawned a brief, weak tornado in Pottawatomie County 6 miles northwest of Shawnee, OK.||Meanwhile, supercell thunderstorms continued to develop in southwestern Oklahoma. Nine tornadoes occurred in this area with 3, and possibly 4 tornadoes occurring at one time with a storm near Cooperton, OK in Kiowa County during the evening of April 13th. Two tornadoes were also reported near Blair, OK in Jackson County, and 3 tornadoes were observed near Carnegie, OK in Caddo County.|Large hail and strong wind gusts was also reported with these severe thunderstorms. The largest hail reported was 3 inches in diameter and fell in an area 12 miles south of Sayre, OK. Several wind gusts to 70 mph were also reported.||Approximately 12 tornadoes occurred during this severe weather event. Fortunately, no fatalities or major injuries were reported with these tornadoes.",A third tornado developed south-southeast of Carnegie. This tornado also produced no known damage.,CSV
201204,13,1624,201204,13,1624,62012,378642,OKLAHOMA,40,2012,April,Tornado,C,125,POTTAWATOMIE,OUN,13-APR-12 16:24:00,CST-6,13-APR-12 16:24:00,0,0,0,0,,,Emergency Manager,,,,,EF0,0.2,20.0,,,,,3.0,E,DALE,3.0,E,DALE,35.39,-96.9967,35.39,-96.9967,"A severe weather event began during the early afternoon hours of Friday, April 13, 2012, and lasted through the early morning hours of Saturday, April 14, 2012. Around a dozen tornadoes, as well as large hail, and strong wind gusts were produced by the numerous thunderstorms that occurred during this event. Much of the severe weather occurred in parts of southwestern and central Oklahoma. However, thunderstorms did develop in other portions of Oklahoma as well during the event.||A moist airmass had been in place over much of the region for several days prior to April 13th, and several rounds of showers and thunderstorms had occurred during this period. On Friday, April 13th, a dryline and weak frontal boundary moved into the area extending from near southwestern and west central Oklahoma then northeast into north central Oklahoma by the early afternoon hours. The first storms developed in parts of southwestern Oklahoma and west Texas. However, it was several hours before the first tornado occurred. In fact, the potential for tornadoes increased during the early evening hours of April 13th as the low level jet (strong winds just above the surface) became stronger.||The first tornadic activity of the day occurred in central Oklahoma as a tornado touched down just southwest of Norman at 3:59 pm CDT, and then moved east-northeast through the heart of that city shortly after 4:00 pm CDT. This tornado was eventually rated an EF-1 as it damaged many businesses and homes, and numerous trees and power lines were also downed. No fatalities were reported with this rush hour tornado, but 20 injuries were reported. The same parent supercell thunderstorm that produced the Norman tornado also spawned a brief, weak tornado in Pottawatomie County 6 miles northwest of Shawnee, OK.||Meanwhile, supercell thunderstorms continued to develop in southwestern Oklahoma. Nine tornadoes occurred in this area with 3, and possibly 4 tornadoes occurring at one time with a storm near Cooperton, OK in Kiowa County during the evening of April 13th. Two tornadoes were also reported near Blair, OK in Jackson County, and 3 tornadoes were observed near Carnegie, OK in Caddo County.|Large hail and strong wind gusts was also reported with these severe thunderstorms. The largest hail reported was 3 inches in diameter and fell in an area 12 miles south of Sayre, OK. Several wind gusts to 70 mph were also reported.||Approximately 12 tornadoes occurred during this severe weather event. Fortunately, no fatalities or major injuries were reported with these tornadoes.",This brief tornado developed just northeast of the intersection of Interstate 35 and state highway 270. A small outbuilding was damaged.,CSV
201204,13,2352,201204,13,2355,62012,378518,OKLAHOMA,40,2012,April,Tornado,C,17,CANADIAN,OUN,13-APR-12 23:52:00,CST-6,13-APR-12 23:55:00,0,0,0,0,,,NWS Storm Survey,,,,,EF1,2.0,75.0,,,,,1.0,NNW,MUSTANG,3.0,NNW,MUSTANG,35.4103,-97.726,35.4357,-97.7362,"A severe weather event began during the early afternoon hours of Friday, April 13, 2012, and lasted through the early morning hours of Saturday, April 14, 2012. Around a dozen tornadoes, as well as large hail, and strong wind gusts were produced by the numerous thunderstorms that occurred during this event. Much of the severe weather occurred in parts of southwestern and central Oklahoma. However, thunderstorms did develop in other portions of Oklahoma as well during the event.||A moist airmass had been in place over much of the region for several days prior to April 13th, and several rounds of showers and thunderstorms had occurred during this period. On Friday, April 13th, a dryline and weak frontal boundary moved into the area extending from near southwestern and west central Oklahoma then northeast into north central Oklahoma by the early afternoon hours. The first storms developed in parts of southwestern Oklahoma and west Texas. However, it was several hours before the first tornado occurred. In fact, the potential for tornadoes increased during the early evening hours of April 13th as the low level jet (strong winds just above the surface) became stronger.||The first tornadic activity of the day occurred in central Oklahoma as a tornado touched down just southwest of Norman at 3:59 pm CDT, and then moved east-northeast through the heart of that city shortly after 4:00 pm CDT. This tornado was eventually rated an EF-1 as it damaged many businesses and homes, and numerous trees and power lines were also downed. No fatalities were reported with this rush hour tornado, but 20 injuries were reported. The same parent supercell thunderstorm that produced the Norman tornado also spawned a brief, weak tornado in Pottawatomie County 6 miles northwest of Shawnee, OK.||Meanwhile, supercell thunderstorms continued to develop in southwestern Oklahoma. Nine tornadoes occurred in this area with 3, and possibly 4 tornadoes occurring at one time with a storm near Cooperton, OK in Kiowa County during the evening of April 13th. Two tornadoes were also reported near Blair, OK in Jackson County, and 3 tornadoes were observed near Carnegie, OK in Caddo County.|Large hail and strong wind gusts was also reported with these severe thunderstorms. The largest hail reported was 3 inches in diameter and fell in an area 12 miles south of Sayre, OK. Several wind gusts to 70 mph were also reported.||Approximately 12 tornadoes occurred during this severe weather event. Fortunately, no fatalities or major injuries were reported with these tornadoes.","The tornado occurred in southwest Oklahoma City, developing just southwest of Southwest 54th Street and Mustang Road and moving north-northwest to near Southwest 29th Street and Tucson Drive (just east of Czech Hall Road). Major roof damage was reported to a structure and four mobile homes sustained minor damage. Several trees, power lines, and fences were blown down along its path, including near the City baseball park.",CSV
201204,29,1957,201204,29,1959,63162,379985,OKLAHOMA,40,2012,April,Tornado,C,113,OSAGE,TSA,29-APR-12 19:57:00,CST-6,29-APR-12 19:59:00,0,0,0,0,8.00K,0.00K,NWS Storm Survey,,,,,EF1,1.3,220.0,,,,,4.0,ENE,GRAY HORSE,6.0,ENE,GRAY HORSE,36.577,-96.5783,36.5822,-96.5565,"A complex of thunderstorms developed along and ahead of a slow moving cold front during the evening hours of April 29th and the early morning hours of the 30th. Heavy rain fell across a large part of northeast Oklahoma resulting in flash flooding. An isolated tornado, large hail, and damaging winds also occurred as these storms moved across the area.","A tornado uprooted hardwood trees, snapped large tree limbs, and downed four power poles. Maximum estimated wind in the tornado based on this damage was 85 to 95 mph.",CSV
201204,15,449,201204,15,455,62894,379940,OKLAHOMA,40,2012,April,Tornado,C,113,OSAGE,TSA,15-APR-12 04:49:00,CST-6,15-APR-12 04:55:00,0,0,0,0,50.00K,0.00K,NWS Storm Survey,,,,,EF1,4.2,200.0,,,,,3.0,SW,SKIATOOK ARPT,1.0,SW,SKIATOOK,36.3233,-96.0682,36.3607,-96.0093,"Early morning thunderstorms developed over northeast Oklahoma in advance of a slow moving cold front. Damaging winds, large hail, and two tornadoes were produced by the strongest storms.",A tornado damaged two airplanes and the roof of a hangar at the Skiatook Municipal Airport. It also snapped and uprooted large hardwood trees. Maximum wind in the tornado based on this damage was 90 to 100 mph.,CSV
201204,15,822,201204,15,835,62894,379974,OKLAHOMA,40,2012,April,Tornado,C,21,CHEROKEE,TSA,15-APR-12 08:22:00,CST-6,15-APR-12 08:35:00,0,0,0,0,30.00K,0.00K,NWS Storm Survey,,,,,EF1,10.3,500.0,TSA,OK,1.0,ADAIR,2.0,N,STANDING ROCK,2.0,SSE,ELDON,35.7847,-94.926,35.8991,-94.8073,"Early morning thunderstorms developed over northeast Oklahoma in advance of a slow moving cold front. Damaging winds, large hail, and two tornadoes were produced by the strongest storms.","A tornado damaged homes and destroyed several sheds and barns. It also snapped hardwood trees. Maximum estimated wind in the tornado based on this damage was 85 to 95 mph. The tornado continued into Adair County, Oklahoma.",CSV
201204,15,835,201204,15,836,62894,379975,OKLAHOMA,40,2012,April,Tornado,C,1,ADAIR,TSA,15-APR-12 08:35:00,CST-6,15-APR-12 08:36:00,0,0,0,0,25.00K,0.00K,NWS Storm Survey,,,,,EF0,0.3,200.0,TSA,OK,21.0,CHEROKEE,2.0,W,TITANIC,1.0,W,TITANIC,35.8991,-94.8073,35.9009,-94.8047,"Early morning thunderstorms developed over northeast Oklahoma in advance of a slow moving cold front. Damaging winds, large hail, and two tornadoes were produced by the strongest storms.","This is the second segment of this tornado. The tornado moved across Highway 51 snapping large tree limbs and destroying an unoccupied mobile home that was not tied down. Maximum estimated wind during this segment of the tornado based on this damage was about 75 mph. The tornado continued into Cherokee County, Oklahoma.",CSV
201204,15,836,201204,15,837,62894,379977,OKLAHOMA,40,2012,April,Tornado,C,21,CHEROKEE,TSA,15-APR-12 08:36:00,CST-6,15-APR-12 08:37:00,0,0,0,0,0.00K,0.00K,NWS Storm Survey,,,,,EF0,0.5,160.0,TSA,OK,1.0,ADAIR,2.0,SE,ELDON,3.0,SE,ELDON,35.9009,-94.8047,35.9055,-94.7972,"Early morning thunderstorms developed over northeast Oklahoma in advance of a slow moving cold front. Damaging winds, large hail, and two tornadoes were produced by the strongest storms.","This is the third segment of this tornado. The tornado moved back into Cherokee County after crossing Highway 51. During this segment, the tornado snapped large tree limbs. Maximum estimated wind in the tornado based on this damage was about 75 mph. The tornado continued into Adair County, Oklahoma.",CSV
201204,30,1910,201204,30,1910,63165,379995,OKLAHOMA,40,2012,April,Tornado,C,105,NOWATA,TSA,30-APR-12 19:10:00,CST-6,30-APR-12 19:10:00,0,0,0,0,0.00K,0.00K,Trained Spotter,,,,,EF0,0.1,50.0,,,,,5.0,WNW,NOWATA,5.0,WNW,NOWATA,36.7132,-95.712,36.7132,-95.712,"Thunderstorms developed over northeastern Oklahoma along a warm front and an outflow boundary from earlier thunderstorms. Tornadoes, large hail, damaging winds, and flash flooding were observed with these thunderstorms. This event continued into the early morning hours of May 1st.",Storm spotters reported a brief tornado. Large tree limbs were snapped by this tornado.,CSV
201204,30,1912,201204,30,1912,63165,379998,OKLAHOMA,40,2012,April,Tornado,C,105,NOWATA,TSA,30-APR-12 19:12:00,CST-6,30-APR-12 19:12:00,0,0,0,0,0.00K,0.00K,Trained Spotter,,,,,EF1,0.2,75.0,,,,,4.0,W,NOWATA,4.0,W,NOWATA,36.6982,-95.7093,36.6982,-95.7093,"Thunderstorms developed over northeastern Oklahoma along a warm front and an outflow boundary from earlier thunderstorms. Tornadoes, large hail, damaging winds, and flash flooding were observed with these thunderstorms. This event continued into the early morning hours of May 1st.",Storm spotters reported a brief tornado. The tornado snapped hardwood trees.,CSV
201204,30,1925,201204,30,1925,63165,380000,OKLAHOMA,40,2012,April,Tornado,C,105,NOWATA,TSA,30-APR-12 19:25:00,CST-6,30-APR-12 19:25:00,0,0,0,0,0.00K,0.00K,Trained Spotter,,,,,EF0,0.1,50.0,,,,,4.0,WNW,NOWATA ARPT,4.0,WNW,NOWATA ARPT,36.7386,-95.692,36.7386,-95.692,"Thunderstorms developed over northeastern Oklahoma along a warm front and an outflow boundary from earlier thunderstorms. Tornadoes, large hail, damaging winds, and flash flooding were observed with these thunderstorms. This event continued into the early morning hours of May 1st.",Storm spotters reported a brief tornado over open country. This tornado produced no known damage.,CSV
201204,30,1933,201204,30,1933,63165,380005,OKLAHOMA,40,2012,April,Tornado,C,105,NOWATA,TSA,30-APR-12 19:33:00,CST-6,30-APR-12 19:33:00,0,0,0,0,5.00K,0.00K,Trained Spotter,,,,,EF0,0.2,75.0,,,,,2.0,NNW,NOWATA ARPT,2.0,NNW,NOWATA ARPT,36.7437,-95.6296,36.7437,-95.6296,"Thunderstorms developed over northeastern Oklahoma along a warm front and an outflow boundary from earlier thunderstorms. Tornadoes, large hail, damaging winds, and flash flooding were observed with these thunderstorms. This event continued into the early morning hours of May 1st.",Storm spotters reported a brief tornado. The tornado blew down power poles and power lines.,CSV
201204,30,1913,201204,30,2005,63218,378953,OKLAHOMA,40,2012,April,Tornado,C,53,GRANT,OUN,30-APR-12 19:13:00,CST-6,30-APR-12 20:05:00,0,0,0,0,,,Storm Chaser,,,,,EF1,16.0,300.0,,,,,2.0,SSE,WAKITA,5.0,N,NASH,36.8533,-97.9062,36.7424,-98.05,"Two distinct areas of severe thunderstorms developed late on the afternoon of April 30. The first was a cluster of supercells that initiated near a warm front across southwest Kansas and northwest Oklahoma. Several reports of golfball size hail were received between 7:00pm and 9:00pm CDT in Woods and Alfalfa County. More significantly, several tornadoes occurred in the area from near Great Salt Plains Lake to Medford with the easternmost supercell in this cluster. Some minor damage was reported, and the Oklahoma Mesonet site 1 SW Medford recorded a gust to 84 mph near a tornado.||The second area of severe weather initially developed across the Texas Panhandle, but spread eastward into parts of western and central Oklahoma overnight. One supercell affected Harmon County between 9:00-10:30pm CDT, with reports of golfball size hail and a wind gust of 76 mph near Gould. A large complex moved across much of central Oklahoma between 10:00pm-1:00am. While a couple of 1.00 hail reports were received in Oklahoma City, the main impact was severe winds, with numerous reports received from Caddo, Canadian, Grady, and Oklahoma County.","Numerous storm chasers observed this tornado at various times. The tornado initially developed around 1913 CST approximately 5 miles north of Nash and began moving east-northeast. After a general east-northeast course for about 6 miles, the tornado then began curving northeast and eventually moved north-northwest for the final 5 miles crossing state highway 11 about 8.5 miles west of Medford, then approaching Wakita from the southeast and dissipating approximately 2 miles south-southeast of town. Power lines were damaged, but no structural damage was reported despite the long path as the tornado primarily moved through farmland.",CSV
201204,30,1840,201204,30,1857,63218,378950,OKLAHOMA,40,2012,April,Tornado,C,3,ALFALFA,OUN,30-APR-12 18:40:00,CST-6,30-APR-12 18:57:00,0,0,0,0,,,Emergency Manager,,,,,EF0,3.2,30.0,,,,,3.0,NW,JET,5.0,W,GREAT SALT PLAINS LAKE DAM,36.703,-98.216,36.748,-98.224,"Two distinct areas of severe thunderstorms developed late on the afternoon of April 30. The first was a cluster of supercells that initiated near a warm front across southwest Kansas and northwest Oklahoma. Several reports of golfball size hail were received between 7:00pm and 9:00pm CDT in Woods and Alfalfa County. More significantly, several tornadoes occurred in the area from near Great Salt Plains Lake to Medford with the easternmost supercell in this cluster. Some minor damage was reported, and the Oklahoma Mesonet site 1 SW Medford recorded a gust to 84 mph near a tornado.||The second area of severe weather initially developed across the Texas Panhandle, but spread eastward into parts of western and central Oklahoma overnight. One supercell affected Harmon County between 9:00-10:30pm CDT, with reports of golfball size hail and a wind gust of 76 mph near Gould. A large complex moved across much of central Oklahoma between 10:00pm-1:00am. While a couple of 1.00 hail reports were received in Oklahoma City, the main impact was severe winds, with numerous reports received from Caddo, Canadian, Grady, and Oklahoma County.",Alfalfa County Emergency Management and KFOR-TV reported a tornado that formed on the south side of the Great Salt Plains Lake and moved north across the lake. The only reported damage was to an outbuilding on the edge of the lake. The specific path was estimated.,CSV
201204,30,1959,201204,30,2003,63165,380007,OKLAHOMA,40,2012,April,Tornado,C,105,NOWATA,TSA,30-APR-12 19:59:00,CST-6,30-APR-12 20:03:00,0,0,0,0,2.00K,0.00K,NWS Storm Survey,,,,,EF1,1.5,200.0,,,,,4.0,ENE,CHILDERS,5.0,ENE,CHILDERS,36.7885,-95.5027,36.8003,-95.4802,"Thunderstorms developed over northeastern Oklahoma along a warm front and an outflow boundary from earlier thunderstorms. Tornadoes, large hail, damaging winds, and flash flooding were observed with these thunderstorms. This event continued into the early morning hours of May 1st.",A tornado snapped a number of hardwood trees and damaged a large barn. Maximum estimated wind in the tornado based on this damage was 95 to 105 mph.,CSV
201204,30,1834,201204,30,1834,63218,378949,OKLAHOMA,40,2012,April,Tornado,C,3,ALFALFA,OUN,30-APR-12 18:34:00,CST-6,30-APR-12 18:34:00,0,0,0,0,0.00K,0.00K,Broadcast Media,,,,,EF0,0.1,20.0,,,,,3.0,W,JET,3.0,W,JET,36.6631,-98.2242,36.6631,-98.2242,"Two distinct areas of severe thunderstorms developed late on the afternoon of April 30. The first was a cluster of supercells that initiated near a warm front across southwest Kansas and northwest Oklahoma. Several reports of golfball size hail were received between 7:00pm and 9:00pm CDT in Woods and Alfalfa County. More significantly, several tornadoes occurred in the area from near Great Salt Plains Lake to Medford with the easternmost supercell in this cluster. Some minor damage was reported, and the Oklahoma Mesonet site 1 SW Medford recorded a gust to 84 mph near a tornado.||The second area of severe weather initially developed across the Texas Panhandle, but spread eastward into parts of western and central Oklahoma overnight. One supercell affected Harmon County between 9:00-10:30pm CDT, with reports of golfball size hail and a wind gust of 76 mph near Gould. A large complex moved across much of central Oklahoma between 10:00pm-1:00am. While a couple of 1.00 hail reports were received in Oklahoma City, the main impact was severe winds, with numerous reports received from Caddo, Canadian, Grady, and Oklahoma County.","Alfalfa County emergency management and a KFOR-TV chaser reported a brief tornado, with no damage reported. The tornado was observed to be just south of U.S. Highway 64 approximately 2.5 miles west of Jet.",CSV
201204,30,2006,201204,30,2010,63218,378956,OKLAHOMA,40,2012,April,Tornado,C,53,GRANT,OUN,30-APR-12 20:06:00,CST-6,30-APR-12 20:10:00,0,0,0,0,,,Broadcast Media,,,,,EF1,1.0,50.0,,,,,2.0,SW,MEDFORD,1.0,S,MEDFORD,36.7947,-97.7492,36.7955,-97.73,"Two distinct areas of severe thunderstorms developed late on the afternoon of April 30. The first was a cluster of supercells that initiated near a warm front across southwest Kansas and northwest Oklahoma. Several reports of golfball size hail were received between 7:00pm and 9:00pm CDT in Woods and Alfalfa County. More significantly, several tornadoes occurred in the area from near Great Salt Plains Lake to Medford with the easternmost supercell in this cluster. Some minor damage was reported, and the Oklahoma Mesonet site 1 SW Medford recorded a gust to 84 mph near a tornado.||The second area of severe weather initially developed across the Texas Panhandle, but spread eastward into parts of western and central Oklahoma overnight. One supercell affected Harmon County between 9:00-10:30pm CDT, with reports of golfball size hail and a wind gust of 76 mph near Gould. A large complex moved across much of central Oklahoma between 10:00pm-1:00am. While a couple of 1.00 hail reports were received in Oklahoma City, the main impact was severe winds, with numerous reports received from Caddo, Canadian, Grady, and Oklahoma County.","This tornado developed just southwest of the town of Medford and remained south of town. The mesonet site southwest of Medford measured a wind gust 84 mph. A large barn was destroyed southwest of Medford, with debris scattered across the property. Many roadways leading in and out of Medford were closed due to fallen trees and power poles/lines.",CSV
201204,30,2342,201204,30,2348,63165,380008,OKLAHOMA,40,2012,April,Tornado,C,105,NOWATA,TSA,30-APR-12 23:42:00,CST-6,30-APR-12 23:48:00,0,0,0,0,10.00K,0.00K,NWS Storm Survey,,,,,EF1,6.5,300.0,,,,,3.0,SSE,GLENOAK,4.0,WSW,DELAWARE,36.6843,-95.7808,36.7523,-95.7017,"Thunderstorms developed over northeastern Oklahoma along a warm front and an outflow boundary from earlier thunderstorms. Tornadoes, large hail, damaging winds, and flash flooding were observed with these thunderstorms. This event continued into the early morning hours of May 1st.",A tornado snapped and uprooted numerous hardwood trees and damaged several barns. Maximum estimated wind in the tornado based on this damage was 105 to 115 mph.,CSV
201204,30,2105,201204,30,2106,63165,418737,OKLAHOMA,40,2012,April,Tornado,C,35,CRAIG,TSA,30-APR-12 21:05:00,CST-6,30-APR-12 21:06:00,0,0,0,0,0.00K,0.00K,Storm Chaser,,,,,EF0,1.0,75.0,,,,,10.0,N,CENTRALIA,11.0,N,CENTRALIA,36.9444,-95.349,36.9543,-95.3349,"Thunderstorms developed over northeastern Oklahoma along a warm front and an outflow boundary from earlier thunderstorms. Tornadoes, large hail, damaging winds, and flash flooding were observed with these thunderstorms. This event continued into the early morning hours of May 1st.",A storm chaser videotaped a brief tornado over open country. The tornado produced no known damage.,CSV
201204,14,1500,201204,14,1500,62013,379720,OKLAHOMA,40,2012,April,Tornado,C,59,HARPER,OUN,14-APR-12 15:00:00,CST-6,14-APR-12 15:00:00,0,0,0,0,0.00K,0.00K,Emergency Manager,,,,,EF1,0.25,30.0,,,,,15.0,SSE,SELMAN,15.0,SSE,SELMAN,36.597,-99.408,36.597,-99.408,"A severe weather outbreak occurred on the afternoon and evening of Saturday April 14th, 2012 across Kansas and northwest Oklahoma. Multiple tornadoes, including a few that were strong, very large hail and damaging winds accompanied the supercells that formed through the afternoon and evening. Over a dozen tornadoes occurred in northwest Oklahoma in addition to the numerous tornadoes in Kansas.||Much of Oklahoma remained under clear skies for the afternoon, which coupled with plentiful moisture allowed very strong instability to develop. A dryline stretched from western Kansas into northwest and western Oklahoma through the afternoon hours. Thunderstorms ignited off the dryline in the early afternoon, with the first severe weather reports around 230pm. The first tornado was not reported until nearly 4pm as low level wind shear increased gradually. The tornado reports continued through nearly 1am with the tornado that impacted Woodward, OK the last tornado of the evening.||With the first supercells firing around 2 PM, many dropped large hail, some as large as 3 inches in diameter. Many brief tornado touchdowns were reported as well, with the initial reports north of Woodward, OK. Additional supercells developed through the afternoon with a prominent tornadic supercell developing near Waynoka, Oklahoma. This supercell produced multiple tornadoes near Cherokee and continued moving to the northeast. One tornado with this supercell produced damage to a cemetery west of Byron. Fortunately, many of the tornadoes from this thunderstorm remained over mainly rural areas in Waynoka, Woods and Alfalfa counties.||Another tornadic supercell developed southwest of Woodward before midnight and tracked toward Woodward. The Woodward tornado began around 1150 PM roughly 3 miles northeast of Arnett and moved northeast into Woodward county. The southwest city limits of Woodward were impacted near 1218 AM on Sunday April 15th, 2012 and the tornado finally exited the north-northwest side of Woodward around 1223 AM. The tornado dissipated shortly afterward, 4 miles north of Woodward. Sadly, 6 fatalities were reported with the tornado that impacted Woodward.","This tornado moved into Harper County from Woodward County, producing barn damage near the county line.",CSV
201204,9,1706,201204,9,1706,62007,370942,OKLAHOMA,40,2012,April,Tornado,C,153,WOODWARD,OUN,09-APR-12 17:06:00,CST-6,09-APR-12 17:06:00,0,0,0,0,5.00K,0.00K,Emergency Manager,,,,,EF1,0.2,200.0,,,,,4.0,ESE,SHARON,4.0,ESE,SHARON,36.2686,-99.2726,36.2686,-99.2726,"Supercell thunderstorms developed over northwest Oklahoma during the mid-afternoon hours and moved southeast through the evening hours. Hail up to softball-size was reported over many areas of Woodward county. In addition, several weak tornadoes occurred near and south of Woodward, OK. The tornadoes were brief in duration, although one did produce some damage east of Sharon, OK. The more extensive damage occurred with the very large hail that ravaged most of the city of Woodward. The hail shattered numerous automobile and building windows, some of which caused injuries. Two injuries occurred as hail busted through car windows. Another injury occurred to a girl that was closing her storm shelter. She broke her wrist after being struck by tennis ball-size hail. The Mesonet site located 2 miles south-southwest of Woodward recorded an interesting drop in pressure as the supercell tornado moved nearby. The storms moved southeast with large hail becoming primary threat as they moved over Clinton, OK. Other thunderstorms developed over the Texas panhandle and moved into far southwest Oklahoma and adjacent portions of western north Texas. These storms moved over mainly rural areas of Hardeman Foard counties, with large hail likely occurring and wind gusts over 60 mph.",Numerous sources reported a tornado that developed east-southeast of Sharon. A 20x40 foot metal shed was destroyed and a roof was partially detached from a home.,CSV
201204,30,2029,201204,30,2050,63218,378958,OKLAHOMA,40,2012,April,Tornado,C,53,GRANT,OUN,30-APR-12 20:29:00,CST-6,30-APR-12 20:50:00,0,0,0,0,,,Storm Chaser,,,,,EF1,12.0,200.0,,,,,4.0,NE,NASH,1.0,N,POND CREEK,36.7058,-98.0053,36.6845,-97.8,"Two distinct areas of severe thunderstorms developed late on the afternoon of April 30. The first was a cluster of supercells that initiated near a warm front across southwest Kansas and northwest Oklahoma. Several reports of golfball size hail were received between 7:00pm and 9:00pm CDT in Woods and Alfalfa County. More significantly, several tornadoes occurred in the area from near Great Salt Plains Lake to Medford with the easternmost supercell in this cluster. Some minor damage was reported, and the Oklahoma Mesonet site 1 SW Medford recorded a gust to 84 mph near a tornado.||The second area of severe weather initially developed across the Texas Panhandle, but spread eastward into parts of western and central Oklahoma overnight. One supercell affected Harmon County between 9:00-10:30pm CDT, with reports of golfball size hail and a wind gust of 76 mph near Gould. A large complex moved across much of central Oklahoma between 10:00pm-1:00am. While a couple of 1.00 hail reports were received in Oklahoma City, the main impact was severe winds, with numerous reports received from Caddo, Canadian, Grady, and Oklahoma County.",Several large trees were uprooted near Pond Creek. No other damage was reported with the tornado.,CSV
201204,15,837,201204,15,843,62894,379978,OKLAHOMA,40,2012,April,Tornado,C,1,ADAIR,TSA,15-APR-12 08:37:00,CST-6,15-APR-12 08:43:00,0,0,0,0,20.00K,0.00K,NWS Storm Survey,,,,,EF0,3.4,150.0,,,,,1.0,WNW,TITANIC,3.0,NE,TITANIC,35.9055,-94.7972,35.9346,-94.7514,"Early morning thunderstorms developed over northeast Oklahoma in advance of a slow moving cold front. Damaging winds, large hail, and two tornadoes were produced by the strongest storms.",This is the final segment of this tornado. The tornado moved back into Adair County just north of Highway 51 snapping large tree limbs and destroying a few sheds and outbuildings. Maximum estimated wind in the tornado during this segment based on this damage was about 70 mph.,CSV
201204,14,1449,201204,14,1453,62013,378745,OKLAHOMA,40,2012,April,Tornado,C,153,WOODWARD,OUN,14-APR-12 14:49:00,CST-6,14-APR-12 14:53:00,0,0,0,0,0.00K,0.00K,Trained Spotter,,,,,EF0,4.0,30.0,,,,,4.0,SE,FORT SUPPLY,6.0,E,FORT SUPPLY,36.5291,-99.519,36.57,-99.4619,"A severe weather outbreak occurred on the afternoon and evening of Saturday April 14th, 2012 across Kansas and northwest Oklahoma. Multiple tornadoes, including a few that were strong, very large hail and damaging winds accompanied the supercells that formed through the afternoon and evening. Over a dozen tornadoes occurred in northwest Oklahoma in addition to the numerous tornadoes in Kansas.||Much of Oklahoma remained under clear skies for the afternoon, which coupled with plentiful moisture allowed very strong instability to develop. A dryline stretched from western Kansas into northwest and western Oklahoma through the afternoon hours. Thunderstorms ignited off the dryline in the early afternoon, with the first severe weather reports around 230pm. The first tornado was not reported until nearly 4pm as low level wind shear increased gradually. The tornado reports continued through nearly 1am with the tornado that impacted Woodward, OK the last tornado of the evening.||With the first supercells firing around 2 PM, many dropped large hail, some as large as 3 inches in diameter. Many brief tornado touchdowns were reported as well, with the initial reports north of Woodward, OK. Additional supercells developed through the afternoon with a prominent tornadic supercell developing near Waynoka, Oklahoma. This supercell produced multiple tornadoes near Cherokee and continued moving to the northeast. One tornado with this supercell produced damage to a cemetery west of Byron. Fortunately, many of the tornadoes from this thunderstorm remained over mainly rural areas in Waynoka, Woods and Alfalfa counties.||Another tornadic supercell developed southwest of Woodward before midnight and tracked toward Woodward. The Woodward tornado began around 1150 PM roughly 3 miles northeast of Arnett and moved northeast into Woodward county. The southwest city limits of Woodward were impacted near 1218 AM on Sunday April 15th, 2012 and the tornado finally exited the north-northwest side of Woodward around 1223 AM. The tornado dissipated shortly afterward, 4 miles north of Woodward. Sadly, 6 fatalities were reported with the tornado that impacted Woodward.",The tornado produced no known damage and the location is estimated.,CSV
201204,14,1459,201204,14,1500,62013,378746,OKLAHOMA,40,2012,April,Tornado,C,153,WOODWARD,OUN,14-APR-12 14:59:00,CST-6,14-APR-12 15:00:00,0,0,0,0,0.00K,0.00K,Emergency Manager,,,,,EF0,0.25,30.0,OUN,OK,59.0,HARPER,9.0,E,FORT SUPPLY,9.0,E,FORT SUPPLY,36.591,-99.413,36.594,-99.411,"A severe weather outbreak occurred on the afternoon and evening of Saturday April 14th, 2012 across Kansas and northwest Oklahoma. Multiple tornadoes, including a few that were strong, very large hail and damaging winds accompanied the supercells that formed through the afternoon and evening. Over a dozen tornadoes occurred in northwest Oklahoma in addition to the numerous tornadoes in Kansas.||Much of Oklahoma remained under clear skies for the afternoon, which coupled with plentiful moisture allowed very strong instability to develop. A dryline stretched from western Kansas into northwest and western Oklahoma through the afternoon hours. Thunderstorms ignited off the dryline in the early afternoon, with the first severe weather reports around 230pm. The first tornado was not reported until nearly 4pm as low level wind shear increased gradually. The tornado reports continued through nearly 1am with the tornado that impacted Woodward, OK the last tornado of the evening.||With the first supercells firing around 2 PM, many dropped large hail, some as large as 3 inches in diameter. Many brief tornado touchdowns were reported as well, with the initial reports north of Woodward, OK. Additional supercells developed through the afternoon with a prominent tornadic supercell developing near Waynoka, Oklahoma. This supercell produced multiple tornadoes near Cherokee and continued moving to the northeast. One tornado with this supercell produced damage to a cemetery west of Byron. Fortunately, many of the tornadoes from this thunderstorm remained over mainly rural areas in Waynoka, Woods and Alfalfa counties.||Another tornadic supercell developed southwest of Woodward before midnight and tracked toward Woodward. The Woodward tornado began around 1150 PM roughly 3 miles northeast of Arnett and moved northeast into Woodward county. The southwest city limits of Woodward were impacted near 1218 AM on Sunday April 15th, 2012 and the tornado finally exited the north-northwest side of Woodward around 1223 AM. The tornado dissipated shortly afterward, 4 miles north of Woodward. Sadly, 6 fatalities were reported with the tornado that impacted Woodward.",This tornado formed just south of the Harper County line and moved northeast into Harper County. A barn was damaged near the county line.,CSV
201204,14,1533,201204,14,1533,62013,378747,OKLAHOMA,40,2012,April,Tornado,C,151,WOODS,OUN,14-APR-12 15:33:00,CST-6,14-APR-12 15:33:00,0,0,0,0,0.00K,0.00K,Storm Chaser,,,,,EF0,0.3,30.0,,,,,3.0,WNW,CAMP HOUSTON,3.0,WNW,CAMP HOUSTON,36.8243,-99.1631,36.8243,-99.1631,"A severe weather outbreak occurred on the afternoon and evening of Saturday April 14th, 2012 across Kansas and northwest Oklahoma. Multiple tornadoes, including a few that were strong, very large hail and damaging winds accompanied the supercells that formed through the afternoon and evening. Over a dozen tornadoes occurred in northwest Oklahoma in addition to the numerous tornadoes in Kansas.||Much of Oklahoma remained under clear skies for the afternoon, which coupled with plentiful moisture allowed very strong instability to develop. A dryline stretched from western Kansas into northwest and western Oklahoma through the afternoon hours. Thunderstorms ignited off the dryline in the early afternoon, with the first severe weather reports around 230pm. The first tornado was not reported until nearly 4pm as low level wind shear increased gradually. The tornado reports continued through nearly 1am with the tornado that impacted Woodward, OK the last tornado of the evening.||With the first supercells firing around 2 PM, many dropped large hail, some as large as 3 inches in diameter. Many brief tornado touchdowns were reported as well, with the initial reports north of Woodward, OK. Additional supercells developed through the afternoon with a prominent tornadic supercell developing near Waynoka, Oklahoma. This supercell produced multiple tornadoes near Cherokee and continued moving to the northeast. One tornado with this supercell produced damage to a cemetery west of Byron. Fortunately, many of the tornadoes from this thunderstorm remained over mainly rural areas in Waynoka, Woods and Alfalfa counties.||Another tornadic supercell developed southwest of Woodward before midnight and tracked toward Woodward. The Woodward tornado began around 1150 PM roughly 3 miles northeast of Arnett and moved northeast into Woodward county. The southwest city limits of Woodward were impacted near 1218 AM on Sunday April 15th, 2012 and the tornado finally exited the north-northwest side of Woodward around 1223 AM. The tornado dissipated shortly afterward, 4 miles north of Woodward. Sadly, 6 fatalities were reported with the tornado that impacted Woodward.",Numerous storm chasers observed this brief tornado occurring north-northwest of Freedom. This tornado produced no known damage and the location is estimated.,CSV
201204,9,1727,201204,9,1727,62007,379497,OKLAHOMA,40,2012,April,Tornado,C,153,WOODWARD,OUN,09-APR-12 17:27:00,CST-6,09-APR-12 17:27:00,0,0,0,0,0.00K,0.00K,Emergency Manager,,,,,EF0,0.1,50.0,,,,,1.0,SW,MUTUAL,1.0,SW,MUTUAL,36.2198,-99.1827,36.2198,-99.1827,"Supercell thunderstorms developed over northwest Oklahoma during the mid-afternoon hours and moved southeast through the evening hours. Hail up to softball-size was reported over many areas of Woodward county. In addition, several weak tornadoes occurred near and south of Woodward, OK. The tornadoes were brief in duration, although one did produce some damage east of Sharon, OK. The more extensive damage occurred with the very large hail that ravaged most of the city of Woodward. The hail shattered numerous automobile and building windows, some of which caused injuries. Two injuries occurred as hail busted through car windows. Another injury occurred to a girl that was closing her storm shelter. She broke her wrist after being struck by tennis ball-size hail. The Mesonet site located 2 miles south-southwest of Woodward recorded an interesting drop in pressure as the supercell tornado moved nearby. The storms moved southeast with large hail becoming primary threat as they moved over Clinton, OK. Other thunderstorms developed over the Texas panhandle and moved into far southwest Oklahoma and adjacent portions of western north Texas. These storms moved over mainly rural areas of Hardeman Foard counties, with large hail likely occurring and wind gusts over 60 mph.",Emergency management and a storm chaser video showed a tornado about 1 miles southwest of Mutual. No damage was known to occur and the location is estimated.,CSV
201204,14,1624,201204,14,1624,62013,378785,OKLAHOMA,40,2012,April,Tornado,C,153,WOODWARD,OUN,14-APR-12 16:24:00,CST-6,14-APR-12 16:24:00,0,0,0,0,0.00K,0.00K,Broadcast Media,,,,,EF0,0.2,30.0,,,,,10.0,SSW,TANGIER,10.0,SSW,TANGIER,36.275,-99.571,36.275,-99.571,"A severe weather outbreak occurred on the afternoon and evening of Saturday April 14th, 2012 across Kansas and northwest Oklahoma. Multiple tornadoes, including a few that were strong, very large hail and damaging winds accompanied the supercells that formed through the afternoon and evening. Over a dozen tornadoes occurred in northwest Oklahoma in addition to the numerous tornadoes in Kansas.||Much of Oklahoma remained under clear skies for the afternoon, which coupled with plentiful moisture allowed very strong instability to develop. A dryline stretched from western Kansas into northwest and western Oklahoma through the afternoon hours. Thunderstorms ignited off the dryline in the early afternoon, with the first severe weather reports around 230pm. The first tornado was not reported until nearly 4pm as low level wind shear increased gradually. The tornado reports continued through nearly 1am with the tornado that impacted Woodward, OK the last tornado of the evening.||With the first supercells firing around 2 PM, many dropped large hail, some as large as 3 inches in diameter. Many brief tornado touchdowns were reported as well, with the initial reports north of Woodward, OK. Additional supercells developed through the afternoon with a prominent tornadic supercell developing near Waynoka, Oklahoma. This supercell produced multiple tornadoes near Cherokee and continued moving to the northeast. One tornado with this supercell produced damage to a cemetery west of Byron. Fortunately, many of the tornadoes from this thunderstorm remained over mainly rural areas in Waynoka, Woods and Alfalfa counties.||Another tornadic supercell developed southwest of Woodward before midnight and tracked toward Woodward. The Woodward tornado began around 1150 PM roughly 3 miles northeast of Arnett and moved northeast into Woodward county. The southwest city limits of Woodward were impacted near 1218 AM on Sunday April 15th, 2012 and the tornado finally exited the north-northwest side of Woodward around 1223 AM. The tornado dissipated shortly afterward, 4 miles north of Woodward. Sadly, 6 fatalities were reported with the tornado that impacted Woodward.",Television chasers reported a tornado that is estimated to have occurred about 9 miles north of Harmon. No known damage was produced by this tornado.,CSV
201204,14,1715,201204,14,1715,62013,378786,OKLAHOMA,40,2012,April,Tornado,C,153,WOODWARD,OUN,14-APR-12 17:15:00,CST-6,14-APR-12 17:15:00,0,0,0,0,0.00K,0.00K,Storm Chaser,,,,,EF0,0.2,30.0,,,,,8.0,NE,MOORELAND,8.0,NE,MOORELAND,36.5219,-99.1082,36.5219,-99.1082,"A severe weather outbreak occurred on the afternoon and evening of Saturday April 14th, 2012 across Kansas and northwest Oklahoma. Multiple tornadoes, including a few that were strong, very large hail and damaging winds accompanied the supercells that formed through the afternoon and evening. Over a dozen tornadoes occurred in northwest Oklahoma in addition to the numerous tornadoes in Kansas.||Much of Oklahoma remained under clear skies for the afternoon, which coupled with plentiful moisture allowed very strong instability to develop. A dryline stretched from western Kansas into northwest and western Oklahoma through the afternoon hours. Thunderstorms ignited off the dryline in the early afternoon, with the first severe weather reports around 230pm. The first tornado was not reported until nearly 4pm as low level wind shear increased gradually. The tornado reports continued through nearly 1am with the tornado that impacted Woodward, OK the last tornado of the evening.||With the first supercells firing around 2 PM, many dropped large hail, some as large as 3 inches in diameter. Many brief tornado touchdowns were reported as well, with the initial reports north of Woodward, OK. Additional supercells developed through the afternoon with a prominent tornadic supercell developing near Waynoka, Oklahoma. This supercell produced multiple tornadoes near Cherokee and continued moving to the northeast. One tornado with this supercell produced damage to a cemetery west of Byron. Fortunately, many of the tornadoes from this thunderstorm remained over mainly rural areas in Waynoka, Woods and Alfalfa counties.||Another tornadic supercell developed southwest of Woodward before midnight and tracked toward Woodward. The Woodward tornado began around 1150 PM roughly 3 miles northeast of Arnett and moved northeast into Woodward county. The southwest city limits of Woodward were impacted near 1218 AM on Sunday April 15th, 2012 and the tornado finally exited the north-northwest side of Woodward around 1223 AM. The tornado dissipated shortly afterward, 4 miles north of Woodward. Sadly, 6 fatalities were reported with the tornado that impacted Woodward.",No known damage occurred with the tornado and the location is estimated.,CSV
201204,14,1751,201204,14,1751,62013,378753,OKLAHOMA,40,2012,April,Tornado,C,153,WOODWARD,OUN,14-APR-12 17:51:00,CST-6,14-APR-12 17:51:00,0,0,0,0,0.00K,0.00K,Storm Chaser,,,,,EF0,0.2,50.0,,,,,13.0,ENE,MOORELAND,13.0,ENE,MOORELAND,36.512,-98.9938,36.512,-98.9938,"A severe weather outbreak occurred on the afternoon and evening of Saturday April 14th, 2012 across Kansas and northwest Oklahoma. Multiple tornadoes, including a few that were strong, very large hail and damaging winds accompanied the supercells that formed through the afternoon and evening. Over a dozen tornadoes occurred in northwest Oklahoma in addition to the numerous tornadoes in Kansas.||Much of Oklahoma remained under clear skies for the afternoon, which coupled with plentiful moisture allowed very strong instability to develop. A dryline stretched from western Kansas into northwest and western Oklahoma through the afternoon hours. Thunderstorms ignited off the dryline in the early afternoon, with the first severe weather reports around 230pm. The first tornado was not reported until nearly 4pm as low level wind shear increased gradually. The tornado reports continued through nearly 1am with the tornado that impacted Woodward, OK the last tornado of the evening.||With the first supercells firing around 2 PM, many dropped large hail, some as large as 3 inches in diameter. Many brief tornado touchdowns were reported as well, with the initial reports north of Woodward, OK. Additional supercells developed through the afternoon with a prominent tornadic supercell developing near Waynoka, Oklahoma. This supercell produced multiple tornadoes near Cherokee and continued moving to the northeast. One tornado with this supercell produced damage to a cemetery west of Byron. Fortunately, many of the tornadoes from this thunderstorm remained over mainly rural areas in Waynoka, Woods and Alfalfa counties.||Another tornadic supercell developed southwest of Woodward before midnight and tracked toward Woodward. The Woodward tornado began around 1150 PM roughly 3 miles northeast of Arnett and moved northeast into Woodward county. The southwest city limits of Woodward were impacted near 1218 AM on Sunday April 15th, 2012 and the tornado finally exited the north-northwest side of Woodward around 1223 AM. The tornado dissipated shortly afterward, 4 miles north of Woodward. Sadly, 6 fatalities were reported with the tornado that impacted Woodward.",The multiple-vortex tornado was brief and produced no known damage. The location is estimated.,CSV
201204,14,1806,201204,14,1814,62013,378759,OKLAHOMA,40,2012,April,Tornado,C,93,MAJOR,OUN,14-APR-12 18:06:00,CST-6,14-APR-12 18:14:00,0,0,0,0,0.00K,0.00K,Storm Chaser,,,,,EF0,3.9,150.0,OUN,OK,151.0,WOODS,4.0,NNW,BOUSE JUNCTION,6.0,NNE,BOUSE JUNCTION,36.4735,-98.9175,36.506,-98.86,"A severe weather outbreak occurred on the afternoon and evening of Saturday April 14th, 2012 across Kansas and northwest Oklahoma. Multiple tornadoes, including a few that were strong, very large hail and damaging winds accompanied the supercells that formed through the afternoon and evening. Over a dozen tornadoes occurred in northwest Oklahoma in addition to the numerous tornadoes in Kansas.||Much of Oklahoma remained under clear skies for the afternoon, which coupled with plentiful moisture allowed very strong instability to develop. A dryline stretched from western Kansas into northwest and western Oklahoma through the afternoon hours. Thunderstorms ignited off the dryline in the early afternoon, with the first severe weather reports around 230pm. The first tornado was not reported until nearly 4pm as low level wind shear increased gradually. The tornado reports continued through nearly 1am with the tornado that impacted Woodward, OK the last tornado of the evening.||With the first supercells firing around 2 PM, many dropped large hail, some as large as 3 inches in diameter. Many brief tornado touchdowns were reported as well, with the initial reports north of Woodward, OK. Additional supercells developed through the afternoon with a prominent tornadic supercell developing near Waynoka, Oklahoma. This supercell produced multiple tornadoes near Cherokee and continued moving to the northeast. One tornado with this supercell produced damage to a cemetery west of Byron. Fortunately, many of the tornadoes from this thunderstorm remained over mainly rural areas in Waynoka, Woods and Alfalfa counties.||Another tornadic supercell developed southwest of Woodward before midnight and tracked toward Woodward. The Woodward tornado began around 1150 PM roughly 3 miles northeast of Arnett and moved northeast into Woodward county. The southwest city limits of Woodward were impacted near 1218 AM on Sunday April 15th, 2012 and the tornado finally exited the north-northwest side of Woodward around 1223 AM. The tornado dissipated shortly afterward, 4 miles north of Woodward. Sadly, 6 fatalities were reported with the tornado that impacted Woodward.",Numerous storm chasers observed this tornado which produced no known damage as it moved northeast into Woods county. The location is estimated.,CSV
201205,29,1926,201205,29,1928,64128,386213,OKLAHOMA,40,2012,May,Tornado,C,17,CANADIAN,OUN,29-MAY-12 19:26:00,CST-6,29-MAY-12 19:28:00,0,0,0,0,5.00K,,Emergency Manager,,,,,EF1,1.0,30.0,,,,,3.0,WSW,PIEDMONT,3.0,WSW,PIEDMONT,35.6236,-97.7984,35.6236,-97.7984,"A surface low developed over the Texas Panhandle through the day, lifting a stationary front northward as a warm front across Oklahoma. As the surface low deepened, a potent dryline developed over western Oklahoma. Despite somewhat marginal upper level winds for supercells, effective shear was highly supportive of sustained rotating thunderstorms which propagated east-southeastward through the afternoon. Storms began during the mid to late afternoon over parts of north-central and northwest Oklahoma, and migrated southward into the Oklahoma City metropolitan area by evening. Significant damage occurred across the Oklahoma City area due to very large hail and severe winds. A couple of brief tornadoes also occurred northwest of Oklahoma City. Total damages of $400 to $500 million were estimated across the Oklahoma City Metropolitan area.",Numerous people observed a small tornado that touched down near northwest 150th Street and Richland Road to the WSW of Piemont. The tornado damaged the roof of a trailer. Monetary damages estimated.,CSV
201204,14,1830,201204,14,1846,62013,378766,OKLAHOMA,40,2012,April,Tornado,C,151,WOODS,OUN,14-APR-12 18:30:00,CST-6,14-APR-12 18:46:00,0,0,0,0,0.00K,0.00K,Storm Chaser,,,,,EF0,9.0,400.0,,,,,10.0,E,WAYNOKA,2.0,NE,HOPETON,36.59,-98.6997,36.7105,-98.6445,"A severe weather outbreak occurred on the afternoon and evening of Saturday April 14th, 2012 across Kansas and northwest Oklahoma. Multiple tornadoes, including a few that were strong, very large hail and damaging winds accompanied the supercells that formed through the afternoon and evening. Over a dozen tornadoes occurred in northwest Oklahoma in addition to the numerous tornadoes in Kansas.||Much of Oklahoma remained under clear skies for the afternoon, which coupled with plentiful moisture allowed very strong instability to develop. A dryline stretched from western Kansas into northwest and western Oklahoma through the afternoon hours. Thunderstorms ignited off the dryline in the early afternoon, with the first severe weather reports around 230pm. The first tornado was not reported until nearly 4pm as low level wind shear increased gradually. The tornado reports continued through nearly 1am with the tornado that impacted Woodward, OK the last tornado of the evening.||With the first supercells firing around 2 PM, many dropped large hail, some as large as 3 inches in diameter. Many brief tornado touchdowns were reported as well, with the initial reports north of Woodward, OK. Additional supercells developed through the afternoon with a prominent tornadic supercell developing near Waynoka, Oklahoma. This supercell produced multiple tornadoes near Cherokee and continued moving to the northeast. One tornado with this supercell produced damage to a cemetery west of Byron. Fortunately, many of the tornadoes from this thunderstorm remained over mainly rural areas in Waynoka, Woods and Alfalfa counties.||Another tornadic supercell developed southwest of Woodward before midnight and tracked toward Woodward. The Woodward tornado began around 1150 PM roughly 3 miles northeast of Arnett and moved northeast into Woodward county. The southwest city limits of Woodward were impacted near 1218 AM on Sunday April 15th, 2012 and the tornado finally exited the north-northwest side of Woodward around 1223 AM. The tornado dissipated shortly afterward, 4 miles north of Woodward. Sadly, 6 fatalities were reported with the tornado that impacted Woodward.","Numerous chasers observed this tornado that moved from approximately 10 miles east of Waynoka to approximately 2 miles northeast of Hopeton. Despite the 9-mile long path, no damage was reported.",CSV
201204,14,1857,201204,14,1923,62013,378768,OKLAHOMA,40,2012,April,Tornado,C,3,ALFALFA,OUN,14-APR-12 18:57:00,CST-6,14-APR-12 19:23:00,0,0,0,0,0.00K,0.00K,Emergency Manager,,,,,EF0,12.0,400.0,,,,,3.0,NW,CHEROKEE,1.0,NW,AMORITA,36.7807,-98.3883,36.9302,-98.3028,"A severe weather outbreak occurred on the afternoon and evening of Saturday April 14th, 2012 across Kansas and northwest Oklahoma. Multiple tornadoes, including a few that were strong, very large hail and damaging winds accompanied the supercells that formed through the afternoon and evening. Over a dozen tornadoes occurred in northwest Oklahoma in addition to the numerous tornadoes in Kansas.||Much of Oklahoma remained under clear skies for the afternoon, which coupled with plentiful moisture allowed very strong instability to develop. A dryline stretched from western Kansas into northwest and western Oklahoma through the afternoon hours. Thunderstorms ignited off the dryline in the early afternoon, with the first severe weather reports around 230pm. The first tornado was not reported until nearly 4pm as low level wind shear increased gradually. The tornado reports continued through nearly 1am with the tornado that impacted Woodward, OK the last tornado of the evening.||With the first supercells firing around 2 PM, many dropped large hail, some as large as 3 inches in diameter. Many brief tornado touchdowns were reported as well, with the initial reports north of Woodward, OK. Additional supercells developed through the afternoon with a prominent tornadic supercell developing near Waynoka, Oklahoma. This supercell produced multiple tornadoes near Cherokee and continued moving to the northeast. One tornado with this supercell produced damage to a cemetery west of Byron. Fortunately, many of the tornadoes from this thunderstorm remained over mainly rural areas in Waynoka, Woods and Alfalfa counties.||Another tornadic supercell developed southwest of Woodward before midnight and tracked toward Woodward. The Woodward tornado began around 1150 PM roughly 3 miles northeast of Arnett and moved northeast into Woodward county. The southwest city limits of Woodward were impacted near 1218 AM on Sunday April 15th, 2012 and the tornado finally exited the north-northwest side of Woodward around 1223 AM. The tornado dissipated shortly afterward, 4 miles north of Woodward. Sadly, 6 fatalities were reported with the tornado that impacted Woodward.","This tornado developed and was occurring simultaneously with the previous tornado northwest of Cherokee for about 7 minutes. This tornado is estimated to have moved from about 3 miles northwest of Cherokee to about 1 mile northwest of Amorita. Damage occurred to numerous outbuildings and trees along the path, including at the Byron-Amorita cemetery.",CSV
201204,14,1847,201204,14,1904,62013,378767,OKLAHOMA,40,2012,April,Tornado,C,3,ALFALFA,OUN,14-APR-12 18:47:00,CST-6,14-APR-12 19:04:00,0,0,0,0,0.00K,0.00K,Emergency Manager,,,,,EF1,10.0,400.0,,,,,10.0,WSW,CHEROKEE,5.0,NW,CHEROKEE,36.6946,-98.5168,36.8012,-98.4139,"A severe weather outbreak occurred on the afternoon and evening of Saturday April 14th, 2012 across Kansas and northwest Oklahoma. Multiple tornadoes, including a few that were strong, very large hail and damaging winds accompanied the supercells that formed through the afternoon and evening. Over a dozen tornadoes occurred in northwest Oklahoma in addition to the numerous tornadoes in Kansas.||Much of Oklahoma remained under clear skies for the afternoon, which coupled with plentiful moisture allowed very strong instability to develop. A dryline stretched from western Kansas into northwest and western Oklahoma through the afternoon hours. Thunderstorms ignited off the dryline in the early afternoon, with the first severe weather reports around 230pm. The first tornado was not reported until nearly 4pm as low level wind shear increased gradually. The tornado reports continued through nearly 1am with the tornado that impacted Woodward, OK the last tornado of the evening.||With the first supercells firing around 2 PM, many dropped large hail, some as large as 3 inches in diameter. Many brief tornado touchdowns were reported as well, with the initial reports north of Woodward, OK. Additional supercells developed through the afternoon with a prominent tornadic supercell developing near Waynoka, Oklahoma. This supercell produced multiple tornadoes near Cherokee and continued moving to the northeast. One tornado with this supercell produced damage to a cemetery west of Byron. Fortunately, many of the tornadoes from this thunderstorm remained over mainly rural areas in Waynoka, Woods and Alfalfa counties.||Another tornadic supercell developed southwest of Woodward before midnight and tracked toward Woodward. The Woodward tornado began around 1150 PM roughly 3 miles northeast of Arnett and moved northeast into Woodward county. The southwest city limits of Woodward were impacted near 1218 AM on Sunday April 15th, 2012 and the tornado finally exited the north-northwest side of Woodward around 1223 AM. The tornado dissipated shortly afterward, 4 miles north of Woodward. Sadly, 6 fatalities were reported with the tornado that impacted Woodward.","Soon after the tornado in eastern Woods County dissipated, the storm produced another tornado in western Alfalfa County that moved from west-southwest to northwest of Cherokee. Farm equipment was damaged west-southwest of Cherokee, outbuildings were damaged west of Cherokee, and 2 large steel barns were damaged northwest of Cherokee.",CSV
201204,14,1919,201204,14,1937,62013,378788,OKLAHOMA,40,2012,April,Tornado,C,3,ALFALFA,OUN,14-APR-12 19:19:00,CST-6,14-APR-12 19:37:00,0,0,0,0,0.00K,0.00K,NWS Employee,,,,,EF1,10.0,600.0,OUN,OK,53.0,GRANT,3.0,SE,AMORITA,11.0,ENE,AMORITA,36.8893,-98.2516,36.974,-98.112,"A severe weather outbreak occurred on the afternoon and evening of Saturday April 14th, 2012 across Kansas and northwest Oklahoma. Multiple tornadoes, including a few that were strong, very large hail and damaging winds accompanied the supercells that formed through the afternoon and evening. Over a dozen tornadoes occurred in northwest Oklahoma in addition to the numerous tornadoes in Kansas.||Much of Oklahoma remained under clear skies for the afternoon, which coupled with plentiful moisture allowed very strong instability to develop. A dryline stretched from western Kansas into northwest and western Oklahoma through the afternoon hours. Thunderstorms ignited off the dryline in the early afternoon, with the first severe weather reports around 230pm. The first tornado was not reported until nearly 4pm as low level wind shear increased gradually. The tornado reports continued through nearly 1am with the tornado that impacted Woodward, OK the last tornado of the evening.||With the first supercells firing around 2 PM, many dropped large hail, some as large as 3 inches in diameter. Many brief tornado touchdowns were reported as well, with the initial reports north of Woodward, OK. Additional supercells developed through the afternoon with a prominent tornadic supercell developing near Waynoka, Oklahoma. This supercell produced multiple tornadoes near Cherokee and continued moving to the northeast. One tornado with this supercell produced damage to a cemetery west of Byron. Fortunately, many of the tornadoes from this thunderstorm remained over mainly rural areas in Waynoka, Woods and Alfalfa counties.||Another tornadic supercell developed southwest of Woodward before midnight and tracked toward Woodward. The Woodward tornado began around 1150 PM roughly 3 miles northeast of Arnett and moved northeast into Woodward county. The southwest city limits of Woodward were impacted near 1218 AM on Sunday April 15th, 2012 and the tornado finally exited the north-northwest side of Woodward around 1223 AM. The tornado dissipated shortly afterward, 4 miles north of Woodward. Sadly, 6 fatalities were reported with the tornado that impacted Woodward.","A large and violently rotating tornado moved northeast over open land, crossing into the far northwest corner of Grant county before entering Kansas. The tornado produced tree damage, but no known structure damage.",CSV
201205,29,2015,201205,29,2016,64128,386216,OKLAHOMA,40,2012,May,Tornado,C,17,CANADIAN,OUN,29-MAY-12 20:15:00,CST-6,29-MAY-12 20:16:00,0,0,0,0,,,Storm Chaser,,,,,EF0,1.0,30.0,,,,,3.0,W,UNION CITY,3.0,W,UNION CITY,35.384,-97.99,35.384,-97.99,"A surface low developed over the Texas Panhandle through the day, lifting a stationary front northward as a warm front across Oklahoma. As the surface low deepened, a potent dryline developed over western Oklahoma. Despite somewhat marginal upper level winds for supercells, effective shear was highly supportive of sustained rotating thunderstorms which propagated east-southeastward through the afternoon. Storms began during the mid to late afternoon over parts of north-central and northwest Oklahoma, and migrated southward into the Oklahoma City metropolitan area by evening. Significant damage occurred across the Oklahoma City area due to very large hail and severe winds. A couple of brief tornadoes also occurred northwest of Oklahoma City. Total damages of $400 to $500 million were estimated across the Oklahoma City Metropolitan area.",Storm chasers observed a small tornado to the west of Union City. Some light damage was reported near Reformatory Road to the south of southwest 74th Street.,CSV
201210,13,1646,201210,13,1651,68654,414939,OKLAHOMA,40,2012,October,Tornado,C,19,CARTER,OUN,13-OCT-12 16:46:00,CST-6,13-OCT-12 16:51:00,2,0,0,0,0.00K,0.00K,Law Enforcement,,,,,EF1,5.1,75.0,,,,,3.0,SW,HEALDTON,2.0,ENE,HEALDTON,34.1942,-97.5205,34.2408,-97.4511,"Numerous quasi-discrete thunderstorms developed along and ahead of a dryline across western Oklahoma during the early afternoon. These storms continued into the evening hours, affecting much of Oklahoma south of I-40. One tornado was reported, as well as widespread damaging winds and severe hail.",A sheriff's deputy encountered a rain-wrapped tornado near Healdton that was embedded within a larger area of severe thunderstorm winds. The tornado developed approximately 3 miles southwest of Healdton and moved northeast toward Healdton Lake. Trees and power lines were damaged along the path. The most significant damage occurred at Healdton Lake where five mobile homes were destroyed. Two injuries reported in one of these homes. The tornado likely dissipated over or just northeast of Healdton Lake.,CSV
201204,13,1730,201204,13,1735,62012,379512,OKLAHOMA,40,2012,April,Tornado,C,65,JACKSON,OUN,13-APR-12 17:30:00,CST-6,13-APR-12 17:35:00,0,0,0,0,0.00K,0.00K,Storm Chaser,,,,,EF0,2.0,400.0,,,,,7.0,E,BLAIR,9.0,E,BLAIR,34.78,-99.2067,34.78,-99.1714,"A severe weather event began during the early afternoon hours of Friday, April 13, 2012, and lasted through the early morning hours of Saturday, April 14, 2012. Around a dozen tornadoes, as well as large hail, and strong wind gusts were produced by the numerous thunderstorms that occurred during this event. Much of the severe weather occurred in parts of southwestern and central Oklahoma. However, thunderstorms did develop in other portions of Oklahoma as well during the event.||A moist airmass had been in place over much of the region for several days prior to April 13th, and several rounds of showers and thunderstorms had occurred during this period. On Friday, April 13th, a dryline and weak frontal boundary moved into the area extending from near southwestern and west central Oklahoma then northeast into north central Oklahoma by the early afternoon hours. The first storms developed in parts of southwestern Oklahoma and west Texas. However, it was several hours before the first tornado occurred. In fact, the potential for tornadoes increased during the early evening hours of April 13th as the low level jet (strong winds just above the surface) became stronger.||The first tornadic activity of the day occurred in central Oklahoma as a tornado touched down just southwest of Norman at 3:59 pm CDT, and then moved east-northeast through the heart of that city shortly after 4:00 pm CDT. This tornado was eventually rated an EF-1 as it damaged many businesses and homes, and numerous trees and power lines were also downed. No fatalities were reported with this rush hour tornado, but 20 injuries were reported. The same parent supercell thunderstorm that produced the Norman tornado also spawned a brief, weak tornado in Pottawatomie County 6 miles northwest of Shawnee, OK.||Meanwhile, supercell thunderstorms continued to develop in southwestern Oklahoma. Nine tornadoes occurred in this area with 3, and possibly 4 tornadoes occurring at one time with a storm near Cooperton, OK in Kiowa County during the evening of April 13th. Two tornadoes were also reported near Blair, OK in Jackson County, and 3 tornadoes were observed near Carnegie, OK in Caddo County.|Large hail and strong wind gusts was also reported with these severe thunderstorms. The largest hail reported was 3 inches in diameter and fell in an area 12 miles south of Sayre, OK. Several wind gusts to 70 mph were also reported.||Approximately 12 tornadoes occurred during this severe weather event. Fortunately, no fatalities or major injuries were reported with these tornadoes.",Storm chasers reported a tornado east of Blair and just south of state highway 19. The tornado produced no known damage.,CSV
201203,18,1837,201203,18,1842,60509,361113,OKLAHOMA,40,2012,March,Tornado,C,9,BECKHAM,OUN,18-MAR-12 18:37:00,CST-6,18-MAR-12 18:42:00,0,0,0,0,0.00K,0.00K,Storm Chaser,,,,,EF0,1.0,75.0,,,,,7.0,SSW,CARTER,6.0,SSW,CARTER,35.1264,-99.5474,35.1465,-99.5373,"Supercell thunderstorms developed over the southern Texas panhandle and moved into southwest Oklahoma, with large hail and four tornadoes reported by early evening. The first thunderstorms moved into western portions of north Texas and quickly strengthened to severe levels. large hail was reported as they moved northeast into southwest Oklahoma. As the storms moved into Greer county, the supercells developed strong low level rotation due to the high amounts of low-level wind shear. Four tornadoes developed over Greer and far southeast Beckham counties, but remained over open land and caused no known damage. Other storms developed during the evening hours, but the threat had transitioned to heavy rainfall, large hail, and damaging winds.",The tornado produced no known damage.,CSV
201203,19,1920,201203,19,1920,61854,373099,OKLAHOMA,40,2012,March,Tornado,C,135,SEQUOYAH,TSA,19-MAR-12 19:20:00,CST-6,19-MAR-12 19:20:00,0,0,0,0,0.00K,0.00K,Storm Chaser,,,,,EF0,0.1,50.0,,,,,2.0,NW,VIAN,2.0,NW,VIAN,35.5205,-94.9951,35.5205,-94.9951,"Strong to severe thunderstorms developed along a cold front that pushed into the region during the midday hours of the 19th. The thunderstorms evolved into a line as they pushed eastward and produced damaging wind, large hail and a brief tornado over eastern Oklahoma. The slow moving nature of the complex also resulted in widespread flash flooding across the region.",A storm chaser observed a brief tornado over open country. It produced no known damage.,CSV
201203,18,1827,201203,18,1830,60509,361109,OKLAHOMA,40,2012,March,Tornado,C,55,GREER,OUN,18-MAR-12 18:27:00,CST-6,18-MAR-12 18:30:00,0,0,0,0,0.00K,0.00K,Storm Chaser,,,,,EF0,1.38,75.0,,,,,3.0,WNW,WILLOW,2.0,NW,WILLOW,35.0666,-99.559,35.0705,-99.535,"Supercell thunderstorms developed over the southern Texas panhandle and moved into southwest Oklahoma, with large hail and four tornadoes reported by early evening. The first thunderstorms moved into western portions of north Texas and quickly strengthened to severe levels. large hail was reported as they moved northeast into southwest Oklahoma. As the storms moved into Greer county, the supercells developed strong low level rotation due to the high amounts of low-level wind shear. Four tornadoes developed over Greer and far southeast Beckham counties, but remained over open land and caused no known damage. Other storms developed during the evening hours, but the threat had transitioned to heavy rainfall, large hail, and damaging winds.",The tornado produced no known damage.,CSV
201204,14,1750,201204,14,1750,62013,378752,OKLAHOMA,40,2012,April,Tornado,C,153,WOODWARD,OUN,14-APR-12 17:50:00,CST-6,14-APR-12 17:50:00,0,0,0,0,0.00K,0.00K,Storm Chaser,,,,,EF0,0.1,20.0,,,,,7.0,ESE,MOORELAND,7.0,ESE,MOORELAND,36.4012,-99.0937,36.4012,-99.0937,"A severe weather outbreak occurred on the afternoon and evening of Saturday April 14th, 2012 across Kansas and northwest Oklahoma. Multiple tornadoes, including a few that were strong, very large hail and damaging winds accompanied the supercells that formed through the afternoon and evening. Over a dozen tornadoes occurred in northwest Oklahoma in addition to the numerous tornadoes in Kansas.||Much of Oklahoma remained under clear skies for the afternoon, which coupled with plentiful moisture allowed very strong instability to develop. A dryline stretched from western Kansas into northwest and western Oklahoma through the afternoon hours. Thunderstorms ignited off the dryline in the early afternoon, with the first severe weather reports around 230pm. The first tornado was not reported until nearly 4pm as low level wind shear increased gradually. The tornado reports continued through nearly 1am with the tornado that impacted Woodward, OK the last tornado of the evening.||With the first supercells firing around 2 PM, many dropped large hail, some as large as 3 inches in diameter. Many brief tornado touchdowns were reported as well, with the initial reports north of Woodward, OK. Additional supercells developed through the afternoon with a prominent tornadic supercell developing near Waynoka, Oklahoma. This supercell produced multiple tornadoes near Cherokee and continued moving to the northeast. One tornado with this supercell produced damage to a cemetery west of Byron. Fortunately, many of the tornadoes from this thunderstorm remained over mainly rural areas in Waynoka, Woods and Alfalfa counties.||Another tornadic supercell developed southwest of Woodward before midnight and tracked toward Woodward. The Woodward tornado began around 1150 PM roughly 3 miles northeast of Arnett and moved northeast into Woodward county. The southwest city limits of Woodward were impacted near 1218 AM on Sunday April 15th, 2012 and the tornado finally exited the north-northwest side of Woodward around 1223 AM. The tornado dissipated shortly afterward, 4 miles north of Woodward. Sadly, 6 fatalities were reported with the tornado that impacted Woodward.",The tornado produced no known damage and the location is estimated.,CSV
