BEGIN_YEARMONTH,BEGIN_DAY,BEGIN_TIME,END_YEARMONTH,END_DAY,END_TIME,EPISODE_ID,EVENT_ID,STATE,STATE_FIPS,YEAR,MONTH_NAME,EVENT_TYPE,CZ_TYPE,CZ_FIPS,CZ_NAME,WFO,BEGIN_DATE_TIME,CZ_TIMEZONE,END_DATE_TIME,INJURIES_DIRECT,INJURIES_INDIRECT,DEATHS_DIRECT,DEATHS_INDIRECT,DAMAGE_PROPERTY,DAMAGE_CROPS,SOURCE,MAGNITUDE,MAGNITUDE_TYPE,FLOOD_CAUSE,CATEGORY,TOR_F_SCALE,TOR_LENGTH,TOR_WIDTH,TOR_OTHER_WFO,TOR_OTHER_CZ_STATE,TOR_OTHER_CZ_FIPS,TOR_OTHER_CZ_NAME,BEGIN_RANGE,BEGIN_AZIMUTH,BEGIN_LOCATION,END_RANGE,END_AZIMUTH,END_LOCATION,BEGIN_LAT,BEGIN_LON,END_LAT,END_LON,EPISODE_NARRATIVE,EVENT_NARRATIVE,DATA_SOURCE
201505,25,1648,201505,25,1707,96034,579444,OKLAHOMA,40,2015,May,Tornado,C,79,LE FLORE,TSA,25-MAY-15 16:48:00,CST-6,25-MAY-15 17:07:00,0,0,0,0,500.00K,0.00K,NWS Storm Survey,,,,,EF2,15.5,1700.0,,,,,3.0,S,SMACKER,2.0,NW,COAL CREEK,34.9835,-94.6658,35.2002,-94.6907,"A strong upper level disturbance moved into the Southern Plains on the 25th. A moist and unstable air mass was in place across eastern Oklahoma ahead of this system. Thunderstorms that developed over West Texas during the morning hours, intensified during the afternoon and early evening as they moved across southeastern Oklahoma and west central Arkansas. Damaging wind, several tornadoes, large hail up to golfball size, and locally heavy rainfall resulted from these thunderstorms.","This tornado developed near Kerr Mansion, south-southwest of Poteau. It moved north-northeast then turned more northward west of Poteau and eventually curved north-northwest as it moved through Shady Point and west of Panama before dissipating. Several homes were severely damaged within the path, a number of other homes received roof damage, at least two mobile homes were destroyed, barns and outbuildings were destroyed, a cellular communications tower was partially collapsed, numerous trees were snapped or uprooted, and power poles were blown down by this tornado. Based on this damage, maximum estimated wind in the tornado was 110 to 120 mph.",CSV
201505,28,858,201505,28,859,96037,579445,OKLAHOMA,40,2015,May,Tornado,C,79,LE FLORE,TSA,28-MAY-15 08:58:00,CST-6,28-MAY-15 08:59:00,0,0,0,0,50.00K,0.00K,Emergency Manager,,,,,EF1,0.5,75.0,,,,,2.0,NNE,TALIHINA,2.0,NNE,TALIHINA,34.7706,-95.0412,34.7737,-95.0332,Widespread thunderstorms moved across eastern Oklahoma during the morning and early afternoon hours of the 28th. A tornado and flash flooding resulted from the storms as they passed through the region.,"A tornado severely damaged a home and snapped or uprooted trees. Based on this damage, maximum estimated wind in the tornado was 100 to 110 mph.",CSV
201505,29,1251,201505,29,1306,96039,579450,OKLAHOMA,40,2015,May,Tornado,C,101,MUSKOGEE,TSA,29-MAY-15 12:51:00,CST-6,29-MAY-15 13:06:00,0,0,0,0,30.00K,0.00K,NWS Storm Survey,,,,,EF1,5.0,400.0,,,,,7.0,E,PORUM,4.0,SSE,WEBBERS FALLS SHEFFI,35.386,-95.1402,35.4514,-95.1003,An upper level disturbance moved through the Southern Plains on the 29th. Thunderstorms developed over eastern Oklahoma during the late morning and afternoon hours as this system approached. Three tornadoes occurred as these storms moved through the region as well as locally heavy rainfall that resulted in flash flooding.,"This tornado developed in or just north of the Canadian River bottoms and moved north-northeast uprooting trees, snapping a few tree trunks, damaging outbuildings, and damaging a couple homes. Based on this damage, maximum estimated wind in the tornado was 90 to 100 mph.",CSV
201505,29,1316,201505,29,1319,96039,579451,OKLAHOMA,40,2015,May,Tornado,C,135,SEQUOYAH,TSA,29-MAY-15 13:16:00,CST-6,29-MAY-15 13:19:00,0,0,0,0,20.00K,0.00K,NWS Storm Survey,,,,,EF0,1.5,100.0,,,,,3.0,SSE,GORE,3.0,SE,GORE,35.487,-95.09,35.5084,-95.0818,An upper level disturbance moved through the Southern Plains on the 29th. Thunderstorms developed over eastern Oklahoma during the late morning and afternoon hours as this system approached. Three tornadoes occurred as these storms moved through the region as well as locally heavy rainfall that resulted in flash flooding.,"This tornado developed south of I-40 southeast of Gore. Motorists witnessed the tornado as it crossed the highway, where large tree limbs were snapped. Small buildings were damaged at an industrial site west of Highway 10 and south of Highway 62. Based on this damage, maximum estimated wind in the tornado was 75 to 85 mph.",CSV
201505,29,1327,201505,29,1339,96039,579453,OKLAHOMA,40,2015,May,Tornado,C,97,MAYES,TSA,29-MAY-15 13:27:00,CST-6,29-MAY-15 13:39:00,0,0,0,0,50.00K,0.00K,NWS Storm Survey,,,,,EF1,5.4,1500.0,TSA,OK,41.0,DELAWARE,2.0,WSW,SPAVINAW,4.0,NE,SPAVINAW,36.3703,-95.0809,36.4201,-95.0057,An upper level disturbance moved through the Southern Plains on the 29th. Thunderstorms developed over eastern Oklahoma during the late morning and afternoon hours as this system approached. Three tornadoes occurred as these storms moved through the region as well as locally heavy rainfall that resulted in flash flooding.,"This is the first segment of a two segment tornado. The tornado developed on Spavinaw Hill southwest of Spavinaw. It moved east-northeast snapping or uprooting numerous trees and snapping power poles through town. Some homes in town received roof damage. The tornado snapped or uprooted numerous trees along Highway 20 northeast of Spavinaw and damaged the roofs of a couple homes. The tornado crossed into Delaware County just north of Highway 20. Based on this damage, maximum estimated wind in this segment of the tornado was 100 to 110 mph.",CSV
201512,12,1803,201512,12,1806,101687,608172,OKLAHOMA,40,2015,December,Tornado,C,23,CHOCTAW,TSA,12-DEC-15 18:03:00,CST-6,12-DEC-15 18:06:00,0,0,0,0,0.00K,0.00K,NWS Storm Survey,,,,,EF1,3.3,250.0,,,,,120.0,SSW,BUNCH,117.0,SSW,BUNCH,33.9867,-95.2579,34.0343,-95.2523,"A strong storm system moved from the Southern Rockies into the Plains on the 12th. Very moist, unseasonably warm, and slightly unstable air was in place across northern Texas and southeastern Oklahoma ahead of this system. Widespread showers and scattered thunderstorms developed over northern Texas during the afternoon as this system approached. Although instability was weak, strong wind shear through the lower atmosphere resulted in storms that developed rotating updrafts. One such storm produced a tornado near Fort Towson in Choctaw County.","This tornado developed south of Raymond Gary State Park and moved northward across the park, snapping or uprooting numerous trees. Trees were also snapped or uprooted along Highway 209, the E4025 Road, Highway 70, and finally across the N4375 Road. Based on this damage, maximum estimated wind in the tornado was 95 to 105 mph.",CSV
201507,7,1642,201507,7,1643,97189,584500,OKLAHOMA,40,2015,July,Tornado,C,79,LE FLORE,TSA,07-JUL-15 16:42:00,CST-6,07-JUL-15 16:43:00,0,0,0,0,15.00K,0.00K,Broadcast Media,,,,,EF1,0.3,75.0,,,,,5.0,SSW,MILTON,5.0,SSW,MILTON,35.1086,-94.9121,35.11,-94.9091,"A weak, slow-moving cold front stretched across eastern Oklahoma and southwest Missouri during the morning of July 7th. The front moved slowly eastward during the afternoon. Weak upper level disturbances translating across the Southern Plains combined with very moist air along and south of the frontal boundary resulted in a couple rounds of thunderstorms during the day. Locally heavy rainfall and some flash flooding was the result across portions of eastern Oklahoma. One of the thunderstorms also produced a brief tornado.","A brief tornado uprooted trees, snapped large tree limbs, and damaged a barn. Based on this damage, estimated maximum wind in the tornado was 90 to 100 mph.",CSV
201507,9,1618,201507,9,1623,97192,584502,OKLAHOMA,40,2015,July,Tornado,C,1,ADAIR,TSA,09-JUL-15 16:18:00,CST-6,09-JUL-15 16:23:00,0,0,0,0,0.00K,0.00K,NWS Storm Survey,,,,,EF1,3.7,500.0,,,,,4.0,NNE,PROCTOR,4.0,WSW,CHANCE,36.0233,-94.765,36.0535,-94.7106,"Widespread thunderstorms developed during the morning of July 9th, south and east of a stationary frontal boundary that was located across eastern Oklahoma and southern Missouri. Thunderstorms reorganized during the early afternoon on outflow from previous thunderstorms as a mesoscale convective vortex drifted across the region. Some of the storms strengthened and became organized, producing damaging wind and a tornado. Flash flooding also occurred across portions of eastern Oklahoma.","This tornado snapped or uprooted numerous trees. Based on this damage, maximum estimated wind in the tornado was 95 to 105 mph.",CSV
201507,9,1608,201507,9,1616,97192,584501,OKLAHOMA,40,2015,July,Tornado,C,21,CHEROKEE,TSA,09-JUL-15 16:08:00,CST-6,09-JUL-15 16:16:00,0,0,0,0,0.00K,0.00K,NWS Storm Survey,,,,,EF1,5.5,220.0,,,,,3.0,SSE,ELLERVILLE,5.0,SSE,SCRAPER,35.986,-94.8854,36.0283,-94.802,"Widespread thunderstorms developed during the morning of July 9th, south and east of a stationary frontal boundary that was located across eastern Oklahoma and southern Missouri. Thunderstorms reorganized during the early afternoon on outflow from previous thunderstorms as a mesoscale convective vortex drifted across the region. Some of the storms strengthened and became organized, producing damaging wind and a tornado. Flash flooding also occurred across portions of eastern Oklahoma.","This tornado uprooted numerous trees. Based on this damage, maximum estimated wind in the tornado was 90 to 100 mph.",CSV
201505,23,1944,201505,23,1947,96032,579437,OKLAHOMA,40,2015,May,Tornado,C,77,LATIMER,TSA,23-MAY-15 19:44:00,CST-6,23-MAY-15 19:47:00,0,0,0,0,0.00K,0.00K,NWS Storm Survey,,,,,EF0,1.6,75.0,,,,,4.0,SE,PANOLA,3.0,ESE,PANOLA,34.8785,-95.1722,34.8996,-95.1743,"A slow-moving upper level trough of low pressure moved from the Rockies into the Plains on the 23rd and 24th. Very moist and slightly unstable air was in place across the Southern Plains ahead of this system. Several rounds of thunderstorms developed and moved across eastern Oklahoma, resulting in widespread heavy rainfall and flash flooding. An isolated damaging wind event also occurred.","This tornado snapped large tree limbs as it moved north. Based on this damage, maximum estimated wind in the tornado was 75 to 85 mph.",CSV
201505,25,1617,201505,25,1625,96034,579440,OKLAHOMA,40,2015,May,Tornado,C,79,LE FLORE,TSA,25-MAY-15 16:17:00,CST-6,25-MAY-15 16:25:00,0,0,0,0,10.00K,0.00K,NWS Storm Survey,,,,,EF1,6.4,600.0,,,,,2.0,SSE,WHITESBORO,1.0,NNE,LENOX,34.6469,-94.8628,34.7198,-94.7929,"A strong upper level disturbance moved into the Southern Plains on the 25th. A moist and unstable air mass was in place across eastern Oklahoma ahead of this system. Thunderstorms that developed over West Texas during the morning hours, intensified during the afternoon and early evening as they moved across southeastern Oklahoma and west central Arkansas. Damaging wind, several tornadoes, large hail up to golfball size, and locally heavy rainfall resulted from these thunderstorms.","This tornado snapped or uprooted numerous trees and blew down power poles. Based on this damage, maximum estimated wind in the tornado was 95 to 105 mph.",CSV
201505,25,1552,201505,25,1610,96034,579438,OKLAHOMA,40,2015,May,Tornado,C,127,PUSHMATAHA,TSA,25-MAY-15 15:52:00,CST-6,25-MAY-15 16:10:00,0,0,0,0,35.00K,0.00K,NWS Storm Survey,,,,,EF2,11.8,1000.0,TSA,OK,77.0,LATIMER,5.0,N,NASHOBA,1.0,NE,ALBION,34.552,-95.2235,34.6807,-95.0871,"A strong upper level disturbance moved into the Southern Plains on the 25th. A moist and unstable air mass was in place across eastern Oklahoma ahead of this system. Thunderstorms that developed over West Texas during the morning hours, intensified during the afternoon and early evening as they moved across southeastern Oklahoma and west central Arkansas. Damaging wind, several tornadoes, large hail up to golfball size, and locally heavy rainfall resulted from these thunderstorms.","This is the first segment of a two segment tornado. This tornado developed between Highways 271 and 144 over heavily wooded and rugged terrain that was inaccessible by road. An aerial survey indicated extensive tree damage in this area, which was also visible from Highway 271 looking southwest from Albion. As the tornado approached Albion from the southwest, trees were uprooted on Deep Lake Loop. Several homes were damaged, an outbuilding was destroyed, and trees were snapped or uprooted in Albion before the tornado moved into Latimer County. Based on this damage, maximum estimated wind in this segment of the tornado was 115 to 125 mph.",CSV
201505,25,1634,201505,25,1649,96034,579442,OKLAHOMA,40,2015,May,Tornado,C,79,LE FLORE,TSA,25-MAY-15 16:34:00,CST-6,25-MAY-15 16:49:00,0,0,0,0,0.00K,0.00K,NWS Storm Survey,,,,,EF1,7.5,250.0,,,,,2.0,NE,FANSHAWE,5.0,NE,WALLS,34.9734,-94.8709,35.0765,-94.8489,"A strong upper level disturbance moved into the Southern Plains on the 25th. A moist and unstable air mass was in place across eastern Oklahoma ahead of this system. Thunderstorms that developed over West Texas during the morning hours, intensified during the afternoon and early evening as they moved across southeastern Oklahoma and west central Arkansas. Damaging wind, several tornadoes, large hail up to golfball size, and locally heavy rainfall resulted from these thunderstorms.","This tornado developed near CR E1405 and moved over mostly heavily wooded terrain that was inaccessible by road. Trees were snapped as it crossed CR E1380, where the tornado had a more northward movement. More trees were snapped as it crossed CR N4595. Based on this damage, maximum estimated wind in the tornado was 95 to 105 mph.",CSV
201505,29,1339,201505,29,1347,96039,579454,OKLAHOMA,40,2015,May,Tornado,C,41,DELAWARE,TSA,29-MAY-15 13:39:00,CST-6,29-MAY-15 13:47:00,0,0,0,0,10.00K,0.00K,NWS Storm Survey,,,,,EF1,4.1,1500.0,,,,,2.0,W,CHLOETA,2.0,E,TOPSY,36.4201,-95.0057,36.4478,-94.9405,An upper level disturbance moved through the Southern Plains on the 29th. Thunderstorms developed over eastern Oklahoma during the late morning and afternoon hours as this system approached. Three tornadoes occurred as these storms moved through the region as well as locally heavy rainfall that resulted in flash flooding.,"This is the second segment of a two segment tornado. The tornado crossed into Delaware County just north of Highway 20. Trees were snapped or uprooted and power poles were blown down as it moved east-northeast across the S 510 and S 520 Roads before dissipating. Based on this damage, maximum estimated wind in this segment of the tornado was 95 to 105 mph.",CSV
201511,16,2051,201511,16,2113,100572,603781,OKLAHOMA,40,2015,November,Tornado,C,45,ELLIS,OUN,16-NOV-15 20:51:00,CST-6,16-NOV-15 21:13:00,0,0,0,0,0.00K,0.00K,Emergency Manager,,,,,EF1,17.0,200.0,,,,,8.0,WNW,SHATTUCK,9.0,E,CATESBY,36.327,-100.0,36.513,-99.794,"A line of storms formed along an eastward moving front overnight on the 16th and continued into the morning of the 17th. Several of these storms produced severe winds, and a few produced tornadoes.",This tornado moved into Oklahoma from Lipscomb County Texas (see Storm Data for the Texas Panhandle from NWS Amarillo for information about the beginning of this tornado). The tornado produced damage to trees and power lines as it move northeast across northern Ellis County.,CSV
201511,16,2126,201511,16,2151,100572,603783,OKLAHOMA,40,2015,November,Tornado,C,59,HARPER,OUN,16-NOV-15 21:26:00,CST-6,16-NOV-15 21:51:00,0,0,0,0,4.00K,0.00K,Emergency Manager,,,,,EF2,21.0,400.0,,,,,5.0,ESE,MAY,4.0,NE,SELMAN,36.593,-99.659,36.842,-99.45,"A line of storms formed along an eastward moving front overnight on the 16th and continued into the morning of the 17th. Several of these storms produced severe winds, and a few produced tornadoes.","This tornado moved from Ellis County into Harper County to the west of Fort Supply. Four electrical transmission poles were broken as well as several trees 4 miles west of Fort Supply. Outbuildings were heavily damaged north of Fort Supply as the tornado continued northeast, and more power poles were broken east of Buffalo near the end of the tornado's path.",CSV
201511,16,1907,201511,16,1908,101781,608886,OKLAHOMA,40,2015,November,Tornado,C,7,BEAVER,AMA,16-NOV-15 19:07:00,CST-6,16-NOV-15 19:08:00,0,0,0,0,,0.00K,NWS Storm Survey,,,,,EF1,1.01,400.0,,,,,8.0,S,ELMWOOD,8.0,S,ELMWOOD,36.499,-100.547,36.506,-100.531,"A powerful storm system brought significant severe weather to the region. Tornadoes, damaging winds, and large hail accompanied thunderstorms that formed during the afternoon hours and persisted into the evening. This was a very unusual event for late fall in the Central High Plains. One significant factor in this anomalous event was the presence of an unusual amount of moisture for mid-November, contributing to relatively high values of instability. Only one tornado had previously been documented in the Oklahoma Panhandle during the month of November.","There were multiple reports from local government officials and storm spotters of this tornado developing in Ochiltree County, Texas. The tornado then continued to move northeast crossed into Oklahoma. Along its path, multiple power flashes were witnessed. Tree and fence damage was found near the Texas/Oklahoma state line. A rating of EF-1 was given with a maximum wind speed of 86 mph.",CSV
201511,16,1910,201511,16,1918,101781,608891,OKLAHOMA,40,2015,November,Tornado,C,7,BEAVER,AMA,16-NOV-15 19:10:00,CST-6,16-NOV-15 19:18:00,0,0,0,0,,0.00K,NWS Storm Survey,,,,,EF0,4.22,100.0,,,,,6.0,S,ELMWOOD,4.0,SE,ELMWOOD,36.534,-100.518,36.582,-100.471,"A powerful storm system brought significant severe weather to the region. Tornadoes, damaging winds, and large hail accompanied thunderstorms that formed during the afternoon hours and persisted into the evening. This was a very unusual event for late fall in the Central High Plains. One significant factor in this anomalous event was the presence of an unusual amount of moisture for mid-November, contributing to relatively high values of instability. Only one tornado had previously been documented in the Oklahoma Panhandle during the month of November.",Storm chasers photographed a brief tornado north of Elmwood. Little to no damage was observed. The tornado was rated EF-0.,CSV
201511,16,2124,201511,16,2137,101781,608892,OKLAHOMA,40,2015,November,Tornado,C,7,BEAVER,AMA,16-NOV-15 21:24:00,CST-6,16-NOV-15 21:37:00,0,0,0,0,,0.00K,NWS Storm Survey,,,,,EF1,8.93,500.0,,,,,5.0,SW,LOGAN,4.0,N,LOGAN,36.5114,-100.2813,36.629,-100.2144,"A powerful storm system brought significant severe weather to the region. Tornadoes, damaging winds, and large hail accompanied thunderstorms that formed during the afternoon hours and persisted into the evening. This was a very unusual event for late fall in the Central High Plains. One significant factor in this anomalous event was the presence of an unusual amount of moisture for mid-November, contributing to relatively high values of instability. Only one tornado had previously been documented in the Oklahoma Panhandle during the month of November.",A large tornado touched down just north of Darouzett and the Oklahoma state line just before 9:30 PM. The tornado was spotted by several spotters during power flashes and lightning strikes. Several barns and outbuildings were destroyed with minimal damage to homes which were on the edge of the tornado. Numerous power poles and trees were snapped along the path which was over 500 yards at times. This tornado was rated EF-1 with an estimated maximum wind of 100 mph.,CSV
201511,16,2118,201511,16,2126,100572,603782,OKLAHOMA,40,2015,November,Tornado,C,45,ELLIS,OUN,16-NOV-15 21:18:00,CST-6,16-NOV-15 21:26:00,0,0,0,0,3.00K,0.00K,Emergency Manager,,,,,EF2,6.2,400.0,OUN,OK,59.0,HARPER,12.0,NNW,FARGO,16.0,N,FARGO,36.522,-99.729,36.593,-99.659,"A line of storms formed along an eastward moving front overnight on the 16th and continued into the morning of the 17th. Several of these storms produced severe winds, and a few produced tornadoes.","The first damage known to occur with this tornado was damage to trees near EW 34 Road and NS 184 Road. A home received damage, sheds were destroyed, and trees were snapped between NS 186 and NS 187 on EW 31 Road. This tornado moved into Harper County west of Fort Supply.",CSV
201511,16,2209,201511,16,2213,100572,603784,OKLAHOMA,40,2015,November,Tornado,C,151,WOODS,OUN,16-NOV-15 22:09:00,CST-6,16-NOV-15 22:13:00,0,0,0,0,0.00K,0.00K,Emergency Manager,,,,,EF1,3.25,200.0,,,,,15.0,NW,CAMP HOUSTON,17.0,NW,CAMP HOUSTON,36.955,-99.324,37.0,-99.307,"A line of storms formed along an eastward moving front overnight on the 16th and continued into the morning of the 17th. Several of these storms produced severe winds, and a few produced tornadoes.",Significant tree damage was reported by emergency management along highway 34 about 3 miles south of the Kansas state line. No other damage is known to have occurred in Oklahoma. This tornado moved into Comanche County KS about 1 mile east of highway 34. (See Storm Data for Southwest Kansas from NWS Dodge City for information about that portion of the tornado).,CSV
201503,25,1729,201503,25,1729,94572,611520,OKLAHOMA,40,2015,March,Tornado,C,109,OKLAHOMA,OUN,25-MAR-15 17:29:00,CST-6,25-MAR-15 17:29:00,0,0,0,0,1.00K,0.00K,Broadcast Media,,,,,EF0,0.2,30.0,,,,,2.0,S,BETHANY,2.0,S,BETHANY,35.476,-97.635,35.476,-97.635,"A strong upper level storm system moved across the Southern Plains during the late afternoon and evening. At the surface, a slow moving cold front and dryline served as foci for severe thunderstorm development. With strong instability and wind shear, very large hail and damaging winds were widespread. A couple of tornadoes also developed, with the most significant tornado moving through portions of the south Oklahoma City metro.","A small, short-lived tornado touched down south of NW 10th Street and Rockwell Avenue in western Oklahoma City. Two outbuildings were severely damaged and three houses suffered damage to roof shingles.",CSV
201511,5,1422,201511,5,1426,100714,602678,OKLAHOMA,40,2015,November,Tornado,C,107,OKFUSKEE,TSA,05-NOV-15 14:22:00,CST-6,05-NOV-15 14:26:00,0,0,0,0,2.00K,0.00K,NWS Storm Survey,,,,,EF0,2.5,100.0,,,,,4.0,N,BEARDEN,3.0,W,OKEMAH,35.4,-96.3906,35.4234,-96.3553,"Strong to severe thunderstorms developed along a prefrontal trough of low pressure across central Oklahoma during the mid morning hours of the 5th. These storms moved into eastern Oklahoma during the late morning and afternoon, producing a tornado, hail up to quarter size, and damaging wind gusts.","This tornado uprooted a softwood tree, snapped large tree limbs, and blew down a chain-link fence. Based on this damage, estimated maximum wind in the tornado was 70 to 80 mph.",CSV
201511,17,543,201511,17,548,100716,602679,OKLAHOMA,40,2015,November,Tornado,C,91,MCINTOSH,TSA,17-NOV-15 05:43:00,CST-6,17-NOV-15 05:48:00,0,0,0,0,150.00K,0.00K,NWS Storm Survey,,,,,EF1,4.7,300.0,,,,,3.0,S,SHADY GROVE,2.0,NE,SHADY GROVE,35.4363,-95.4247,35.4996,-95.3951,"Severe thunderstorms developed along and ahead of a cold front across West Texas during the late afternoon of the 16th as a strong upper level disturbance translated into the Southern Plains. These storms moved east during the evening and into eastern Oklahoma during the early morning hours of the 17th. The storms produced a tornado, damaging wind gusts, and locally heavy rainfall across the region.","This tornado damaged the roofs of several homes, destroyed a chicken house, destroyed a number of outbuildings, and snapped or uprooted trees. Based on this damage, estimated maximum wind in the tornado was 90 to 100 mph.",CSV
201512,12,1917,201512,12,1937,101352,606380,OKLAHOMA,40,2015,December,Tornado,C,89,MCCURTAIN,SHV,12-DEC-15 19:17:00,CST-6,12-DEC-15 19:37:00,3,0,0,0,2.00M,0.00K,NWS Storm Survey,,,,,EF2,7.32,600.0,,,,,1.0,SW,VALLIANT,2.0,NNE,SLIM,34.0074,-95.1384,34.1043,-95.0869,"A strong upper level trough moved into the Central and Southern Plains during the morning and afternoon hours of December 12th. This trough ejected into the plains with a slight negative tilt which was indicative of strong jet dynamics in association with this trough. Likewise, low level and deep level shear was quite strong with this trough across Southeast Oklahoma during the late afternoon and evening hours of the 12th as well as the morning hours of the 13th. While instability was very weak, the strong shear made up for the development of strong to severe thunderstorms, some of which produced tornadoes across Southeast Oklahoma. Training of storm echoes also occurred which resulted in widespread flash flooding across the region as well.","An NWS Storm Survey team determined that the damage west of Valliant, Oklahoma was consistent with that of tornado damage.  The tornado first touched down near U.S. Hwy. 70 and traveled in a northeast direction before lifting near Tommy Taylor Road or just south of Pine Creek Reservoir.  Numerous trees were uprooted and/or snapped along the damage path.  Sixteen homes suffered significant damage and 4 mobile homes were completely destroyed.  Two persons were injured when their mobile home was destroyed.  Another person was injured when their mobile home was rolled by the tornado.",CSV
201503,25,1712,201503,25,1714,94572,568695,OKLAHOMA,40,2015,March,Tornado,C,17,CANADIAN,OUN,25-MAR-15 17:12:00,CST-6,25-MAR-15 17:14:00,0,0,0,0,0.00K,0.00K,Trained Spotter,,,,,EF0,0.66,50.0,,,,,6.0,WSW,YUKON,5.0,WSW,YUKON,35.46,-97.83,35.4621,-97.8185,"A strong upper level storm system moved across the Southern Plains during the late afternoon and evening. At the surface, a slow moving cold front and dryline served as foci for severe thunderstorm development. With strong instability and wind shear, very large hail and damaging winds were widespread. A couple of tornadoes also developed, with the most significant tornado moving through portions of the south Oklahoma City metro.",A short lived anticyclonic tornado developed near 15th street and Gregory road in Yukon. No damage is known to have occurred.,CSV
201511,5,2118,201511,5,2130,100662,602451,OKLAHOMA,40,2015,November,Tornado,C,89,MCCURTAIN,SHV,05-NOV-15 21:18:00,CST-6,05-NOV-15 21:30:00,0,0,0,0,10.00K,0.00K,NWS Storm Survey,,,,,EF1,4.25,256.0,,,,,2.0,S,HAWORTH,1.0,N,BOKHOMA,33.82,-94.65,33.84,-94.58,"Scattered thunderstorms developed across Southeast Oklahoma on the evening of November 5th, 2015. Due to a very strongly sheared atmospheric environment, one of these storms produced a tornado as an upper level trough moved into the Southern Plains/Lower Mississippi Valley.  This tornado touched down in McCurtain County, Oklahoma south of the Haworth community and mostly downed trees along its path.","An EF-1 tornado first developed south of Haworth, Oklahoma and traveled east northeast before dissipating near the CR 2190/4670 intersection.  Damage consisted on snapped and/or uprooted trees.  One house suffered minor roof damage from a fallen tree.",CSV
201504,8,1958,201504,8,1958,94893,575351,OKLAHOMA,40,2015,April,Tornado,C,39,CUSTER,OUN,08-APR-15 19:58:00,CST-6,08-APR-15 19:58:00,0,0,0,0,0.00K,0.00K,Trained Spotter,,,,,EF0,0.2,30.0,,,,,6.0,SSE,MOOREWOOD,6.0,SSE,MOOREWOOD,35.653,-99.312,35.653,-99.312,"A warm front/dryline triple point was present across far northwestern Oklahoma during the daylight hours. As a weak shortwave moved across the Southern Plains, strong flow aloft overspread the region. Daytime heating and the influence of the upper wave lifted the cap, allowing for scattered severe thunderstorm development.",Spotters reported a brief tornado touchdown about 4 miles northeast of Hammon. No damage is known to have occurred with this tornado.,CSV
201504,16,1900,201504,16,1915,94906,575355,OKLAHOMA,40,2015,April,Tornado,C,9,BECKHAM,OUN,16-APR-15 19:00:00,CST-6,16-APR-15 19:15:00,0,0,0,0,0.00K,0.00K,Storm Chaser,,,,,EF0,4.5,150.0,,,,,5.0,WNW,DELHI,7.0,ENE,ERICK,35.207,-99.77,35.263,-99.77,"A large cutoff upper low meandered across the western U.S. To the east, across the Southern Plains, a weak surface trough aided afternoon thunderstorm development, first over the Texas and Oklahoma Panhandles, where surface heating was more intense. More isolated activity developed in the warm sector across western Oklahoma, persisting into the evening hours. At least one tornado was observed near Sayre, with no significant damage. Elsewhere, large hail and damaging winds were reported.","Numerous storm chasers observed a tornado that developed about 5 miles east of Erick. The tornado moved northeast and crossed Interstate 40 at the Hext Road interchange. The tornado then curved northwest and dissipated 8 miles west-southwest of Sayre. Some trees were damaged, but no structural damage was found.",CSV
201504,9,2008,201504,9,2008,94893,575352,OKLAHOMA,40,2015,April,Tornado,C,39,CUSTER,OUN,09-APR-15 20:08:00,CST-6,09-APR-15 20:08:00,0,0,0,0,0.00K,0.00K,Trained Spotter,,,,,EF0,0.2,30.0,,,,,4.0,NW,BUTLER,4.0,NW,BUTLER,35.6809,-99.2404,35.6809,-99.2404,"A warm front/dryline triple point was present across far northwestern Oklahoma during the daylight hours. As a weak shortwave moved across the Southern Plains, strong flow aloft overspread the region. Daytime heating and the influence of the upper wave lifted the cap, allowing for scattered severe thunderstorm development.",Spotters reported a tornado touched down about 4 miles northwest of Butler. The tornado produced no known damage.,CSV
201512,26,1357,201512,26,1357,101486,610496,OKLAHOMA,40,2015,December,Tornado,C,87,MCCLAIN,OUN,26-DEC-15 13:57:00,CST-6,26-DEC-15 13:57:00,0,0,0,0,,,Storm Chaser,,,,,EF0,0.1,20.0,,,,,7.0,NE,BYARS,7.0,NE,BYARS,34.94,-96.96,34.94,-96.96,"With abundant moisture in place and strong cold front moving south on the 26th, numerous storms developed across the central and southern parts of Oklahoma and parts of western north Texas. Several of these storms became severe, a few became tornadic, and heavy rains caused some flash flooding.",A brief weak tornado was reported.,CSV
201503,25,1802,201503,25,1802,93249,560277,OKLAHOMA,40,2015,March,Tornado,C,97,MAYES,TSA,25-MAR-15 18:02:00,CST-6,25-MAR-15 18:02:00,0,0,0,0,0.00K,0.00K,Storm Chaser,,,,,EF0,0.1,50.0,,,,,2.0,NW,MAZIE,2.0,NW,MAZIE,36.1164,-95.3903,36.1164,-95.3903,"Severe thunderstorms developed during the afternoon hours to the east of a surface low pressure system located over southwestern Oklahoma and near a stationary frontal boundary that was draped across northeastern Oklahoma. Several of these storms developed supercell characteristics due to a very unstable air mass that was in place over the region coupled with strong vertical wind shear. These supercells produced several tornadoes, including a strong tornado that resulted in a fatality in Sand Springs. The storms also produced hail up to softball size and wind gusts to around 90 mph. ||The storms evolved into a line during the evening hours and moved swiftly across eastern Oklahoma producing wind damage and hail to golfball size. ||Locally heavy rainfall as a result of storms moving repeatedly across the same locations resulted in flash flooding. Two flash flood fatalities occurred in Muskogee County when a vehicle was driven into flood waters and was swept off the road.",Storm chasers and storm spotters saw a brief tornado. Some debris was seen in the air under a tapered funnel cloud.,CSV
201504,18,1506,201504,18,1506,94981,575353,OKLAHOMA,40,2015,April,Tornado,C,151,WOODS,OUN,18-APR-15 15:06:00,CST-6,18-APR-15 15:06:00,0,0,0,0,0.00K,0.00K,Broadcast Media,,,,,EF1,0.5,40.0,,,,,8.0,S,DACOMA,8.0,S,DACOMA,36.549,-98.581,36.549,-98.581,"As the slow moving upper trough continued eastward, it moved into portions of western Kansas and Oklahoma. A Pacific front/dryline surged eastward during the day, igniting thunderstorms. Given impressive upper level winds, and moderate instability, reports of large hail and damaging winds were widespread and lasted into the night.",Video of a brief tornado was captured by a KOCO-TV storm chaser and by a local resident. The tornado caused snapped trees and damaged a metal barn at a ranch south of Dacoma.,CSV
201503,25,1734,201503,25,1750,94572,568694,OKLAHOMA,40,2015,March,Tornado,C,27,CLEVELAND,OUN,25-MAR-15 17:34:00,CST-6,25-MAR-15 17:50:00,7,0,0,0,50.00M,0.00K,Broadcast Media,,,,,EF2,11.21,50.0,,,,,4.0,W,MOORE,4.0,SSW,STANLEY DRAPER LAKE DAM,35.3482,-97.5658,35.2849,-97.3828,"A strong upper level storm system moved across the Southern Plains during the late afternoon and evening. At the surface, a slow moving cold front and dryline served as foci for severe thunderstorm development. With strong instability and wind shear, very large hail and damaging winds were widespread. A couple of tornadoes also developed, with the most significant tornado moving through portions of the south Oklahoma City metro.","The tornado began at 634 PM near Southwest 119th street in southwest Oklahoma City, then moved east southeastward. The tornado moved through Moore, then continued to its ending location just southeast of Indian Hills road and 36th Ave northeast in far north Norman. The tornado had an eleven mile discontinuous path, with minor to moderate damage to homes and businesses. Seven people were injured, but no fatalities occurred.",CSV
201503,25,1621,201503,25,1625,93249,560160,OKLAHOMA,40,2015,March,Tornado,C,117,PAWNEE,TSA,25-MAR-15 16:21:00,CST-6,25-MAR-15 16:25:00,0,0,0,0,0.00K,0.00K,NWS Storm Survey,,,,,EF0,2.0,200.0,TSA,OK,113.0,OSAGE,1.0,W,APPALACHIA,1.0,ESE,APPALACHIA,36.1832,-96.302,36.1763,-96.2672,"Severe thunderstorms developed during the afternoon hours to the east of a surface low pressure system located over southwestern Oklahoma and near a stationary frontal boundary that was draped across northeastern Oklahoma. Several of these storms developed supercell characteristics due to a very unstable air mass that was in place over the region coupled with strong vertical wind shear. These supercells produced several tornadoes, including a strong tornado that resulted in a fatality in Sand Springs. The storms also produced hail up to softball size and wind gusts to around 90 mph. ||The storms evolved into a line during the evening hours and moved swiftly across eastern Oklahoma producing wind damage and hail to golfball size. ||Locally heavy rainfall as a result of storms moving repeatedly across the same locations resulted in flash flooding. Two flash flood fatalities occurred in Muskogee County when a vehicle was driven into flood waters and was swept off the road.","This is the first segment of a three segment tornado. The tornado developed over Keystone Lake, west of Appalachia Bay Recreation Area. The beginning of this tornado was filmed by storm chasers. The tornado moved east-southeast across the lake waters and adjacent uninhabited land areas. Damage is strongly suspected to trees in this segment of the tornado but those suspected areas were not accessible by road. The tornado continued into Osage County, Oklahoma.",CSV
201503,25,1906,201503,25,1906,93249,560280,OKLAHOMA,40,2015,March,Tornado,C,1,ADAIR,TSA,25-MAR-15 19:06:00,CST-6,25-MAR-15 19:06:00,0,0,0,0,0.00K,0.00K,Storm Chaser,,,,,EF0,0.1,50.0,,,,,5.0,W,WATTS,5.0,W,WATTS,36.12,-94.6596,36.12,-94.6596,"Severe thunderstorms developed during the afternoon hours to the east of a surface low pressure system located over southwestern Oklahoma and near a stationary frontal boundary that was draped across northeastern Oklahoma. Several of these storms developed supercell characteristics due to a very unstable air mass that was in place over the region coupled with strong vertical wind shear. These supercells produced several tornadoes, including a strong tornado that resulted in a fatality in Sand Springs. The storms also produced hail up to softball size and wind gusts to around 90 mph. ||The storms evolved into a line during the evening hours and moved swiftly across eastern Oklahoma producing wind damage and hail to golfball size. ||Locally heavy rainfall as a result of storms moving repeatedly across the same locations resulted in flash flooding. Two flash flood fatalities occurred in Muskogee County when a vehicle was driven into flood waters and was swept off the road.",Storm chasers saw a brief tornado. Power flashes were observed under a tapered funnel cloud.,CSV
201504,2,2059,201504,2,2108,93300,560149,OKLAHOMA,40,2015,April,Tornado,C,35,CRAIG,TSA,02-APR-15 20:59:00,CST-6,02-APR-15 21:08:00,1,0,0,0,50.00K,0.00K,NWS Storm Survey,,,,,EF1,5.6,800.0,TSA,OK,115.0,OTTAWA,0.0,NE,KELSO,1.0,ENE,TODD,36.7045,-95.0953,36.6804,-94.9993,"Severe thunderstorms developed during the evening of the 2nd near a stationary frontal boundary that extended across northeastern Oklahoma and southeastern Kansas. A very unstable air mass over the region coupled with strong vertical wind shear resulted in some supercell thunderstorm structures. The storms produced hail up to golfball size, wind gusts of up to 80 mph, and a damaging tornado.||A complex of storms that formed in eastern Colorado and western Kansas translated southeastward during the evening and across portions of far northeastern Oklahoma during the early morning hours of the 3rd. Damaging wind occurred in northern Craig County, from the southernmost storm in that complex.","This is the first segment of a three segment tornado. In Craig County, the tornado first damaged barns and trees at the S 440 Road. It moved east-southeast snapping or uprooting trees and damaging barns and outbuildings along the E 200 Road, the S 440 Road, and the E 230 Road before crossing I-44, where it blew over two tractor trailers, injuring the driver of one of them. Based on this damage, maximum estimated wind in this segment of the tornado was 95 to 105 mph. The tornado continued into Ottawa County, Oklahoma.",CSV
201504,2,2108,201504,2,2114,93300,560150,OKLAHOMA,40,2015,April,Tornado,C,115,OTTAWA,TSA,02-APR-15 21:08:00,CST-6,02-APR-15 21:14:00,0,0,0,0,150.00K,0.00K,NWS Storm Survey,,,,,EF1,3.1,700.0,TSA,OK,41.0,DELAWARE,2.0,SW,AFTON,2.0,SE,AFTON,36.6804,-94.9993,36.6705,-94.9453,"Severe thunderstorms developed during the evening of the 2nd near a stationary frontal boundary that extended across northeastern Oklahoma and southeastern Kansas. A very unstable air mass over the region coupled with strong vertical wind shear resulted in some supercell thunderstorm structures. The storms produced hail up to golfball size, wind gusts of up to 80 mph, and a damaging tornado.||A complex of storms that formed in eastern Colorado and western Kansas translated southeastward during the evening and across portions of far northeastern Oklahoma during the early morning hours of the 3rd. Damaging wind occurred in northern Craig County, from the southernmost storm in that complex.","This is the second segment of a three segment tornado. In Ottawa County, the tornado moved through open country and then crossed Highway 60 where it threw several round hay bales. It destroyed barns and outbuildings, damaged several homes, and snapped or uprooted numerous trees as it crossed the S 510 Road and S 520 Road. Based on this damage, maximum estimated wind in this segment of the tornado was 95 to 105 mph. The tornado continued into Delaware County, Oklahoma.",CSV
201505,16,2240,201505,16,2241,96027,579405,OKLAHOMA,40,2015,May,Tornado,C,131,ROGERS,TSA,16-MAY-15 22:40:00,CST-6,16-MAY-15 22:41:00,0,0,0,0,0.00K,0.00K,NWS Storm Survey,,,,,EF1,0.8,600.0,,,,,4.0,WSW,INOLA,4.0,W,INOLA,36.1316,-95.5742,36.1414,-95.5669,"A strong upper level disturbance translated from the Southern Rockies into the Southern Plains on the 16th. Very moist and unstable air was in place across the Southern Plains as this system approached. Severe thunderstorms developed over western Oklahoma and northwestern Texas during the afternoon and moved eastward into eastern Oklahoma in the late evening. By the time the storms reached eastern Oklahoma, a well-organized squall line had evolved but due to very strong low level wind shear, multiple tornadoes occurred across the area along with widespread damaging wind. Locally heavy rainfall resulted in flash flooding in some areas through the early morning hours of the 17th.","This is the second segment of a two segment tornado. In Rogers County, this tornado uprooted numerous trees north of the Verdigris River. Based on this damage, maximum estimated wind in this segment of the tornado was 90 to 100 mph.",CSV
201504,2,2114,201504,2,2119,93300,560151,OKLAHOMA,40,2015,April,Tornado,C,41,DELAWARE,TSA,02-APR-15 21:14:00,CST-6,02-APR-15 21:19:00,0,0,0,0,75.00K,0.00K,NWS Storm Survey,,,,,EF1,3.6,500.0,,,,,4.0,NNW,BERNICE,3.0,NE,BERNICE,36.6705,-94.9453,36.6561,-94.8845,"Severe thunderstorms developed during the evening of the 2nd near a stationary frontal boundary that extended across northeastern Oklahoma and southeastern Kansas. A very unstable air mass over the region coupled with strong vertical wind shear resulted in some supercell thunderstorm structures. The storms produced hail up to golfball size, wind gusts of up to 80 mph, and a damaging tornado.||A complex of storms that formed in eastern Colorado and western Kansas translated southeastward during the evening and across portions of far northeastern Oklahoma during the early morning hours of the 3rd. Damaging wind occurred in northern Craig County, from the southernmost storm in that complex.","This is the third of three segments of this tornado. The tornado crossed into Delaware County near the S 520 Road. Trees were snapped or uprooted, barns and outbuildings were damaged, and homes were damaged as it approached the north end of Grand Lake from the west-northwest. It destroyed a private boat dock on the lake then moved through a community of houses to the east of the lake, resulting in damage to the roofs of homes as well as tree damage. The tornado dissipated to the east of this community in open country. Based on this damage, estimated maximum wind in this segment of the tornado was 95 to 105 mph.",CSV
201505,16,2252,201505,16,2256,96027,579415,OKLAHOMA,40,2015,May,Tornado,C,131,ROGERS,TSA,16-MAY-15 22:52:00,CST-6,16-MAY-15 22:56:00,0,0,0,0,30.00K,0.00K,NWS Storm Survey,,,,,EF1,3.3,300.0,,,,,5.0,ENE,TIAWAH,8.0,ESE,SEQUOYAH,36.2942,-95.4774,36.333,-95.4432,"A strong upper level disturbance translated from the Southern Rockies into the Southern Plains on the 16th. Very moist and unstable air was in place across the Southern Plains as this system approached. Severe thunderstorms developed over western Oklahoma and northwestern Texas during the afternoon and moved eastward into eastern Oklahoma in the late evening. By the time the storms reached eastern Oklahoma, a well-organized squall line had evolved but due to very strong low level wind shear, multiple tornadoes occurred across the area along with widespread damaging wind. Locally heavy rainfall resulted in flash flooding in some areas through the early morning hours of the 17th.","This tornado appears to have developed on the Claremore Airport property and moved northeast across Highway 20, ending about a half mile west of the Mayes County line south of the E 470 Road. The tornado damaged several homes near Highway 20. It also uprooted trees, snapped numerous large tree limbs, and blew down power poles. Based on this damage, maximum estimated wind in the tornado was 90 to 100 mph.",CSV
201505,16,2300,201505,16,2303,96027,579422,OKLAHOMA,40,2015,May,Tornado,C,97,MAYES,TSA,16-MAY-15 23:00:00,CST-6,16-MAY-15 23:03:00,0,0,0,0,10.00K,0.00K,NWS Storm Survey,,,,,EF1,2.3,450.0,,,,,6.0,NW,PRYOR,5.0,W,GREEN,36.3613,-95.4017,36.3856,-95.3742,"A strong upper level disturbance translated from the Southern Rockies into the Southern Plains on the 16th. Very moist and unstable air was in place across the Southern Plains as this system approached. Severe thunderstorms developed over western Oklahoma and northwestern Texas during the afternoon and moved eastward into eastern Oklahoma in the late evening. By the time the storms reached eastern Oklahoma, a well-organized squall line had evolved but due to very strong low level wind shear, multiple tornadoes occurred across the area along with widespread damaging wind. Locally heavy rainfall resulted in flash flooding in some areas through the early morning hours of the 17th.","This tornado snapped or uprooted numerous trees and blew down power poles. Based on this damage, maximum estimated wind in the tornado was 95 to 105 mph.",CSV
201503,25,1701,201503,25,1705,93249,560273,OKLAHOMA,40,2015,March,Tornado,C,143,TULSA,TSA,25-MAR-15 17:01:00,CST-6,25-MAR-15 17:05:00,0,0,0,0,200.00K,0.00K,NWS Storm Survey,,,,,EF0,2.3,600.0,,,,,1.0,E,DAWSON,2.0,SW,GARNETT,36.1689,-95.8815,36.1482,-95.8533,"Severe thunderstorms developed during the afternoon hours to the east of a surface low pressure system located over southwestern Oklahoma and near a stationary frontal boundary that was draped across northeastern Oklahoma. Several of these storms developed supercell characteristics due to a very unstable air mass that was in place over the region coupled with strong vertical wind shear. These supercells produced several tornadoes, including a strong tornado that resulted in a fatality in Sand Springs. The storms also produced hail up to softball size and wind gusts to around 90 mph. ||The storms evolved into a line during the evening hours and moved swiftly across eastern Oklahoma producing wind damage and hail to golfball size. ||Locally heavy rainfall as a result of storms moving repeatedly across the same locations resulted in flash flooding. Two flash flood fatalities occurred in Muskogee County when a vehicle was driven into flood waters and was swept off the road.","This tornado developed in an undeveloped area south of the Tulsa International Airport and moved southeast toward Admiral Blvd. The tornado damaged several mobile homes, a number of permanent homes, and snapped large tree limbs north of I-244. Numerous homes, a number of mobile homes, a strip mall, an apartment complex, and businesses were damaged south of I-244 and west of Highway 169. The tornado continued southeast as it crossed Highway 169 at and south of Admiral Blvd., damaging the roofs of numerous homes and snapping many large tree limbs. A carport was destroyed and a garage door of a home was blown inward as the tornado turned more southerly before dissipating near E 11th Street South, just west of Garnett Road. Based on this damage, maximum estimated wind in the tornado was 70 to 80 mph.",CSV
201505,10,801,201505,10,804,96025,579367,OKLAHOMA,40,2015,May,Tornado,C,121,PITTSBURG,TSA,10-MAY-15 08:01:00,CST-6,10-MAY-15 08:04:00,0,0,0,0,35.00K,0.00K,NWS Storm Survey,,,,,EF1,3.8,240.0,,,,,1.0,SE,(MLC)MC ALESTER MUNI,1.0,SSW,KREBS,34.8727,-95.7721,34.9114,-95.7244,"A slow-moving low pressure trough moved from the Rockies into the Plains during the 9th and 10th. Several disturbances rotating through this trough translated across the Southern Plains during this period. With very moist and unstable air in place over the region, multiple periods of thunderstorms occurred. Locally heavy rainfall as well as severe weather was prevalent across eastern Oklahoma.","A tornado destroyed a barn, rolled a horse trailer, blew down a grain silo, and uprooted trees. Based on this damage, estimated maximum wind in the tornado was 90 to 100 mph.",CSV
201505,16,2310,201505,16,2316,96027,579426,OKLAHOMA,40,2015,May,Tornado,C,97,MAYES,TSA,16-MAY-15 23:10:00,CST-6,16-MAY-15 23:16:00,0,0,0,0,75.00K,0.00K,NWS Storm Survey,,,,,EF1,4.5,600.0,,,,,3.0,NNW,ADAIR,2.0,SSE,BIG CABIN,36.4715,-95.2809,36.5054,-95.2118,"A strong upper level disturbance translated from the Southern Rockies into the Southern Plains on the 16th. Very moist and unstable air was in place across the Southern Plains as this system approached. Severe thunderstorms developed over western Oklahoma and northwestern Texas during the afternoon and moved eastward into eastern Oklahoma in the late evening. By the time the storms reached eastern Oklahoma, a well-organized squall line had evolved but due to very strong low level wind shear, multiple tornadoes occurred across the area along with widespread damaging wind. Locally heavy rainfall resulted in flash flooding in some areas through the early morning hours of the 17th.","This tornado damaged two homes, destroyed at least two outbuildings, snapped or uprooted trees, and blew down power poles. Based on this damage, maximum estimated wind in the tornado was 95 to 105 mph.",CSV
201505,16,2324,201505,16,2325,96027,579430,OKLAHOMA,40,2015,May,Tornado,C,35,CRAIG,TSA,16-MAY-15 23:24:00,CST-6,16-MAY-15 23:25:00,0,0,0,0,50.00K,0.00K,NWS Storm Survey,,,,,EF1,0.5,340.0,TSA,OK,41.0,DELAWARE,8.0,S,TODD,7.0,S,TODD,36.5575,-95.0126,36.5626,-95.0057,"A strong upper level disturbance translated from the Southern Rockies into the Southern Plains on the 16th. Very moist and unstable air was in place across the Southern Plains as this system approached. Severe thunderstorms developed over western Oklahoma and northwestern Texas during the afternoon and moved eastward into eastern Oklahoma in the late evening. By the time the storms reached eastern Oklahoma, a well-organized squall line had evolved but due to very strong low level wind shear, multiple tornadoes occurred across the area along with widespread damaging wind. Locally heavy rainfall resulted in flash flooding in some areas through the early morning hours of the 17th.","This is the first segment of a two segment tornado. In Craig County, this tornado destroyed a mobile home and snapped or uprooted trees. Based on this damage, maximum estimated wind in this segment of the tornado was 95 to 105 mph.",CSV
201505,16,2325,201505,16,2329,96027,579432,OKLAHOMA,40,2015,May,Tornado,C,41,DELAWARE,TSA,16-MAY-15 23:25:00,CST-6,16-MAY-15 23:29:00,0,0,0,0,50.00K,0.00K,NWS Storm Survey,,,,,EF1,4.1,550.0,,,,,2.0,WSW,CLEORA,2.0,NNE,CLEORA,36.5626,-95.0057,36.6079,-94.9577,"A strong upper level disturbance translated from the Southern Rockies into the Southern Plains on the 16th. Very moist and unstable air was in place across the Southern Plains as this system approached. Severe thunderstorms developed over western Oklahoma and northwestern Texas during the afternoon and moved eastward into eastern Oklahoma in the late evening. By the time the storms reached eastern Oklahoma, a well-organized squall line had evolved but due to very strong low level wind shear, multiple tornadoes occurred across the area along with widespread damaging wind. Locally heavy rainfall resulted in flash flooding in some areas through the early morning hours of the 17th.","This is the second segment of a two segment tornado. In Delaware County, this tornado destroyed several barns and outbuildings, snapped or uprooted trees, and blew down power poles. Based on this damage, maximum estimated wind in this segment of the tornado was 95 to 105 mph.",CSV
201505,10,1818,201505,10,1841,96025,579375,OKLAHOMA,40,2015,May,Tornado,C,77,LATIMER,TSA,10-MAY-15 18:18:00,CST-6,10-MAY-15 18:41:00,0,0,0,0,100.00K,0.00K,NWS Storm Survey,,,,,EF2,15.0,880.0,,,,,3.0,SSW,VETERANS COLONY,4.0,WSW,RED OAK,34.7649,-95.3112,34.9309,-95.1403,"A slow-moving low pressure trough moved from the Rockies into the Plains during the 9th and 10th. Several disturbances rotating through this trough translated across the Southern Plains during this period. With very moist and unstable air in place over the region, multiple periods of thunderstorms occurred. Locally heavy rainfall as well as severe weather was prevalent across eastern Oklahoma.","A tornado damaged several homes, severely damaged a metal-framed outbuilding, damaged an oil drilling platform, destroyed barns and outbuildings, damaged the Cravens VFD building, and snapped or uprooted numerous trees. Based on this damage, estimated maximum wind in the tornado was 115 to 125 mph.",CSV
201505,16,2338,201505,16,2350,96027,579435,OKLAHOMA,40,2015,May,Tornado,C,115,OTTAWA,TSA,16-MAY-15 23:38:00,CST-6,16-MAY-15 23:50:00,1,0,0,0,125.00K,0.00K,NWS Storm Survey,,,,,EF1,11.5,650.0,,,,,5.0,SSE,FAIRLAND,3.0,ESE,WYANDOTTE,36.6812,-94.8289,36.7866,-94.686,"A strong upper level disturbance translated from the Southern Rockies into the Southern Plains on the 16th. Very moist and unstable air was in place across the Southern Plains as this system approached. Severe thunderstorms developed over western Oklahoma and northwestern Texas during the afternoon and moved eastward into eastern Oklahoma in the late evening. By the time the storms reached eastern Oklahoma, a well-organized squall line had evolved but due to very strong low level wind shear, multiple tornadoes occurred across the area along with widespread damaging wind. Locally heavy rainfall resulted in flash flooding in some areas through the early morning hours of the 17th.","This tornado developed just south of the E 230 Road and moved north-northeast destroying a mobile home, destroying several outbuildings, and snapping or uprooting trees. As the tornado approached the E 190 Road near the S 600 Road, it turned more to the northeast. Numerous trees were snapped or uprooted, a home was damaged, and outbuildings were damaged between the E 190 Road and Grand Lake. After moving over Grand Lake, the tornado damaged chicken houses and snapped or uprooted trees before dissipating east of Highway 10 near the E 160 Road. Based on this damage, maximum estimated wind in the tornado was 95 to 105 mph.",CSV
201505,25,1610,201505,25,1612,96034,579439,OKLAHOMA,40,2015,May,Tornado,C,77,LATIMER,TSA,25-MAY-15 16:10:00,CST-6,25-MAY-15 16:12:00,0,0,0,0,10.00K,0.00K,NWS Storm Survey,,,,,EF1,1.5,700.0,,,,,10.0,S,BENGAL,9.0,S,BENGAL,34.6807,-95.0871,34.6994,-95.0748,"A strong upper level disturbance moved into the Southern Plains on the 25th. A moist and unstable air mass was in place across eastern Oklahoma ahead of this system. Thunderstorms that developed over West Texas during the morning hours, intensified during the afternoon and early evening as they moved across southeastern Oklahoma and west central Arkansas. Damaging wind, several tornadoes, large hail up to golfball size, and locally heavy rainfall resulted from these thunderstorms.","This is the second segment of a two segment tornado. In Latimer County, this tornado snapped or uprooted trees and blew down power poles. Based on this damage, maximum estimated wind in this segment of the tornado was 95 to 105 mph.",CSV
201505,10,1718,201505,10,1721,96025,579369,OKLAHOMA,40,2015,May,Tornado,C,127,PUSHMATAHA,TSA,10-MAY-15 17:18:00,CST-6,10-MAY-15 17:21:00,0,0,0,0,0.00K,0.00K,Storm Chaser,,,,,EF0,1.7,100.0,,,,,1.0,ESE,JUMBO,2.0,ENE,JUMBO,34.4223,-95.711,34.4383,-95.6879,"A slow-moving low pressure trough moved from the Rockies into the Plains during the 9th and 10th. Several disturbances rotating through this trough translated across the Southern Plains during this period. With very moist and unstable air in place over the region, multiple periods of thunderstorms occurred. Locally heavy rainfall as well as severe weather was prevalent across eastern Oklahoma.",Storm chasers witnessed a tornado over rugged terrain east of the Indian Nation Turnpike. The area where the tornado occurred was inaccessible by road.,CSV
201505,10,1846,201505,10,1852,96025,579378,OKLAHOMA,40,2015,May,Tornado,C,77,LATIMER,TSA,10-MAY-15 18:46:00,CST-6,10-MAY-15 18:52:00,0,0,0,0,0.00K,0.00K,NWS Storm Survey,,,,,EF0,3.7,75.0,,,,,2.0,NW,RED OAK,0.0,NE,LODI,34.9692,-95.0984,35.0031,-95.0469,"A slow-moving low pressure trough moved from the Rockies into the Plains during the 9th and 10th. Several disturbances rotating through this trough translated across the Southern Plains during this period. With very moist and unstable air in place over the region, multiple periods of thunderstorms occurred. Locally heavy rainfall as well as severe weather was prevalent across eastern Oklahoma.","A tornado snapped large tree limbs along a narrow path. Based on this damage, maximum estimated wind in the tornado was 65 to 75 mph.",CSV
201505,6,158,201505,6,200,95604,574292,OKLAHOMA,40,2015,May,Tornado,C,37,CREEK,TSA,06-MAY-15 01:58:00,CST-6,06-MAY-15 02:00:00,0,0,0,0,0.00K,0.00K,NWS Storm Survey,,,,,EF0,1.5,100.0,,,,,6.0,S,KELLYVILLE,5.0,S,KELLYVILLE,35.8656,-96.2274,35.878,-96.2046,Thunderstorms developed over West Texas during the early morning hours of the 5th and gradually spread eastward across Oklahoma during the day. The first round of thunderstorms reached eastern Oklahoma during the evening hours. Isolated damaging wind occurred with these storms. Another round of storms developed over West Texas during the afternoon hours of the 5th. These storms moved east across Oklahoma during the evening and overnight hours. Damaging wind and a tornado occurred in northeastern Oklahoma during the early morning hours of the 6th as these storms moved through the region.,"A tornado split large trees and snapped large tree limbs. Based on this damage, estimated maximum wind in the tornado was 75 to 85 mph.",CSV
201505,16,2120,201505,16,2121,96027,579400,OKLAHOMA,40,2015,May,Tornado,C,107,OKFUSKEE,TSA,16-MAY-15 21:20:00,CST-6,16-MAY-15 21:21:00,0,0,0,0,0.00K,0.00K,NWS Storm Survey,,,,,EF1,1.4,110.0,,,,,3.0,NNE,OKEMAH ARPT,3.0,SSE,MORSE,35.4772,-96.2666,35.4936,-96.2519,"A strong upper level disturbance translated from the Southern Rockies into the Southern Plains on the 16th. Very moist and unstable air was in place across the Southern Plains as this system approached. Severe thunderstorms developed over western Oklahoma and northwestern Texas during the afternoon and moved eastward into eastern Oklahoma in the late evening. By the time the storms reached eastern Oklahoma, a well-organized squall line had evolved but due to very strong low level wind shear, multiple tornadoes occurred across the area along with widespread damaging wind. Locally heavy rainfall resulted in flash flooding in some areas through the early morning hours of the 17th.","A tornado uprooted trees and snapped large tree limbs. Based on this damage, estimated maximum wind in the tornado was 90 to 100 mph.",CSV
201505,16,2226,201505,16,2240,96027,579403,OKLAHOMA,40,2015,May,Tornado,C,145,WAGONER,TSA,16-MAY-15 22:26:00,CST-6,16-MAY-15 22:40:00,0,0,0,0,2.00M,0.00K,NWS Storm Survey,,,,,EF2,15.2,1000.0,TSA,OK,131.0,ROGERS,4.0,N,KADASHAN,9.0,N,COWETA EASLEY ARPT,35.9727,-95.7615,36.1316,-95.5742,"A strong upper level disturbance translated from the Southern Rockies into the Southern Plains on the 16th. Very moist and unstable air was in place across the Southern Plains as this system approached. Severe thunderstorms developed over western Oklahoma and northwestern Texas during the afternoon and moved eastward into eastern Oklahoma in the late evening. By the time the storms reached eastern Oklahoma, a well-organized squall line had evolved but due to very strong low level wind shear, multiple tornadoes occurred across the area along with widespread damaging wind. Locally heavy rainfall resulted in flash flooding in some areas through the early morning hours of the 17th.","This is the first segment of a two segment tornado. The tornado developed just east of the Tulsa/Wagoner County line near E 131st St South. It moved rapidly northeast damaging as many as 120 homes, some severely, destroying barns and outbuildings, snapping and uprooting many trees, and snapping power poles. Based on this damage, maximum estimated wind in this segment of the tornado was 110 to 120 mph.",CSV
201503,25,1630,201503,25,1638,93249,560188,OKLAHOMA,40,2015,March,Tornado,C,143,TULSA,TSA,25-MAR-15 16:30:00,CST-6,25-MAR-15 16:38:00,30,0,1,0,2.00M,0.00K,NWS Storm Survey,,,,,EF2,6.1,800.0,,,,,2.0,WNW,WEKIWA,1.0,NNE,PRATTVILLE,36.1615,-96.2181,36.1332,-96.1167,"Severe thunderstorms developed during the afternoon hours to the east of a surface low pressure system located over southwestern Oklahoma and near a stationary frontal boundary that was draped across northeastern Oklahoma. Several of these storms developed supercell characteristics due to a very unstable air mass that was in place over the region coupled with strong vertical wind shear. These supercells produced several tornadoes, including a strong tornado that resulted in a fatality in Sand Springs. The storms also produced hail up to softball size and wind gusts to around 90 mph. ||The storms evolved into a line during the evening hours and moved swiftly across eastern Oklahoma producing wind damage and hail to golfball size. ||Locally heavy rainfall as a result of storms moving repeatedly across the same locations resulted in flash flooding. Two flash flood fatalities occurred in Muskogee County when a vehicle was driven into flood waters and was swept off the road.","This is the third segment of a three segment tornado. The tornado moved into Tulsa County at W Archer Road to the east of S 209th W Avenue. The roofs of several homes were damaged and trees were uprooted as it crossed S 193rd W Avenue. The tornado moved southeast crossing Highway 412, where it snapped or uprooted numerous trees and blew a tractor trailer off the road. A doughnut shop was destroyed at S 177th W Avenue, homes were damaged, and trees and poles were snapped. It crossed the Arkansas River and moved through the River Oaks Estates Mobile Home Park where it destroyed 58 mobile homes and two permanent homes. One fatality and about 30 injuries occurred in this park. The tornado crossed the Arkansas River again as it moved east-southeast toward Sand Springs, uprooting numerous trees before dissipating on the south side of Sand Springs, south of Highway 412 and just west of Highway 97. Based on this damage, maximum estimated wind in this segment of the tornado was 125 to 135 mph.",CSV
201505,16,2330,201505,16,2336,96027,579433,OKLAHOMA,40,2015,May,Tornado,C,41,DELAWARE,TSA,16-MAY-15 23:30:00,CST-6,16-MAY-15 23:36:00,0,0,0,0,20.00K,0.00K,NWS Storm Survey,,,,,EF1,4.7,1100.0,TSA,OK,115.0,OTTAWA,2.0,W,BERNICE,4.0,NNE,BERNICE,36.6208,-94.9561,36.6703,-94.8984,"A strong upper level disturbance translated from the Southern Rockies into the Southern Plains on the 16th. Very moist and unstable air was in place across the Southern Plains as this system approached. Severe thunderstorms developed over western Oklahoma and northwestern Texas during the afternoon and moved eastward into eastern Oklahoma in the late evening. By the time the storms reached eastern Oklahoma, a well-organized squall line had evolved but due to very strong low level wind shear, multiple tornadoes occurred across the area along with widespread damaging wind. Locally heavy rainfall resulted in flash flooding in some areas through the early morning hours of the 17th.","This is the first segment of a two segment tornado. In Delaware County, this tornado damaged two mobile homes, snapped or uprooted numerous trees, and blew down power poles. Based on this damage, maximum estimated wind in this segment of the tornado was 95 to 105 mph.",CSV
201505,16,2351,201505,16,2353,96027,579436,OKLAHOMA,40,2015,May,Tornado,C,115,OTTAWA,TSA,16-MAY-15 23:51:00,CST-6,16-MAY-15 23:53:00,0,0,0,0,0.00K,0.00K,NWS Storm Survey,,,,,EF1,1.4,200.0,SGF,MO,145.0,NEWTON,6.0,ESE,WYANDOTTE,6.0,ESE,WYANDOTTE,36.7638,-94.6368,36.7787,-94.6184,"A strong upper level disturbance translated from the Southern Rockies into the Southern Plains on the 16th. Very moist and unstable air was in place across the Southern Plains as this system approached. Severe thunderstorms developed over western Oklahoma and northwestern Texas during the afternoon and moved eastward into eastern Oklahoma in the late evening. By the time the storms reached eastern Oklahoma, a well-organized squall line had evolved but due to very strong low level wind shear, multiple tornadoes occurred across the area along with widespread damaging wind. Locally heavy rainfall resulted in flash flooding in some areas through the early morning hours of the 17th.","This is the first segment of a two segment tornado. In Ottawa County, this tornado snapped large tree limbs as it crossed the E 175 Road and uprooted trees near the state line, north of the S 700 Road. Based on this damage, maximum estimated wind in this segment of the tornado was 90 to 100 mph. This tornado continued into Newton County, MO.",CSV
201505,16,2336,201505,16,2338,96027,579434,OKLAHOMA,40,2015,May,Tornado,C,115,OTTAWA,TSA,16-MAY-15 23:36:00,CST-6,16-MAY-15 23:38:00,0,0,0,0,0.00K,0.00K,NWS Storm Survey,,,,,EF1,2.0,800.0,,,,,4.0,ESE,AFTON,4.0,SSW,FAIRLAND,36.6703,-94.8984,36.6929,-94.8741,"A strong upper level disturbance translated from the Southern Rockies into the Southern Plains on the 16th. Very moist and unstable air was in place across the Southern Plains as this system approached. Severe thunderstorms developed over western Oklahoma and northwestern Texas during the afternoon and moved eastward into eastern Oklahoma in the late evening. By the time the storms reached eastern Oklahoma, a well-organized squall line had evolved but due to very strong low level wind shear, multiple tornadoes occurred across the area along with widespread damaging wind. Locally heavy rainfall resulted in flash flooding in some areas through the early morning hours of the 17th.","This is the second segment of a two segment tornado. In Ottawa County, this tornado uprooted trees. Based on this damage, maximum estimated wind in this segment of the tornado was 90 to 100 mph.",CSV
201503,25,1625,201503,25,1630,93249,560177,OKLAHOMA,40,2015,March,Tornado,C,113,OSAGE,TSA,25-MAR-15 16:25:00,CST-6,25-MAR-15 16:30:00,0,0,0,0,100.00K,0.00K,NWS Storm Survey,,,,,EF1,3.0,650.0,TSA,OK,143.0,TULSA,5.0,SE,PRUE,6.0,W,SAND SPGS,36.1763,-96.2672,36.1615,-96.2181,"Severe thunderstorms developed during the afternoon hours to the east of a surface low pressure system located over southwestern Oklahoma and near a stationary frontal boundary that was draped across northeastern Oklahoma. Several of these storms developed supercell characteristics due to a very unstable air mass that was in place over the region coupled with strong vertical wind shear. These supercells produced several tornadoes, including a strong tornado that resulted in a fatality in Sand Springs. The storms also produced hail up to softball size and wind gusts to around 90 mph. ||The storms evolved into a line during the evening hours and moved swiftly across eastern Oklahoma producing wind damage and hail to golfball size. ||Locally heavy rainfall as a result of storms moving repeatedly across the same locations resulted in flash flooding. Two flash flood fatalities occurred in Muskogee County when a vehicle was driven into flood waters and was swept off the road.","This is the second segment of a three segment tornado. The tornado crossed into Osage County over Keystone Lake and quickly crossed Highway 412. It then moved through a wooded area that was inaccessible by road. The first damage that was accessible by the survey team was at S 209th W Avenue, where the tornado damaged a church, snapped large tree limbs, and damaged a home. It moved east-southeast toward W Archer Road snapping or uprooting trees and damaging homes. Based on this damage, maximum estimated wind in this segment of the tornado was 95 to 105 mph. The tornado continued into Tulsa County, Oklahoma.",CSV
201505,16,2243,201505,16,2251,96027,579409,OKLAHOMA,40,2015,May,Tornado,C,131,ROGERS,TSA,16-MAY-15 22:43:00,CST-6,16-MAY-15 22:51:00,0,0,0,0,1.00M,0.00K,NWS Storm Survey,,,,,EF2,9.8,1500.0,,,,,4.0,WNW,INOLA,6.0,ENE,TIAWAH,36.1719,-95.57,36.2872,-95.4681,"A strong upper level disturbance translated from the Southern Rockies into the Southern Plains on the 16th. Very moist and unstable air was in place across the Southern Plains as this system approached. Severe thunderstorms developed over western Oklahoma and northwestern Texas during the afternoon and moved eastward into eastern Oklahoma in the late evening. By the time the storms reached eastern Oklahoma, a well-organized squall line had evolved but due to very strong low level wind shear, multiple tornadoes occurred across the area along with widespread damaging wind. Locally heavy rainfall resulted in flash flooding in some areas through the early morning hours of the 17th.","This tornado developed near Highway 412, west-northwest of Inola. The tornado was at its widest and appeared to be strongest, creating the most damage between Highways 412 and 88. In that area, it damaged dozens of homes, some severely, destroyed barns and outbuildings, snapped or uprooted numerous trees, and snapped power poles. Damage northeast of Highway 88 through its end point southeast of the Claremore Airport was mainly to trees and barns. Based on this damage, maximum estimated wind in the tornado was 110 to 120 mph.",CSV
201505,6,1353,201505,6,1355,96007,581786,OKLAHOMA,40,2015,May,Tornado,C,15,CADDO,OUN,06-MAY-15 13:53:00,CST-6,06-MAY-15 13:55:00,0,0,0,0,0.00K,0.00K,Broadcast Media,,,,,EF0,0.5,50.0,,,,,4.0,NW,CYRIL,4.0,NW,CYRIL,34.9409,-98.2499,34.9409,-98.2499,"A potent Spring storm system took shape across the Southern and Central Plains. Strong surface cyclogenesis took shape during the day, allowing ample moisture to return northward with strong southerly flow. At the same time, a strong upper level shortwave trough allowed strong mid level westerlies to overspread much of the Plains region. With large instability and wind shear, the stage was set for widespread severe storm development. Storms initiated within the open warm sector ahead of the dryline. The first storm developed near Lawton and moved northeast along I-44 into parts of central Oklahoma, resulting in several tornadoes and large hail. Additional supercells spawned tornadoes across northern Oklahoma, and the slow moving nature of storms lead to several occurrences of flash flooding. Storms continued well into the night.",Live coverage from Oklahoma City television stations showed a tornado develop approximately 4 miles northwest of Cyril. No damage was reported.,CSV
201505,6,1533,201505,6,1626,96007,581795,OKLAHOMA,40,2015,May,Tornado,C,51,GRADY,OUN,06-MAY-15 15:33:00,CST-6,06-MAY-15 16:26:00,0,0,0,0,0.00K,0.00K,NWS Storm Survey,,,,,EF3,10.3,1500.0,,,,,4.0,E,AMBER,3.0,NNE,BRIDGE CREEK,35.1576,-97.8032,35.2664,-97.6984,"A potent Spring storm system took shape across the Southern and Central Plains. Strong surface cyclogenesis took shape during the day, allowing ample moisture to return northward with strong southerly flow. At the same time, a strong upper level shortwave trough allowed strong mid level westerlies to overspread much of the Plains region. With large instability and wind shear, the stage was set for widespread severe storm development. Storms initiated within the open warm sector ahead of the dryline. The first storm developed near Lawton and moved northeast along I-44 into parts of central Oklahoma, resulting in several tornadoes and large hail. Additional supercells spawned tornadoes across northern Oklahoma, and the slow moving nature of storms lead to several occurrences of flash flooding. Storms continued well into the night.","A large tornado developed east of Amber and moved slowly northeast near or along Interstate 44, then turned north impacting the community of Bridge Creek. The most intense damage occurred just east of the Interstate 44 and H.E. Bailey Turnpike Spur near Bridge Creek where EF3 damage was observed to a home (DI 2, DOD 7) and a mobile home (DI 4, DOD 12). A pickup truck was also thrown for several hundred yards in this area. Numerous homes and other buildings were damaged along the tornado path.",CSV
201505,6,1653,201505,6,1710,96007,581839,OKLAHOMA,40,2015,May,Tornado,C,27,CLEVELAND,OUN,06-MAY-15 16:53:00,CST-6,06-MAY-15 17:10:00,0,0,0,0,0.00K,0.00K,NWS Storm Survey,,,,,EF1,3.25,1000.0,,,,,2.0,WSW,(OUN)NORMAN WESTHEIMER ARPT,3.0,NNW,(OUN)NORMAN WESTHEIMER ARPT,35.2453,-97.4974,35.2905,-97.4946,"A potent Spring storm system took shape across the Southern and Central Plains. Strong surface cyclogenesis took shape during the day, allowing ample moisture to return northward with strong southerly flow. At the same time, a strong upper level shortwave trough allowed strong mid level westerlies to overspread much of the Plains region. With large instability and wind shear, the stage was set for widespread severe storm development. Storms initiated within the open warm sector ahead of the dryline. The first storm developed near Lawton and moved northeast along I-44 into parts of central Oklahoma, resulting in several tornadoes and large hail. Additional supercells spawned tornadoes across northern Oklahoma, and the slow moving nature of storms lead to several occurrences of flash flooding. Storms continued well into the night.","A tornado developed south of 36th Avenue NW and Rock Creek Road and traveled basically north near 36th Avenue to near Indian Hills Road through the northwest side of Norman. Numerous house roofs, trees, fences and power poles were damaged in the neighborhoods along 36th Avenue. HVAC equipment was damaged and light poles were downed at the Norman Healthplex hospital at 36th Avenue NW and Tecumseh Road.",CSV
201505,23,1805,201505,23,1805,96564,584410,OKLAHOMA,40,2015,May,Tornado,C,49,GARVIN,OUN,23-MAY-15 18:05:00,CST-6,23-MAY-15 18:05:00,0,0,0,0,0.00K,0.00K,NWS Employee,,,,,EF1,0.5,50.0,,,,,3.0,ESE,MAYSVILLE,3.0,ESE,MAYSVILLE,34.8006,-97.3611,34.8006,-97.3611,Storms developed in the panhandles on the 23rd under the influence of an upper level trough. These storms merged into a line and moved eastward over Oklahoma producing widespread flooding.,"An off-duty NWS employee observed a tornado crossing state highway 19 to the east-southeast of Maysville. A barn was destroyed (DI 1, DOD 6).",CSV
201505,9,1709,201505,9,1711,96375,584338,OKLAHOMA,40,2015,May,Tornado,C,33,COTTON,OUN,09-MAY-15 17:09:00,CST-6,09-MAY-15 17:11:00,0,0,0,0,0.00K,0.00K,Storm Chaser,,,,,EF0,1.0,100.0,,,,,5.0,W,RANDLETT,5.0,W,RANDLETT,34.18,-98.5475,34.18,-98.5475,"As the upper low continued to slowly track east across the Great Plains, storms once again formed in north Texas and the Texas panhandle and made their way eastward across Oklahoma through the day and evening of the 9th.",A storm chaser reported a stovepipe tornado crossing US-70 west of Randlett via spotternetwork.,CSV
201505,16,1643,201505,16,1702,96468,582231,OKLAHOMA,40,2015,May,Tornado,C,65,JACKSON,OUN,16-MAY-15 16:43:00,CST-6,16-MAY-15 17:02:00,0,0,0,0,0.00K,0.00K,NWS Storm Survey,,,,,EF3,9.6,1600.0,OUN,OK,141.0,TILLMAN,3.0,S,ELMER,4.0,SSE,HUMPHREYS,34.4363,-99.3502,34.5055,-99.2079,"With an upper low traversing the region, a cold front stationed over the panhandles, and a developing dryline, storms developed out in the panhandles early on the 16th and made their way eastward across Oklahoma through the day. Toward evening, when the severe weather occurred, the front surged eastward with a line of storms forming along it.","The tornado moved back into Jackson County from Wilbarger County Texas and moved across the southeast section of the county. Damage to trees, metal buildings and outbuildings were observed along US Highway 283 to the southeast of Elmer. Damage to homes and trees continued to be observed as the tornado moved east-northeast. The most significant damage was observed 3 to 4 miles east of Elmer (DI 1, DOD 8; DI 2, DOD 6; DI 21, DOD 7; DI 27, DOD 5). The tornadic motion seen on videos and the radar presentation indicate that this likely was a violent tornado through southeast Jackson County, although only EF3 damage was observed as the tornado moved through this relatively sparsely populated area. KFDR radar measured 115 knot gate-to-gate rotational velocity when the tornado was east of Elmer. The tornado continued east-northeast moving into Tillman County about 4 miles west of Tipton.",CSV
201505,23,1813,201505,23,1813,96564,584413,OKLAHOMA,40,2015,May,Tornado,C,63,HUGHES,OUN,23-MAY-15 18:13:00,CST-6,23-MAY-15 18:13:00,0,0,0,0,0.00K,0.00K,Trained Spotter,,,,,EF0,0.2,50.0,,,,,2.0,N,HOLDENVILLE,2.0,N,HOLDENVILLE,35.109,-96.4,35.109,-96.4,Storms developed in the panhandles on the 23rd under the influence of an upper level trough. These storms merged into a line and moved eastward over Oklahoma producing widespread flooding.,A tornado was observed approximately 2 miles north of Holdenville. No damage was reported.,CSV
201505,23,1725,201505,23,1726,96564,584420,OKLAHOMA,40,2015,May,Tornado,C,123,PONTOTOC,OUN,23-MAY-15 17:25:00,CST-6,23-MAY-15 17:26:00,0,0,0,0,0.00K,0.00K,Emergency Manager,,,,,EF0,1.0,100.0,OUN,OK,133.0,SEMINOLE,2.0,NE,FRANCIS,3.0,NE,FRANCIS,34.8905,-96.5651,34.903,-96.556,Storms developed in the panhandles on the 23rd under the influence of an upper level trough. These storms merged into a line and moved eastward over Oklahoma producing widespread flooding.,A tornado was observed approximately 2 miles northeast of Francis. The tornado moved northeast for about 1 mile before crossing the Canadian River into Seminole County.,CSV
201505,23,1726,201505,23,1733,96564,584422,OKLAHOMA,40,2015,May,Tornado,C,133,SEMINOLE,OUN,23-MAY-15 17:26:00,CST-6,23-MAY-15 17:33:00,0,0,0,0,0.00K,0.00K,Emergency Manager,,,,,EF1,2.75,100.0,,,,,4.0,SSW,SASAKWA,1.0,S,SASAKWA,34.903,-96.556,34.9355,-96.53,Storms developed in the panhandles on the 23rd under the influence of an upper level trough. These storms merged into a line and moved eastward over Oklahoma producing widespread flooding.,The tornado moved into Seminole County from Pontotoc County and continued moving northeast toward Sasakwa. Significant tree damage occurred along the path.,CSV
201505,9,1724,201505,9,1730,96375,584340,OKLAHOMA,40,2015,May,Tornado,C,95,MARSHALL,OUN,09-MAY-15 17:24:00,CST-6,09-MAY-15 17:30:00,0,0,0,0,0.00K,0.00K,Storm Chaser,,,,,EF0,3.0,200.0,,,,,2.0,N,WILLIS,5.0,N,WILLIS,33.919,-96.83,33.9624,-96.83,"As the upper low continued to slowly track east across the Great Plains, storms once again formed in north Texas and the Texas panhandle and made their way eastward across Oklahoma through the day and evening of the 9th.","Storm chasers observed a tornado that moved from approximately 2 miles north to 5 miles north of Willis, although no specific points of damage were relayed to the NWS. This may have been a succession of two tornadoes.",CSV
201505,9,1924,201505,9,1925,96375,584343,OKLAHOMA,40,2015,May,Tornado,C,9,BECKHAM,OUN,09-MAY-15 19:24:00,CST-6,09-MAY-15 19:25:00,0,0,0,0,0.00K,0.00K,Emergency Manager,,,,,EF0,0.31,100.0,OUN,OK,129.0,ROGER MILLS,7.0,N,ELK CITY,7.0,N,ELK CITY,35.507,-99.406,35.509,-99.401,"As the upper low continued to slowly track east across the Great Plains, storms once again formed in north Texas and the Texas panhandle and made their way eastward across Oklahoma through the day and evening of the 9th.",Several spotters and chasers observed a tornado develop north of Elk City. Emergency management reports that the tornado developed just inside Beckham County before moving into Roger Mills County.,CSV
201505,9,1925,201505,9,1926,96375,584344,OKLAHOMA,40,2015,May,Tornado,C,129,ROGER MILLS,OUN,09-MAY-15 19:25:00,CST-6,09-MAY-15 19:26:00,0,0,0,0,0.00K,0.00K,Emergency Manager,,,,,EF0,1.7,100.0,,,,,8.0,S,HAMMON,8.0,S,HAMMON,35.509,-99.401,35.519,-99.375,"As the upper low continued to slowly track east across the Great Plains, storms once again formed in north Texas and the Texas panhandle and made their way eastward across Oklahoma through the day and evening of the 9th.",The tornado that developed just inside Beckham County north of Elk City moved into Roger Mills County. The tornado damaged trees and a cattle feeder.,CSV
201505,19,1351,201505,19,1351,96523,584347,OKLAHOMA,40,2015,May,Tornado,C,87,MCCLAIN,OUN,19-MAY-15 13:51:00,CST-6,19-MAY-15 13:51:00,0,0,0,0,0.00K,0.00K,Broadcast Media,,,,,EF0,0.1,20.0,,,,,5.0,SW,PURCELL,5.0,SW,PURCELL,34.9588,-97.4325,34.9588,-97.4325,"Severe storms developed near a stalled boundary across Oklahoma and the panhandles and moved eastward through the afternoon and evening of the 19th, causing widespread heavy rainfall and additional flooding. One fatality occurred near Cole in McClain county, as a vehicle was swept into floodwaters.",Live coverage from helicopters of OKC television stations showed a brief tornado develop southwest of Purcell. No damage was reported and the location is estimated.,CSV
201505,16,1731,201505,16,1745,96468,582241,OKLAHOMA,40,2015,May,Tornado,C,75,KIOWA,OUN,16-MAY-15 17:31:00,CST-6,16-MAY-15 17:45:00,0,0,0,0,0.00K,0.00K,NWS Storm Survey,,,,,EF1,6.8,700.0,,,,,5.0,SSW,SNYDER,3.0,E,SNYDER,34.5942,-98.9861,34.656,-98.8956,"With an upper low traversing the region, a cold front stationed over the panhandles, and a developing dryline, storms developed out in the panhandles early on the 16th and made their way eastward across Oklahoma through the day. Toward evening, when the severe weather occurred, the front surged eastward with a line of storms forming along it.",The tornado that originally began in northwest Hardeman County Texas moved into Kiowa County from Tillman County and finally ended it's 40-mile path about 3 miles east of Snyder. Damage in Kiowa County was confined to broken power poles along US-183 south of Snyder and US-62 just southeast of Snyder and to trees.,CSV
201505,16,1549,201505,16,1555,96468,582243,OKLAHOMA,40,2015,May,Tornado,C,129,ROGER MILLS,OUN,16-MAY-15 15:49:00,CST-6,16-MAY-15 15:55:00,0,0,0,0,0.00K,0.00K,Emergency Manager,,,,,EF1,3.5,100.0,,,,,3.0,SW,ANGORA,1.0,NNW,ANGORA,35.813,-99.488,35.852,-99.448,"With an upper low traversing the region, a cold front stationed over the panhandles, and a developing dryline, storms developed out in the panhandles early on the 16th and made their way eastward across Oklahoma through the day. Toward evening, when the severe weather occurred, the front surged eastward with a line of storms forming along it.","A tornado developed northeast of Strong City near Angora. Roger Mills Emergency Management reports a destroyed travel trailer and equipment barn, and damaged two mobile homes, a few outbuildings and the roof of a house.",CSV
201505,16,1605,201505,16,1605,96468,582244,OKLAHOMA,40,2015,May,Tornado,C,43,DEWEY,OUN,16-MAY-15 16:05:00,CST-6,16-MAY-15 16:05:00,0,0,0,0,0.00K,0.00K,Emergency Manager,,,,,EF1,0.5,50.0,,,,,5.0,NNE,LEEDEY,5.0,NNE,LEEDEY,35.93,-99.309,35.93,-99.309,"With an upper low traversing the region, a cold front stationed over the panhandles, and a developing dryline, storms developed out in the panhandles early on the 16th and made their way eastward across Oklahoma through the day. Toward evening, when the severe weather occurred, the front surged eastward with a line of storms forming along it.","A tornado developed north-northeast of Leedey damaging a mobile home, barn and well house.",CSV
201505,6,1911,201505,6,1921,96007,581864,OKLAHOMA,40,2015,May,Tornado,C,51,GRADY,OUN,06-MAY-15 19:11:00,CST-6,06-MAY-15 19:21:00,0,0,0,0,0.00K,0.00K,NWS Storm Survey,,,,,EF0,3.5,200.0,,,,,4.0,E,TUTTLE,2.0,NNE,BRIDGE CREEK,35.2977,-97.741,35.262,-97.7031,"A potent Spring storm system took shape across the Southern and Central Plains. Strong surface cyclogenesis took shape during the day, allowing ample moisture to return northward with strong southerly flow. At the same time, a strong upper level shortwave trough allowed strong mid level westerlies to overspread much of the Plains region. With large instability and wind shear, the stage was set for widespread severe storm development. Storms initiated within the open warm sector ahead of the dryline. The first storm developed near Lawton and moved northeast along I-44 into parts of central Oklahoma, resulting in several tornadoes and large hail. Additional supercells spawned tornadoes across northern Oklahoma, and the slow moving nature of storms lead to several occurrences of flash flooding. Storms continued well into the night.",Videos from storm chasers and an NWS damage survey indicate a tornado developed about 4 miles east-northeast of Tuttle and moved southeast then east to about 2 miles northeast of Bridge Creek. Observed damage was confined to trees along the path. The end of the path likely overlapped with the north end of the damage path of the Bridge Creek tornado from earlier in the day.,CSV
201505,16,1647,201505,16,1647,96468,582245,OKLAHOMA,40,2015,May,Tornado,C,9,BECKHAM,OUN,16-MAY-15 16:47:00,CST-6,16-MAY-15 16:47:00,0,0,0,0,0.00K,0.00K,Emergency Manager,,,,,EF0,0.2,30.0,,,,,3.0,ENE,ELK CITY,3.0,ENE,ELK CITY,35.424,-99.372,35.424,-99.372,"With an upper low traversing the region, a cold front stationed over the panhandles, and a developing dryline, storms developed out in the panhandles early on the 16th and made their way eastward across Oklahoma through the day. Toward evening, when the severe weather occurred, the front surged eastward with a line of storms forming along it.","A tornado touched down at an RV park in Elk City, just north of Interstate 40 along state highway 34 overturning at least one RV.",CSV
201505,19,1454,201505,19,1504,96523,584357,OKLAHOMA,40,2015,May,Tornado,C,141,TILLMAN,OUN,19-MAY-15 14:54:00,CST-6,19-MAY-15 15:04:00,0,0,0,0,0.00K,0.00K,Storm Chaser,,,,,EF0,1.0,400.0,,,,,4.0,WSW,GRANDFIELD,3.0,WSW,GRANDFIELD,34.2079,-98.7547,34.2134,-98.7385,"Severe storms developed near a stalled boundary across Oklahoma and the panhandles and moved eastward through the afternoon and evening of the 19th, causing widespread heavy rainfall and additional flooding. One fatality occurred near Cole in McClain county, as a vehicle was swept into floodwaters.","Numerous storm chasers observed a large, multiple-vortex tornado to the west-southwest of Grandfield. Despite the size of the tornado, no damage was reported to the NWS.",CSV
201505,19,1519,201505,19,1519,96523,584359,OKLAHOMA,40,2015,May,Tornado,C,125,POTTAWATOMIE,OUN,19-MAY-15 15:19:00,CST-6,19-MAY-15 15:19:00,0,0,0,0,0.00K,0.00K,Trained Spotter,,,,,EF0,0.1,20.0,,,,,4.0,NW,MACOMB,4.0,NW,MACOMB,35.1909,-97.0601,35.1909,-97.0601,"Severe storms developed near a stalled boundary across Oklahoma and the panhandles and moved eastward through the afternoon and evening of the 19th, causing widespread heavy rainfall and additional flooding. One fatality occurred near Cole in McClain county, as a vehicle was swept into floodwaters.",Numerous spotters and law-enforcement officers reported a brief tornado in the Macomb/Brooksville area. The tornado was estimated to have occurred about 4 miles northwest of Macomb based on triangulation of the reports. No damage was reported.,CSV
201505,19,1716,201505,19,1719,96523,584360,OKLAHOMA,40,2015,May,Tornado,C,67,JEFFERSON,OUN,19-MAY-15 17:16:00,CST-6,19-MAY-15 17:19:00,0,0,0,0,0.00K,0.00K,Storm Chaser,,,,,EF0,1.0,400.0,,,,,4.0,NNW,TERRAL,4.0,NNW,TERRAL,33.9535,-97.9667,33.9535,-97.9667,"Severe storms developed near a stalled boundary across Oklahoma and the panhandles and moved eastward through the afternoon and evening of the 19th, causing widespread heavy rainfall and additional flooding. One fatality occurred near Cole in McClain county, as a vehicle was swept into floodwaters.",Multiple storm chasers reported a tornado estimated to be 4 miles north-northwest of Terral. No damage was reported.,CSV
201505,19,1723,201505,19,1731,96523,584361,OKLAHOMA,40,2015,May,Tornado,C,67,JEFFERSON,OUN,19-MAY-15 17:23:00,CST-6,19-MAY-15 17:31:00,0,0,0,0,0.00K,0.00K,Trained Spotter,,,,,EF0,1.0,250.0,,,,,4.0,SSE,RYAN,4.0,SSE,RYAN,33.9665,-97.9233,33.9665,-97.9233,"Severe storms developed near a stalled boundary across Oklahoma and the panhandles and moved eastward through the afternoon and evening of the 19th, causing widespread heavy rainfall and additional flooding. One fatality occurred near Cole in McClain county, as a vehicle was swept into floodwaters.",Spotters and chasers reported a tornado east of US-81 approximately 4 miles south-southeast of Ryan. No damage was reported.,CSV
201505,6,1537,201505,6,1538,96007,581800,OKLAHOMA,40,2015,May,Tornado,C,93,MAJOR,OUN,06-MAY-15 15:37:00,CST-6,06-MAY-15 15:38:00,0,0,0,0,0.00K,0.00K,Trained Spotter,,,,,EF0,0.1,20.0,,,,,5.0,S,RINGWOOD,5.0,S,RINGWOOD,36.3076,-98.25,36.3076,-98.25,"A potent Spring storm system took shape across the Southern and Central Plains. Strong surface cyclogenesis took shape during the day, allowing ample moisture to return northward with strong southerly flow. At the same time, a strong upper level shortwave trough allowed strong mid level westerlies to overspread much of the Plains region. With large instability and wind shear, the stage was set for widespread severe storm development. Storms initiated within the open warm sector ahead of the dryline. The first storm developed near Lawton and moved northeast along I-44 into parts of central Oklahoma, resulting in several tornadoes and large hail. Additional supercells spawned tornadoes across northern Oklahoma, and the slow moving nature of storms lead to several occurrences of flash flooding. Storms continued well into the night.",Numerous storm spotters and chasers reported a tornado briefly developed approximately 5 miles south of Ringwood. No damage was reported.,CSV
201505,6,1548,201505,6,1548,96007,581804,OKLAHOMA,40,2015,May,Tornado,C,51,GRADY,OUN,06-MAY-15 15:48:00,CST-6,06-MAY-15 15:48:00,0,0,0,0,0.00K,0.00K,Broadcast Media,,,,,EF0,0.3,50.0,,,,,5.0,ENE,AMBER,5.0,ENE,AMBER,35.1877,-97.7982,35.1877,-97.7982,"A potent Spring storm system took shape across the Southern and Central Plains. Strong surface cyclogenesis took shape during the day, allowing ample moisture to return northward with strong southerly flow. At the same time, a strong upper level shortwave trough allowed strong mid level westerlies to overspread much of the Plains region. With large instability and wind shear, the stage was set for widespread severe storm development. Storms initiated within the open warm sector ahead of the dryline. The first storm developed near Lawton and moved northeast along I-44 into parts of central Oklahoma, resulting in several tornadoes and large hail. Additional supercells spawned tornadoes across northern Oklahoma, and the slow moving nature of storms lead to several occurrences of flash flooding. Storms continued well into the night.","A storm chaser with KFOR-TV observed a satellite tornado that occurred near the large tornado east of Amber. Any damage from this tornado would be indistinguishable from the damage path of the large tornado, and the location is estimated.",CSV
201505,16,1742,201505,16,1745,96468,582250,OKLAHOMA,40,2015,May,Tornado,C,3,ALFALFA,OUN,16-MAY-15 17:42:00,CST-6,16-MAY-15 17:45:00,0,0,0,0,0.00K,0.00K,NWS Storm Survey,,,,,EF1,2.5,100.0,,,,,4.0,SE,ALINE,5.0,ESE,ALINE,36.4629,-98.4077,36.4784,-98.3672,"With an upper low traversing the region, a cold front stationed over the panhandles, and a developing dryline, storms developed out in the panhandles early on the 16th and made their way eastward across Oklahoma through the day. Toward evening, when the severe weather occurred, the front surged eastward with a line of storms forming along it.",The tornado moved into Alfalfa County from Major county and moved east-northeast. An outbuilding was destroyed about 5 miles east-southeast of Aline near the end of the tornado path.,CSV
201505,6,1615,201505,6,1615,96007,581806,OKLAHOMA,40,2015,May,Tornado,C,47,GARFIELD,OUN,06-MAY-15 16:15:00,CST-6,06-MAY-15 16:15:00,0,0,0,0,0.00K,0.00K,Trained Spotter,,,,,EF0,0.1,10.0,,,,,2.0,SSW,CARRIER,2.0,SSW,CARRIER,36.4533,-98.0338,36.4533,-98.0338,"A potent Spring storm system took shape across the Southern and Central Plains. Strong surface cyclogenesis took shape during the day, allowing ample moisture to return northward with strong southerly flow. At the same time, a strong upper level shortwave trough allowed strong mid level westerlies to overspread much of the Plains region. With large instability and wind shear, the stage was set for widespread severe storm development. Storms initiated within the open warm sector ahead of the dryline. The first storm developed near Lawton and moved northeast along I-44 into parts of central Oklahoma, resulting in several tornadoes and large hail. Additional supercells spawned tornadoes across northern Oklahoma, and the slow moving nature of storms lead to several occurrences of flash flooding. Storms continued well into the night.",Spotters and chasers observed a brief tornado estimated to have occurred about 2 miles south-southwest of Carrier.,CSV
201505,9,1825,201505,9,1835,96375,584341,OKLAHOMA,40,2015,May,Tornado,C,13,BRYAN,OUN,09-MAY-15 18:25:00,CST-6,09-MAY-15 18:35:00,0,0,0,0,0.00K,0.00K,Storm Chaser,,,,,EF1,5.25,200.0,,,,,1.0,SSW,SILO,8.0,N,DURANT EAKER ARPT,34.0266,-96.4867,34.0458,-96.4,"As the upper low continued to slowly track east across the Great Plains, storms once again formed in north Texas and the Texas panhandle and made their way eastward across Oklahoma through the day and evening of the 9th.",A tornado developed about 1 miles south-southwest of Silo and moved east-northeast to at least 5 miles north-northwest of Durant. At least one home received roof damage and a mobile home was also damaged. Numerous trees were downed along the path and one truck suffered damage in the adjacent rear-flank downdraft region.,CSV
201505,16,1722,201505,16,1742,96468,582249,OKLAHOMA,40,2015,May,Tornado,C,93,MAJOR,OUN,16-MAY-15 17:22:00,CST-6,16-MAY-15 17:42:00,0,0,0,0,0.00K,0.00K,NWS Storm Survey,,,,,EF1,13.5,400.0,OUN,OK,3.0,ALFALFA,6.0,NW,FAIRVIEW,4.0,NNE,CLEO SPRINGS,36.3175,-98.5609,36.4629,-98.4077,"With an upper low traversing the region, a cold front stationed over the panhandles, and a developing dryline, storms developed out in the panhandles early on the 16th and made their way eastward across Oklahoma through the day. Toward evening, when the severe weather occurred, the front surged eastward with a line of storms forming along it.","A tornado developed northwest of Fairview and moved northeast, brushing the northwest corner of Cleo Springs, and moved into Alfalfa County 1.5 miles east of state highway 8. A house northwest of Fairview was moved off of the foundation (DI 2, DOD 5, est. winds 105-110 mph.) Northeast along the tornado path, damage was observed to trees, outbuildings and utility poles as it approached and passed near the northwest corner of Cleo Springs. North and northeast of Cleo Springs, a mobile home was damaged. The storm moved northeast and overturned a truck as it moved into Alfalfa County to the east of state highway 8.",CSV
201505,16,1814,201505,16,1824,96468,582303,OKLAHOMA,40,2015,May,Tornado,C,31,COMANCHE,OUN,16-MAY-15 18:14:00,CST-6,16-MAY-15 18:24:00,0,0,0,0,0.00K,0.00K,Trained Spotter,,,,,EF1,7.14,400.0,,,,,6.0,SW,MEERS,2.0,N,MEERS,34.7186,-98.6547,34.8017,-98.58,"With an upper low traversing the region, a cold front stationed over the panhandles, and a developing dryline, storms developed out in the panhandles early on the 16th and made their way eastward across Oklahoma through the day. Toward evening, when the severe weather occurred, the front surged eastward with a line of storms forming along it.",A large tornado was observed southwest of Meers in the Wichita Mountains National Wildlife Refuge. The tornado moved northeast passing just west of Meers and dissipating approximately 1.5 miles north of Meers.,CSV
201505,19,1422,201505,19,1422,96523,584352,OKLAHOMA,40,2015,May,Tornado,C,27,CLEVELAND,OUN,19-MAY-15 14:22:00,CST-6,19-MAY-15 14:22:00,0,0,0,0,0.00K,0.00K,Other Federal Agency,,,,,EF0,0.1,20.0,,,,,4.0,ENE,LEXINGTON,4.0,ENE,LEXINGTON,35.0322,-97.2747,35.0322,-97.2747,"Severe storms developed near a stalled boundary across Oklahoma and the panhandles and moved eastward through the afternoon and evening of the 19th, causing widespread heavy rainfall and additional flooding. One fatality occurred near Cole in McClain county, as a vehicle was swept into floodwaters.",A meteorologist with the National Severe Storms Laboratory observed a brief tornado estimated to be 4 miles east-northeast of Lexington. This tornado produced no known damage.,CSV
201505,19,1740,201505,19,1744,96523,584362,OKLAHOMA,40,2015,May,Tornado,C,67,JEFFERSON,OUN,19-MAY-15 17:40:00,CST-6,19-MAY-15 17:44:00,0,0,0,0,0.00K,0.00K,Storm Chaser,,,,,EF0,2.0,200.0,,,,,8.0,ESE,RYAN,7.0,WSW,GRADY,33.9757,-97.821,33.9812,-97.7829,"Severe storms developed near a stalled boundary across Oklahoma and the panhandles and moved eastward through the afternoon and evening of the 19th, causing widespread heavy rainfall and additional flooding. One fatality occurred near Cole in McClain county, as a vehicle was swept into floodwaters.",Storm spotters and chasers reported a tornado estimated to have moved from about 4 miles west of Oscar to 2 miles west-northwest of Oscar. No damage was reported.,CSV
201505,19,1955,201505,19,1955,96523,584363,OKLAHOMA,40,2015,May,Tornado,C,19,CARTER,OUN,19-MAY-15 19:55:00,CST-6,19-MAY-15 19:55:00,0,0,0,0,0.00K,0.00K,Broadcast Media,,,,,EF0,0.3,30.0,,,,,8.0,SW,WILSON,8.0,SW,WILSON,34.0781,-97.5289,34.0781,-97.5289,"Severe storms developed near a stalled boundary across Oklahoma and the panhandles and moved eastward through the afternoon and evening of the 19th, causing widespread heavy rainfall and additional flooding. One fatality occurred near Cole in McClain county, as a vehicle was swept into floodwaters.",A tornado was observed approximately 8 miles southwest of Wilson. No damage was reported.,CSV
201505,19,2035,201505,19,2043,96523,584364,OKLAHOMA,40,2015,May,Tornado,C,19,CARTER,OUN,19-MAY-15 20:35:00,CST-6,19-MAY-15 20:43:00,0,0,0,0,0.00K,0.00K,Trained Spotter,,,,,EF0,1.5,50.0,,,,,5.0,SSE,WILSON,6.0,SSE,WILSON,34.0931,-97.3966,34.0798,-97.3899,"Severe storms developed near a stalled boundary across Oklahoma and the panhandles and moved eastward through the afternoon and evening of the 19th, causing widespread heavy rainfall and additional flooding. One fatality occurred near Cole in McClain county, as a vehicle was swept into floodwaters.",A tornado was observed south-southeast of Wilson. No damage was reported.,CSV
201505,16,1855,201505,16,1858,96468,582314,OKLAHOMA,40,2015,May,Tornado,C,15,CADDO,OUN,16-MAY-15 18:55:00,CST-6,16-MAY-15 18:58:00,0,0,0,0,0.00K,0.00K,Trained Spotter,,,,,EF0,2.01,50.0,,,,,4.0,NW,CYRIL,5.0,NNW,CYRIL,34.9409,-98.2499,34.9669,-98.2338,"With an upper low traversing the region, a cold front stationed over the panhandles, and a developing dryline, storms developed out in the panhandles early on the 16th and made their way eastward across Oklahoma through the day. Toward evening, when the severe weather occurred, the front surged eastward with a line of storms forming along it.",Storm spotters and chasers observed a tornado develop northwest of Cyril and move northeast for about 2 miles. Only tree damage was noted along the path. The path is estimated.,CSV
201505,6,1633,201505,6,1639,96007,581824,OKLAHOMA,40,2015,May,Tornado,C,87,MCCLAIN,OUN,06-MAY-15 16:33:00,CST-6,06-MAY-15 16:39:00,0,0,0,0,0.00K,0.00K,NWS Storm Survey,,,,,EF1,1.0,200.0,,,,,2.0,SSE,NEWCASTLE,3.0,SE,NEWCASTLE,35.2202,-97.5783,35.2168,-97.5636,"A potent Spring storm system took shape across the Southern and Central Plains. Strong surface cyclogenesis took shape during the day, allowing ample moisture to return northward with strong southerly flow. At the same time, a strong upper level shortwave trough allowed strong mid level westerlies to overspread much of the Plains region. With large instability and wind shear, the stage was set for widespread severe storm development. Storms initiated within the open warm sector ahead of the dryline. The first storm developed near Lawton and moved northeast along I-44 into parts of central Oklahoma, resulting in several tornadoes and large hail. Additional supercells spawned tornadoes across northern Oklahoma, and the slow moving nature of storms lead to several occurrences of flash flooding. Storms continued well into the night.","Storm chasers observed a tornado in the southeast part of Newcastle. Aerial images indicated two outbuildings lost their roofs or were destroyed (DI 1, DOD 5).",CSV
201505,6,1646,201505,6,1647,96007,581834,OKLAHOMA,40,2015,May,Tornado,C,27,CLEVELAND,OUN,06-MAY-15 16:46:00,CST-6,06-MAY-15 16:47:00,0,0,0,0,0.00K,0.00K,NWS Storm Survey,,,,,EF0,0.5,25.0,,,,,4.0,WSW,(OUN)NORMAN WESTHEIMER ARPT,3.0,WSW,(OUN)NORMAN WESTHEIMER ARPT,35.233,-97.5344,35.2324,-97.5251,"A potent Spring storm system took shape across the Southern and Central Plains. Strong surface cyclogenesis took shape during the day, allowing ample moisture to return northward with strong southerly flow. At the same time, a strong upper level shortwave trough allowed strong mid level westerlies to overspread much of the Plains region. With large instability and wind shear, the stage was set for widespread severe storm development. Storms initiated within the open warm sector ahead of the dryline. The first storm developed near Lawton and moved northeast along I-44 into parts of central Oklahoma, resulting in several tornadoes and large hail. Additional supercells spawned tornadoes across northern Oklahoma, and the slow moving nature of storms lead to several occurrences of flash flooding. Storms continued well into the night.",An NWS storm survey found that a tornado touched down near 60th Avenue NW and Robinson Street in northwest Norman. Damage was observed to trees and fencing with damage direction indicating a small vortex. This area was embedded within a large swath of wind damage from the storm's rear-flank downdraft that extended from this area to near Max Westheimer Airport.,CSV
201505,6,1733,201505,6,1733,96007,581844,OKLAHOMA,40,2015,May,Tornado,C,43,DEWEY,OUN,06-MAY-15 17:33:00,CST-6,06-MAY-15 17:33:00,0,0,0,0,0.00K,0.00K,Broadcast Media,,,,,EF0,0.3,30.0,,,,,10.0,ESE,SEILING,10.0,ESE,SEILING,36.0946,-98.7545,36.0946,-98.7545,"A potent Spring storm system took shape across the Southern and Central Plains. Strong surface cyclogenesis took shape during the day, allowing ample moisture to return northward with strong southerly flow. At the same time, a strong upper level shortwave trough allowed strong mid level westerlies to overspread much of the Plains region. With large instability and wind shear, the stage was set for widespread severe storm development. Storms initiated within the open warm sector ahead of the dryline. The first storm developed near Lawton and moved northeast along I-44 into parts of central Oklahoma, resulting in several tornadoes and large hail. Additional supercells spawned tornadoes across northern Oklahoma, and the slow moving nature of storms lead to several occurrences of flash flooding. Storms continued well into the night.",A storm chaser with KOKH observed a tornado east-southeast of Seiling. No damage was reported and the location is estimated.,CSV
201505,16,1858,201505,16,1908,96468,582323,OKLAHOMA,40,2015,May,Tornado,C,31,COMANCHE,OUN,16-MAY-15 18:58:00,CST-6,16-MAY-15 19:08:00,0,0,0,0,0.00K,0.00K,Trained Spotter,,,,,EF0,6.0,50.0,,,,,3.0,SW,GERONIMO,4.0,ESE,GERONIMO,34.4493,-98.4172,34.4579,-98.3151,"With an upper low traversing the region, a cold front stationed over the panhandles, and a developing dryline, storms developed out in the panhandles early on the 16th and made their way eastward across Oklahoma through the day. Toward evening, when the severe weather occurred, the front surged eastward with a line of storms forming along it.",Storm spotters and storm chasers observed a tornado develop southwest of Geronimo and move east-northeast. No structure damage was reported and the path is estimated.,CSV
201505,8,1716,201505,8,1716,96316,582213,OKLAHOMA,40,2015,May,Tornado,C,33,COTTON,OUN,08-MAY-15 17:16:00,CST-6,08-MAY-15 17:16:00,0,0,0,0,0.00K,0.00K,Storm Chaser,,,,,EF0,0.2,50.0,,,,,5.0,ESE,RANDLETT,5.0,ESE,RANDLETT,34.1523,-98.3792,34.1523,-98.3792,Another round of storms developed across the Texas panhandle and developed into a line as it moved eastward across southern Oklahoma.,A storm chaser reported a tornado briefly developed approximately 5 miles east or east-southeast of Randlett. No damage was reported.,CSV
201505,8,1740,201505,8,1740,96316,582214,OKLAHOMA,40,2015,May,Tornado,C,67,JEFFERSON,OUN,08-MAY-15 17:40:00,CST-6,08-MAY-15 17:40:00,0,0,0,0,0.00K,0.00K,Broadcast Media,,,,,EF0,0.5,50.0,,,,,6.0,W,WAURIKA,6.0,W,WAURIKA,34.17,-98.105,34.17,-98.105,Another round of storms developed across the Texas panhandle and developed into a line as it moved eastward across southern Oklahoma.,KSWO TV reported a tornado crossed highway 70 to the west of Waurika. No damage was reported and the location is estimated.,CSV
201505,8,1808,201505,8,1808,96316,582215,OKLAHOMA,40,2015,May,Tornado,C,67,JEFFERSON,OUN,08-MAY-15 18:08:00,CST-6,08-MAY-15 18:08:00,0,0,0,0,0.00K,0.00K,Public,,,,,EF0,0.2,50.0,,,,,1.0,E,WAURIKA,1.0,E,WAURIKA,34.17,-97.9825,34.17,-97.9825,Another round of storms developed across the Texas panhandle and developed into a line as it moved eastward across southern Oklahoma.,A video was taken of a brief tornado near Waurika. No damage was reported and the location of this tornado is estimated.,CSV
201505,25,1342,201505,25,1410,96565,582549,OKLAHOMA,40,2015,May,Tornado,C,13,BRYAN,OUN,25-MAY-15 13:42:00,CST-6,25-MAY-15 14:10:00,0,0,1,0,0.00K,0.00K,Emergency Manager,,,,,EF2,13.5,700.0,OUN,OK,5.0,ATOKA,2.0,WSW,BLUE,5.0,ENE,CADDO,33.983,-96.2684,34.157,-96.1792,"As an upper level trough continued to move over the central plains, storms formed ahead of a cold front in west Texas. These storms formed a line as the moved eastward and developed northward into Oklahoma.","A strong tornado developed in Bryan County near the intersection of Old US Highway 70 and Pirtle Road, 2.5 miles west-southwest of Blue. The tornado moved northeast and destroyed a mobile home north of Blue where a 48-year old woman was killed. This was one of a few mobile homes that were destroyed as the tornado moved through Bryan County (DI 3, DOD 8-9). Other homes also suffered roof damage or other damage from falling trees. From north of Blue, the tornado turned to the north and moved into Atoka County.",CSV
201505,25,1410,201505,25,1420,96565,582554,OKLAHOMA,40,2015,May,Tornado,C,5,ATOKA,OUN,25-MAY-15 14:10:00,CST-6,25-MAY-15 14:20:00,1,0,0,0,0.00K,0.00K,Emergency Manager,,,,,EF3,5.3,700.0,,,,,5.0,SSE,CANEY,1.0,E,CANEY,34.157,-96.1792,34.2308,-96.1856,"As an upper level trough continued to move over the central plains, storms formed ahead of a cold front in west Texas. These storms formed a line as the moved eastward and developed northward into Oklahoma.","The tornado moved into Atoka County from Bryan County and moved generally north dissipating east of Caney. Homes suffered significant damage in Atoka County (DI 2, up to DOD 8) and one injury was reported east of Caney.",CSV
201505,25,1506,201505,25,1508,96565,582558,OKLAHOMA,40,2015,May,Tornado,C,5,ATOKA,OUN,25-MAY-15 15:06:00,CST-6,25-MAY-15 15:08:00,0,0,0,0,0.00K,0.00K,Emergency Manager,,,,,EF1,1.0,400.0,,,,,5.0,NNE,STRINGTOWN,5.0,NNE,STRINGTOWN,34.5369,-96.0164,34.5369,-96.0164,"As an upper level trough continued to move over the central plains, storms formed ahead of a cold front in west Texas. These storms formed a line as the moved eastward and developed northward into Oklahoma.",Emergency management and spotters observed a relatively large tornado east of Mack Alford Correctional Center in the forests in or near the Atoka Wildlife Management Area. No structural damage is known to have occurred with this tornado.,CSV
201505,16,1901,201505,16,1905,96468,582324,OKLAHOMA,40,2015,May,Tornado,C,15,CADDO,OUN,16-MAY-15 19:01:00,CST-6,16-MAY-15 19:05:00,0,0,0,0,0.00K,0.00K,Amateur Radio,,,,,EF0,2.5,50.0,,,,,5.0,NNW,CYRIL,5.0,NW,CEMENT,34.9669,-98.2338,34.9912,-98.2024,"With an upper low traversing the region, a cold front stationed over the panhandles, and a developing dryline, storms developed out in the panhandles early on the 16th and made their way eastward across Oklahoma through the day. Toward evening, when the severe weather occurred, the front surged eastward with a line of storms forming along it.",Storm spotters reported a tornado in Caddo County to the northwest of Cyril and Cement. The path is estimated.,CSV
201505,16,1705,201505,16,1705,96468,585576,OKLAHOMA,40,2015,May,Tornado,C,141,TILLMAN,OUN,16-MAY-15 17:05:00,CST-6,16-MAY-15 17:05:00,0,0,0,0,0.00K,0.00K,Storm Chaser,,,,,EF0,0.2,20.0,,,,,2.0,WNW,TIPTON,2.0,WNW,TIPTON,34.5111,-99.1725,34.5111,-99.1725,"With an upper low traversing the region, a cold front stationed over the panhandles, and a developing dryline, storms developed out in the panhandles early on the 16th and made their way eastward across Oklahoma through the day. Toward evening, when the severe weather occurred, the front surged eastward with a line of storms forming along it.","As the large tornado moved into western Tillman County, a storm chaser observed an independent small tornado to the west of Tipton and about one-half mile north of state highway 5. This tornado produced no known damage.",CSV
201505,6,1345,201505,6,1347,96007,581784,OKLAHOMA,40,2015,May,Tornado,C,15,CADDO,OUN,06-MAY-15 13:45:00,CST-6,06-MAY-15 13:47:00,0,0,0,0,0.00K,0.00K,Storm Chaser,,,,,EF0,2.0,50.0,,,,,3.0,E,APACHE,3.0,ENE,APACHE,34.89,-98.3159,34.9066,-98.3111,"A potent Spring storm system took shape across the Southern and Central Plains. Strong surface cyclogenesis took shape during the day, allowing ample moisture to return northward with strong southerly flow. At the same time, a strong upper level shortwave trough allowed strong mid level westerlies to overspread much of the Plains region. With large instability and wind shear, the stage was set for widespread severe storm development. Storms initiated within the open warm sector ahead of the dryline. The first storm developed near Lawton and moved northeast along I-44 into parts of central Oklahoma, resulting in several tornadoes and large hail. Additional supercells spawned tornadoes across northern Oklahoma, and the slow moving nature of storms lead to several occurrences of flash flooding. Storms continued well into the night.","A storm chaser observed a tornado develop approximately 2.5 miles east of Apache and move northeast to approximately 3 miles east-northeast of Apache. Trees were damaged, but no known structure damage occurred.",CSV
201505,23,1612,201505,23,1632,96564,584400,OKLAHOMA,40,2015,May,Tornado,C,51,GRADY,OUN,23-MAY-15 16:12:00,CST-6,23-MAY-15 16:32:00,0,0,0,0,0.00K,0.00K,Emergency Manager,,,,,EF1,6.0,500.0,,,,,3.0,W,POCASSET,4.0,NNE,POCASSET,35.19,-98.0031,35.2435,-97.9229,Storms developed in the panhandles on the 23rd under the influence of an upper level trough. These storms merged into a line and moved eastward over Oklahoma producing widespread flooding.,"A tornado was shown live from a KOCO TV helicopter near Pocasset. Emergency management reports four houses damaged by this tornado (DI 2, up to DOD 4).",CSV
201505,23,1659,201505,23,1707,96564,584402,OKLAHOMA,40,2015,May,Tornado,C,99,MURRAY,OUN,23-MAY-15 16:59:00,CST-6,23-MAY-15 17:07:00,0,0,0,0,0.00K,0.00K,Emergency Manager,,,,,EF0,3.0,40.0,,,,,1.0,N,SULPHUR,4.0,N,SULPHUR,34.5245,-96.97,34.5679,-96.97,Storms developed in the panhandles on the 23rd under the influence of an upper level trough. These storms merged into a line and moved eastward over Oklahoma producing widespread flooding.,"Emergency management spotters observed a tornado that moved north from approximately 1 mile north to 4 miles north of Sulphur. A workshop was damaged, but otherwise no significant damage is known to have occurred.",CSV
201505,23,1705,201505,23,1705,96564,584403,OKLAHOMA,40,2015,May,Tornado,C,123,PONTOTOC,OUN,23-MAY-15 17:05:00,CST-6,23-MAY-15 17:05:00,0,0,0,0,0.00K,0.00K,Emergency Manager,,,,,EF0,0.2,20.0,,,,,3.0,ESE,ADA,3.0,ESE,ADA,34.7562,-96.6393,34.7562,-96.6393,Storms developed in the panhandles on the 23rd under the influence of an upper level trough. These storms merged into a line and moved eastward over Oklahoma producing widespread flooding.,A tornado was reported SE of Ada with no damage reported. The specific location is estimated.,CSV
201505,23,1710,201505,23,1711,96564,584404,OKLAHOMA,40,2015,May,Tornado,C,99,MURRAY,OUN,23-MAY-15 17:10:00,CST-6,23-MAY-15 17:11:00,0,0,0,0,0.00K,0.00K,Emergency Manager,,,,,EF0,0.5,50.0,,,,,2.0,SSW,JOY,2.0,SSW,JOY,34.5699,-97.1501,34.5699,-97.1501,Storms developed in the panhandles on the 23rd under the influence of an upper level trough. These storms merged into a line and moved eastward over Oklahoma producing widespread flooding.,Emergency management spotters and a storm chaser observed a tornado estimated to be about 1 miles west of US-177 and 4 to 5 miles north of State Highway 7. No damage was reported.,CSV
201505,26,1732,201505,26,1732,96567,582331,OKLAHOMA,40,2015,May,Tornado,C,39,CUSTER,OUN,26-MAY-15 17:32:00,CST-6,26-MAY-15 17:32:00,0,0,0,0,0.00K,0.00K,Broadcast Media,,,,,EF0,0.1,30.0,OUN,OK,15.0,CADDO,4.0,E,WEATHERFORD,4.0,E,WEATHERFORD,35.5213,-98.6251,35.5213,-98.6251,Supercell storms formed along a cold front and a dryline across western Oklahoma down through central Texas and then made their way eastward.,"OKC television stations showed footage of a tornado developing briefly to the east of Weatherford and west-southwest of Hydro. A well house was thrown across the road, a heavy cattle feeder was displaced and a picnic table and gas grill were blown off a patio at a house on the Custer-Caddo County line. This tornado moved into Caddo County.",CSV
201505,26,1732,201505,26,1732,96567,582333,OKLAHOMA,40,2015,May,Tornado,C,15,CADDO,OUN,26-MAY-15 17:32:00,CST-6,26-MAY-15 17:32:00,0,0,0,0,0.00K,0.00K,Broadcast Media,,,,,EF0,0.1,30.0,,,,,3.0,SW,HYDRO,3.0,SW,HYDRO,35.5216,-98.6214,35.5216,-98.6214,Supercell storms formed along a cold front and a dryline across western Oklahoma down through central Texas and then made their way eastward.,"OKC television stations showed footage of a tornado developing briefly to the east of Weatherford and west-southwest of Hydro. A well house was thrown across the road, a heavy cattle feeder was displaced and a picnic table and gas grill were blown off a patio at a house on the Custer-Caddo County line. This tornado moved into Caddo County from Custer County.",CSV
201505,16,1630,201505,16,1638,96468,582222,OKLAHOMA,40,2015,May,Tornado,C,65,JACKSON,OUN,16-MAY-15 16:30:00,CST-6,16-MAY-15 16:38:00,0,0,0,0,0.00K,0.00K,Storm Chaser,,,,,EF0,4.5,1000.0,OUN,TX,487.0,WILBARGER,9.0,SW,ELMER,5.0,SSW,ELMER,34.3923,-99.4648,34.4153,-99.3914,"With an upper low traversing the region, a cold front stationed over the panhandles, and a developing dryline, storms developed out in the panhandles early on the 16th and made their way eastward across Oklahoma through the day. Toward evening, when the severe weather occurred, the front surged eastward with a line of storms forming along it.","This tornado moved into Oklahoma from Wilbarger County Texas and continued to expand as it moved east-northeast across southern Jackson County. Despite the expansion of the tornado to an estimated 1000 yards wide, no significant damage is known to have occurred in this portion of Jackson County. The tornado crossed the Red River back into Wilbarger County before entering Jackson County again at 4:43 pm CST.",CSV
201505,16,1702,201505,16,1731,96468,582234,OKLAHOMA,40,2015,May,Tornado,C,141,TILLMAN,OUN,16-MAY-15 17:02:00,CST-6,16-MAY-15 17:31:00,0,0,0,0,0.00K,0.00K,NWS Storm Survey,,,,,EF2,14.2,1300.0,OUN,OK,75.0,KIOWA,4.0,NW,TIPTON ARPT,6.0,N,MANITOU,34.5055,-99.2079,34.5942,-98.9861,"With an upper low traversing the region, a cold front stationed over the panhandles, and a developing dryline, storms developed out in the panhandles early on the 16th and made their way eastward across Oklahoma through the day. Toward evening, when the severe weather occurred, the front surged eastward with a line of storms forming along it.","The tornado moved out of Jackson County and continued northeast passing into Kiowa County north of Manitou. EF2 damage continued to be observed north of Tipton, but again the tornado moved through sparsely populated farmland across northwestern Tillman County. The tornado width decreased from 1300 yards to 700 yards by the time it moved into Kiowa County.",CSV
201505,23,1711,201505,23,1717,96564,584406,OKLAHOMA,40,2015,May,Tornado,C,87,MCCLAIN,OUN,23-MAY-15 17:11:00,CST-6,23-MAY-15 17:17:00,0,0,0,0,0.00K,0.00K,Emergency Manager,,,,,EF1,2.0,50.0,,,,,3.0,ESE,BLANCHARD,3.0,ENE,BLANCHARD,35.132,-97.6165,35.1609,-97.6168,Storms developed in the panhandles on the 23rd under the influence of an upper level trough. These storms merged into a line and moved eastward over Oklahoma producing widespread flooding.,A tornado moved north just east of MacArthur Avenue from Southeast 7th Street to near US-62 east of Blanchard. Ten homes were damaged.,CSV
201505,23,1716,201505,23,1716,96564,584407,OKLAHOMA,40,2015,May,Tornado,C,49,GARVIN,OUN,23-MAY-15 17:16:00,CST-6,23-MAY-15 17:16:00,0,0,0,0,0.00K,0.00K,Storm Chaser,,,,,EF0,0.2,50.0,,,,,9.0,S,STRATFORD,9.0,S,STRATFORD,34.6702,-96.9713,34.6702,-96.9713,Storms developed in the panhandles on the 23rd under the influence of an upper level trough. These storms merged into a line and moved eastward over Oklahoma producing widespread flooding.,The storm that produced the tornadoes north of Sulphur produced one more tornado in Garvin County just west of US-177 and about 2 to 3 miles north of the county line. No damage was reported.,CSV
201505,23,1730,201505,23,1732,96564,584408,OKLAHOMA,40,2015,May,Tornado,C,87,MCCLAIN,OUN,23-MAY-15 17:30:00,CST-6,23-MAY-15 17:32:00,0,0,0,0,0.00K,0.00K,Storm Chaser,,,,,EF0,0.5,50.0,,,,,1.0,WSW,NEWCASTLE,1.0,WSW,NEWCASTLE,35.2445,-97.6164,35.2445,-97.6164,Storms developed in the panhandles on the 23rd under the influence of an upper level trough. These storms merged into a line and moved eastward over Oklahoma producing widespread flooding.,A storm chaser observed a tornado estimated to be 1 mile west-southwest of Newcastle. No damage was reported.,CSV
201505,9,1630,201505,9,1630,96375,584336,OKLAHOMA,40,2015,May,Tornado,C,85,LOVE,OUN,09-MAY-15 16:30:00,CST-6,09-MAY-15 16:30:00,0,0,0,0,0.00K,0.00K,Trained Spotter,,,,,EF0,0.3,30.0,,,,,1.0,E,THACKERVILLE,1.0,E,THACKERVILLE,33.79,-97.1226,33.79,-97.1226,"As the upper low continued to slowly track east across the Great Plains, storms once again formed in north Texas and the Texas panhandle and made their way eastward across Oklahoma through the day and evening of the 9th.",A tornado produced some minor tree damage near Thackerville.,CSV
201505,9,1650,201505,9,1650,96375,584337,OKLAHOMA,40,2015,May,Tornado,C,85,LOVE,OUN,09-MAY-15 16:50:00,CST-6,09-MAY-15 16:50:00,0,0,0,0,0.00K,0.00K,Trained Spotter,,,,,EF0,0.3,30.0,,,,,7.0,SE,MARIETTA,7.0,SE,MARIETTA,33.8684,-97.0337,33.8684,-97.0337,"As the upper low continued to slowly track east across the Great Plains, storms once again formed in north Texas and the Texas panhandle and made their way eastward across Oklahoma through the day and evening of the 9th.",A tornado was reported to have touched down briefly near Loves Valley Road near Tucks Ferry. No damage was reported.,CSV
201505,6,1941,201505,6,1948,96007,581866,OKLAHOMA,40,2015,May,Tornado,C,109,OKLAHOMA,OUN,06-MAY-15 19:41:00,CST-6,06-MAY-15 19:48:00,12,0,0,0,0.00K,0.00K,NWS Storm Survey,,,,,EF3,2.0,700.0,,,,,0.0,NNE,VALLEY BROOK,2.0,NW,VALLEY BROOK,35.4061,-97.4769,35.4209,-97.4994,"A potent Spring storm system took shape across the Southern and Central Plains. Strong surface cyclogenesis took shape during the day, allowing ample moisture to return northward with strong southerly flow. At the same time, a strong upper level shortwave trough allowed strong mid level westerlies to overspread much of the Plains region. With large instability and wind shear, the stage was set for widespread severe storm development. Storms initiated within the open warm sector ahead of the dryline. The first storm developed near Lawton and moved northeast along I-44 into parts of central Oklahoma, resulting in several tornadoes and large hail. Additional supercells spawned tornadoes across northern Oklahoma, and the slow moving nature of storms lead to several occurrences of flash flooding. Storms continued well into the night.","A tornado touched down near Southeast 59th Street and Eastern Avenue in Oklahoma City, and moved north along Eastern Avenue, then northwest crossing Interstate 35 near and south of Southeast 44th Street before turning west and dissipating near Southeast 44th Street and Lindsay Avenue. The most significant damage occurred just east of Interstate 35 where a motel sustained significant damage losing most walls on the second floor (DI 6, DOD 8) and significant damage to many recreational vehicles at an adjacent RV park. While not directly related to the tornado, one woman perished while seeking shelter from the tornado in a below ground storm cellar. Heavy rains flooded the cellar, and the woman drowned.",CSV
201505,6,1741,201505,6,1749,96007,581853,OKLAHOMA,40,2015,May,Tornado,C,15,CADDO,OUN,06-MAY-15 17:41:00,CST-6,06-MAY-15 17:49:00,0,0,0,0,0.00K,0.00K,Trained Spotter,,,,,EF0,3.5,200.0,,,,,1.0,S,LAKE CHICKASHA DAM,3.0,NE,LAKE CHICKASHA DAM,35.1228,-98.13,35.1607,-98.0925,"A potent Spring storm system took shape across the Southern and Central Plains. Strong surface cyclogenesis took shape during the day, allowing ample moisture to return northward with strong southerly flow. At the same time, a strong upper level shortwave trough allowed strong mid level westerlies to overspread much of the Plains region. With large instability and wind shear, the stage was set for widespread severe storm development. Storms initiated within the open warm sector ahead of the dryline. The first storm developed near Lawton and moved northeast along I-44 into parts of central Oklahoma, resulting in several tornadoes and large hail. Additional supercells spawned tornadoes across northern Oklahoma, and the slow moving nature of storms lead to several occurrences of flash flooding. Storms continued well into the night.","Storm spotters observed a tornado northwest and north of Verden and near and east of Lake Chickasha. The radar signature indicated that this tornado was likely a potentially significant tornado, however no damage was reported in this very rural area and the torando path is estimated.",CSV
201505,19,1340,201505,19,1340,96523,584346,OKLAHOMA,40,2015,May,Tornado,C,87,MCCLAIN,OUN,19-MAY-15 13:40:00,CST-6,19-MAY-15 13:40:00,0,0,0,0,0.00K,0.00K,Storm Chaser,,,,,EF0,0.1,20.0,,,,,9.0,W,WAYNE,9.0,W,WAYNE,34.92,-97.4789,34.92,-97.4789,"Severe storms developed near a stalled boundary across Oklahoma and the panhandles and moved eastward through the afternoon and evening of the 19th, causing widespread heavy rainfall and additional flooding. One fatality occurred near Cole in McClain county, as a vehicle was swept into floodwaters.",A brief tornado was observed by a storm chaser via spotternetwork. No damage was reported and the location was estimated.,CSV
201505,6,1756,201505,6,1757,96007,581858,OKLAHOMA,40,2015,May,Tornado,C,53,GRANT,OUN,06-MAY-15 17:56:00,CST-6,06-MAY-15 17:57:00,0,0,0,0,0.00K,0.00K,Storm Chaser,,,,,EF0,0.3,20.0,,,,,5.0,SSW,WAKITA,5.0,SSW,WAKITA,36.8131,-97.9546,36.8131,-97.9546,"A potent Spring storm system took shape across the Southern and Central Plains. Strong surface cyclogenesis took shape during the day, allowing ample moisture to return northward with strong southerly flow. At the same time, a strong upper level shortwave trough allowed strong mid level westerlies to overspread much of the Plains region. With large instability and wind shear, the stage was set for widespread severe storm development. Storms initiated within the open warm sector ahead of the dryline. The first storm developed near Lawton and moved northeast along I-44 into parts of central Oklahoma, resulting in several tornadoes and large hail. Additional supercells spawned tornadoes across northern Oklahoma, and the slow moving nature of storms lead to several occurrences of flash flooding. Storms continued well into the night.",A storm chaser observed a brief tornado estimated to be approximately 5 miles south-southwest of Wakita. No known damage occurred.,CSV
201505,6,1849,201505,6,1851,96007,581863,OKLAHOMA,40,2015,May,Tornado,C,51,GRADY,OUN,06-MAY-15 18:49:00,CST-6,06-MAY-15 18:51:00,0,0,0,0,0.00K,0.00K,NWS Storm Survey,,,,,EF0,0.5,40.0,,,,,3.0,SE,TUTTLE,3.0,WNW,BRIDGE CREEK,35.2534,-97.7779,35.247,-97.7753,"A potent Spring storm system took shape across the Southern and Central Plains. Strong surface cyclogenesis took shape during the day, allowing ample moisture to return northward with strong southerly flow. At the same time, a strong upper level shortwave trough allowed strong mid level westerlies to overspread much of the Plains region. With large instability and wind shear, the stage was set for widespread severe storm development. Storms initiated within the open warm sector ahead of the dryline. The first storm developed near Lawton and moved northeast along I-44 into parts of central Oklahoma, resulting in several tornadoes and large hail. Additional supercells spawned tornadoes across northern Oklahoma, and the slow moving nature of storms lead to several occurrences of flash flooding. Storms continued well into the night.","Chaser video and an NWS storm survey indicated that a tornado touched down about 3 miles southeast of Tuttle and moved south-southeast. Trees were uprooted (DOD 27, DI 3) and two homes sustained minor damage (DOD 2, DI 2-4).",CSV
201505,8,1704,201505,8,1704,96316,582212,OKLAHOMA,40,2015,May,Tornado,C,33,COTTON,OUN,08-MAY-15 17:04:00,CST-6,08-MAY-15 17:04:00,0,0,0,0,0.00K,0.00K,Broadcast Media,,,,,EF0,0.2,50.0,,,,,2.0,W,RANDLETT,2.0,W,RANDLETT,34.18,-98.495,34.18,-98.495,Another round of storms developed across the Texas panhandle and developed into a line as it moved eastward across southern Oklahoma.,A report was relayed via media of a brief rain-wrapped tornado damaging road signs near the interchange of Interstate 44 and US-277.,CSV
201505,25,1429,201505,25,1441,96565,582556,OKLAHOMA,40,2015,May,Tornado,C,5,ATOKA,OUN,25-MAY-15 14:29:00,CST-6,25-MAY-15 14:41:00,0,0,0,0,0.00K,0.00K,Emergency Manager,,,,,EF2,8.0,1000.0,,,,,4.0,NNW,BENTLEY,3.0,E,ATOKA,34.27,-96.0933,34.38,-96.0774,"As an upper level trough continued to move over the central plains, storms formed ahead of a cold front in west Texas. These storms formed a line as the moved eastward and developed northward into Oklahoma.","After the Blue-Caney tornado dissipated, the storm produced another tornado that developed 3.5 north-northwest of Bentley and moved north just west of Harmony, then last observed about 3 miles east of Atoka. Widespread areas were observed along the path with uprooted trees, and a number of houses were damaged (DI 2, up to DOD 6).",CSV
201506,17,1325,201506,17,1326,95390,573167,OKLAHOMA,40,2015,June,Tornado,C,89,MCCURTAIN,SHV,17-JUN-15 13:25:00,CST-6,17-JUN-15 13:26:00,0,0,0,0,150.00K,0.00K,NWS Storm Survey,,,,,EF0,0.12,66.0,,,,,1.0,N,REDLAND,1.0,N,REDLAND,33.9374,-94.6663,33.9391,-94.667,"A feeder band in association with the remnants of Tropical Storm Bill contained some rotating storms in the northeast quadrant of the weakening system.  Low level shear was maximized in this quadrant and one of the storms produced a brief tornado east of Idabel, Oklahoma.","An NWS Storm Survey across McCurtain County, Oklahoma determined that damage east of Idabel was consistent with that of a tornado.  An EF0 tornado touched down in the Redland community.  Ten chicken houses were damaged...one of which was completely destroyed.",CSV
