BEGIN_YEARMONTH,BEGIN_DAY,BEGIN_TIME,END_YEARMONTH,END_DAY,END_TIME,EPISODE_ID,EVENT_ID,STATE,STATE_FIPS,YEAR,MONTH_NAME,EVENT_TYPE,CZ_TYPE,CZ_FIPS,CZ_NAME,WFO,BEGIN_DATE_TIME,CZ_TIMEZONE,END_DATE_TIME,INJURIES_DIRECT,INJURIES_INDIRECT,DEATHS_DIRECT,DEATHS_INDIRECT,DAMAGE_PROPERTY,DAMAGE_CROPS,SOURCE,MAGNITUDE,MAGNITUDE_TYPE,FLOOD_CAUSE,CATEGORY,TOR_F_SCALE,TOR_LENGTH,TOR_WIDTH,TOR_OTHER_WFO,TOR_OTHER_CZ_STATE,TOR_OTHER_CZ_FIPS,TOR_OTHER_CZ_NAME,BEGIN_RANGE,BEGIN_AZIMUTH,BEGIN_LOCATION,END_RANGE,END_AZIMUTH,END_LOCATION,BEGIN_LAT,BEGIN_LON,END_LAT,END_LON,EPISODE_NARRATIVE,EVENT_NARRATIVE,DATA_SOURCE
201005,31,1858,201005,31,1900,40101,233264,OKLAHOMA,40,2010,May,Tornado,C,25,CIMARRON,AMA,31-MAY-10 18:58:00,CST-6,31-MAY-10 19:00:00,0,0,0,0,0.00K,0.00K,Trained Spotter,,,,,EF0,1.75,25.0,,,,,11.0,NW,KEYES,10.0,NW,KEYES,36.9326,-102.3907,36.9412,-102.361,Severe thunderstorms across the western and central Oklahoma Panhandle during the evening hours produced large hail and two tornadoes. There were no reports of damage or injuries.,The tornado touched down at 1858 CST and lifted at 1900 CST about eleven miles northwest of Keyes Oklahoma. The tornado remained over open country. The tornado path length and path width were estimated. No damage or injuries were reported.,CSV
201006,13,1452,201006,13,1458,41582,242275,OKLAHOMA,40,2010,June,Tornado,C,7,BEAVER,AMA,13-JUN-10 14:52:00,CST-6,13-JUN-10 14:58:00,0,0,0,0,0.00K,0.00K,Storm Chaser,,,,,EF0,5.11,25.0,,,,,6.0,SSW,ELMWOOD,5.0,SE,ELMWOOD,36.53,-100.55,36.556,-100.4638,Severe thunderstorms across the eastern Oklahoma Panhandle during the mid and late afternoon hours produced large hail...strong winds and a few tornadoes. No damage or injuries were reported.,Multiple storm chasers reported a tornado which touched down at approximately 1452 CST about five miles north of Booker Texas in Beaver county Oklahoma. The tornado traveled about five miles and lifted about eight miles northeast of Booker Texas at 1458 CST. The tornado remained over open country. The tornado path length and path width were estimated. No damage or injuries were reported.,CSV
201006,13,1517,201006,13,1522,41582,242276,OKLAHOMA,40,2010,June,Tornado,C,7,BEAVER,AMA,13-JUN-10 15:17:00,CST-6,13-JUN-10 15:22:00,0,0,0,0,0.00K,0.00K,Broadcast Media,,,,,EF0,3.07,25.0,,,,,11.0,E,ELMWOOD,3.0,S,CLEAR LAKE,36.62,-100.3216,36.6316,-100.2681,Severe thunderstorms across the eastern Oklahoma Panhandle during the mid and late afternoon hours produced large hail...strong winds and a few tornadoes. No damage or injuries were reported.,The broadcast media and VORTEX2 reported a multivortex tornado which touched down at approximately 1517 CST about eleven miles east of Elmwood Oklahoma. The tornado traveled about three miles before lifting about three to four miles south of Clear Lake Oklahoma. The tornado was rain wrapped and remained over open country. No damage or injuries were reported. The tornado path length and path width were estimated.,CSV
201006,13,1522,201006,13,1527,41582,242277,OKLAHOMA,40,2010,June,Tornado,C,7,BEAVER,AMA,13-JUN-10 15:22:00,CST-6,13-JUN-10 15:27:00,0,0,0,0,0.00K,0.00K,Storm Chaser,,,,,EF0,2.51,25.0,,,,,10.0,W,SLAPOUT,4.0,SSE,CLEAR LAKE,36.62,-100.3003,36.6288,-100.2564,Severe thunderstorms across the eastern Oklahoma Panhandle during the mid and late afternoon hours produced large hail...strong winds and a few tornadoes. No damage or injuries were reported.,Two separate storm chasers reported that a tornado touched down about 1522 CST approximately ten miles west of Slapout Oklahoma. The tornado was rain wrapped and traveled about two to three miles before lifting at around 1527 CST roughly four miles south southeast of Clear Lake Oklahoma. The tornado remained over open country and was also reported by local law enforcement officials. The tornado path length and path width were estimated. No damage or injuries were reported.,CSV
201003,8,1720,201003,8,1747,36259,210292,OKLAHOMA,40,2010,March,Tornado,C,129,ROGER MILLS,OUN,08-MAR-10 17:20:00,CST-6,08-MAR-10 17:47:00,0,0,0,0,1.00M,0.00K,NWS Storm Survey,,,,,EF2,6.5,100.0,OUN,OK,39.0,CUSTER,7.0,SW,HAMMON,0.0,ESE,HAMMON,35.5635,-99.4618,35.6288,-99.377,"A strong upper level storm system moved east through New Mexico and into the Texas panhandle during the day on the 8th. Thunderstorms developed over northern Texas and crossed into southern Oklahoma during the morning and early afternoon hours. This area of thunderstorms weakened as they crossed the Red River, leaving widespread cloud cover over the region. However, later in the afternoon, the skies cleared over western Oklahoma, and this allowed for heating to commence in advance of the dry line that was sharpening up over the Texas panhandle. Thunderstorms moved into western Oklahoma and became severe over Roger Mills county. Initially, marginally severe hail up to quarter size was reported, but the storm eventually spawned two tornadoes, one of them significant. The first tornado occurred southwest of Hammon, with EF2 damage reported on the southeast side of Hammon. The second tornado occurred farther east, but did not produce any damage.","A relatively long track tornado touched down in a rural area to the southwest of Hammon, and then tracked to the northeast towards the town of Hammon.  This tornado was on the ground for around 40 minutes, moving mainly over rural areas. Initially, the only damage from the tornado was snapped trees and power poles/lines. As the tornado tracked northeast near the end of the tornado track, the tornado clipped the southeastern edge of the town of Hammon. A couple of trailers, the county barn, and a home sustained major damage. Other buildings, trees, power lines/poles, and cars also received significant damage near and around the town of Hammon. The tornado moved into Custer County and finally dissipated to the northeast of Hammon.  Monetary damages were estimated.",CSV
201012,31,605,201012,31,608,46132,267529,OKLAHOMA,40,2010,December,Tornado,C,1,ADAIR,TSA,31-DEC-10 06:05:00,CST-6,31-DEC-10 06:08:00,0,0,0,0,60.00K,0.00K,NWS Storm Survey,,,,,EF2,2.1,250.0,TSA,AR,143.0,WASHINGTON,1.0,NNE,WESTVILLE,3.0,NE,WESTVILLE,35.9977,-94.5655,36.0176,-94.5374,"Unseasonably warm and moist air spread into eastern Oklahoma ahead of a cold front. Scattered thunderstorms developed in the late evening and early morning hours ahead of the cold front as a weak upper level disturbance passed through the region. Large hail and damaging wind gusts occurred with some of these storms. Another round of storms developed on the cold front as it moved into eastern Oklahoma a few hours before sunrise. Weak to moderate instability combined with very strong low level wind shear created an environment that supported supercell thunderstorm structures. Several supercells developed resulting in large hail and damaging wind gusts in the hours just before and after sunrise on the 31st. One of these supercells produced a long-track, strong tornado that began in Adair County, Oklahoma, and moved into Washington County, Arkansas, where it killed four people in and near the town of Cincinnati.","This segment is the first of six segments of this long-track tornado. A tornado developed just northeast of Westville and moved rapidly northeastward damaging a home, tossing or rolling four vehicles, snapping at least 13 large power poles, and snapping or uprooting large trees. Estimated maximum wind based on this damage was 125 mph. This tornado continued into Washington County, Arkansas.",CSV
201004,22,1651,201004,22,1652,38304,222528,OKLAHOMA,40,2010,April,Tornado,C,7,BEAVER,AMA,22-APR-10 16:51:00,CST-6,22-APR-10 16:52:00,0,0,0,0,0.00K,0.00K,Trained Spotter,,,,,EF0,0.23,25.0,,,,,3.0,S,GRAY,3.0,S,GRAY,36.5,-100.82,36.501,-100.8161,Severe thunderstorms producing large hail along with an isolated tornado moved across the central and eastern Oklahoma Panhandle during the afternoon and evening hours. No damage or injuries were reported.,The tornado touched down about eight miles south of Bryans Corner in Beaver County at 1651 CST and lifted at 1652 CST. The tornado remained over open country and was on the ground with a path length of approximately one quarter of a mile and a path width of about twenty-five yards. No damage or injuries were reported.,CSV
201003,8,1747,201003,8,1800,36259,274129,OKLAHOMA,40,2010,March,Tornado,C,39,CUSTER,OUN,08-MAR-10 17:47:00,CST-6,08-MAR-10 18:00:00,0,0,0,0,0.00K,0.00K,NWS Storm Survey,,,,,EF0,2.98,100.0,,,,,8.0,S,MOOREWOOD,6.0,S,MOOREWOOD,35.6288,-99.377,35.6579,-99.3379,"A strong upper level storm system moved east through New Mexico and into the Texas panhandle during the day on the 8th. Thunderstorms developed over northern Texas and crossed into southern Oklahoma during the morning and early afternoon hours. This area of thunderstorms weakened as they crossed the Red River, leaving widespread cloud cover over the region. However, later in the afternoon, the skies cleared over western Oklahoma, and this allowed for heating to commence in advance of the dry line that was sharpening up over the Texas panhandle. Thunderstorms moved into western Oklahoma and became severe over Roger Mills county. Initially, marginally severe hail up to quarter size was reported, but the storm eventually spawned two tornadoes, one of them significant. The first tornado occurred southwest of Hammon, with EF2 damage reported on the southeast side of Hammon. The second tornado occurred farther east, but did not produce any damage.","After exiting Hammon and moving out of Roger Mills County, the tornado dissipated 3 miles northeast of Hammon in Custer County. No significant damage occurred in Custer County.",CSV
201003,8,1816,201003,8,1818,36259,210295,OKLAHOMA,40,2010,March,Tornado,C,39,CUSTER,OUN,08-MAR-10 18:16:00,CST-6,08-MAR-10 18:18:00,0,0,0,0,0.00K,0.00K,NWS Storm Survey,,,,,EF0,0.1,10.0,,,,,7.0,N,BUTLER,7.0,N,BUTLER,35.7413,-99.19,35.7413,-99.19,"A strong upper level storm system moved east through New Mexico and into the Texas panhandle during the day on the 8th. Thunderstorms developed over northern Texas and crossed into southern Oklahoma during the morning and early afternoon hours. This area of thunderstorms weakened as they crossed the Red River, leaving widespread cloud cover over the region. However, later in the afternoon, the skies cleared over western Oklahoma, and this allowed for heating to commence in advance of the dry line that was sharpening up over the Texas panhandle. Thunderstorms moved into western Oklahoma and became severe over Roger Mills county. Initially, marginally severe hail up to quarter size was reported, but the storm eventually spawned two tornadoes, one of them significant. The first tornado occurred southwest of Hammon, with EF2 damage reported on the southeast side of Hammon. The second tornado occurred farther east, but did not produce any damage.",Video evidence suggested this tornado occurred after the tornado near Hammon dissipated. No damage occurred with this tornado.,CSV
201005,23,2035,201005,23,2047,39255,228114,OKLAHOMA,40,2010,May,Tornado,C,25,CIMARRON,AMA,23-MAY-10 20:35:00,CST-6,23-MAY-10 20:47:00,0,0,0,0,20.00K,0.00K,NWS Storm Survey,,,,,EF1,6.01,440.0,,,,,12.0,W,FELT,7.0,W,FELT,36.5576,-103.0024,36.5767,-102.8969,Severe thunderstorms moved across the western Oklahoma Panhandle during the evening hours. These severe storms produced a couple of tornadoes...large hail and damaging winds although no injuries were reported.,The tornado entered Cimarron County in the western Oklahoma Panhandle...about twelve miles west of Felt...from Union County in New Mexico at approximately 2035 CST. The tornado remained on the ground for about six miles in Cimarron County with a maximum path width of four hundred and forty yards. A steel windmill tower was destroyed and three twenty-four foot metal feed troughs were also destroyed along with considerable fence damage. No injuries were reported. The tornado dissipated at 2047 CST between six and seven miles west of Felt.,CSV
201005,23,1930,201005,23,1935,39255,227926,OKLAHOMA,40,2010,May,Tornado,C,25,CIMARRON,AMA,23-MAY-10 19:30:00,CST-6,23-MAY-10 19:35:00,0,0,0,0,0.00K,0.00K,Law Enforcement,,,,,EF0,2.05,25.0,,,,,7.0,WSW,FELT,5.0,WSW,FELT,36.5301,-102.8998,36.5422,-102.866,Severe thunderstorms moved across the western Oklahoma Panhandle during the evening hours. These severe storms produced a couple of tornadoes...large hail and damaging winds although no injuries were reported.,The tornado touched down about seven miles west southwest of Felt Oklahoma at 1930 CST and then dissipated at 2035 CST about five miles west southwest of Felt Oklahoma. The tornado was on the ground for two miles with a maximum path width of twenty-five yards. The tornado remained over open county...therefore no damage or injuries were reported.,CSV
201005,18,1844,201005,18,1846,39278,228118,OKLAHOMA,40,2010,May,Tornado,C,139,TEXAS,AMA,18-MAY-10 18:44:00,CST-6,18-MAY-10 18:46:00,0,0,0,0,0.00K,0.00K,Emergency Manager,,,,,EF0,0.55,25.0,,,,,15.0,NW,GUYMON,6.0,WSW,HOUGH,36.8335,-101.6716,36.8354,-101.6619,A severe thunderstorm over the central Oklahoma Panhandle produced a tornado during the evening hours. No damage or injuries were reported.,The tornado touched down about fifteen miles northwest of Guymon at 1952 CST and was on the ground for about one half mile. The tornado remained over open country and had a maximum path width of twenty-five yards. The tornado dissipated at 1953 CST. No damage or injuries were reported.,CSV
201005,10,1612,201005,10,1625,39118,237572,OKLAHOMA,40,2010,May,Tornado,C,113,OSAGE,TSA,10-MAY-10 16:12:00,CST-6,10-MAY-10 16:25:00,0,0,0,0,50.00K,0.00K,NWS Storm Survey,,,,,EF1,11.0,2460.0,,,,,11.0,W,FAIRFAX,3.0,S,BURBANK,36.589,-96.904,36.6551,-96.72,"Severe thunderstorms developed along and ahead of a dry line over central Oklahoma during the afternoon hours. Very unstable air along with very strong low level wind shear resulted in a number of supercell thunderstorms. These storms produced numerous tornadoes, very large hail, and damaging wind gusts as they moved eastward across eastern Oklahoma during the evening hours.","A tornado that developed over northeastern Noble County continued into western Osage County, where it damaged several homes, uprooted or snapped numerous trees, and blew down power poles. The estimated peak wind in the tornado based on this damage was 110 mph.",CSV
201005,10,1633,201005,10,1633,39118,237573,OKLAHOMA,40,2010,May,Tornado,C,113,OSAGE,TSA,10-MAY-10 16:33:00,CST-6,10-MAY-10 16:33:00,0,0,0,0,0.00K,0.00K,NWS Employee,,,,,EF0,0.1,75.0,,,,,6.0,E,BURBANK,6.0,E,BURBANK,36.7,-96.6117,36.7,-96.6117,"Severe thunderstorms developed along and ahead of a dry line over central Oklahoma during the afternoon hours. Very unstable air along with very strong low level wind shear resulted in a number of supercell thunderstorms. These storms produced numerous tornadoes, very large hail, and damaging wind gusts as they moved eastward across eastern Oklahoma during the evening hours.",A tornado briefly developed over open country.,CSV
201005,10,1641,201005,10,1642,39118,237575,OKLAHOMA,40,2010,May,Tornado,C,113,OSAGE,TSA,10-MAY-10 16:41:00,CST-6,10-MAY-10 16:42:00,0,0,0,0,0.00K,0.00K,NWS Employee,,,,,EF0,1.0,50.0,,,,,2.0,SSW,FORAKER CODDING ARPT,10.0,ENE,BURBANK,36.7419,-96.5674,36.7554,-96.5532,"Severe thunderstorms developed along and ahead of a dry line over central Oklahoma during the afternoon hours. Very unstable air along with very strong low level wind shear resulted in a number of supercell thunderstorms. These storms produced numerous tornadoes, very large hail, and damaging wind gusts as they moved eastward across eastern Oklahoma during the evening hours.",An off-duty NWS employee reported a tornado over open country.,CSV
201005,10,1645,201005,10,1646,39118,237577,OKLAHOMA,40,2010,May,Tornado,C,113,OSAGE,TSA,10-MAY-10 16:45:00,CST-6,10-MAY-10 16:46:00,0,0,0,0,0.00K,0.00K,Storm Chaser,,,,,EF0,1.0,75.0,,,,,2.0,NW,PAWHUSKA,3.0,N,PAWHUSKA,36.6854,-96.3491,36.7062,-96.33,"Severe thunderstorms developed along and ahead of a dry line over central Oklahoma during the afternoon hours. Very unstable air along with very strong low level wind shear resulted in a number of supercell thunderstorms. These storms produced numerous tornadoes, very large hail, and damaging wind gusts as they moved eastward across eastern Oklahoma during the evening hours.",Several storm chasers reported a tornado over open country.,CSV
201005,10,1735,201005,10,1747,39118,237587,OKLAHOMA,40,2010,May,Tornado,C,107,OKFUSKEE,TSA,10-MAY-10 17:35:00,CST-6,10-MAY-10 17:47:00,0,0,0,0,15.00K,0.00K,NWS Storm Survey,,,,,EF1,5.2,600.0,,,,,3.0,W,BEARDEN,3.0,N,BEARDEN,35.342,-96.441,35.3975,-96.3807,"Severe thunderstorms developed along and ahead of a dry line over central Oklahoma during the afternoon hours. Very unstable air along with very strong low level wind shear resulted in a number of supercell thunderstorms. These storms produced numerous tornadoes, very large hail, and damaging wind gusts as they moved eastward across eastern Oklahoma during the evening hours.",A tornado moved into southwestern Okfuskee County from Seminole County. The tornado snapped or uprooted numerous trees and blew down power poles in Okfuskee County. The estimated peak wind in this segment of the tornado's path based on this damage was 95 mph.,CSV
201005,13,345,201005,13,347,39128,237499,OKLAHOMA,40,2010,May,Tornado,C,37,CREEK,TSA,13-MAY-10 03:45:00,CST-6,13-MAY-10 03:47:00,0,0,0,0,25.00K,0.00K,NWS Storm Survey,,,,,EF1,2.0,300.0,TSA,OK,143.0,TULSA,1.0,SE,KIEFER,2.0,N,MOUNDS ARPT,35.9403,-96.0619,35.952,-96.0295,A line of thunderstorms intensified as it moved into eastern Oklahoma during the early morning hours of the 13th. A number of tornadoes developed on the leading edge of the bowing line of storms over northeastern Oklahoma. The storms also produced damaging wind gusts.,"A tornado developed on the south side of Kiefer and moved northeast into Tulsa County. In Creek County, the tornado damaged the roofs of several homes, uprooted several trees, snapped large tree limbs, and blew down power poles. The estimated peak wind in the tornado based on this damage was 95 mph.",CSV
201005,13,347,201005,13,359,39128,237503,OKLAHOMA,40,2010,May,Tornado,C,143,TULSA,TSA,13-MAY-10 03:47:00,CST-6,13-MAY-10 03:59:00,0,0,0,0,100.00K,0.00K,NWS Storm Survey,,,,,EF1,12.1,500.0,,,,,2.0,W,GLENPOOL,3.0,SE,BROKEN ARROW ARPK,35.952,-96.0295,36.0241,-95.8316,A line of thunderstorms intensified as it moved into eastern Oklahoma during the early morning hours of the 13th. A number of tornadoes developed on the leading edge of the bowing line of storms over northeastern Oklahoma. The storms also produced damaging wind gusts.,"The tornado that developed near Kiefer in Creek County moved northeast across the north side of Glenpool before dissipating over Broken Arrow. In Tulsa County, the tornado damaged several homes, damaged a gas station canopy, uprooted several trees, snapped numerous large tree limbs, and blew down power poles. The estimated peak wind in the tornado based on this damage was 95 mph.",CSV
201005,13,352,201005,13,358,39128,237519,OKLAHOMA,40,2010,May,Tornado,C,111,OKMULGEE,TSA,13-MAY-10 03:52:00,CST-6,13-MAY-10 03:58:00,0,0,0,0,200.00K,0.00K,NWS Storm Survey,,,,,EF2,6.0,300.0,,,,,3.0,SE,OKMULGEE,2.0,SSE,MORRIS ARPT,35.5942,-95.9394,35.6258,-95.841,A line of thunderstorms intensified as it moved into eastern Oklahoma during the early morning hours of the 13th. A number of tornadoes developed on the leading edge of the bowing line of storms over northeastern Oklahoma. The storms also produced damaging wind gusts.,"A tornado severely damaged two homes. It also snapped or uprooted numerous trees, destroyed barns, damaged several other homes, and blew down power poles. The estimated peak wind in the tornado based on this damage was 120 mph.",CSV
201005,13,404,201005,13,408,39128,237527,OKLAHOMA,40,2010,May,Tornado,C,145,WAGONER,TSA,13-MAY-10 04:04:00,CST-6,13-MAY-10 04:08:00,2,0,0,0,400.00K,0.00K,NWS Storm Survey,,,,,EF2,5.1,550.0,,,,,1.0,SSE,ONETA,3.0,WNW,COWETA EASLEY ARPT,35.9991,-95.7132,36.022,-95.6255,A line of thunderstorms intensified as it moved into eastern Oklahoma during the early morning hours of the 13th. A number of tornadoes developed on the leading edge of the bowing line of storms over northeastern Oklahoma. The storms also produced damaging wind gusts.,"A tornado severely damaged a home, destroyed several shops and outbuildings, snapped or uprooted numerous trees, and blew down power poles. The estimated peak wind in the tornado based on this damage was 120 mph. Two people were injured by flying debris in the severely damaged home.",CSV
201005,13,409,201005,13,412,39128,237531,OKLAHOMA,40,2010,May,Tornado,C,131,ROGERS,TSA,13-MAY-10 04:09:00,CST-6,13-MAY-10 04:12:00,0,0,0,0,10.00K,0.00K,NWS Storm Survey,,,,,EF0,3.1,700.0,,,,,4.0,ESE,CATOOSA,4.0,SSE,VERDIGRIS,36.1647,-95.6895,36.1761,-95.6379,A line of thunderstorms intensified as it moved into eastern Oklahoma during the early morning hours of the 13th. A number of tornadoes developed on the leading edge of the bowing line of storms over northeastern Oklahoma. The storms also produced damaging wind gusts.,A tornado damaged a barn and blew down trees and power poles. The estimated peak wind in the tornado based on this damage was 80 mph.,CSV
201005,19,1809,201005,19,1809,39327,237228,OKLAHOMA,40,2010,May,Tornado,C,37,CREEK,TSA,19-MAY-10 18:09:00,CST-6,19-MAY-10 18:09:00,0,0,0,0,0.00K,0.00K,Trained Spotter,,,,,EF0,0.1,50.0,,,,,2.0,ESE,DEPEW,2.0,ESE,DEPEW,35.7889,-96.467,35.7889,-96.467,"Severe thunderstorms developed over eastern Oklahoma along and ahead of a northward lifting warm front during the evening of May 19th. The storms produced several tornadoes, along with large hail, damaging winds, and flash flooding.",A storm spotter reported and photographed a brief tornado touchdown over open country.,CSV
201005,19,1837,201005,19,1853,39327,237235,OKLAHOMA,40,2010,May,Tornado,C,37,CREEK,TSA,19-MAY-10 18:37:00,CST-6,19-MAY-10 18:53:00,0,0,0,0,15.00K,0.00K,NWS Storm Survey,,,,,EF1,5.0,600.0,,,,,4.0,ENE,BRISTOW,4.0,SSW,KELLYVILLE,35.8545,-96.3242,35.9012,-96.2552,"Severe thunderstorms developed over eastern Oklahoma along and ahead of a northward lifting warm front during the evening of May 19th. The storms produced several tornadoes, along with large hail, damaging winds, and flash flooding.","A tornado destroyed barns, damaged homes, snapped or uprooted numerous trees, and blew down power poles. The maximum estimated wind speed in the tornado based on this damage was about 105 mph.",CSV
201005,19,1946,201005,19,1956,39327,237244,OKLAHOMA,40,2010,May,Tornado,C,107,OKFUSKEE,TSA,19-MAY-10 19:46:00,CST-6,19-MAY-10 19:56:00,0,0,0,0,0.00K,0.00K,NWS Storm Survey,,,,,EF1,8.0,500.0,,,,,3.0,SSW,MICAWBER,1.0,SSE,WELTY,35.5775,-96.5336,35.6014,-96.3942,"Severe thunderstorms developed over eastern Oklahoma along and ahead of a northward lifting warm front during the evening of May 19th. The storms produced several tornadoes, along with large hail, damaging winds, and flash flooding.",A tornado snapped or uprooted numerous trees. The maximum wind speed in the tornado based on this damage was 100 mph.,CSV
201005,19,1912,201005,19,1917,39956,232659,OKLAHOMA,40,2010,May,Tornado,C,81,LINCOLN,OUN,19-MAY-10 19:12:00,CST-6,19-MAY-10 19:17:00,0,0,0,0,,0.00K,NWS Storm Survey,,,,,EF1,1.4,25.0,,,,,6.0,WNW,PRAGUE,4.0,WNW,PRAGUE,35.5205,-96.7803,35.5127,-96.7573,"A large storm system moved through the southern and central Plains during the morning and afternoon of the 19th. Thunderstorms, some of them severe, had developed over the Texas panhandle and moved east into northwest and north central Oklahoma during the early morning hours. Additional development, aided by the low-level jet, occurred into parts of central Oklahoma, north of a warm front that was slowly moving north to near Interstate 40. ||By mid afternoon, the well-defined front was located from parts of west-central into central Oklahoma, just north of the Oklahoma City metro area. Two thunderstorms developed near and along the front, one over Roger Mills and Dewey counties, and the other over northern Blaine county. The storms quickly became tornadic, with the first tornado of the day occurring north of Leedey in Dewey county. Another tornado, and probably the most photographed one of the day, occurred just north of Hennessey. Tornadoes, most of them brief in duration, and large hail continued  across western and central Kingfisher county, and across northern Logan, southeast Garfield, and Payne counties. Another thunderstorm developed further east along the dry line later in the afternoon, and the storm eventually produced a tornado west of Prague in Lincoln county. ||Finally, two supercell thunderstorms developed further south along the dry line that moved into central Oklahoma. Although both showed significant rotation on radar, only the supercell that moved from Stephens through Murray counties produced tornadoes. Two tornadoes were reported, one just southeast of Wynnewood and another north of Sulphur.||Additional severe thunderstorms developed across southern Oklahoma, but the main impacts had shifted from tornadoes to large hail and very heavy rainfall. By the time it was all said and done, five main supercells had occurred over parts of western and central Oklahoma, producing at least nine tornadoes. Widespread significant damage did not occur due to the location/short duration of the tornadoes, and only three minor injuries were reported.","The tornado developed approximately 5.5 miles west-northwest of Prague, destroying an outbuilding. Additional damage occurred to a tin barn and several trees 4 miles west-northwest of Prague. Radar imagery suggests the tornado lifted shortly after this. Monetary damage estimates were not available.",CSV
201005,19,1940,201005,19,1953,39956,232688,OKLAHOMA,40,2010,May,Tornado,C,99,MURRAY,OUN,19-MAY-10 19:40:00,CST-6,19-MAY-10 19:53:00,0,0,0,0,,0.00K,NWS Storm Survey,,,,,EF1,12.0,375.0,,,,,2.0,W,JOY,8.0,N,SULPHUR,34.59,-97.1734,34.6258,-96.97,"A large storm system moved through the southern and central Plains during the morning and afternoon of the 19th. Thunderstorms, some of them severe, had developed over the Texas panhandle and moved east into northwest and north central Oklahoma during the early morning hours. Additional development, aided by the low-level jet, occurred into parts of central Oklahoma, north of a warm front that was slowly moving north to near Interstate 40. ||By mid afternoon, the well-defined front was located from parts of west-central into central Oklahoma, just north of the Oklahoma City metro area. Two thunderstorms developed near and along the front, one over Roger Mills and Dewey counties, and the other over northern Blaine county. The storms quickly became tornadic, with the first tornado of the day occurring north of Leedey in Dewey county. Another tornado, and probably the most photographed one of the day, occurred just north of Hennessey. Tornadoes, most of them brief in duration, and large hail continued  across western and central Kingfisher county, and across northern Logan, southeast Garfield, and Payne counties. Another thunderstorm developed further east along the dry line later in the afternoon, and the storm eventually produced a tornado west of Prague in Lincoln county. ||Finally, two supercell thunderstorms developed further south along the dry line that moved into central Oklahoma. Although both showed significant rotation on radar, only the supercell that moved from Stephens through Murray counties produced tornadoes. Two tornadoes were reported, one just southeast of Wynnewood and another north of Sulphur.||Additional severe thunderstorms developed across southern Oklahoma, but the main impacts had shifted from tornadoes to large hail and very heavy rainfall. By the time it was all said and done, five main supercells had occurred over parts of western and central Oklahoma, producing at least nine tornadoes. Widespread significant damage did not occur due to the location/short duration of the tornadoes, and only three minor injuries were reported.","This is a continuation of the Garvin county tornado that began 7 miles west-southwest of Wynnewood. Structural damage was concentrated in and around the community of Joy, along Joy Rd. east of Hwy 77. Several barns and outbuildings were heavily damaged, and some homes had roof damage. Extensive tree and power pole/line damage was also noted. Further to the east-northeast a home lost part of its roof. Monetary damage estimates were not available.",CSV
201005,19,22,201005,19,22,39863,232928,OKLAHOMA,40,2010,May,Tornado,C,45,ELLIS,OUN,19-MAY-10 00:22:00,CST-6,19-MAY-10 00:22:00,0,0,0,0,0.00K,0.00K,Emergency Manager,,,,,EF0,0.5,50.0,,,,,17.0,S,ARNETT,17.0,S,ARNETT,35.896,-99.757,35.896,-99.757,Two large severe thunderstorms with a history of producing very large hail and tornadoes moved through the northern Texas panhandle and into northwest Oklahoma. Hail up to two inches in diameter was reported along their track. No damage was reported.,A tornado was observed 1 mile west of Packsaddle in extreme southern Ellis County. No damage was reported with the tornado.,CSV
201005,19,215,201005,19,215,39863,232929,OKLAHOMA,40,2010,May,Tornado,C,45,ELLIS,OUN,19-MAY-10 02:15:00,CST-6,19-MAY-10 02:15:00,0,0,0,0,,0.00K,Emergency Manager,,,,,EF1,0.5,30.0,,,,,4.0,N,FARGO,4.0,N,FARGO,36.435,-99.621,36.435,-99.621,Two large severe thunderstorms with a history of producing very large hail and tornadoes moved through the northern Texas panhandle and into northwest Oklahoma. Hail up to two inches in diameter was reported along their track. No damage was reported.,A tornado touched down briefly north of Fargo destroying a trailer and damaging trees and power lines. Monetary damage estimates were not available.,CSV
201005,10,1725,201005,10,1726,39859,231884,OKLAHOMA,40,2010,May,Tornado,C,19,CARTER,OUN,10-MAY-10 17:25:00,CST-6,10-MAY-10 17:26:00,0,0,0,0,0.00K,0.00K,Public,,,,,EF0,0.5,30.0,,,,,3.0,E,LONE GROVE,4.0,ENE,LONE GROVE,34.188,-97.205,34.194,-97.198,"A significant outbreak of severe thunderstorms and tornadoes affected a large part of northern, central, and southern Oklahoma. Tornadoes were most numerous across central and southern Oklahoma, with significant damage occurring over many areas. |Severe thunderstorms erupted by mid afternoon across northern and western Oklahoma. Given the potent combination of ingredients in place, storms began to produce tornadoes quickly after initiation. Storm motions of 50 to 60 mph were common.||During the mid afternoon hours, severe weather was confined to northern Oklahoma. It was there a long track supercell storm produced tornadoes near the Kansas border - including one rated EF3 - from near Wakita to north of Braman.||The capping inversion that had delayed thunderstorm development into central Oklahoma weakened, allowing for explosive supercell development along the dry line along and west of the Interstate 35 corridor. Rapid development and intensification was common with the late afternoon storms, with storms becoming tornadic within a very short time after initiation. This round of storms would directly impact a large part of the Oklahoma City metro area at rush hour, and posed a significant threat to the area. The first tornado in this area occurred in Canadian County.||During the next several hours, tornadoes were clustered around the metro area, and at times there were multiple significant damaging tornadoes occurring simultaneously. Several of the tornadoes had long tracks. Damage from the tornadoes was substantial, with numerous structures, vehicles, trees and power poles/lines significantly damaged or destroyed. One of the more intense tornadoes moved across Lake Thunderbird east of Norman destroying numerous boats.||More storms developed across southwest and south central Oklahoma, and also quickly became tornadic. ||By 9 pm, 35 tornadoes had been reported. While the loss of three lives was tragic, the casualties could have been much higher given the storm's fast motions, their intensity, the time of day and the areas impacted. ||While exact monetary damage figures were not available, it is estimated that losses were in excess of $595 million. At least 450 sustained injuries, most of them minor. Unfortunately three people lost their lives. ||Note: The large number of injuries and tornadoes made it difficult to associate injuries with specific tornadoes. Injury numbers were included when we had confidence in the numbers. ||Note: The complex nature of storm evolutions and interactions made the job of classifying tornadoes difficult. This represents our best scientific assessment based on ground and aerial surveys, data from multiple radars, photographic and video evidence and anecdotal information.",Tornado #E4. A tornado was observed and videotaped just outside the Ardmore city limits. The time and location of this tornado were estimated.,CSV
201005,10,1620,201005,10,1622,39859,231894,OKLAHOMA,40,2010,May,Tornado,C,137,STEPHENS,OUN,10-MAY-10 16:20:00,CST-6,10-MAY-10 16:22:00,0,0,0,0,0.00K,0.00K,NWS Storm Survey,,,,,EF1,2.5,700.0,OUN,OK,51.0,GRADY,3.0,NE,BRAY,5.0,ENE,BRAY,34.665,-97.781,34.681,-97.743,"A significant outbreak of severe thunderstorms and tornadoes affected a large part of northern, central, and southern Oklahoma. Tornadoes were most numerous across central and southern Oklahoma, with significant damage occurring over many areas. |Severe thunderstorms erupted by mid afternoon across northern and western Oklahoma. Given the potent combination of ingredients in place, storms began to produce tornadoes quickly after initiation. Storm motions of 50 to 60 mph were common.||During the mid afternoon hours, severe weather was confined to northern Oklahoma. It was there a long track supercell storm produced tornadoes near the Kansas border - including one rated EF3 - from near Wakita to north of Braman.||The capping inversion that had delayed thunderstorm development into central Oklahoma weakened, allowing for explosive supercell development along the dry line along and west of the Interstate 35 corridor. Rapid development and intensification was common with the late afternoon storms, with storms becoming tornadic within a very short time after initiation. This round of storms would directly impact a large part of the Oklahoma City metro area at rush hour, and posed a significant threat to the area. The first tornado in this area occurred in Canadian County.||During the next several hours, tornadoes were clustered around the metro area, and at times there were multiple significant damaging tornadoes occurring simultaneously. Several of the tornadoes had long tracks. Damage from the tornadoes was substantial, with numerous structures, vehicles, trees and power poles/lines significantly damaged or destroyed. One of the more intense tornadoes moved across Lake Thunderbird east of Norman destroying numerous boats.||More storms developed across southwest and south central Oklahoma, and also quickly became tornadic. ||By 9 pm, 35 tornadoes had been reported. While the loss of three lives was tragic, the casualties could have been much higher given the storm's fast motions, their intensity, the time of day and the areas impacted. ||While exact monetary damage figures were not available, it is estimated that losses were in excess of $595 million. At least 450 sustained injuries, most of them minor. Unfortunately three people lost their lives. ||Note: The large number of injuries and tornadoes made it difficult to associate injuries with specific tornadoes. Injury numbers were included when we had confidence in the numbers. ||Note: The complex nature of storm evolutions and interactions made the job of classifying tornadoes difficult. This represents our best scientific assessment based on ground and aerial surveys, data from multiple radars, photographic and video evidence and anecdotal information.","The anticyclonic tornado moved from northeast Stephens County into southeast Grady County. Damage was reported to fences, trees, and around 20 power poles, and several structures were damaged. Minor damage to mobile homes was also reported. Monetary damages were estimated. This tornado is labeled #G1.",CSV
201005,19,2005,201005,19,2017,39327,237249,OKLAHOMA,40,2010,May,Tornado,C,107,OKFUSKEE,TSA,19-MAY-10 20:05:00,CST-6,19-MAY-10 20:17:00,0,0,0,0,15.00K,0.00K,NWS Storm Survey,,,,,EF1,10.0,500.0,,,,,3.0,ENE,BEARDEN,1.0,NNE,CLEARVIEW,35.3603,-96.333,35.4192,-96.1709,"Severe thunderstorms developed over eastern Oklahoma along and ahead of a northward lifting warm front during the evening of May 19th. The storms produced several tornadoes, along with large hail, damaging winds, and flash flooding.","A tornado damaged homes, snapped or uprooted numerous trees, and downed power poles. The maximum estimated wind speed based on this damage was about 105 mph.",CSV
201005,10,1816,201005,10,1817,39118,237612,OKLAHOMA,40,2010,May,Tornado,C,91,MCINTOSH,TSA,10-MAY-10 18:16:00,CST-6,10-MAY-10 18:17:00,0,0,0,0,40.00K,0.00K,NWS Storm Survey,,,,,EF2,1.8,300.0,,,,,3.0,SW,BURNEY,2.0,WSW,BURNEY,35.4028,-95.8673,35.424,-95.8459,"Severe thunderstorms developed along and ahead of a dry line over central Oklahoma during the afternoon hours. Very unstable air along with very strong low level wind shear resulted in a number of supercell thunderstorms. These storms produced numerous tornadoes, very large hail, and damaging wind gusts as they moved eastward across eastern Oklahoma during the evening hours.","A tornado destroyed a mobile home, damaged a barn, and snapped or uprooted numerous trees. The estimated peak wind in the tornado based on this damage was 115 mph.",CSV
201005,10,1817,201005,10,1835,39118,237616,OKLAHOMA,40,2010,May,Tornado,C,107,OKFUSKEE,TSA,10-MAY-10 18:17:00,CST-6,10-MAY-10 18:35:00,0,0,0,0,40.00K,0.00K,NWS Storm Survey,,,,,EF1,15.5,650.0,,,,,1.0,SSW,BOLEY,2.0,S,OKFUSKEE,35.4898,-96.4835,35.5715,-96.2296,"Severe thunderstorms developed along and ahead of a dry line over central Oklahoma during the afternoon hours. Very unstable air along with very strong low level wind shear resulted in a number of supercell thunderstorms. These storms produced numerous tornadoes, very large hail, and damaging wind gusts as they moved eastward across eastern Oklahoma during the evening hours.","A tornado removed a large section of the roof of the Boley Police Department, damaged homes, snapped or uprooted numerous trees and blew down power poles. The estimated peak wind in the tornado based on this damage was 105 mph.",CSV
201005,10,1823,201005,10,1841,39118,237626,OKLAHOMA,40,2010,May,Tornado,C,91,MCINTOSH,TSA,10-MAY-10 18:23:00,CST-6,10-MAY-10 18:41:00,0,0,0,0,125.00K,0.00K,NWS Storm Survey,,,,,EF2,13.0,800.0,,,,,1.0,NNE,BURNEY,5.0,NE,RICHARDSVILLE,35.441,-95.814,35.5279,-95.6248,"Severe thunderstorms developed along and ahead of a dry line over central Oklahoma during the afternoon hours. Very unstable air along with very strong low level wind shear resulted in a number of supercell thunderstorms. These storms produced numerous tornadoes, very large hail, and damaging wind gusts as they moved eastward across eastern Oklahoma during the evening hours.","A tornado developed just north of I-40 and south of Lake Eufaula, moved east-northeast across the lake, and then curved northeast before dissipating north-northeast of the intersection of Highway 266 and Highway 72. The tornado severely damaged homes and mobile homes, destroyed several barns, snapped or uprooted numerous trees, and blew down power poles. The estimated peak wind in the tornado based on this damage was 115 mph.",CSV
201005,10,1828,201005,10,1830,39118,237636,OKLAHOMA,40,2010,May,Tornado,C,91,MCINTOSH,TSA,10-MAY-10 18:28:00,CST-6,10-MAY-10 18:30:00,0,0,0,0,3.00K,0.00K,NWS Storm Survey,,,,,EF1,2.6,600.0,,,,,3.0,E,BURNEY,1.0,WNW,PIERCE,35.4239,-95.7757,35.4354,-95.7349,"Severe thunderstorms developed along and ahead of a dry line over central Oklahoma during the afternoon hours. Very unstable air along with very strong low level wind shear resulted in a number of supercell thunderstorms. These storms produced numerous tornadoes, very large hail, and damaging wind gusts as they moved eastward across eastern Oklahoma during the evening hours.",A tornado uprooted or snapped numerous trees and rolled a tractor. The estimated peak wind in the tornado based on this damage was 110 mph.,CSV
201005,13,507,201005,13,513,39128,237554,OKLAHOMA,40,2010,May,Tornado,C,115,OTTAWA,TSA,13-MAY-10 05:07:00,CST-6,13-MAY-10 05:13:00,0,0,0,0,25.00K,0.00K,NWS Storm Survey,,,,,EF1,5.9,500.0,,,,,7.0,SSE,FAIRLAND,8.0,SSE,WYANDOTTE,36.6701,-94.7875,36.6949,-94.6873,A line of thunderstorms intensified as it moved into eastern Oklahoma during the early morning hours of the 13th. A number of tornadoes developed on the leading edge of the bowing line of storms over northeastern Oklahoma. The storms also produced damaging wind gusts.,The tornado that developed near Copeland in Delaware County moved east-northeast across southern Ottawa County. The tornado uprooted or snapped numerous trees and damaged several homes in Ottawa County. The estimated peak wind in the tornado based on this damage was 100 mph.,CSV
201005,10,1831,201005,10,1832,39118,237641,OKLAHOMA,40,2010,May,Tornado,C,91,MCINTOSH,TSA,10-MAY-10 18:31:00,CST-6,10-MAY-10 18:32:00,0,0,0,0,2.00K,0.00K,NWS Storm Survey,,,,,EF1,0.5,150.0,,,,,0.0,NNE,PIERCE,1.0,NE,PIERCE,35.4362,-95.7177,35.4417,-95.7077,"Severe thunderstorms developed along and ahead of a dry line over central Oklahoma during the afternoon hours. Very unstable air along with very strong low level wind shear resulted in a number of supercell thunderstorms. These storms produced numerous tornadoes, very large hail, and damaging wind gusts as they moved eastward across eastern Oklahoma during the evening hours.","A tornado uprooted trees, snapped large tree limbs, and blew down power poles. The estimated peak wind in the tornado based on this damage was 85 mph.",CSV
201005,10,1832,201005,10,1832,39118,237643,OKLAHOMA,40,2010,May,Tornado,C,91,MCINTOSH,TSA,10-MAY-10 18:32:00,CST-6,10-MAY-10 18:32:00,0,0,0,0,0.00K,0.00K,NWS Storm Survey,,,,,EF0,0.2,75.0,,,,,2.0,NE,PIERCE,2.0,NE,PIERCE,35.4519,-95.7008,35.4519,-95.7008,"Severe thunderstorms developed along and ahead of a dry line over central Oklahoma during the afternoon hours. Very unstable air along with very strong low level wind shear resulted in a number of supercell thunderstorms. These storms produced numerous tornadoes, very large hail, and damaging wind gusts as they moved eastward across eastern Oklahoma during the evening hours.",A tornado snapped large tree limbs. The estimated peak wind in the tornado based on this damage was 80 mph.,CSV
201005,10,1911,201005,10,1920,39118,237651,OKLAHOMA,40,2010,May,Tornado,C,135,SEQUOYAH,TSA,10-MAY-10 19:11:00,CST-6,10-MAY-10 19:20:00,0,0,0,0,150.00K,0.00K,NWS Storm Survey,,,,,EF1,8.9,1250.0,,,,,4.0,N,GORE,1.0,E,BLACKGUM,35.5864,-95.1276,35.6163,-94.9739,"Severe thunderstorms developed along and ahead of a dry line over central Oklahoma during the afternoon hours. Very unstable air along with very strong low level wind shear resulted in a number of supercell thunderstorms. These storms produced numerous tornadoes, very large hail, and damaging wind gusts as they moved eastward across eastern Oklahoma during the evening hours.","The tornado that developed northwest of Webbers Falls in Muskogee County continued into Sequoyah County where it damaged docks on Tenkiller Lake, damaged several homes, snapped or uprooted numerous trees, and blew down power poles. The estimated peak wind in the tornado based on this damage was 110 mph.",CSV
201005,10,1927,201005,10,1931,39118,237653,OKLAHOMA,40,2010,May,Tornado,C,135,SEQUOYAH,TSA,10-MAY-10 19:27:00,CST-6,10-MAY-10 19:31:00,0,0,0,0,5.00K,0.00K,NWS Storm Survey,,,,,EF1,4.0,500.0,,,,,4.0,WSW,MARBLE CITY,1.0,ESE,MARBLE CITY,35.5535,-94.8769,35.5758,-94.8115,"Severe thunderstorms developed along and ahead of a dry line over central Oklahoma during the afternoon hours. Very unstable air along with very strong low level wind shear resulted in a number of supercell thunderstorms. These storms produced numerous tornadoes, very large hail, and damaging wind gusts as they moved eastward across eastern Oklahoma during the evening hours.","A tornado snapped or uprooted numerous trees, and blew down power poles. The estimated peak wind in the tornado based on this damage was 105 mph.",CSV
201005,10,1856,201005,10,1858,39118,237654,OKLAHOMA,40,2010,May,Tornado,C,101,MUSKOGEE,TSA,10-MAY-10 18:56:00,CST-6,10-MAY-10 18:58:00,0,0,0,0,10.00K,0.00K,NWS Storm Survey,,,,,EF1,2.0,400.0,,,,,3.0,SSW,MARTIN,2.0,S,MARTIN,35.5293,-95.3438,35.5357,-95.3145,"Severe thunderstorms developed along and ahead of a dry line over central Oklahoma during the afternoon hours. Very unstable air along with very strong low level wind shear resulted in a number of supercell thunderstorms. These storms produced numerous tornadoes, very large hail, and damaging wind gusts as they moved eastward across eastern Oklahoma during the evening hours.","A tornado snapped or uprooted numerous trees, damaged the roofs of a couple homes, and blew down power poles. The estimated peak wind in the tornado based on this damage was 105 mph.",CSV
201005,10,1833,201005,10,1840,39118,237645,OKLAHOMA,40,2010,May,Tornado,C,91,MCINTOSH,TSA,10-MAY-10 18:33:00,CST-6,10-MAY-10 18:40:00,0,0,0,0,200.00K,0.00K,NWS Storm Survey,,,,,EF1,6.5,1100.0,,,,,1.0,S,RICHARDSVILLE,5.0,WSW,RENTIESVILLE,35.4634,-95.6807,35.493,-95.5733,"Severe thunderstorms developed along and ahead of a dry line over central Oklahoma during the afternoon hours. Very unstable air along with very strong low level wind shear resulted in a number of supercell thunderstorms. These storms produced numerous tornadoes, very large hail, and damaging wind gusts as they moved eastward across eastern Oklahoma during the evening hours.","An apparent anticyclonic tornado destroyed the fire department, severely damaged several mobile homes, damaged homes, snapped or uprooted numerous trees, and blew down power poles. The estimated peak wind in the tornado based on this damage was 105 mph.",CSV
201005,10,1835,201005,10,1836,39118,237646,OKLAHOMA,40,2010,May,Tornado,C,91,MCINTOSH,TSA,10-MAY-10 18:35:00,CST-6,10-MAY-10 18:36:00,0,0,0,0,200.00K,0.00K,NWS Storm Survey,,,,,EF2,1.3,200.0,,,,,2.0,SSE,HICHITA,2.0,ESE,HICHITA,35.497,-95.7354,35.5089,-95.7175,"Severe thunderstorms developed along and ahead of a dry line over central Oklahoma during the afternoon hours. Very unstable air along with very strong low level wind shear resulted in a number of supercell thunderstorms. These storms produced numerous tornadoes, very large hail, and damaging wind gusts as they moved eastward across eastern Oklahoma during the evening hours.","A tornado destroyed a mobile home and a barn, severely damaged a couple homes, snapped or uprooted numerous trees, and blew down power poles. The estimated peak wind in the tornado based on this damage was 115 mph.",CSV
201005,10,1846,201005,10,1856,39118,237647,OKLAHOMA,40,2010,May,Tornado,C,91,MCINTOSH,TSA,10-MAY-10 18:46:00,CST-6,10-MAY-10 18:56:00,0,0,0,0,30.00K,0.00K,NWS Storm Survey,,,,,EF1,6.5,800.0,,,,,2.0,SE,RENTIESVILLE,5.0,NNE,SHADY GROVE,35.5026,-95.4784,35.5448,-95.3733,"Severe thunderstorms developed along and ahead of a dry line over central Oklahoma during the afternoon hours. Very unstable air along with very strong low level wind shear resulted in a number of supercell thunderstorms. These storms produced numerous tornadoes, very large hail, and damaging wind gusts as they moved eastward across eastern Oklahoma during the evening hours.","A tornado severely damaged a mobile home, damaged a home, snapped or uprooted numerous trees, and blew down power poles. The estimated peak wind in the tornado based on this damage was 110 mph.",CSV
201005,19,1424,201005,19,1430,39956,232421,OKLAHOMA,40,2010,May,Tornado,C,43,DEWEY,OUN,19-MAY-10 14:24:00,CST-6,19-MAY-10 14:30:00,0,0,0,0,0.00K,0.00K,NWS Storm Survey,,,,,EF0,5.9,40.0,,,,,4.0,NNW,LEEDEY,5.0,SSW,CAMARGO,35.9235,-99.3774,35.9558,-99.313,"A large storm system moved through the southern and central Plains during the morning and afternoon of the 19th. Thunderstorms, some of them severe, had developed over the Texas panhandle and moved east into northwest and north central Oklahoma during the early morning hours. Additional development, aided by the low-level jet, occurred into parts of central Oklahoma, north of a warm front that was slowly moving north to near Interstate 40. ||By mid afternoon, the well-defined front was located from parts of west-central into central Oklahoma, just north of the Oklahoma City metro area. Two thunderstorms developed near and along the front, one over Roger Mills and Dewey counties, and the other over northern Blaine county. The storms quickly became tornadic, with the first tornado of the day occurring north of Leedey in Dewey county. Another tornado, and probably the most photographed one of the day, occurred just north of Hennessey. Tornadoes, most of them brief in duration, and large hail continued  across western and central Kingfisher county, and across northern Logan, southeast Garfield, and Payne counties. Another thunderstorm developed further east along the dry line later in the afternoon, and the storm eventually produced a tornado west of Prague in Lincoln county. ||Finally, two supercell thunderstorms developed further south along the dry line that moved into central Oklahoma. Although both showed significant rotation on radar, only the supercell that moved from Stephens through Murray counties produced tornadoes. Two tornadoes were reported, one just southeast of Wynnewood and another north of Sulphur.||Additional severe thunderstorms developed across southern Oklahoma, but the main impacts had shifted from tornadoes to large hail and very heavy rainfall. By the time it was all said and done, five main supercells had occurred over parts of western and central Oklahoma, producing at least nine tornadoes. Widespread significant damage did not occur due to the location/short duration of the tornadoes, and only three minor injuries were reported.","Video and radar evidence showed a tornado northwest of Leedey. The tornado moved over open country, with no known damage occurring.",CSV
201005,19,1541,201005,19,1548,39956,232422,OKLAHOMA,40,2010,May,Tornado,C,73,KINGFISHER,OUN,19-MAY-10 15:41:00,CST-6,19-MAY-10 15:48:00,0,0,0,0,0.00K,0.00K,NWS Storm Survey,,,,,EF0,0.1,50.0,,,,,1.0,NW,HENNESSEY,1.0,NW,HENNESSEY,36.1202,-97.9127,36.1202,-97.9127,"A large storm system moved through the southern and central Plains during the morning and afternoon of the 19th. Thunderstorms, some of them severe, had developed over the Texas panhandle and moved east into northwest and north central Oklahoma during the early morning hours. Additional development, aided by the low-level jet, occurred into parts of central Oklahoma, north of a warm front that was slowly moving north to near Interstate 40. ||By mid afternoon, the well-defined front was located from parts of west-central into central Oklahoma, just north of the Oklahoma City metro area. Two thunderstorms developed near and along the front, one over Roger Mills and Dewey counties, and the other over northern Blaine county. The storms quickly became tornadic, with the first tornado of the day occurring north of Leedey in Dewey county. Another tornado, and probably the most photographed one of the day, occurred just north of Hennessey. Tornadoes, most of them brief in duration, and large hail continued  across western and central Kingfisher county, and across northern Logan, southeast Garfield, and Payne counties. Another thunderstorm developed further east along the dry line later in the afternoon, and the storm eventually produced a tornado west of Prague in Lincoln county. ||Finally, two supercell thunderstorms developed further south along the dry line that moved into central Oklahoma. Although both showed significant rotation on radar, only the supercell that moved from Stephens through Murray counties produced tornadoes. Two tornadoes were reported, one just southeast of Wynnewood and another north of Sulphur.||Additional severe thunderstorms developed across southern Oklahoma, but the main impacts had shifted from tornadoes to large hail and very heavy rainfall. By the time it was all said and done, five main supercells had occurred over parts of western and central Oklahoma, producing at least nine tornadoes. Widespread significant damage did not occur due to the location/short duration of the tornadoes, and only three minor injuries were reported.",The tornado remained nearly stationary. No known damage occurred with the tornado.,CSV
201005,19,1608,201005,19,1608,39956,232562,OKLAHOMA,40,2010,May,Tornado,C,73,KINGFISHER,OUN,19-MAY-10 16:08:00,CST-6,19-MAY-10 16:08:00,0,0,0,0,0.00K,0.00K,NWS Storm Survey,,,,,EF0,0.1,10.0,,,,,10.0,E,HENNESSEY,10.0,E,HENNESSEY,36.11,-97.7209,36.11,-97.7209,"A large storm system moved through the southern and central Plains during the morning and afternoon of the 19th. Thunderstorms, some of them severe, had developed over the Texas panhandle and moved east into northwest and north central Oklahoma during the early morning hours. Additional development, aided by the low-level jet, occurred into parts of central Oklahoma, north of a warm front that was slowly moving north to near Interstate 40. ||By mid afternoon, the well-defined front was located from parts of west-central into central Oklahoma, just north of the Oklahoma City metro area. Two thunderstorms developed near and along the front, one over Roger Mills and Dewey counties, and the other over northern Blaine county. The storms quickly became tornadic, with the first tornado of the day occurring north of Leedey in Dewey county. Another tornado, and probably the most photographed one of the day, occurred just north of Hennessey. Tornadoes, most of them brief in duration, and large hail continued  across western and central Kingfisher county, and across northern Logan, southeast Garfield, and Payne counties. Another thunderstorm developed further east along the dry line later in the afternoon, and the storm eventually produced a tornado west of Prague in Lincoln county. ||Finally, two supercell thunderstorms developed further south along the dry line that moved into central Oklahoma. Although both showed significant rotation on radar, only the supercell that moved from Stephens through Murray counties produced tornadoes. Two tornadoes were reported, one just southeast of Wynnewood and another north of Sulphur.||Additional severe thunderstorms developed across southern Oklahoma, but the main impacts had shifted from tornadoes to large hail and very heavy rainfall. By the time it was all said and done, five main supercells had occurred over parts of western and central Oklahoma, producing at least nine tornadoes. Widespread significant damage did not occur due to the location/short duration of the tornadoes, and only three minor injuries were reported.",Video and radar evidence showed a brief tornado occurring 10 miles east of Hennessey. No known damage occurred with the radar. The timing and location of the tornado were estimated based on radar.,CSV
201005,19,1624,201005,19,1627,39956,232563,OKLAHOMA,40,2010,May,Tornado,C,83,LOGAN,OUN,19-MAY-10 16:24:00,CST-6,19-MAY-10 16:27:00,0,0,0,0,0.00K,0.00K,NWS Storm Survey,,,,,EF0,1.56,20.0,,,,,4.0,SSE,MARSHALL,4.0,SE,MARSHALL,36.1065,-97.5926,36.1191,-97.5693,"A large storm system moved through the southern and central Plains during the morning and afternoon of the 19th. Thunderstorms, some of them severe, had developed over the Texas panhandle and moved east into northwest and north central Oklahoma during the early morning hours. Additional development, aided by the low-level jet, occurred into parts of central Oklahoma, north of a warm front that was slowly moving north to near Interstate 40. ||By mid afternoon, the well-defined front was located from parts of west-central into central Oklahoma, just north of the Oklahoma City metro area. Two thunderstorms developed near and along the front, one over Roger Mills and Dewey counties, and the other over northern Blaine county. The storms quickly became tornadic, with the first tornado of the day occurring north of Leedey in Dewey county. Another tornado, and probably the most photographed one of the day, occurred just north of Hennessey. Tornadoes, most of them brief in duration, and large hail continued  across western and central Kingfisher county, and across northern Logan, southeast Garfield, and Payne counties. Another thunderstorm developed further east along the dry line later in the afternoon, and the storm eventually produced a tornado west of Prague in Lincoln county. ||Finally, two supercell thunderstorms developed further south along the dry line that moved into central Oklahoma. Although both showed significant rotation on radar, only the supercell that moved from Stephens through Murray counties produced tornadoes. Two tornadoes were reported, one just southeast of Wynnewood and another north of Sulphur.||Additional severe thunderstorms developed across southern Oklahoma, but the main impacts had shifted from tornadoes to large hail and very heavy rainfall. By the time it was all said and done, five main supercells had occurred over parts of western and central Oklahoma, producing at least nine tornadoes. Widespread significant damage did not occur due to the location/short duration of the tornadoes, and only three minor injuries were reported.",Video and radar evidence suggest a mostly rain-wrapped tornado occurred from 4 miles SSE of Marshall to 4 miles SE of Marshall. No known damage occurred with the tornado.,CSV
201005,19,1704,201005,19,1705,39956,232663,OKLAHOMA,40,2010,May,Tornado,C,83,LOGAN,OUN,19-MAY-10 17:04:00,CST-6,19-MAY-10 17:05:00,0,0,0,0,0.00K,0.00K,NWS Storm Survey,,,,,EF0,0.1,10.0,,,,,2.0,SE,ORLANDO,2.0,SE,ORLANDO,36.1295,-97.3547,36.1295,-97.3547,"A large storm system moved through the southern and central Plains during the morning and afternoon of the 19th. Thunderstorms, some of them severe, had developed over the Texas panhandle and moved east into northwest and north central Oklahoma during the early morning hours. Additional development, aided by the low-level jet, occurred into parts of central Oklahoma, north of a warm front that was slowly moving north to near Interstate 40. ||By mid afternoon, the well-defined front was located from parts of west-central into central Oklahoma, just north of the Oklahoma City metro area. Two thunderstorms developed near and along the front, one over Roger Mills and Dewey counties, and the other over northern Blaine county. The storms quickly became tornadic, with the first tornado of the day occurring north of Leedey in Dewey county. Another tornado, and probably the most photographed one of the day, occurred just north of Hennessey. Tornadoes, most of them brief in duration, and large hail continued  across western and central Kingfisher county, and across northern Logan, southeast Garfield, and Payne counties. Another thunderstorm developed further east along the dry line later in the afternoon, and the storm eventually produced a tornado west of Prague in Lincoln county. ||Finally, two supercell thunderstorms developed further south along the dry line that moved into central Oklahoma. Although both showed significant rotation on radar, only the supercell that moved from Stephens through Murray counties produced tornadoes. Two tornadoes were reported, one just southeast of Wynnewood and another north of Sulphur.||Additional severe thunderstorms developed across southern Oklahoma, but the main impacts had shifted from tornadoes to large hail and very heavy rainfall. By the time it was all said and done, five main supercells had occurred over parts of western and central Oklahoma, producing at least nine tornadoes. Widespread significant damage did not occur due to the location/short duration of the tornadoes, and only three minor injuries were reported.",Radar and local media coverage suggest a brief tornado occurred 2 miles southeast of Orlando. No known damage occurred with the tornado.,CSV
201005,19,1931,201005,19,1940,39956,232680,OKLAHOMA,40,2010,May,Tornado,C,49,GARVIN,OUN,19-MAY-10 19:31:00,CST-6,19-MAY-10 19:40:00,0,0,0,0,,0.00K,NWS Storm Survey,,,,,EF0,5.5,375.0,OUN,OK,99.0,MURRAY,7.0,NE,HENNEPIN,4.0,SSW,WYNNEWOOD,34.5778,-97.2676,34.59,-97.1734,"A large storm system moved through the southern and central Plains during the morning and afternoon of the 19th. Thunderstorms, some of them severe, had developed over the Texas panhandle and moved east into northwest and north central Oklahoma during the early morning hours. Additional development, aided by the low-level jet, occurred into parts of central Oklahoma, north of a warm front that was slowly moving north to near Interstate 40. ||By mid afternoon, the well-defined front was located from parts of west-central into central Oklahoma, just north of the Oklahoma City metro area. Two thunderstorms developed near and along the front, one over Roger Mills and Dewey counties, and the other over northern Blaine county. The storms quickly became tornadic, with the first tornado of the day occurring north of Leedey in Dewey county. Another tornado, and probably the most photographed one of the day, occurred just north of Hennessey. Tornadoes, most of them brief in duration, and large hail continued  across western and central Kingfisher county, and across northern Logan, southeast Garfield, and Payne counties. Another thunderstorm developed further east along the dry line later in the afternoon, and the storm eventually produced a tornado west of Prague in Lincoln county. ||Finally, two supercell thunderstorms developed further south along the dry line that moved into central Oklahoma. Although both showed significant rotation on radar, only the supercell that moved from Stephens through Murray counties produced tornadoes. Two tornadoes were reported, one just southeast of Wynnewood and another north of Sulphur.||Additional severe thunderstorms developed across southern Oklahoma, but the main impacts had shifted from tornadoes to large hail and very heavy rainfall. By the time it was all said and done, five main supercells had occurred over parts of western and central Oklahoma, producing at least nine tornadoes. Widespread significant damage did not occur due to the location/short duration of the tornadoes, and only three minor injuries were reported.","The tornado developed 7 miles west-southwest of Wynnewood in Garvin county, and continued into Murray county, where the bulk of the damage occurred. Minor tree damage occurred on the Garvin county side of the tornado. Monetary damage estimates were not available.",CSV
201005,19,1633,201005,19,1700,39956,232671,OKLAHOMA,40,2010,May,Tornado,C,73,KINGFISHER,OUN,19-MAY-10 16:33:00,CST-6,19-MAY-10 17:00:00,1,0,0,0,,0.00K,NWS Storm Survey,,,,,EF1,14.0,75.0,,,,,1.0,W,LOYAL,5.0,NNE,KINGFISHER,35.97,-98.1379,35.9269,-97.8958,"A large storm system moved through the southern and central Plains during the morning and afternoon of the 19th. Thunderstorms, some of them severe, had developed over the Texas panhandle and moved east into northwest and north central Oklahoma during the early morning hours. Additional development, aided by the low-level jet, occurred into parts of central Oklahoma, north of a warm front that was slowly moving north to near Interstate 40. ||By mid afternoon, the well-defined front was located from parts of west-central into central Oklahoma, just north of the Oklahoma City metro area. Two thunderstorms developed near and along the front, one over Roger Mills and Dewey counties, and the other over northern Blaine county. The storms quickly became tornadic, with the first tornado of the day occurring north of Leedey in Dewey county. Another tornado, and probably the most photographed one of the day, occurred just north of Hennessey. Tornadoes, most of them brief in duration, and large hail continued  across western and central Kingfisher county, and across northern Logan, southeast Garfield, and Payne counties. Another thunderstorm developed further east along the dry line later in the afternoon, and the storm eventually produced a tornado west of Prague in Lincoln county. ||Finally, two supercell thunderstorms developed further south along the dry line that moved into central Oklahoma. Although both showed significant rotation on radar, only the supercell that moved from Stephens through Murray counties produced tornadoes. Two tornadoes were reported, one just southeast of Wynnewood and another north of Sulphur.||Additional severe thunderstorms developed across southern Oklahoma, but the main impacts had shifted from tornadoes to large hail and very heavy rainfall. By the time it was all said and done, five main supercells had occurred over parts of western and central Oklahoma, producing at least nine tornadoes. Widespread significant damage did not occur due to the location/short duration of the tornadoes, and only three minor injuries were reported.","The tornado developed just west of Loyal, where an un-anchored trailer home was destroyed and a power pole was downed. The tornado continued east toward the southern edge of Loyal, with tree damage reported in Loyal. The tornado crossed US Highway 81 north of Kingfisher, and a truck was blown off the road with the driver suffering minor injuries. Also near this location, the Department of Transportation salt barn was destroyed five miles north of Kingfisher and sign/fence damage occurred just east of this location. Monetary damage estimates were not available.",CSV
201005,13,405,201005,13,412,39128,237547,OKLAHOMA,40,2010,May,Tornado,C,131,ROGERS,TSA,13-MAY-10 04:05:00,CST-6,13-MAY-10 04:12:00,0,0,0,0,750.00K,0.00K,NWS Storm Survey,,,,,EF2,6.0,450.0,,,,,3.0,N,CATOOSA,3.0,NE,VERDIGRIS,36.2224,-95.7481,36.2552,-95.6443,A line of thunderstorms intensified as it moved into eastern Oklahoma during the early morning hours of the 13th. A number of tornadoes developed on the leading edge of the bowing line of storms over northeastern Oklahoma. The storms also produced damaging wind gusts.,"A tornado developed near the Port of Catoosa where it damaged a metal building structure and blew down trees and power poles. The tornado moved northeast across portions of Verdigris, severely damaging several homes, destroying barns, snapping or uprooting numerous trees, and blowing down power poles. The estimated peak wind in the tornado based on this damage was 120 mph.",CSV
201005,10,1639,201005,10,1650,39859,231968,OKLAHOMA,40,2010,May,Tornado,C,27,CLEVELAND,OUN,10-MAY-10 16:39:00,CST-6,10-MAY-10 16:50:00,3,0,0,0,0.00K,0.00K,NWS Storm Survey,,,,,EF2,12.0,440.0,OUN,OK,125.0,POTTAWATOMIE,4.0,ENE,SLAUGHTERVILLE,5.0,ENE,LAKE THUNDERBIRD DAM,35.118,-97.274,35.248,-97.142,"A significant outbreak of severe thunderstorms and tornadoes affected a large part of northern, central, and southern Oklahoma. Tornadoes were most numerous across central and southern Oklahoma, with significant damage occurring over many areas. |Severe thunderstorms erupted by mid afternoon across northern and western Oklahoma. Given the potent combination of ingredients in place, storms began to produce tornadoes quickly after initiation. Storm motions of 50 to 60 mph were common.||During the mid afternoon hours, severe weather was confined to northern Oklahoma. It was there a long track supercell storm produced tornadoes near the Kansas border - including one rated EF3 - from near Wakita to north of Braman.||The capping inversion that had delayed thunderstorm development into central Oklahoma weakened, allowing for explosive supercell development along the dry line along and west of the Interstate 35 corridor. Rapid development and intensification was common with the late afternoon storms, with storms becoming tornadic within a very short time after initiation. This round of storms would directly impact a large part of the Oklahoma City metro area at rush hour, and posed a significant threat to the area. The first tornado in this area occurred in Canadian County.||During the next several hours, tornadoes were clustered around the metro area, and at times there were multiple significant damaging tornadoes occurring simultaneously. Several of the tornadoes had long tracks. Damage from the tornadoes was substantial, with numerous structures, vehicles, trees and power poles/lines significantly damaged or destroyed. One of the more intense tornadoes moved across Lake Thunderbird east of Norman destroying numerous boats.||More storms developed across southwest and south central Oklahoma, and also quickly became tornadic. ||By 9 pm, 35 tornadoes had been reported. While the loss of three lives was tragic, the casualties could have been much higher given the storm's fast motions, their intensity, the time of day and the areas impacted. ||While exact monetary damage figures were not available, it is estimated that losses were in excess of $595 million. At least 450 sustained injuries, most of them minor. Unfortunately three people lost their lives. ||Note: The large number of injuries and tornadoes made it difficult to associate injuries with specific tornadoes. Injury numbers were included when we had confidence in the numbers. ||Note: The complex nature of storm evolutions and interactions made the job of classifying tornadoes difficult. This represents our best scientific assessment based on ground and aerial surveys, data from multiple radars, photographic and video evidence and anecdotal information.","Cleveland County portion of tornado #J3. The tornado developed west of SE 120th Avenue between Maguire Road and Cemetary Road.  The tornado moved through a mobile home park northeast of SE 120th Avenue and Maguire Road causing significant damage to a number of the mobile homes and injuring 2 people.  The tornado continue to cause tree damage as it moved northeast, then heavily damaged the Country Boy IGA grocery store and service station on State Highway 9 to the east of Lake Thunderbird.  The tornado began to move east-northeast and moved into Pottawatomie County along State Highway 9 about one minute before tornado #J1 also crossed into Pottawatomie County at about the same location.",CSV
201005,10,1650,201005,10,1659,39859,231972,OKLAHOMA,40,2010,May,Tornado,C,125,POTTAWATOMIE,OUN,10-MAY-10 16:50:00,CST-6,10-MAY-10 16:59:00,0,0,0,0,0.00K,0.00K,NWS Storm Survey,,,,,EF1,5.35,300.0,,,,,1.0,WSW,PINK,4.0,E,PINK,35.248,-97.142,35.271,-97.052,"A significant outbreak of severe thunderstorms and tornadoes affected a large part of northern, central, and southern Oklahoma. Tornadoes were most numerous across central and southern Oklahoma, with significant damage occurring over many areas. |Severe thunderstorms erupted by mid afternoon across northern and western Oklahoma. Given the potent combination of ingredients in place, storms began to produce tornadoes quickly after initiation. Storm motions of 50 to 60 mph were common.||During the mid afternoon hours, severe weather was confined to northern Oklahoma. It was there a long track supercell storm produced tornadoes near the Kansas border - including one rated EF3 - from near Wakita to north of Braman.||The capping inversion that had delayed thunderstorm development into central Oklahoma weakened, allowing for explosive supercell development along the dry line along and west of the Interstate 35 corridor. Rapid development and intensification was common with the late afternoon storms, with storms becoming tornadic within a very short time after initiation. This round of storms would directly impact a large part of the Oklahoma City metro area at rush hour, and posed a significant threat to the area. The first tornado in this area occurred in Canadian County.||During the next several hours, tornadoes were clustered around the metro area, and at times there were multiple significant damaging tornadoes occurring simultaneously. Several of the tornadoes had long tracks. Damage from the tornadoes was substantial, with numerous structures, vehicles, trees and power poles/lines significantly damaged or destroyed. One of the more intense tornadoes moved across Lake Thunderbird east of Norman destroying numerous boats.||More storms developed across southwest and south central Oklahoma, and also quickly became tornadic. ||By 9 pm, 35 tornadoes had been reported. While the loss of three lives was tragic, the casualties could have been much higher given the storm's fast motions, their intensity, the time of day and the areas impacted. ||While exact monetary damage figures were not available, it is estimated that losses were in excess of $595 million. At least 450 sustained injuries, most of them minor. Unfortunately three people lost their lives. ||Note: The large number of injuries and tornadoes made it difficult to associate injuries with specific tornadoes. Injury numbers were included when we had confidence in the numbers. ||Note: The complex nature of storm evolutions and interactions made the job of classifying tornadoes difficult. This represents our best scientific assessment based on ground and aerial surveys, data from multiple radars, photographic and video evidence and anecdotal information.",Pottawatomie County portion of Tornado #J3.  The tornado moved into Pottawatomie County from Cleveland County and was generally about one mile northeast of tornado #J1 in Pottawatomie County.  This tornado continued north of State Highway 9 causing tree and roof damage on the west side of State Highway 102 before dissipating.,CSV
201005,10,1656,201005,10,1711,39859,231985,OKLAHOMA,40,2010,May,Tornado,C,125,POTTAWATOMIE,OUN,10-MAY-10 16:56:00,CST-6,10-MAY-10 17:11:00,2,0,0,0,0.00K,0.00K,NWS Storm Survey,,,,,EF3,12.0,1760.0,OUN,OK,133.0,SEMINOLE,3.0,WSW,TECUMSEH,2.0,NE,EARLSBORO,35.246,-96.984,35.283,-96.777,"A significant outbreak of severe thunderstorms and tornadoes affected a large part of northern, central, and southern Oklahoma. Tornadoes were most numerous across central and southern Oklahoma, with significant damage occurring over many areas. |Severe thunderstorms erupted by mid afternoon across northern and western Oklahoma. Given the potent combination of ingredients in place, storms began to produce tornadoes quickly after initiation. Storm motions of 50 to 60 mph were common.||During the mid afternoon hours, severe weather was confined to northern Oklahoma. It was there a long track supercell storm produced tornadoes near the Kansas border - including one rated EF3 - from near Wakita to north of Braman.||The capping inversion that had delayed thunderstorm development into central Oklahoma weakened, allowing for explosive supercell development along the dry line along and west of the Interstate 35 corridor. Rapid development and intensification was common with the late afternoon storms, with storms becoming tornadic within a very short time after initiation. This round of storms would directly impact a large part of the Oklahoma City metro area at rush hour, and posed a significant threat to the area. The first tornado in this area occurred in Canadian County.||During the next several hours, tornadoes were clustered around the metro area, and at times there were multiple significant damaging tornadoes occurring simultaneously. Several of the tornadoes had long tracks. Damage from the tornadoes was substantial, with numerous structures, vehicles, trees and power poles/lines significantly damaged or destroyed. One of the more intense tornadoes moved across Lake Thunderbird east of Norman destroying numerous boats.||More storms developed across southwest and south central Oklahoma, and also quickly became tornadic. ||By 9 pm, 35 tornadoes had been reported. While the loss of three lives was tragic, the casualties could have been much higher given the storm's fast motions, their intensity, the time of day and the areas impacted. ||While exact monetary damage figures were not available, it is estimated that losses were in excess of $595 million. At least 450 sustained injuries, most of them minor. Unfortunately three people lost their lives. ||Note: The large number of injuries and tornadoes made it difficult to associate injuries with specific tornadoes. Injury numbers were included when we had confidence in the numbers. ||Note: The complex nature of storm evolutions and interactions made the job of classifying tornadoes difficult. This represents our best scientific assessment based on ground and aerial surveys, data from multiple radars, photographic and video evidence and anecdotal information.","This tornado lasted for at least 30 miles and continued into Seminole and Okfuskee counties, with significant damage along almost its entire path. At times, the tornado damage path widened up to a mile. The most significant damage was located north and northeast of Earlsboro near the Pottawatomie/Seminole county border. Here a two story home was destroyed except for a few interior walls. A pick-up truck was also lofted approximately a quarter of a mile, and a semi-trailer was lofted or rolled approximately 200 yards. Farther east along its path, seven high tension towers were downed. Significant tree damage was reported along the entire track of the tornado, some of them debarked and stripped off all their branches. This tornado is labeled #J4.||This tornado moved into Seminole County.",CSV
201005,19,1703,201005,19,1736,39956,237737,OKLAHOMA,40,2010,May,Tornado,C,119,PAYNE,OUN,19-MAY-10 17:03:00,CST-6,19-MAY-10 17:36:00,0,0,0,0,,0.00K,NWS Storm Survey,,,,,EF1,10.55,200.0,,,,,15.0,W,STILLWATER,5.0,WNW,STILLWATER,36.12,-97.3288,36.1477,-97.1428,"A large storm system moved through the southern and central Plains during the morning and afternoon of the 19th. Thunderstorms, some of them severe, had developed over the Texas panhandle and moved east into northwest and north central Oklahoma during the early morning hours. Additional development, aided by the low-level jet, occurred into parts of central Oklahoma, north of a warm front that was slowly moving north to near Interstate 40. ||By mid afternoon, the well-defined front was located from parts of west-central into central Oklahoma, just north of the Oklahoma City metro area. Two thunderstorms developed near and along the front, one over Roger Mills and Dewey counties, and the other over northern Blaine county. The storms quickly became tornadic, with the first tornado of the day occurring north of Leedey in Dewey county. Another tornado, and probably the most photographed one of the day, occurred just north of Hennessey. Tornadoes, most of them brief in duration, and large hail continued  across western and central Kingfisher county, and across northern Logan, southeast Garfield, and Payne counties. Another thunderstorm developed further east along the dry line later in the afternoon, and the storm eventually produced a tornado west of Prague in Lincoln county. ||Finally, two supercell thunderstorms developed further south along the dry line that moved into central Oklahoma. Although both showed significant rotation on radar, only the supercell that moved from Stephens through Murray counties produced tornadoes. Two tornadoes were reported, one just southeast of Wynnewood and another north of Sulphur.||Additional severe thunderstorms developed across southern Oklahoma, but the main impacts had shifted from tornadoes to large hail and very heavy rainfall. By the time it was all said and done, five main supercells had occurred over parts of western and central Oklahoma, producing at least nine tornadoes. Widespread significant damage did not occur due to the location/short duration of the tornadoes, and only three minor injuries were reported.","Radar and video evidence showed a tornado moved from just east of Interstate 35, over Lake Carl Blackwell, to five miles west of Stillwater. Most of the damage occurred at Range and McElroy Roads. Much of the damage was confined to trees. However, a large wooden barn sustained damage, as well as a tin roof taken off a home, and other outbuildings were damaged. Monetary damage estimates were not available.",CSV
201005,10,1754,201005,10,1756,39859,231990,OKLAHOMA,40,2010,May,Tornado,C,85,LOVE,OUN,10-MAY-10 17:54:00,CST-6,10-MAY-10 17:56:00,0,0,0,0,0.00K,0.00K,NWS Storm Survey,,,,,EF1,2.0,200.0,,,,,5.0,ENE,MARIETTA,7.0,SSE,LAKE MURRAY DAM,33.956,-97.037,33.946,-97.004,"A significant outbreak of severe thunderstorms and tornadoes affected a large part of northern, central, and southern Oklahoma. Tornadoes were most numerous across central and southern Oklahoma, with significant damage occurring over many areas. |Severe thunderstorms erupted by mid afternoon across northern and western Oklahoma. Given the potent combination of ingredients in place, storms began to produce tornadoes quickly after initiation. Storm motions of 50 to 60 mph were common.||During the mid afternoon hours, severe weather was confined to northern Oklahoma. It was there a long track supercell storm produced tornadoes near the Kansas border - including one rated EF3 - from near Wakita to north of Braman.||The capping inversion that had delayed thunderstorm development into central Oklahoma weakened, allowing for explosive supercell development along the dry line along and west of the Interstate 35 corridor. Rapid development and intensification was common with the late afternoon storms, with storms becoming tornadic within a very short time after initiation. This round of storms would directly impact a large part of the Oklahoma City metro area at rush hour, and posed a significant threat to the area. The first tornado in this area occurred in Canadian County.||During the next several hours, tornadoes were clustered around the metro area, and at times there were multiple significant damaging tornadoes occurring simultaneously. Several of the tornadoes had long tracks. Damage from the tornadoes was substantial, with numerous structures, vehicles, trees and power poles/lines significantly damaged or destroyed. One of the more intense tornadoes moved across Lake Thunderbird east of Norman destroying numerous boats.||More storms developed across southwest and south central Oklahoma, and also quickly became tornadic. ||By 9 pm, 35 tornadoes had been reported. While the loss of three lives was tragic, the casualties could have been much higher given the storm's fast motions, their intensity, the time of day and the areas impacted. ||While exact monetary damage figures were not available, it is estimated that losses were in excess of $595 million. At least 450 sustained injuries, most of them minor. Unfortunately three people lost their lives. ||Note: The large number of injuries and tornadoes made it difficult to associate injuries with specific tornadoes. Injury numbers were included when we had confidence in the numbers. ||Note: The complex nature of storm evolutions and interactions made the job of classifying tornadoes difficult. This represents our best scientific assessment based on ground and aerial surveys, data from multiple radars, photographic and video evidence and anecdotal information.","Lots of trees were damaged along the tornadoes path. At beginning of the path, a local store sustained EF1 damage. Other minor damage to structures was reported along its track. This tornado is labeled #K1. Monetary damages were estimated.",CSV
201005,10,1808,201005,10,1809,39859,231992,OKLAHOMA,40,2010,May,Tornado,C,95,MARSHALL,OUN,10-MAY-10 18:08:00,CST-6,10-MAY-10 18:09:00,0,0,0,0,0.00K,0.00K,Trained Spotter,,,,,EF0,0.7,40.0,,,,,2.0,SSE,LEBANON,3.0,SE,LEBANON,33.951,-96.888,33.949,-96.876,"A significant outbreak of severe thunderstorms and tornadoes affected a large part of northern, central, and southern Oklahoma. Tornadoes were most numerous across central and southern Oklahoma, with significant damage occurring over many areas. |Severe thunderstorms erupted by mid afternoon across northern and western Oklahoma. Given the potent combination of ingredients in place, storms began to produce tornadoes quickly after initiation. Storm motions of 50 to 60 mph were common.||During the mid afternoon hours, severe weather was confined to northern Oklahoma. It was there a long track supercell storm produced tornadoes near the Kansas border - including one rated EF3 - from near Wakita to north of Braman.||The capping inversion that had delayed thunderstorm development into central Oklahoma weakened, allowing for explosive supercell development along the dry line along and west of the Interstate 35 corridor. Rapid development and intensification was common with the late afternoon storms, with storms becoming tornadic within a very short time after initiation. This round of storms would directly impact a large part of the Oklahoma City metro area at rush hour, and posed a significant threat to the area. The first tornado in this area occurred in Canadian County.||During the next several hours, tornadoes were clustered around the metro area, and at times there were multiple significant damaging tornadoes occurring simultaneously. Several of the tornadoes had long tracks. Damage from the tornadoes was substantial, with numerous structures, vehicles, trees and power poles/lines significantly damaged or destroyed. One of the more intense tornadoes moved across Lake Thunderbird east of Norman destroying numerous boats.||More storms developed across southwest and south central Oklahoma, and also quickly became tornadic. ||By 9 pm, 35 tornadoes had been reported. While the loss of three lives was tragic, the casualties could have been much higher given the storm's fast motions, their intensity, the time of day and the areas impacted. ||While exact monetary damage figures were not available, it is estimated that losses were in excess of $595 million. At least 450 sustained injuries, most of them minor. Unfortunately three people lost their lives. ||Note: The large number of injuries and tornadoes made it difficult to associate injuries with specific tornadoes. Injury numbers were included when we had confidence in the numbers. ||Note: The complex nature of storm evolutions and interactions made the job of classifying tornadoes difficult. This represents our best scientific assessment based on ground and aerial surveys, data from multiple radars, photographic and video evidence and anecdotal information.",Tornado #K2.  This tornado was observed by spotters near Lebanon.  No damage was reported and the location is estimated.,CSV
201005,10,1815,201005,10,1816,39859,231995,OKLAHOMA,40,2010,May,Tornado,C,95,MARSHALL,OUN,10-MAY-10 18:15:00,CST-6,10-MAY-10 18:16:00,0,0,0,0,0.00K,0.00K,Trained Spotter,,,,,EF0,0.63,40.0,,,,,3.0,NW,WILLIS,3.0,NW,WILLIS,33.919,-96.871,33.92,-96.86,"A significant outbreak of severe thunderstorms and tornadoes affected a large part of northern, central, and southern Oklahoma. Tornadoes were most numerous across central and southern Oklahoma, with significant damage occurring over many areas. |Severe thunderstorms erupted by mid afternoon across northern and western Oklahoma. Given the potent combination of ingredients in place, storms began to produce tornadoes quickly after initiation. Storm motions of 50 to 60 mph were common.||During the mid afternoon hours, severe weather was confined to northern Oklahoma. It was there a long track supercell storm produced tornadoes near the Kansas border - including one rated EF3 - from near Wakita to north of Braman.||The capping inversion that had delayed thunderstorm development into central Oklahoma weakened, allowing for explosive supercell development along the dry line along and west of the Interstate 35 corridor. Rapid development and intensification was common with the late afternoon storms, with storms becoming tornadic within a very short time after initiation. This round of storms would directly impact a large part of the Oklahoma City metro area at rush hour, and posed a significant threat to the area. The first tornado in this area occurred in Canadian County.||During the next several hours, tornadoes were clustered around the metro area, and at times there were multiple significant damaging tornadoes occurring simultaneously. Several of the tornadoes had long tracks. Damage from the tornadoes was substantial, with numerous structures, vehicles, trees and power poles/lines significantly damaged or destroyed. One of the more intense tornadoes moved across Lake Thunderbird east of Norman destroying numerous boats.||More storms developed across southwest and south central Oklahoma, and also quickly became tornadic. ||By 9 pm, 35 tornadoes had been reported. While the loss of three lives was tragic, the casualties could have been much higher given the storm's fast motions, their intensity, the time of day and the areas impacted. ||While exact monetary damage figures were not available, it is estimated that losses were in excess of $595 million. At least 450 sustained injuries, most of them minor. Unfortunately three people lost their lives. ||Note: The large number of injuries and tornadoes made it difficult to associate injuries with specific tornadoes. Injury numbers were included when we had confidence in the numbers. ||Note: The complex nature of storm evolutions and interactions made the job of classifying tornadoes difficult. This represents our best scientific assessment based on ground and aerial surveys, data from multiple radars, photographic and video evidence and anecdotal information.",Tornado #K3.  A second tornado was observed by spotters near Lebanon.  No damage was reported and the location is estimated.,CSV
201005,10,1648,201005,10,1702,39859,231997,OKLAHOMA,40,2010,May,Tornado,C,125,POTTAWATOMIE,OUN,10-MAY-10 16:48:00,CST-6,10-MAY-10 17:02:00,3,0,0,0,0.00K,0.00K,NWS Storm Survey,,,,,EF3,6.5,880.0,,,,,5.0,SW,DALE,3.0,ESE,DALE,35.34,-97.108,35.365,-96.997,"A significant outbreak of severe thunderstorms and tornadoes affected a large part of northern, central, and southern Oklahoma. Tornadoes were most numerous across central and southern Oklahoma, with significant damage occurring over many areas. |Severe thunderstorms erupted by mid afternoon across northern and western Oklahoma. Given the potent combination of ingredients in place, storms began to produce tornadoes quickly after initiation. Storm motions of 50 to 60 mph were common.||During the mid afternoon hours, severe weather was confined to northern Oklahoma. It was there a long track supercell storm produced tornadoes near the Kansas border - including one rated EF3 - from near Wakita to north of Braman.||The capping inversion that had delayed thunderstorm development into central Oklahoma weakened, allowing for explosive supercell development along the dry line along and west of the Interstate 35 corridor. Rapid development and intensification was common with the late afternoon storms, with storms becoming tornadic within a very short time after initiation. This round of storms would directly impact a large part of the Oklahoma City metro area at rush hour, and posed a significant threat to the area. The first tornado in this area occurred in Canadian County.||During the next several hours, tornadoes were clustered around the metro area, and at times there were multiple significant damaging tornadoes occurring simultaneously. Several of the tornadoes had long tracks. Damage from the tornadoes was substantial, with numerous structures, vehicles, trees and power poles/lines significantly damaged or destroyed. One of the more intense tornadoes moved across Lake Thunderbird east of Norman destroying numerous boats.||More storms developed across southwest and south central Oklahoma, and also quickly became tornadic. ||By 9 pm, 35 tornadoes had been reported. While the loss of three lives was tragic, the casualties could have been much higher given the storm's fast motions, their intensity, the time of day and the areas impacted. ||While exact monetary damage figures were not available, it is estimated that losses were in excess of $595 million. At least 450 sustained injuries, most of them minor. Unfortunately three people lost their lives. ||Note: The large number of injuries and tornadoes made it difficult to associate injuries with specific tornadoes. Injury numbers were included when we had confidence in the numbers. ||Note: The complex nature of storm evolutions and interactions made the job of classifying tornadoes difficult. This represents our best scientific assessment based on ground and aerial surveys, data from multiple radars, photographic and video evidence and anecdotal information.","This tornado is labeled #L1. The tornado developed near the junction of Walker and Ingram Roads, causing major damage to home and damaging several trees. The tornado crossed to the east side of the lake, downing high tension power lines and another residence. The tornado grew to its widest near Highway 102. Another home, a mobile home, and barn were severely damaged just east of the highway. Metal poles that were embedded in concrete at the barn were ripped out of the ground with the concrete still attached. A 80,000 pound box car was rolled about 300 yards. A few trees that were damaged were debarked. The tornado lifted south of Interstate 40.",CSV
201005,10,1752,201005,10,1754,39859,231998,OKLAHOMA,40,2010,May,Tornado,C,27,CLEVELAND,OUN,10-MAY-10 17:52:00,CST-6,10-MAY-10 17:54:00,0,0,0,0,0.00K,0.00K,NWS Storm Survey,,,,,EF0,2.0,80.0,,,,,7.0,E,LEXINGTON,9.0,E,LEXINGTON,35.02,-97.213,35.022,-97.179,"A significant outbreak of severe thunderstorms and tornadoes affected a large part of northern, central, and southern Oklahoma. Tornadoes were most numerous across central and southern Oklahoma, with significant damage occurring over many areas. |Severe thunderstorms erupted by mid afternoon across northern and western Oklahoma. Given the potent combination of ingredients in place, storms began to produce tornadoes quickly after initiation. Storm motions of 50 to 60 mph were common.||During the mid afternoon hours, severe weather was confined to northern Oklahoma. It was there a long track supercell storm produced tornadoes near the Kansas border - including one rated EF3 - from near Wakita to north of Braman.||The capping inversion that had delayed thunderstorm development into central Oklahoma weakened, allowing for explosive supercell development along the dry line along and west of the Interstate 35 corridor. Rapid development and intensification was common with the late afternoon storms, with storms becoming tornadic within a very short time after initiation. This round of storms would directly impact a large part of the Oklahoma City metro area at rush hour, and posed a significant threat to the area. The first tornado in this area occurred in Canadian County.||During the next several hours, tornadoes were clustered around the metro area, and at times there were multiple significant damaging tornadoes occurring simultaneously. Several of the tornadoes had long tracks. Damage from the tornadoes was substantial, with numerous structures, vehicles, trees and power poles/lines significantly damaged or destroyed. One of the more intense tornadoes moved across Lake Thunderbird east of Norman destroying numerous boats.||More storms developed across southwest and south central Oklahoma, and also quickly became tornadic. ||By 9 pm, 35 tornadoes had been reported. While the loss of three lives was tragic, the casualties could have been much higher given the storm's fast motions, their intensity, the time of day and the areas impacted. ||While exact monetary damage figures were not available, it is estimated that losses were in excess of $595 million. At least 450 sustained injuries, most of them minor. Unfortunately three people lost their lives. ||Note: The large number of injuries and tornadoes made it difficult to associate injuries with specific tornadoes. Injury numbers were included when we had confidence in the numbers. ||Note: The complex nature of storm evolutions and interactions made the job of classifying tornadoes difficult. This represents our best scientific assessment based on ground and aerial surveys, data from multiple radars, photographic and video evidence and anecdotal information.",Tornado #M1.  This tornado moved east in eastern Cleveland County just north of State Highway 39 damaging trees. No structural damage was reported.,CSV
201005,10,1905,201005,10,1909,39859,231999,OKLAHOMA,40,2010,May,Tornado,C,69,JOHNSTON,OUN,10-MAY-10 19:05:00,CST-6,10-MAY-10 19:09:00,0,0,0,0,0.00K,0.00K,Emergency Manager,,,,,EF0,3.5,80.0,,,,,4.0,SW,MILL CREEK,3.0,NW,TROY,34.362,-96.879,34.356,-96.818,"A significant outbreak of severe thunderstorms and tornadoes affected a large part of northern, central, and southern Oklahoma. Tornadoes were most numerous across central and southern Oklahoma, with significant damage occurring over many areas. |Severe thunderstorms erupted by mid afternoon across northern and western Oklahoma. Given the potent combination of ingredients in place, storms began to produce tornadoes quickly after initiation. Storm motions of 50 to 60 mph were common.||During the mid afternoon hours, severe weather was confined to northern Oklahoma. It was there a long track supercell storm produced tornadoes near the Kansas border - including one rated EF3 - from near Wakita to north of Braman.||The capping inversion that had delayed thunderstorm development into central Oklahoma weakened, allowing for explosive supercell development along the dry line along and west of the Interstate 35 corridor. Rapid development and intensification was common with the late afternoon storms, with storms becoming tornadic within a very short time after initiation. This round of storms would directly impact a large part of the Oklahoma City metro area at rush hour, and posed a significant threat to the area. The first tornado in this area occurred in Canadian County.||During the next several hours, tornadoes were clustered around the metro area, and at times there were multiple significant damaging tornadoes occurring simultaneously. Several of the tornadoes had long tracks. Damage from the tornadoes was substantial, with numerous structures, vehicles, trees and power poles/lines significantly damaged or destroyed. One of the more intense tornadoes moved across Lake Thunderbird east of Norman destroying numerous boats.||More storms developed across southwest and south central Oklahoma, and also quickly became tornadic. ||By 9 pm, 35 tornadoes had been reported. While the loss of three lives was tragic, the casualties could have been much higher given the storm's fast motions, their intensity, the time of day and the areas impacted. ||While exact monetary damage figures were not available, it is estimated that losses were in excess of $595 million. At least 450 sustained injuries, most of them minor. Unfortunately three people lost their lives. ||Note: The large number of injuries and tornadoes made it difficult to associate injuries with specific tornadoes. Injury numbers were included when we had confidence in the numbers. ||Note: The complex nature of storm evolutions and interactions made the job of classifying tornadoes difficult. This represents our best scientific assessment based on ground and aerial surveys, data from multiple radars, photographic and video evidence and anecdotal information.",Tornado #N1. Johnston County Emergency Management reported a tornado southwest and south of Mill Creek.  No damage was reported and the location is estimated.,CSV
201005,13,319,201005,13,336,39128,237447,OKLAHOMA,40,2010,May,Tornado,C,37,CREEK,TSA,13-MAY-10 03:19:00,CST-6,13-MAY-10 03:36:00,0,0,0,0,75.00K,0.00K,NWS Storm Survey,,,,,EF1,20.0,1000.0,,,,,2.0,SE,MILFAY,5.0,NE,SLICK,35.7347,-96.5499,35.8257,-96.211,A line of thunderstorms intensified as it moved into eastern Oklahoma during the early morning hours of the 13th. A number of tornadoes developed on the leading edge of the bowing line of storms over northeastern Oklahoma. The storms also produced damaging wind gusts.,"A tornado destroyed or damaged several barns and outbuildings, snapped or uprooted numerous trees, damaged houses, and blew down power poles. The Oklahoma Mesonet station southeast of Bristow was impacted by the tornado and measured 85 mph wind gusts at that point in the path. Damage to homes, trees, and barns suggested maximum wind gusts in the tornado were about 100 mph at times.",CSV
201005,10,1711,201005,10,1735,39859,231988,OKLAHOMA,40,2010,May,Tornado,C,133,SEMINOLE,OUN,10-MAY-10 17:11:00,CST-6,10-MAY-10 17:35:00,26,0,0,0,0.00K,0.00K,NWS Storm Survey,,,,,EF3,20.0,2200.0,TSA,OK,107.0,OKFUSKEE,7.0,NW,SEMINOLE,1.0,ENE,CROMWELL,35.283,-96.777,35.342,-96.441,"A significant outbreak of severe thunderstorms and tornadoes affected a large part of northern, central, and southern Oklahoma. Tornadoes were most numerous across central and southern Oklahoma, with significant damage occurring over many areas. |Severe thunderstorms erupted by mid afternoon across northern and western Oklahoma. Given the potent combination of ingredients in place, storms began to produce tornadoes quickly after initiation. Storm motions of 50 to 60 mph were common.||During the mid afternoon hours, severe weather was confined to northern Oklahoma. It was there a long track supercell storm produced tornadoes near the Kansas border - including one rated EF3 - from near Wakita to north of Braman.||The capping inversion that had delayed thunderstorm development into central Oklahoma weakened, allowing for explosive supercell development along the dry line along and west of the Interstate 35 corridor. Rapid development and intensification was common with the late afternoon storms, with storms becoming tornadic within a very short time after initiation. This round of storms would directly impact a large part of the Oklahoma City metro area at rush hour, and posed a significant threat to the area. The first tornado in this area occurred in Canadian County.||During the next several hours, tornadoes were clustered around the metro area, and at times there were multiple significant damaging tornadoes occurring simultaneously. Several of the tornadoes had long tracks. Damage from the tornadoes was substantial, with numerous structures, vehicles, trees and power poles/lines significantly damaged or destroyed. One of the more intense tornadoes moved across Lake Thunderbird east of Norman destroying numerous boats.||More storms developed across southwest and south central Oklahoma, and also quickly became tornadic. ||By 9 pm, 35 tornadoes had been reported. While the loss of three lives was tragic, the casualties could have been much higher given the storm's fast motions, their intensity, the time of day and the areas impacted. ||While exact monetary damage figures were not available, it is estimated that losses were in excess of $595 million. At least 450 sustained injuries, most of them minor. Unfortunately three people lost their lives. ||Note: The large number of injuries and tornadoes made it difficult to associate injuries with specific tornadoes. Injury numbers were included when we had confidence in the numbers. ||Note: The complex nature of storm evolutions and interactions made the job of classifying tornadoes difficult. This represents our best scientific assessment based on ground and aerial surveys, data from multiple radars, photographic and video evidence and anecdotal information.","This tornado continued from Pottawatomie county, moved through Seminole county and continued into Okfuskee County just east of Cromwell. This tornado lasted at least 30 miles, with significant damage along its entire path. At times, the tornado damage path widened up to a mile. The most significant damage was located north and northeast of Earlsboro near the Pottawatomie/Seminole county border. Here a two story home was destroyed except for a few interior walls. A pick-up truck was also lofted approximately a quarter of a mile, and a semi-trailer was lofted or rolled approximately 200 yards. Farther east along its path, seven high tension towers were downed. Several hangers were destroyed at the Seminole Municipal Airport north of Seminole, and one small aircraft was flipped onto one of the destroyed hangers. Two mobile homes were destroyed near the airport and one resident suffered a broken arm. Significant tree damage was reported along the entire track of the tornado, some of them debarked and stripped off all their branches. See the documentation by the NWS Tulsa office for information of this tornado in Okfuskee County. This tornado is labeled #J4.",CSV
201005,10,1942,201005,10,1945,39859,232000,OKLAHOMA,40,2010,May,Tornado,C,69,JOHNSTON,OUN,10-MAY-10 19:42:00,CST-6,10-MAY-10 19:45:00,0,0,0,0,2.63M,0.00K,Emergency Manager,,,,,EF2,1.65,400.0,OUN,OK,5.0,ATOKA,1.0,SSW,COLEMAN,2.0,SSE,COLEMAN,34.254,-96.432,34.241,-96.408,"A significant outbreak of severe thunderstorms and tornadoes affected a large part of northern, central, and southern Oklahoma. Tornadoes were most numerous across central and southern Oklahoma, with significant damage occurring over many areas. |Severe thunderstorms erupted by mid afternoon across northern and western Oklahoma. Given the potent combination of ingredients in place, storms began to produce tornadoes quickly after initiation. Storm motions of 50 to 60 mph were common.||During the mid afternoon hours, severe weather was confined to northern Oklahoma. It was there a long track supercell storm produced tornadoes near the Kansas border - including one rated EF3 - from near Wakita to north of Braman.||The capping inversion that had delayed thunderstorm development into central Oklahoma weakened, allowing for explosive supercell development along the dry line along and west of the Interstate 35 corridor. Rapid development and intensification was common with the late afternoon storms, with storms becoming tornadic within a very short time after initiation. This round of storms would directly impact a large part of the Oklahoma City metro area at rush hour, and posed a significant threat to the area. The first tornado in this area occurred in Canadian County.||During the next several hours, tornadoes were clustered around the metro area, and at times there were multiple significant damaging tornadoes occurring simultaneously. Several of the tornadoes had long tracks. Damage from the tornadoes was substantial, with numerous structures, vehicles, trees and power poles/lines significantly damaged or destroyed. One of the more intense tornadoes moved across Lake Thunderbird east of Norman destroying numerous boats.||More storms developed across southwest and south central Oklahoma, and also quickly became tornadic. ||By 9 pm, 35 tornadoes had been reported. While the loss of three lives was tragic, the casualties could have been much higher given the storm's fast motions, their intensity, the time of day and the areas impacted. ||While exact monetary damage figures were not available, it is estimated that losses were in excess of $595 million. At least 450 sustained injuries, most of them minor. Unfortunately three people lost their lives. ||Note: The large number of injuries and tornadoes made it difficult to associate injuries with specific tornadoes. Injury numbers were included when we had confidence in the numbers. ||Note: The complex nature of storm evolutions and interactions made the job of classifying tornadoes difficult. This represents our best scientific assessment based on ground and aerial surveys, data from multiple radars, photographic and video evidence and anecdotal information.","This tornado is labeled #N2. The tornado developed about a mile south-southeast of Coleman and moved southeast another mile, eventually traveling just into Atoka county. Several buildings, including a home, sustained major damage. Four other homes sustained at least partial damage. The U Cross Arena and Pavilion was heavily damaged, with part of the roof moved removed, steal beams on the outside of the building knocked down, and a section of the building completely destroyed. The tornado continued across the Atoka county border. ||This tornado moved into Atoka County.",CSV
201005,10,1945,201005,10,1945,39859,232001,OKLAHOMA,40,2010,May,Tornado,C,5,ATOKA,OUN,10-MAY-10 19:45:00,CST-6,10-MAY-10 19:45:00,0,0,0,0,0.00K,0.00K,Emergency Manager,,,,,EF1,0.2,300.0,,,,,8.0,SW,BOGGY DEPOT STATE PARK,8.0,SW,BOGGY DEPOT STATE PARK,34.24,-96.404,34.24,-96.404,"A significant outbreak of severe thunderstorms and tornadoes affected a large part of northern, central, and southern Oklahoma. Tornadoes were most numerous across central and southern Oklahoma, with significant damage occurring over many areas. |Severe thunderstorms erupted by mid afternoon across northern and western Oklahoma. Given the potent combination of ingredients in place, storms began to produce tornadoes quickly after initiation. Storm motions of 50 to 60 mph were common.||During the mid afternoon hours, severe weather was confined to northern Oklahoma. It was there a long track supercell storm produced tornadoes near the Kansas border - including one rated EF3 - from near Wakita to north of Braman.||The capping inversion that had delayed thunderstorm development into central Oklahoma weakened, allowing for explosive supercell development along the dry line along and west of the Interstate 35 corridor. Rapid development and intensification was common with the late afternoon storms, with storms becoming tornadic within a very short time after initiation. This round of storms would directly impact a large part of the Oklahoma City metro area at rush hour, and posed a significant threat to the area. The first tornado in this area occurred in Canadian County.||During the next several hours, tornadoes were clustered around the metro area, and at times there were multiple significant damaging tornadoes occurring simultaneously. Several of the tornadoes had long tracks. Damage from the tornadoes was substantial, with numerous structures, vehicles, trees and power poles/lines significantly damaged or destroyed. One of the more intense tornadoes moved across Lake Thunderbird east of Norman destroying numerous boats.||More storms developed across southwest and south central Oklahoma, and also quickly became tornadic. ||By 9 pm, 35 tornadoes had been reported. While the loss of three lives was tragic, the casualties could have been much higher given the storm's fast motions, their intensity, the time of day and the areas impacted. ||While exact monetary damage figures were not available, it is estimated that losses were in excess of $595 million. At least 450 sustained injuries, most of them minor. Unfortunately three people lost their lives. ||Note: The large number of injuries and tornadoes made it difficult to associate injuries with specific tornadoes. Injury numbers were included when we had confidence in the numbers. ||Note: The complex nature of storm evolutions and interactions made the job of classifying tornadoes difficult. This represents our best scientific assessment based on ground and aerial surveys, data from multiple radars, photographic and video evidence and anecdotal information.",Atoka County portion of tornado #N2.  The tornado that created damage near Coleman in Johnson County moved into Atoka County producing light damage.,CSV
201005,10,1906,201005,10,1911,39118,237648,OKLAHOMA,40,2010,May,Tornado,C,101,MUSKOGEE,TSA,10-MAY-10 19:06:00,CST-6,10-MAY-10 19:11:00,3,0,0,0,0.00K,0.00K,NWS Storm Survey,,,,,EF1,4.1,1250.0,TSA,OK,135.0,SEQUOYAH,4.0,E,MC LAIN,5.0,N,WEBBERS FALLS,35.5722,-95.1987,35.5864,-95.1276,"Severe thunderstorms developed along and ahead of a dry line over central Oklahoma during the afternoon hours. Very unstable air along with very strong low level wind shear resulted in a number of supercell thunderstorms. These storms produced numerous tornadoes, very large hail, and damaging wind gusts as they moved eastward across eastern Oklahoma during the evening hours.","A tornado developed northwest of Webbers Falls, moved east-northeast, snapping or uprooting numerous trees. The tornado overturned several campers and recreational vehicles at Brewer Bend Campground where several people were injured. The estimated peak wind in the tornado based on this damage was 110 mph. The tornado continued into Sequoyah County.",CSV
201005,13,343,201005,13,348,39128,237488,OKLAHOMA,40,2010,May,Tornado,C,37,CREEK,TSA,13-MAY-10 03:43:00,CST-6,13-MAY-10 03:48:00,0,0,0,0,250.00K,0.00K,NWS Storm Survey,,,,,EF1,6.5,400.0,TSA,OK,143.0,TULSA,2.0,W,SAPULPA,2.0,NNE,HILTON,35.9972,-96.1317,36.046,-96.0297,A line of thunderstorms intensified as it moved into eastern Oklahoma during the early morning hours of the 13th. A number of tornadoes developed on the leading edge of the bowing line of storms over northeastern Oklahoma. The storms also produced damaging wind gusts.,"A tornado developed on the west side of Sapulpa and moved northeast across the north side of town. The tornado damaged a large metal building structure, severely damaged the roofs of numerous homes, snapped or uprooted numerous trees, and blew down power poles. The estimated peak wind in the tornado based on this damage was 110 mph. This tornado continued into Tulsa County, where it produced EF2 damage.",CSV
201005,13,348,201005,13,404,39128,237492,OKLAHOMA,40,2010,May,Tornado,C,143,TULSA,TSA,13-MAY-10 03:48:00,CST-6,13-MAY-10 04:04:00,0,0,0,0,500.00K,0.00K,NWS Storm Survey,,,,,EF2,16.2,500.0,,,,,2.0,SSW,BOZARTH,0.0,SSE,LYNN LANE,36.046,-96.0297,36.1479,-95.7691,A line of thunderstorms intensified as it moved into eastern Oklahoma during the early morning hours of the 13th. A number of tornadoes developed on the leading edge of the bowing line of storms over northeastern Oklahoma. The storms also produced damaging wind gusts.,"The tornado that developed on the west side of Sapulpa in Creek County moved northeast across the City of Tulsa. The tornado severely damaged a number of homes just west of Highway 75, where the most intense damage was noted. Numerous other homes and businesses were damaged as it moved through Tulsa. The tornado snapped or uprooted numerous trees, and blew down numerous power poles. The estimated peak wind in this tornado based on the most intense damage to homes was 120 mph.",CSV
201005,11,1927,201005,11,1927,39837,231566,OKLAHOMA,40,2010,May,Tornado,C,153,WOODWARD,OUN,11-MAY-10 19:27:00,CST-6,11-MAY-10 19:27:00,0,0,0,0,0.00K,0.00K,NWS Employee,,,,,EF0,0.1,10.0,,,,,14.0,WSW,SHARON,14.0,WSW,SHARON,36.188,-99.561,36.188,-99.561,"A cold front stalled from around I-44 during the late night/early morning hours of the 11th, but began to lift back toward the northwest as an upper trough moved toward the central/southern Plains. Rich gulf moisture overspread the area near and south of the warm front, and the atmosphere was very unstable. A strong cap was in place over the region, but a mid level disturbance moved over Oklahoma, weakening the cap and providing sufficient convergence along the retreating warm for Thunderstorms developed over western and northwest Oklahoma and quickly became severe producing large hail. Hail reached baseball-size in Woodward county. A brief tornado was reported north of Sharon. No damage was reported with the hail or tornado.","Brief tornado reported by off-duty Storm Prediction Center employees, estimated to be about 3 miles north of Harmon. No damage was reported with the tornado.",CSV
201005,24,1948,201005,24,1948,39876,233027,OKLAHOMA,40,2010,May,Tornado,C,153,WOODWARD,OUN,24-MAY-10 19:48:00,CST-6,24-MAY-10 19:48:00,0,0,0,0,,0.00K,Emergency Manager,,,,,EF0,0.2,30.0,,,,,3.0,S,TANGIER,3.0,S,TANGIER,36.379,-99.53,36.379,-99.53,Thunderstorms developed along the dry line in the Texas panhandle and eventually made their way into western and northwest Oklahoma. Severe wind gusts and large hail were reported at several locations. A brief tornado was reported near Tangier in Woodward county. No damage was reported. Heavy rain over Roger Mills county resulted in the closing of a few county roads.,A small tornado touched down south of Tangier. Two power poles were snapped and some light farm implements were thrown. The residence at the farm sustained minor damage. Monetary damage estimates were not available.,CSV
201005,12,1921,201005,12,1926,37788,232003,OKLAHOMA,40,2010,May,Tornado,C,149,WASHITA,OUN,12-MAY-10 19:21:00,CST-6,12-MAY-10 19:26:00,0,0,0,0,0.00K,0.00K,Emergency Manager,,,,,EF0,4.0,50.0,OUN,OK,39.0,CUSTER,3.0,NE,BESSIE,4.0,SE,CLINTON,35.414,-98.962,35.466,-98.931,"Several supercell thunderstorms with large hail and tornadoes affected much of western Oklahoma during the late afternoon and early evening. The storms evolved into a squall line that brought numerous reports of severe weather, including particularly damaging winds and hail. A few locations that had received damage from the May 10 tornadoes saw additional damage.",Spotters and emergency management personnel observed a tornado that developed over north-central Washita county and moved northeast into Custer county. No damage was reported in Washita county.,CSV
201005,10,1433,201005,10,1433,39859,231826,OKLAHOMA,40,2010,May,Tornado,C,53,GRANT,OUN,10-MAY-10 14:33:00,CST-6,10-MAY-10 14:33:00,0,0,0,0,0.00K,0.00K,Storm Chaser,,,,,EF0,0.5,20.0,,,,,9.0,N,NASH,9.0,N,NASH,36.793,-98.062,36.793,-98.062,"A significant outbreak of severe thunderstorms and tornadoes affected a large part of northern, central, and southern Oklahoma. Tornadoes were most numerous across central and southern Oklahoma, with significant damage occurring over many areas. |Severe thunderstorms erupted by mid afternoon across northern and western Oklahoma. Given the potent combination of ingredients in place, storms began to produce tornadoes quickly after initiation. Storm motions of 50 to 60 mph were common.||During the mid afternoon hours, severe weather was confined to northern Oklahoma. It was there a long track supercell storm produced tornadoes near the Kansas border - including one rated EF3 - from near Wakita to north of Braman.||The capping inversion that had delayed thunderstorm development into central Oklahoma weakened, allowing for explosive supercell development along the dry line along and west of the Interstate 35 corridor. Rapid development and intensification was common with the late afternoon storms, with storms becoming tornadic within a very short time after initiation. This round of storms would directly impact a large part of the Oklahoma City metro area at rush hour, and posed a significant threat to the area. The first tornado in this area occurred in Canadian County.||During the next several hours, tornadoes were clustered around the metro area, and at times there were multiple significant damaging tornadoes occurring simultaneously. Several of the tornadoes had long tracks. Damage from the tornadoes was substantial, with numerous structures, vehicles, trees and power poles/lines significantly damaged or destroyed. One of the more intense tornadoes moved across Lake Thunderbird east of Norman destroying numerous boats.||More storms developed across southwest and south central Oklahoma, and also quickly became tornadic. ||By 9 pm, 35 tornadoes had been reported. While the loss of three lives was tragic, the casualties could have been much higher given the storm's fast motions, their intensity, the time of day and the areas impacted. ||While exact monetary damage figures were not available, it is estimated that losses were in excess of $595 million. At least 450 sustained injuries, most of them minor. Unfortunately three people lost their lives. ||Note: The large number of injuries and tornadoes made it difficult to associate injuries with specific tornadoes. Injury numbers were included when we had confidence in the numbers. ||Note: The complex nature of storm evolutions and interactions made the job of classifying tornadoes difficult. This represents our best scientific assessment based on ground and aerial surveys, data from multiple radars, photographic and video evidence and anecdotal information.",Tornado #A1. A brief tornado was observed southwest of SH-132 and SH-11 by several storm chasers.  No known damage occurred.,CSV
201005,10,1622,201005,10,1627,39859,231897,OKLAHOMA,40,2010,May,Tornado,C,51,GRADY,OUN,10-MAY-10 16:22:00,CST-6,10-MAY-10 16:27:00,0,0,0,0,0.00K,0.00K,NWS Storm Survey,,,,,EF1,3.75,700.0,,,,,3.0,SSW,COX CITY,3.0,ESE,COX CITY,34.681,-97.743,34.712,-97.688,"A significant outbreak of severe thunderstorms and tornadoes affected a large part of northern, central, and southern Oklahoma. Tornadoes were most numerous across central and southern Oklahoma, with significant damage occurring over many areas. |Severe thunderstorms erupted by mid afternoon across northern and western Oklahoma. Given the potent combination of ingredients in place, storms began to produce tornadoes quickly after initiation. Storm motions of 50 to 60 mph were common.||During the mid afternoon hours, severe weather was confined to northern Oklahoma. It was there a long track supercell storm produced tornadoes near the Kansas border - including one rated EF3 - from near Wakita to north of Braman.||The capping inversion that had delayed thunderstorm development into central Oklahoma weakened, allowing for explosive supercell development along the dry line along and west of the Interstate 35 corridor. Rapid development and intensification was common with the late afternoon storms, with storms becoming tornadic within a very short time after initiation. This round of storms would directly impact a large part of the Oklahoma City metro area at rush hour, and posed a significant threat to the area. The first tornado in this area occurred in Canadian County.||During the next several hours, tornadoes were clustered around the metro area, and at times there were multiple significant damaging tornadoes occurring simultaneously. Several of the tornadoes had long tracks. Damage from the tornadoes was substantial, with numerous structures, vehicles, trees and power poles/lines significantly damaged or destroyed. One of the more intense tornadoes moved across Lake Thunderbird east of Norman destroying numerous boats.||More storms developed across southwest and south central Oklahoma, and also quickly became tornadic. ||By 9 pm, 35 tornadoes had been reported. While the loss of three lives was tragic, the casualties could have been much higher given the storm's fast motions, their intensity, the time of day and the areas impacted. ||While exact monetary damage figures were not available, it is estimated that losses were in excess of $595 million. At least 450 sustained injuries, most of them minor. Unfortunately three people lost their lives. ||Note: The large number of injuries and tornadoes made it difficult to associate injuries with specific tornadoes. Injury numbers were included when we had confidence in the numbers. ||Note: The complex nature of storm evolutions and interactions made the job of classifying tornadoes difficult. This represents our best scientific assessment based on ground and aerial surveys, data from multiple radars, photographic and video evidence and anecdotal information.","This tornado is labeled #G1.This anticyclonic tornado continued from northeast Stephens County into southeast Grady County. Damage was reported to fences, trees, and around 20 power poles, and several structures were damaged. Minor damage to mobile homes was also reported. Monetary damages were estimated.",CSV
201005,10,1636,201005,10,1643,39859,231900,OKLAHOMA,40,2010,May,Tornado,C,87,MCCLAIN,OUN,10-MAY-10 16:36:00,CST-6,10-MAY-10 16:43:00,0,0,0,0,0.00K,0.00K,NWS Storm Survey,,,,,EF1,4.6,880.0,,,,,6.0,ESE,PAYNE,2.0,W,WAYNE,34.882,-97.424,34.922,-97.361,"A significant outbreak of severe thunderstorms and tornadoes affected a large part of northern, central, and southern Oklahoma. Tornadoes were most numerous across central and southern Oklahoma, with significant damage occurring over many areas. |Severe thunderstorms erupted by mid afternoon across northern and western Oklahoma. Given the potent combination of ingredients in place, storms began to produce tornadoes quickly after initiation. Storm motions of 50 to 60 mph were common.||During the mid afternoon hours, severe weather was confined to northern Oklahoma. It was there a long track supercell storm produced tornadoes near the Kansas border - including one rated EF3 - from near Wakita to north of Braman.||The capping inversion that had delayed thunderstorm development into central Oklahoma weakened, allowing for explosive supercell development along the dry line along and west of the Interstate 35 corridor. Rapid development and intensification was common with the late afternoon storms, with storms becoming tornadic within a very short time after initiation. This round of storms would directly impact a large part of the Oklahoma City metro area at rush hour, and posed a significant threat to the area. The first tornado in this area occurred in Canadian County.||During the next several hours, tornadoes were clustered around the metro area, and at times there were multiple significant damaging tornadoes occurring simultaneously. Several of the tornadoes had long tracks. Damage from the tornadoes was substantial, with numerous structures, vehicles, trees and power poles/lines significantly damaged or destroyed. One of the more intense tornadoes moved across Lake Thunderbird east of Norman destroying numerous boats.||More storms developed across southwest and south central Oklahoma, and also quickly became tornadic. ||By 9 pm, 35 tornadoes had been reported. While the loss of three lives was tragic, the casualties could have been much higher given the storm's fast motions, their intensity, the time of day and the areas impacted. ||While exact monetary damage figures were not available, it is estimated that losses were in excess of $595 million. At least 450 sustained injuries, most of them minor. Unfortunately three people lost their lives. ||Note: The large number of injuries and tornadoes made it difficult to associate injuries with specific tornadoes. Injury numbers were included when we had confidence in the numbers. ||Note: The complex nature of storm evolutions and interactions made the job of classifying tornadoes difficult. This represents our best scientific assessment based on ground and aerial surveys, data from multiple radars, photographic and video evidence and anecdotal information.",The anticyclonic tornado occurred over southern McClain county. The most significant damage occurred at the Mid America Technology Center. Some AC units were blown off of the roof and some of the doors were blown in. This tornado is labeled #G2. Monetary damages were estimated.,CSV
201005,10,1637,201005,10,1638,39859,231902,OKLAHOMA,40,2010,May,Tornado,C,87,MCCLAIN,OUN,10-MAY-10 16:37:00,CST-6,10-MAY-10 16:38:00,0,0,0,0,0.00K,0.00K,NWS Storm Survey,,,,,EF0,0.8,150.0,,,,,6.0,ESE,PAYNE,6.0,WSW,WAYNE,34.893,-97.433,34.898,-97.42,"A significant outbreak of severe thunderstorms and tornadoes affected a large part of northern, central, and southern Oklahoma. Tornadoes were most numerous across central and southern Oklahoma, with significant damage occurring over many areas. |Severe thunderstorms erupted by mid afternoon across northern and western Oklahoma. Given the potent combination of ingredients in place, storms began to produce tornadoes quickly after initiation. Storm motions of 50 to 60 mph were common.||During the mid afternoon hours, severe weather was confined to northern Oklahoma. It was there a long track supercell storm produced tornadoes near the Kansas border - including one rated EF3 - from near Wakita to north of Braman.||The capping inversion that had delayed thunderstorm development into central Oklahoma weakened, allowing for explosive supercell development along the dry line along and west of the Interstate 35 corridor. Rapid development and intensification was common with the late afternoon storms, with storms becoming tornadic within a very short time after initiation. This round of storms would directly impact a large part of the Oklahoma City metro area at rush hour, and posed a significant threat to the area. The first tornado in this area occurred in Canadian County.||During the next several hours, tornadoes were clustered around the metro area, and at times there were multiple significant damaging tornadoes occurring simultaneously. Several of the tornadoes had long tracks. Damage from the tornadoes was substantial, with numerous structures, vehicles, trees and power poles/lines significantly damaged or destroyed. One of the more intense tornadoes moved across Lake Thunderbird east of Norman destroying numerous boats.||More storms developed across southwest and south central Oklahoma, and also quickly became tornadic. ||By 9 pm, 35 tornadoes had been reported. While the loss of three lives was tragic, the casualties could have been much higher given the storm's fast motions, their intensity, the time of day and the areas impacted. ||While exact monetary damage figures were not available, it is estimated that losses were in excess of $595 million. At least 450 sustained injuries, most of them minor. Unfortunately three people lost their lives. ||Note: The large number of injuries and tornadoes made it difficult to associate injuries with specific tornadoes. Injury numbers were included when we had confidence in the numbers. ||Note: The complex nature of storm evolutions and interactions made the job of classifying tornadoes difficult. This represents our best scientific assessment based on ground and aerial surveys, data from multiple radars, photographic and video evidence and anecdotal information.",This brief tornado produced minor damage to a shed. This tornado is labeled #G3. Monetary damages were estimated.,CSV
201005,10,1605,201005,10,1614,39859,232455,OKLAHOMA,40,2010,May,Tornado,C,67,JEFFERSON,OUN,10-MAY-10 16:05:00,CST-6,10-MAY-10 16:14:00,0,0,0,0,0.00K,0.00K,Emergency Manager,,,,,EF1,5.0,50.0,,,,,0.0,SSW,HASTINGS,1.0,NNE,WAURIKA LAKE DAM,34.2257,-98.1122,34.259,-98.0389,"A significant outbreak of severe thunderstorms and tornadoes affected a large part of northern, central, and southern Oklahoma. Tornadoes were most numerous across central and southern Oklahoma, with significant damage occurring over many areas. |Severe thunderstorms erupted by mid afternoon across northern and western Oklahoma. Given the potent combination of ingredients in place, storms began to produce tornadoes quickly after initiation. Storm motions of 50 to 60 mph were common.||During the mid afternoon hours, severe weather was confined to northern Oklahoma. It was there a long track supercell storm produced tornadoes near the Kansas border - including one rated EF3 - from near Wakita to north of Braman.||The capping inversion that had delayed thunderstorm development into central Oklahoma weakened, allowing for explosive supercell development along the dry line along and west of the Interstate 35 corridor. Rapid development and intensification was common with the late afternoon storms, with storms becoming tornadic within a very short time after initiation. This round of storms would directly impact a large part of the Oklahoma City metro area at rush hour, and posed a significant threat to the area. The first tornado in this area occurred in Canadian County.||During the next several hours, tornadoes were clustered around the metro area, and at times there were multiple significant damaging tornadoes occurring simultaneously. Several of the tornadoes had long tracks. Damage from the tornadoes was substantial, with numerous structures, vehicles, trees and power poles/lines significantly damaged or destroyed. One of the more intense tornadoes moved across Lake Thunderbird east of Norman destroying numerous boats.||More storms developed across southwest and south central Oklahoma, and also quickly became tornadic. ||By 9 pm, 35 tornadoes had been reported. While the loss of three lives was tragic, the casualties could have been much higher given the storm's fast motions, their intensity, the time of day and the areas impacted. ||While exact monetary damage figures were not available, it is estimated that losses were in excess of $595 million. At least 450 sustained injuries, most of them minor. Unfortunately three people lost their lives. ||Note: The large number of injuries and tornadoes made it difficult to associate injuries with specific tornadoes. Injury numbers were included when we had confidence in the numbers. ||Note: The complex nature of storm evolutions and interactions made the job of classifying tornadoes difficult. This represents our best scientific assessment based on ground and aerial surveys, data from multiple radars, photographic and video evidence and anecdotal information.","Tornado #D1. A tornado developed within the town of Hastings and moved northeast, seriously damaging a home.  The tornado continued northeast over Waurika Lake and dissipated near the east shore of the lake.",CSV
201005,10,1644,201005,10,1646,39859,232457,OKLAHOMA,40,2010,May,Tornado,C,67,JEFFERSON,OUN,10-MAY-10 16:44:00,CST-6,10-MAY-10 16:46:00,0,0,0,0,0.00K,0.00K,Emergency Manager,,,,,EF0,1.5,30.0,,,,,9.0,WSW,CORNISH,8.0,WSW,CORNISH,34.1102,-97.7454,34.1185,-97.7212,"A significant outbreak of severe thunderstorms and tornadoes affected a large part of northern, central, and southern Oklahoma. Tornadoes were most numerous across central and southern Oklahoma, with significant damage occurring over many areas. |Severe thunderstorms erupted by mid afternoon across northern and western Oklahoma. Given the potent combination of ingredients in place, storms began to produce tornadoes quickly after initiation. Storm motions of 50 to 60 mph were common.||During the mid afternoon hours, severe weather was confined to northern Oklahoma. It was there a long track supercell storm produced tornadoes near the Kansas border - including one rated EF3 - from near Wakita to north of Braman.||The capping inversion that had delayed thunderstorm development into central Oklahoma weakened, allowing for explosive supercell development along the dry line along and west of the Interstate 35 corridor. Rapid development and intensification was common with the late afternoon storms, with storms becoming tornadic within a very short time after initiation. This round of storms would directly impact a large part of the Oklahoma City metro area at rush hour, and posed a significant threat to the area. The first tornado in this area occurred in Canadian County.||During the next several hours, tornadoes were clustered around the metro area, and at times there were multiple significant damaging tornadoes occurring simultaneously. Several of the tornadoes had long tracks. Damage from the tornadoes was substantial, with numerous structures, vehicles, trees and power poles/lines significantly damaged or destroyed. One of the more intense tornadoes moved across Lake Thunderbird east of Norman destroying numerous boats.||More storms developed across southwest and south central Oklahoma, and also quickly became tornadic. ||By 9 pm, 35 tornadoes had been reported. While the loss of three lives was tragic, the casualties could have been much higher given the storm's fast motions, their intensity, the time of day and the areas impacted. ||While exact monetary damage figures were not available, it is estimated that losses were in excess of $595 million. At least 450 sustained injuries, most of them minor. Unfortunately three people lost their lives. ||Note: The large number of injuries and tornadoes made it difficult to associate injuries with specific tornadoes. Injury numbers were included when we had confidence in the numbers. ||Note: The complex nature of storm evolutions and interactions made the job of classifying tornadoes difficult. This represents our best scientific assessment based on ground and aerial surveys, data from multiple radars, photographic and video evidence and anecdotal information.",Tornado #E1. A tornado was observed moving through pastureland to the west-southwest of Cornish. No damage was reported.,CSV
201005,10,1519,201005,10,1530,39859,231833,OKLAHOMA,40,2010,May,Tornado,C,71,KAY,OUN,10-MAY-10 15:19:00,CST-6,10-MAY-10 15:30:00,1,0,0,0,0.00K,0.00K,NWS Storm Survey,,,,,EF3,7.0,1500.0,ICT,KS,191.0,SUMNER,8.0,WNW,BRAMAN,6.0,N,BRAMAN,36.956,-97.462,37.0,-97.345,"A significant outbreak of severe thunderstorms and tornadoes affected a large part of northern, central, and southern Oklahoma. Tornadoes were most numerous across central and southern Oklahoma, with significant damage occurring over many areas. |Severe thunderstorms erupted by mid afternoon across northern and western Oklahoma. Given the potent combination of ingredients in place, storms began to produce tornadoes quickly after initiation. Storm motions of 50 to 60 mph were common.||During the mid afternoon hours, severe weather was confined to northern Oklahoma. It was there a long track supercell storm produced tornadoes near the Kansas border - including one rated EF3 - from near Wakita to north of Braman.||The capping inversion that had delayed thunderstorm development into central Oklahoma weakened, allowing for explosive supercell development along the dry line along and west of the Interstate 35 corridor. Rapid development and intensification was common with the late afternoon storms, with storms becoming tornadic within a very short time after initiation. This round of storms would directly impact a large part of the Oklahoma City metro area at rush hour, and posed a significant threat to the area. The first tornado in this area occurred in Canadian County.||During the next several hours, tornadoes were clustered around the metro area, and at times there were multiple significant damaging tornadoes occurring simultaneously. Several of the tornadoes had long tracks. Damage from the tornadoes was substantial, with numerous structures, vehicles, trees and power poles/lines significantly damaged or destroyed. One of the more intense tornadoes moved across Lake Thunderbird east of Norman destroying numerous boats.||More storms developed across southwest and south central Oklahoma, and also quickly became tornadic. ||By 9 pm, 35 tornadoes had been reported. While the loss of three lives was tragic, the casualties could have been much higher given the storm's fast motions, their intensity, the time of day and the areas impacted. ||While exact monetary damage figures were not available, it is estimated that losses were in excess of $595 million. At least 450 sustained injuries, most of them minor. Unfortunately three people lost their lives. ||Note: The large number of injuries and tornadoes made it difficult to associate injuries with specific tornadoes. Injury numbers were included when we had confidence in the numbers. ||Note: The complex nature of storm evolutions and interactions made the job of classifying tornadoes difficult. This represents our best scientific assessment based on ground and aerial surveys, data from multiple radars, photographic and video evidence and anecdotal information.","This is the Kay County portion of tornado #A2.  The tornado crossed into Kay County from Grant County and continued to produce significant damage.  One home was destroyed and another significantly damaged between the Grant County line and U.S. Highway 177.  After the tornado crossed US-177, an anchored mobile home was destroyed and blown to the east, and a tri-level home was destroyed with the top floor blown about 50 yards northeast into some trees, and the ground floor pivoted and was displaced to the northwest exposing the basement where one minor injury occurred.  The tornado continued to produce significant tree damage as it moved east-northeast, and blew semi trucks over along Interstate 35 at the Kansas state line.  This tornado crossed into Sumner County Kansas.  See documentation from the NWS Wichita KS for additional information.",CSV
201005,10,1438,201005,10,1519,39859,231830,OKLAHOMA,40,2010,May,Tornado,C,53,GRANT,OUN,10-MAY-10 14:38:00,CST-6,10-MAY-10 15:19:00,1,0,0,0,0.00K,0.00K,NWS Storm Survey,,,,,EF3,33.0,1500.0,OUN,OK,71.0,KAY,8.0,SW,WAKITA,11.0,NNE,DEER CREEK,36.808,-98.031,36.956,-97.462,"A significant outbreak of severe thunderstorms and tornadoes affected a large part of northern, central, and southern Oklahoma. Tornadoes were most numerous across central and southern Oklahoma, with significant damage occurring over many areas. |Severe thunderstorms erupted by mid afternoon across northern and western Oklahoma. Given the potent combination of ingredients in place, storms began to produce tornadoes quickly after initiation. Storm motions of 50 to 60 mph were common.||During the mid afternoon hours, severe weather was confined to northern Oklahoma. It was there a long track supercell storm produced tornadoes near the Kansas border - including one rated EF3 - from near Wakita to north of Braman.||The capping inversion that had delayed thunderstorm development into central Oklahoma weakened, allowing for explosive supercell development along the dry line along and west of the Interstate 35 corridor. Rapid development and intensification was common with the late afternoon storms, with storms becoming tornadic within a very short time after initiation. This round of storms would directly impact a large part of the Oklahoma City metro area at rush hour, and posed a significant threat to the area. The first tornado in this area occurred in Canadian County.||During the next several hours, tornadoes were clustered around the metro area, and at times there were multiple significant damaging tornadoes occurring simultaneously. Several of the tornadoes had long tracks. Damage from the tornadoes was substantial, with numerous structures, vehicles, trees and power poles/lines significantly damaged or destroyed. One of the more intense tornadoes moved across Lake Thunderbird east of Norman destroying numerous boats.||More storms developed across southwest and south central Oklahoma, and also quickly became tornadic. ||By 9 pm, 35 tornadoes had been reported. While the loss of three lives was tragic, the casualties could have been much higher given the storm's fast motions, their intensity, the time of day and the areas impacted. ||While exact monetary damage figures were not available, it is estimated that losses were in excess of $595 million. At least 450 sustained injuries, most of them minor. Unfortunately three people lost their lives. ||Note: The large number of injuries and tornadoes made it difficult to associate injuries with specific tornadoes. Injury numbers were included when we had confidence in the numbers. ||Note: The complex nature of storm evolutions and interactions made the job of classifying tornadoes difficult. This represents our best scientific assessment based on ground and aerial surveys, data from multiple radars, photographic and video evidence and anecdotal information.","This is the Grant County portion of tornado #A2. This tornado developed as a multiple-vortex tornado along State Highway 11 southwest of Wakita.  The tornado initially moved east and southeast continuing to affect State Highway 11 before beginning an east-northeast movement across Grant County.  The tornado was a large and occasionally multiple-vortex tornado as it moved northwest and north of Medford and was embedded within a larger scale circulation that was strong enough to produce damage along a wide area around the tornado path.  The tornado caused significant structural damage about 5 miles northwest of Medford and 5 miles east of Renfrow, and many areas of tree and power pole damage. This tornado moved into Kay County.",CSV
201005,10,1546,201005,10,1554,39859,231914,OKLAHOMA,40,2010,May,Tornado,C,73,KINGFISHER,OUN,10-MAY-10 15:46:00,CST-6,10-MAY-10 15:54:00,0,0,0,0,0.00K,0.00K,NWS Storm Survey,,,,,EF0,6.2,30.0,OUN,OK,83.0,LOGAN,6.0,SW,CASHION,0.0,SE,CASHION,35.726,-97.743,35.796,-97.674,"A significant outbreak of severe thunderstorms and tornadoes affected a large part of northern, central, and southern Oklahoma. Tornadoes were most numerous across central and southern Oklahoma, with significant damage occurring over many areas. |Severe thunderstorms erupted by mid afternoon across northern and western Oklahoma. Given the potent combination of ingredients in place, storms began to produce tornadoes quickly after initiation. Storm motions of 50 to 60 mph were common.||During the mid afternoon hours, severe weather was confined to northern Oklahoma. It was there a long track supercell storm produced tornadoes near the Kansas border - including one rated EF3 - from near Wakita to north of Braman.||The capping inversion that had delayed thunderstorm development into central Oklahoma weakened, allowing for explosive supercell development along the dry line along and west of the Interstate 35 corridor. Rapid development and intensification was common with the late afternoon storms, with storms becoming tornadic within a very short time after initiation. This round of storms would directly impact a large part of the Oklahoma City metro area at rush hour, and posed a significant threat to the area. The first tornado in this area occurred in Canadian County.||During the next several hours, tornadoes were clustered around the metro area, and at times there were multiple significant damaging tornadoes occurring simultaneously. Several of the tornadoes had long tracks. Damage from the tornadoes was substantial, with numerous structures, vehicles, trees and power poles/lines significantly damaged or destroyed. One of the more intense tornadoes moved across Lake Thunderbird east of Norman destroying numerous boats.||More storms developed across southwest and south central Oklahoma, and also quickly became tornadic. ||By 9 pm, 35 tornadoes had been reported. While the loss of three lives was tragic, the casualties could have been much higher given the storm's fast motions, their intensity, the time of day and the areas impacted. ||While exact monetary damage figures were not available, it is estimated that losses were in excess of $595 million. At least 450 sustained injuries, most of them minor. Unfortunately three people lost their lives. ||Note: The large number of injuries and tornadoes made it difficult to associate injuries with specific tornadoes. Injury numbers were included when we had confidence in the numbers. ||Note: The complex nature of storm evolutions and interactions made the job of classifying tornadoes difficult. This represents our best scientific assessment based on ground and aerial surveys, data from multiple radars, photographic and video evidence and anecdotal information.","Kingfisher County portion of Tornado #H1. This tornado moved into Kingfisher County from Canadian County and moved northeast damaging outbuildings, trees and power lines across the southeastern portion of Kingfisher County. The tornado moved into Logan County just southeast of Cashion.",CSV
201005,10,1554,201005,10,1554,39859,231917,OKLAHOMA,40,2010,May,Tornado,C,83,LOGAN,OUN,10-MAY-10 15:54:00,CST-6,10-MAY-10 15:54:00,0,0,0,0,0.00K,0.00K,NWS Storm Survey,,,,,EF0,0.5,30.0,,,,,6.0,W,NAVINA,6.0,W,NAVINA,35.8,-97.669,35.8,-97.669,"A significant outbreak of severe thunderstorms and tornadoes affected a large part of northern, central, and southern Oklahoma. Tornadoes were most numerous across central and southern Oklahoma, with significant damage occurring over many areas. |Severe thunderstorms erupted by mid afternoon across northern and western Oklahoma. Given the potent combination of ingredients in place, storms began to produce tornadoes quickly after initiation. Storm motions of 50 to 60 mph were common.||During the mid afternoon hours, severe weather was confined to northern Oklahoma. It was there a long track supercell storm produced tornadoes near the Kansas border - including one rated EF3 - from near Wakita to north of Braman.||The capping inversion that had delayed thunderstorm development into central Oklahoma weakened, allowing for explosive supercell development along the dry line along and west of the Interstate 35 corridor. Rapid development and intensification was common with the late afternoon storms, with storms becoming tornadic within a very short time after initiation. This round of storms would directly impact a large part of the Oklahoma City metro area at rush hour, and posed a significant threat to the area. The first tornado in this area occurred in Canadian County.||During the next several hours, tornadoes were clustered around the metro area, and at times there were multiple significant damaging tornadoes occurring simultaneously. Several of the tornadoes had long tracks. Damage from the tornadoes was substantial, with numerous structures, vehicles, trees and power poles/lines significantly damaged or destroyed. One of the more intense tornadoes moved across Lake Thunderbird east of Norman destroying numerous boats.||More storms developed across southwest and south central Oklahoma, and also quickly became tornadic. ||By 9 pm, 35 tornadoes had been reported. While the loss of three lives was tragic, the casualties could have been much higher given the storm's fast motions, their intensity, the time of day and the areas impacted. ||While exact monetary damage figures were not available, it is estimated that losses were in excess of $595 million. At least 450 sustained injuries, most of them minor. Unfortunately three people lost their lives. ||Note: The large number of injuries and tornadoes made it difficult to associate injuries with specific tornadoes. Injury numbers were included when we had confidence in the numbers. ||Note: The complex nature of storm evolutions and interactions made the job of classifying tornadoes difficult. This represents our best scientific assessment based on ground and aerial surveys, data from multiple radars, photographic and video evidence and anecdotal information.",Logan County portion of tornado #H1.  The tornado moved into Logan County from Kingfisher County just southeast of Cashion.  The tornado moved northeast another half of a mile damaging tree limbs and an antenna.,CSV
201005,10,1620,201005,10,1635,39859,231928,OKLAHOMA,40,2010,May,Tornado,C,27,CLEVELAND,OUN,10-MAY-10 16:20:00,CST-6,10-MAY-10 16:35:00,20,0,0,0,0.00K,0.00K,NWS Storm Survey,,,,,EF3,13.0,2000.0,OUN,OK,109.0,OKLAHOMA,3.0,NW,(OUN)NORMAN WESTHEIMER ARPT,4.0,NE,STANLEY DRAPER LAKE DAM,35.289,-97.504,35.377,-97.305,"A significant outbreak of severe thunderstorms and tornadoes affected a large part of northern, central, and southern Oklahoma. Tornadoes were most numerous across central and southern Oklahoma, with significant damage occurring over many areas. |Severe thunderstorms erupted by mid afternoon across northern and western Oklahoma. Given the potent combination of ingredients in place, storms began to produce tornadoes quickly after initiation. Storm motions of 50 to 60 mph were common.||During the mid afternoon hours, severe weather was confined to northern Oklahoma. It was there a long track supercell storm produced tornadoes near the Kansas border - including one rated EF3 - from near Wakita to north of Braman.||The capping inversion that had delayed thunderstorm development into central Oklahoma weakened, allowing for explosive supercell development along the dry line along and west of the Interstate 35 corridor. Rapid development and intensification was common with the late afternoon storms, with storms becoming tornadic within a very short time after initiation. This round of storms would directly impact a large part of the Oklahoma City metro area at rush hour, and posed a significant threat to the area. The first tornado in this area occurred in Canadian County.||During the next several hours, tornadoes were clustered around the metro area, and at times there were multiple significant damaging tornadoes occurring simultaneously. Several of the tornadoes had long tracks. Damage from the tornadoes was substantial, with numerous structures, vehicles, trees and power poles/lines significantly damaged or destroyed. One of the more intense tornadoes moved across Lake Thunderbird east of Norman destroying numerous boats.||More storms developed across southwest and south central Oklahoma, and also quickly became tornadic. ||By 9 pm, 35 tornadoes had been reported. While the loss of three lives was tragic, the casualties could have been much higher given the storm's fast motions, their intensity, the time of day and the areas impacted. ||While exact monetary damage figures were not available, it is estimated that losses were in excess of $595 million. At least 450 sustained injuries, most of them minor. Unfortunately three people lost their lives. ||Note: The large number of injuries and tornadoes made it difficult to associate injuries with specific tornadoes. Injury numbers were included when we had confidence in the numbers. ||Note: The complex nature of storm evolutions and interactions made the job of classifying tornadoes difficult. This represents our best scientific assessment based on ground and aerial surveys, data from multiple radars, photographic and video evidence and anecdotal information.","This tornado is labeled I1. This long-tracked and devastating tornado developed west of I-35, northwest of Max Westheimer airport. Widespread tree, power line/pole damage was reported from near I-35 to the east side of Stanley Draper Lake. Several homes also sustained damage, mainly with mostly roofs receiving significant damage, and some siding was ripped off. Several fences were also knocked down as the tornado moved northeast. From the east side of Lake Stanley Draper, near Hiwassee Road and SE 89th Street, to just south of Harrah, the damage path became more severe and focused. The tree damage became more severe, breaking at various heights of the tree or being uprooted. Walls of homes collapsed, and debris from the homes scattered in all directions. Several 2x4's punctured roofs and ceilings over numerous structures. A few mobile homes in this area were also completely destroyed. Where the tornado crossed I-40, a gas station and drive-in restaurant sustained up to EF3 damage. The most severe damage, one of the two EF4 tornadoes of the day, occurred in the Deerfield West Subdivision. A well-built residence here was completely destroyed, with most exterior and interior walls collapsing. The tornado finally lifted 2 miles south of Harrah. In addition to the incredible damage, one person lost their life while trying to flee the tornado.",CSV
201005,10,1503,201005,10,1504,39859,231836,OKLAHOMA,40,2010,May,Tornado,C,53,GRANT,OUN,10-MAY-10 15:03:00,CST-6,10-MAY-10 15:04:00,0,0,0,0,0.00K,0.00K,Storm Chaser,,,,,EF0,0.3,30.0,,,,,3.0,NW,MEDFORD,3.0,NW,MEDFORD,36.836,-97.771,36.838,-97.766,"A significant outbreak of severe thunderstorms and tornadoes affected a large part of northern, central, and southern Oklahoma. Tornadoes were most numerous across central and southern Oklahoma, with significant damage occurring over many areas. |Severe thunderstorms erupted by mid afternoon across northern and western Oklahoma. Given the potent combination of ingredients in place, storms began to produce tornadoes quickly after initiation. Storm motions of 50 to 60 mph were common.||During the mid afternoon hours, severe weather was confined to northern Oklahoma. It was there a long track supercell storm produced tornadoes near the Kansas border - including one rated EF3 - from near Wakita to north of Braman.||The capping inversion that had delayed thunderstorm development into central Oklahoma weakened, allowing for explosive supercell development along the dry line along and west of the Interstate 35 corridor. Rapid development and intensification was common with the late afternoon storms, with storms becoming tornadic within a very short time after initiation. This round of storms would directly impact a large part of the Oklahoma City metro area at rush hour, and posed a significant threat to the area. The first tornado in this area occurred in Canadian County.||During the next several hours, tornadoes were clustered around the metro area, and at times there were multiple significant damaging tornadoes occurring simultaneously. Several of the tornadoes had long tracks. Damage from the tornadoes was substantial, with numerous structures, vehicles, trees and power poles/lines significantly damaged or destroyed. One of the more intense tornadoes moved across Lake Thunderbird east of Norman destroying numerous boats.||More storms developed across southwest and south central Oklahoma, and also quickly became tornadic. ||By 9 pm, 35 tornadoes had been reported. While the loss of three lives was tragic, the casualties could have been much higher given the storm's fast motions, their intensity, the time of day and the areas impacted. ||While exact monetary damage figures were not available, it is estimated that losses were in excess of $595 million. At least 450 sustained injuries, most of them minor. Unfortunately three people lost their lives. ||Note: The large number of injuries and tornadoes made it difficult to associate injuries with specific tornadoes. Injury numbers were included when we had confidence in the numbers. ||Note: The complex nature of storm evolutions and interactions made the job of classifying tornadoes difficult. This represents our best scientific assessment based on ground and aerial surveys, data from multiple radars, photographic and video evidence and anecdotal information.",Tornado #A3.  A brief tornado was observed southwest of the main tornado moving through Grant County. No damage was reported and the location is estimated.,CSV
201005,10,1515,201005,10,1522,39859,231838,OKLAHOMA,40,2010,May,Tornado,C,53,GRANT,OUN,10-MAY-10 15:15:00,CST-6,10-MAY-10 15:22:00,0,0,0,0,0.00K,0.00K,NWS Storm Survey,,,,,EF1,4.0,500.0,OUN,OK,71.0,KAY,7.0,E,RENFROW,10.0,NNE,DEER CREEK,36.919,-97.528,36.941,-97.462,"A significant outbreak of severe thunderstorms and tornadoes affected a large part of northern, central, and southern Oklahoma. Tornadoes were most numerous across central and southern Oklahoma, with significant damage occurring over many areas. |Severe thunderstorms erupted by mid afternoon across northern and western Oklahoma. Given the potent combination of ingredients in place, storms began to produce tornadoes quickly after initiation. Storm motions of 50 to 60 mph were common.||During the mid afternoon hours, severe weather was confined to northern Oklahoma. It was there a long track supercell storm produced tornadoes near the Kansas border - including one rated EF3 - from near Wakita to north of Braman.||The capping inversion that had delayed thunderstorm development into central Oklahoma weakened, allowing for explosive supercell development along the dry line along and west of the Interstate 35 corridor. Rapid development and intensification was common with the late afternoon storms, with storms becoming tornadic within a very short time after initiation. This round of storms would directly impact a large part of the Oklahoma City metro area at rush hour, and posed a significant threat to the area. The first tornado in this area occurred in Canadian County.||During the next several hours, tornadoes were clustered around the metro area, and at times there were multiple significant damaging tornadoes occurring simultaneously. Several of the tornadoes had long tracks. Damage from the tornadoes was substantial, with numerous structures, vehicles, trees and power poles/lines significantly damaged or destroyed. One of the more intense tornadoes moved across Lake Thunderbird east of Norman destroying numerous boats.||More storms developed across southwest and south central Oklahoma, and also quickly became tornadic. ||By 9 pm, 35 tornadoes had been reported. While the loss of three lives was tragic, the casualties could have been much higher given the storm's fast motions, their intensity, the time of day and the areas impacted. ||While exact monetary damage figures were not available, it is estimated that losses were in excess of $595 million. At least 450 sustained injuries, most of them minor. Unfortunately three people lost their lives. ||Note: The large number of injuries and tornadoes made it difficult to associate injuries with specific tornadoes. Injury numbers were included when we had confidence in the numbers. ||Note: The complex nature of storm evolutions and interactions made the job of classifying tornadoes difficult. This represents our best scientific assessment based on ground and aerial surveys, data from multiple radars, photographic and video evidence and anecdotal information.",This is the Grant County portion of tornado #A4.  A tornado developed and moved east-northeast a few minutes behind Tornado #A2 along a nearly parallel path to the south.  This tornado produced significant tree damage and snapped power poles in Grant County before moving into Kay County.,CSV
201005,10,1522,201005,10,1523,39859,231839,OKLAHOMA,40,2010,May,Tornado,C,71,KAY,OUN,10-MAY-10 15:22:00,CST-6,10-MAY-10 15:23:00,0,0,0,0,0.00K,0.00K,NWS Storm Survey,,,,,EF1,1.0,500.0,,,,,7.0,WNW,BRAMAN,7.0,WNW,BRAMAN,36.941,-97.462,36.948,-97.444,"A significant outbreak of severe thunderstorms and tornadoes affected a large part of northern, central, and southern Oklahoma. Tornadoes were most numerous across central and southern Oklahoma, with significant damage occurring over many areas. |Severe thunderstorms erupted by mid afternoon across northern and western Oklahoma. Given the potent combination of ingredients in place, storms began to produce tornadoes quickly after initiation. Storm motions of 50 to 60 mph were common.||During the mid afternoon hours, severe weather was confined to northern Oklahoma. It was there a long track supercell storm produced tornadoes near the Kansas border - including one rated EF3 - from near Wakita to north of Braman.||The capping inversion that had delayed thunderstorm development into central Oklahoma weakened, allowing for explosive supercell development along the dry line along and west of the Interstate 35 corridor. Rapid development and intensification was common with the late afternoon storms, with storms becoming tornadic within a very short time after initiation. This round of storms would directly impact a large part of the Oklahoma City metro area at rush hour, and posed a significant threat to the area. The first tornado in this area occurred in Canadian County.||During the next several hours, tornadoes were clustered around the metro area, and at times there were multiple significant damaging tornadoes occurring simultaneously. Several of the tornadoes had long tracks. Damage from the tornadoes was substantial, with numerous structures, vehicles, trees and power poles/lines significantly damaged or destroyed. One of the more intense tornadoes moved across Lake Thunderbird east of Norman destroying numerous boats.||More storms developed across southwest and south central Oklahoma, and also quickly became tornadic. ||By 9 pm, 35 tornadoes had been reported. While the loss of three lives was tragic, the casualties could have been much higher given the storm's fast motions, their intensity, the time of day and the areas impacted. ||While exact monetary damage figures were not available, it is estimated that losses were in excess of $595 million. At least 450 sustained injuries, most of them minor. Unfortunately three people lost their lives. ||Note: The large number of injuries and tornadoes made it difficult to associate injuries with specific tornadoes. Injury numbers were included when we had confidence in the numbers. ||Note: The complex nature of storm evolutions and interactions made the job of classifying tornadoes difficult. This represents our best scientific assessment based on ground and aerial surveys, data from multiple radars, photographic and video evidence and anecdotal information.",Kay County portion of tornado #A4.  This tornado moved into Kay County from Grant County and continued to produce tree damage before dissipating about one mile inside Kay County.,CSV
201005,10,1517,201005,10,1526,39859,231846,OKLAHOMA,40,2010,May,Tornado,C,71,KAY,OUN,10-MAY-10 15:17:00,CST-6,10-MAY-10 15:26:00,0,0,0,0,0.00K,0.00K,NWS Storm Survey,,,,,EF1,6.7,400.0,,,,,6.0,WNW,BRAMAN,4.0,N,BRAMAN,36.955,-97.435,36.976,-97.317,"A significant outbreak of severe thunderstorms and tornadoes affected a large part of northern, central, and southern Oklahoma. Tornadoes were most numerous across central and southern Oklahoma, with significant damage occurring over many areas. |Severe thunderstorms erupted by mid afternoon across northern and western Oklahoma. Given the potent combination of ingredients in place, storms began to produce tornadoes quickly after initiation. Storm motions of 50 to 60 mph were common.||During the mid afternoon hours, severe weather was confined to northern Oklahoma. It was there a long track supercell storm produced tornadoes near the Kansas border - including one rated EF3 - from near Wakita to north of Braman.||The capping inversion that had delayed thunderstorm development into central Oklahoma weakened, allowing for explosive supercell development along the dry line along and west of the Interstate 35 corridor. Rapid development and intensification was common with the late afternoon storms, with storms becoming tornadic within a very short time after initiation. This round of storms would directly impact a large part of the Oklahoma City metro area at rush hour, and posed a significant threat to the area. The first tornado in this area occurred in Canadian County.||During the next several hours, tornadoes were clustered around the metro area, and at times there were multiple significant damaging tornadoes occurring simultaneously. Several of the tornadoes had long tracks. Damage from the tornadoes was substantial, with numerous structures, vehicles, trees and power poles/lines significantly damaged or destroyed. One of the more intense tornadoes moved across Lake Thunderbird east of Norman destroying numerous boats.||More storms developed across southwest and south central Oklahoma, and also quickly became tornadic. ||By 9 pm, 35 tornadoes had been reported. While the loss of three lives was tragic, the casualties could have been much higher given the storm's fast motions, their intensity, the time of day and the areas impacted. ||While exact monetary damage figures were not available, it is estimated that losses were in excess of $595 million. At least 450 sustained injuries, most of them minor. Unfortunately three people lost their lives. ||Note: The large number of injuries and tornadoes made it difficult to associate injuries with specific tornadoes. Injury numbers were included when we had confidence in the numbers. ||Note: The complex nature of storm evolutions and interactions made the job of classifying tornadoes difficult. This represents our best scientific assessment based on ground and aerial surveys, data from multiple radars, photographic and video evidence and anecdotal information.","Tornado #A5. Another tornado developed and moved a few minutes ahead of tornado #A2 and a couple of miles to the south.  The tornado caused significant tree damage along the entire path.  Just west of Interstate 35, a house suffered significant roof damage, although it was somewhat protected by a number of large trees just west of the house.  Two semi trucks was blown over as this tornado crossed Interstate 35 two miles south of the Kansas state line.",CSV
201005,10,1521,201005,10,1522,39859,236001,OKLAHOMA,40,2010,May,Tornado,C,71,KAY,OUN,10-MAY-10 15:21:00,CST-6,10-MAY-10 15:22:00,0,0,0,0,,0.00K,NWS Storm Survey,,,,,EF0,0.75,50.0,,,,,6.0,N,NARDIN,6.0,W,BRAMAN,36.9,-97.449,36.904,-97.437,"A significant outbreak of severe thunderstorms and tornadoes affected a large part of northern, central, and southern Oklahoma. Tornadoes were most numerous across central and southern Oklahoma, with significant damage occurring over many areas. |Severe thunderstorms erupted by mid afternoon across northern and western Oklahoma. Given the potent combination of ingredients in place, storms began to produce tornadoes quickly after initiation. Storm motions of 50 to 60 mph were common.||During the mid afternoon hours, severe weather was confined to northern Oklahoma. It was there a long track supercell storm produced tornadoes near the Kansas border - including one rated EF3 - from near Wakita to north of Braman.||The capping inversion that had delayed thunderstorm development into central Oklahoma weakened, allowing for explosive supercell development along the dry line along and west of the Interstate 35 corridor. Rapid development and intensification was common with the late afternoon storms, with storms becoming tornadic within a very short time after initiation. This round of storms would directly impact a large part of the Oklahoma City metro area at rush hour, and posed a significant threat to the area. The first tornado in this area occurred in Canadian County.||During the next several hours, tornadoes were clustered around the metro area, and at times there were multiple significant damaging tornadoes occurring simultaneously. Several of the tornadoes had long tracks. Damage from the tornadoes was substantial, with numerous structures, vehicles, trees and power poles/lines significantly damaged or destroyed. One of the more intense tornadoes moved across Lake Thunderbird east of Norman destroying numerous boats.||More storms developed across southwest and south central Oklahoma, and also quickly became tornadic. ||By 9 pm, 35 tornadoes had been reported. While the loss of three lives was tragic, the casualties could have been much higher given the storm's fast motions, their intensity, the time of day and the areas impacted. ||While exact monetary damage figures were not available, it is estimated that losses were in excess of $595 million. At least 450 sustained injuries, most of them minor. Unfortunately three people lost their lives. ||Note: The large number of injuries and tornadoes made it difficult to associate injuries with specific tornadoes. Injury numbers were included when we had confidence in the numbers. ||Note: The complex nature of storm evolutions and interactions made the job of classifying tornadoes difficult. This represents our best scientific assessment based on ground and aerial surveys, data from multiple radars, photographic and video evidence and anecdotal information.",Tornado #A6. An anticyclonic tornado snapped a power pole and damaged trees as it moved east-northeast.,CSV
201005,10,1439,201005,10,1439,39859,436183,OKLAHOMA,40,2010,May,Tornado,C,53,GRANT,OUN,10-MAY-10 14:39:00,CST-6,10-MAY-10 14:39:00,0,0,0,0,0.00K,0.00K,Storm Chaser,,,,,EF0,0.3,30.0,,,,,8.0,SW,WAKITA,8.0,SW,WAKITA,36.808,-98.031,36.808,-98.031,"A significant outbreak of severe thunderstorms and tornadoes affected a large part of northern, central, and southern Oklahoma. Tornadoes were most numerous across central and southern Oklahoma, with significant damage occurring over many areas. |Severe thunderstorms erupted by mid afternoon across northern and western Oklahoma. Given the potent combination of ingredients in place, storms began to produce tornadoes quickly after initiation. Storm motions of 50 to 60 mph were common.||During the mid afternoon hours, severe weather was confined to northern Oklahoma. It was there a long track supercell storm produced tornadoes near the Kansas border - including one rated EF3 - from near Wakita to north of Braman.||The capping inversion that had delayed thunderstorm development into central Oklahoma weakened, allowing for explosive supercell development along the dry line along and west of the Interstate 35 corridor. Rapid development and intensification was common with the late afternoon storms, with storms becoming tornadic within a very short time after initiation. This round of storms would directly impact a large part of the Oklahoma City metro area at rush hour, and posed a significant threat to the area. The first tornado in this area occurred in Canadian County.||During the next several hours, tornadoes were clustered around the metro area, and at times there were multiple significant damaging tornadoes occurring simultaneously. Several of the tornadoes had long tracks. Damage from the tornadoes was substantial, with numerous structures, vehicles, trees and power poles/lines significantly damaged or destroyed. One of the more intense tornadoes moved across Lake Thunderbird east of Norman destroying numerous boats.||More storms developed across southwest and south central Oklahoma, and also quickly became tornadic. ||By 9 pm, 35 tornadoes had been reported. While the loss of three lives was tragic, the casualties could have been much higher given the storm's fast motions, their intensity, the time of day and the areas impacted. ||While exact monetary damage figures were not available, it is estimated that losses were in excess of $595 million. At least 450 sustained injuries, most of them minor. Unfortunately three people lost their lives. ||Note: The large number of injuries and tornadoes made it difficult to associate injuries with specific tornadoes. Injury numbers were included when we had confidence in the numbers. ||Note: The complex nature of storm evolutions and interactions made the job of classifying tornadoes difficult. This represents our best scientific assessment based on ground and aerial surveys, data from multiple radars, photographic and video evidence and anecdotal information.","While the large multiple-vortex tornado (see entry for tornado A2 in Grant County) was developing southwest of Wakita, a storm chaser documented a satellite tornado that formed to the southeast of the primary tornado and moved northeast. This tornado persisted for about 30 seconds. No known damage occurred. Note: Although this tornado is the third tornado produced by supercell A, this tornado will be labeled as tornado A7 due to the late addition of this report and to preserve the continuity of labels of the other tornadoes produced by this supercell.",CSV
201005,10,1745,201005,10,1810,39118,237597,OKLAHOMA,40,2010,May,Tornado,C,107,OKFUSKEE,TSA,10-MAY-10 17:45:00,CST-6,10-MAY-10 18:10:00,0,0,0,0,40.00K,0.00K,NWS Storm Survey,,,,,EF1,14.0,1000.0,,,,,4.0,E,BEARDEN,3.0,NNW,PHAROAH,35.3395,-96.3089,35.4596,-96.1359,"Severe thunderstorms developed along and ahead of a dry line over central Oklahoma during the afternoon hours. Very unstable air along with very strong low level wind shear resulted in a number of supercell thunderstorms. These storms produced numerous tornadoes, very large hail, and damaging wind gusts as they moved eastward across eastern Oklahoma during the evening hours.","A tornado developed south of Okemah, moved east-northeast for several miles then curved to the northeast moving over the south and east side of Clearview before dissipating north of I-40 north of Pharoah. The tornado damaged homes, destroyed outbuildings, snapped or uprooted numerous trees, and blew down power poles. The estimated peak wind in the tornado based on this damage was 105 mph.",CSV
201005,10,1622,201005,10,1627,39859,231943,OKLAHOMA,40,2010,May,Tornado,C,27,CLEVELAND,OUN,10-MAY-10 16:22:00,CST-6,10-MAY-10 16:27:00,0,0,0,0,0.00K,0.00K,NWS Storm Survey,,,,,EF1,3.75,250.0,,,,,2.0,SSE,MOORE,3.0,ENE,MOORE,35.312,-97.48,35.351,-97.438,"A significant outbreak of severe thunderstorms and tornadoes affected a large part of northern, central, and southern Oklahoma. Tornadoes were most numerous across central and southern Oklahoma, with significant damage occurring over many areas. |Severe thunderstorms erupted by mid afternoon across northern and western Oklahoma. Given the potent combination of ingredients in place, storms began to produce tornadoes quickly after initiation. Storm motions of 50 to 60 mph were common.||During the mid afternoon hours, severe weather was confined to northern Oklahoma. It was there a long track supercell storm produced tornadoes near the Kansas border - including one rated EF3 - from near Wakita to north of Braman.||The capping inversion that had delayed thunderstorm development into central Oklahoma weakened, allowing for explosive supercell development along the dry line along and west of the Interstate 35 corridor. Rapid development and intensification was common with the late afternoon storms, with storms becoming tornadic within a very short time after initiation. This round of storms would directly impact a large part of the Oklahoma City metro area at rush hour, and posed a significant threat to the area. The first tornado in this area occurred in Canadian County.||During the next several hours, tornadoes were clustered around the metro area, and at times there were multiple significant damaging tornadoes occurring simultaneously. Several of the tornadoes had long tracks. Damage from the tornadoes was substantial, with numerous structures, vehicles, trees and power poles/lines significantly damaged or destroyed. One of the more intense tornadoes moved across Lake Thunderbird east of Norman destroying numerous boats.||More storms developed across southwest and south central Oklahoma, and also quickly became tornadic. ||By 9 pm, 35 tornadoes had been reported. While the loss of three lives was tragic, the casualties could have been much higher given the storm's fast motions, their intensity, the time of day and the areas impacted. ||While exact monetary damage figures were not available, it is estimated that losses were in excess of $595 million. At least 450 sustained injuries, most of them minor. Unfortunately three people lost their lives. ||Note: The large number of injuries and tornadoes made it difficult to associate injuries with specific tornadoes. Injury numbers were included when we had confidence in the numbers. ||Note: The complex nature of storm evolutions and interactions made the job of classifying tornadoes difficult. This represents our best scientific assessment based on ground and aerial surveys, data from multiple radars, photographic and video evidence and anecdotal information.","Tornado #I2. Power poles and a house were damaged near and just east of Broadway Street and Eastern Avenue in the southern portion of Moore.  As the tornado moved northeast, most of the roof was removed from a mobile home and trees were damaged west of Sunnylane Road north of NE 12th Street, and shingle damage occurred on a house just east of Sunnylane Road.",CSV
201005,10,1627,201005,10,1627,39859,231945,OKLAHOMA,40,2010,May,Tornado,C,27,CLEVELAND,OUN,10-MAY-10 16:27:00,CST-6,10-MAY-10 16:27:00,0,0,0,0,0.00K,0.00K,Public,,,,,EF1,0.5,50.0,,,,,4.0,WSW,STANLEY DRAPER LAKE DAM,4.0,WSW,STANLEY DRAPER LAKE DAM,35.306,-97.421,35.306,-97.421,"A significant outbreak of severe thunderstorms and tornadoes affected a large part of northern, central, and southern Oklahoma. Tornadoes were most numerous across central and southern Oklahoma, with significant damage occurring over many areas. |Severe thunderstorms erupted by mid afternoon across northern and western Oklahoma. Given the potent combination of ingredients in place, storms began to produce tornadoes quickly after initiation. Storm motions of 50 to 60 mph were common.||During the mid afternoon hours, severe weather was confined to northern Oklahoma. It was there a long track supercell storm produced tornadoes near the Kansas border - including one rated EF3 - from near Wakita to north of Braman.||The capping inversion that had delayed thunderstorm development into central Oklahoma weakened, allowing for explosive supercell development along the dry line along and west of the Interstate 35 corridor. Rapid development and intensification was common with the late afternoon storms, with storms becoming tornadic within a very short time after initiation. This round of storms would directly impact a large part of the Oklahoma City metro area at rush hour, and posed a significant threat to the area. The first tornado in this area occurred in Canadian County.||During the next several hours, tornadoes were clustered around the metro area, and at times there were multiple significant damaging tornadoes occurring simultaneously. Several of the tornadoes had long tracks. Damage from the tornadoes was substantial, with numerous structures, vehicles, trees and power poles/lines significantly damaged or destroyed. One of the more intense tornadoes moved across Lake Thunderbird east of Norman destroying numerous boats.||More storms developed across southwest and south central Oklahoma, and also quickly became tornadic. ||By 9 pm, 35 tornadoes had been reported. While the loss of three lives was tragic, the casualties could have been much higher given the storm's fast motions, their intensity, the time of day and the areas impacted. ||While exact monetary damage figures were not available, it is estimated that losses were in excess of $595 million. At least 450 sustained injuries, most of them minor. Unfortunately three people lost their lives. ||Note: The large number of injuries and tornadoes made it difficult to associate injuries with specific tornadoes. Injury numbers were included when we had confidence in the numbers. ||Note: The complex nature of storm evolutions and interactions made the job of classifying tornadoes difficult. This represents our best scientific assessment based on ground and aerial surveys, data from multiple radars, photographic and video evidence and anecdotal information.","Tornado #I3. Roof damage occurred at a restaurant near SE 34th Street and Sooner Road in southeast Moore.  The tornado moved east-northeast across Sooner Road into a neighborhood, producing tree and roof damage before dissipating.",CSV
201005,10,1632,201005,10,1651,39859,231948,OKLAHOMA,40,2010,May,Tornado,C,27,CLEVELAND,OUN,10-MAY-10 16:32:00,CST-6,10-MAY-10 16:51:00,32,0,1,0,0.00K,0.00K,NWS Storm Survey,,,,,EF4,17.0,880.0,OUN,OK,125.0,POTTAWATOMIE,3.0,SSE,NORMAN,5.0,ENE,LAKE THUNDERBIRD DAM,35.1808,-97.4273,35.249,-97.142,"A significant outbreak of severe thunderstorms and tornadoes affected a large part of northern, central, and southern Oklahoma. Tornadoes were most numerous across central and southern Oklahoma, with significant damage occurring over many areas. |Severe thunderstorms erupted by mid afternoon across northern and western Oklahoma. Given the potent combination of ingredients in place, storms began to produce tornadoes quickly after initiation. Storm motions of 50 to 60 mph were common.||During the mid afternoon hours, severe weather was confined to northern Oklahoma. It was there a long track supercell storm produced tornadoes near the Kansas border - including one rated EF3 - from near Wakita to north of Braman.||The capping inversion that had delayed thunderstorm development into central Oklahoma weakened, allowing for explosive supercell development along the dry line along and west of the Interstate 35 corridor. Rapid development and intensification was common with the late afternoon storms, with storms becoming tornadic within a very short time after initiation. This round of storms would directly impact a large part of the Oklahoma City metro area at rush hour, and posed a significant threat to the area. The first tornado in this area occurred in Canadian County.||During the next several hours, tornadoes were clustered around the metro area, and at times there were multiple significant damaging tornadoes occurring simultaneously. Several of the tornadoes had long tracks. Damage from the tornadoes was substantial, with numerous structures, vehicles, trees and power poles/lines significantly damaged or destroyed. One of the more intense tornadoes moved across Lake Thunderbird east of Norman destroying numerous boats.||More storms developed across southwest and south central Oklahoma, and also quickly became tornadic. ||By 9 pm, 35 tornadoes had been reported. While the loss of three lives was tragic, the casualties could have been much higher given the storm's fast motions, their intensity, the time of day and the areas impacted. ||While exact monetary damage figures were not available, it is estimated that losses were in excess of $595 million. At least 450 sustained injuries, most of them minor. Unfortunately three people lost their lives. ||Note: The large number of injuries and tornadoes made it difficult to associate injuries with specific tornadoes. Injury numbers were included when we had confidence in the numbers. ||Note: The complex nature of storm evolutions and interactions made the job of classifying tornadoes difficult. This represents our best scientific assessment based on ground and aerial surveys, data from multiple radars, photographic and video evidence and anecdotal information.","This tornado is labeled #J1, and moved into Pottawatomie County near state highway 9. The tornado a few hundred yards east of the National Weather Center in Norman, Oklahoma. The damage intensity increased gradually along the path with significant damage beginning as the tornado approached Lake Thunderbird. This tornado crossed Lake Thunderbird, severely damaging two campgrounds and the marina where about 300 boats were docked.  The most severe damage occurred from the Little Axe School to the Cleveland/Pottawatomie county line. Trees were stripped of some bark and branches. Large objects were thrown considerable distances, including some concrete pillars. The metal bleachers near the school were tossed or rolled several hundred yards. Some appliances were also lofted as a dryer was found about 50 feet up in a tree. Considerable structural damage also occurred, as some foundation homes were mostly destroyed.  In addition to the damage, one person lost their life as a result of the tornado.",CSV
201005,10,1651,201005,10,1659,39859,231950,OKLAHOMA,40,2010,May,Tornado,C,125,POTTAWATOMIE,OUN,10-MAY-10 16:51:00,CST-6,10-MAY-10 16:59:00,0,0,0,0,0.00K,0.00K,NWS Storm Survey,,,,,EF1,5.25,400.0,,,,,1.0,WSW,PINK,4.0,E,PINK,35.249,-97.142,35.255,-97.049,"A significant outbreak of severe thunderstorms and tornadoes affected a large part of northern, central, and southern Oklahoma. Tornadoes were most numerous across central and southern Oklahoma, with significant damage occurring over many areas. |Severe thunderstorms erupted by mid afternoon across northern and western Oklahoma. Given the potent combination of ingredients in place, storms began to produce tornadoes quickly after initiation. Storm motions of 50 to 60 mph were common.||During the mid afternoon hours, severe weather was confined to northern Oklahoma. It was there a long track supercell storm produced tornadoes near the Kansas border - including one rated EF3 - from near Wakita to north of Braman.||The capping inversion that had delayed thunderstorm development into central Oklahoma weakened, allowing for explosive supercell development along the dry line along and west of the Interstate 35 corridor. Rapid development and intensification was common with the late afternoon storms, with storms becoming tornadic within a very short time after initiation. This round of storms would directly impact a large part of the Oklahoma City metro area at rush hour, and posed a significant threat to the area. The first tornado in this area occurred in Canadian County.||During the next several hours, tornadoes were clustered around the metro area, and at times there were multiple significant damaging tornadoes occurring simultaneously. Several of the tornadoes had long tracks. Damage from the tornadoes was substantial, with numerous structures, vehicles, trees and power poles/lines significantly damaged or destroyed. One of the more intense tornadoes moved across Lake Thunderbird east of Norman destroying numerous boats.||More storms developed across southwest and south central Oklahoma, and also quickly became tornadic. ||By 9 pm, 35 tornadoes had been reported. While the loss of three lives was tragic, the casualties could have been much higher given the storm's fast motions, their intensity, the time of day and the areas impacted. ||While exact monetary damage figures were not available, it is estimated that losses were in excess of $595 million. At least 450 sustained injuries, most of them minor. Unfortunately three people lost their lives. ||Note: The large number of injuries and tornadoes made it difficult to associate injuries with specific tornadoes. Injury numbers were included when we had confidence in the numbers. ||Note: The complex nature of storm evolutions and interactions made the job of classifying tornadoes difficult. This represents our best scientific assessment based on ground and aerial surveys, data from multiple radars, photographic and video evidence and anecdotal information.","Pottawatomie County portion of tornado #J1.  This tornado crossed into Pottawatomie County from Cleveland County near State Highway 9.  The tornado crossed the path of tornado #J3 and remained south of State Highway 9 in Pottawatomie County, causing tree damage along State Highway 102 before dissipating.",CSV
201005,10,1634,201005,10,1640,39859,231958,OKLAHOMA,40,2010,May,Tornado,C,27,CLEVELAND,OUN,10-MAY-10 16:34:00,CST-6,10-MAY-10 16:40:00,0,0,0,0,0.00K,0.00K,NWS Storm Survey,,,,,EF1,5.5,250.0,,,,,3.0,S,NORMAN,4.0,NNE,NOBLE,35.1703,-97.4498,35.194,-97.357,"A significant outbreak of severe thunderstorms and tornadoes affected a large part of northern, central, and southern Oklahoma. Tornadoes were most numerous across central and southern Oklahoma, with significant damage occurring over many areas. |Severe thunderstorms erupted by mid afternoon across northern and western Oklahoma. Given the potent combination of ingredients in place, storms began to produce tornadoes quickly after initiation. Storm motions of 50 to 60 mph were common.||During the mid afternoon hours, severe weather was confined to northern Oklahoma. It was there a long track supercell storm produced tornadoes near the Kansas border - including one rated EF3 - from near Wakita to north of Braman.||The capping inversion that had delayed thunderstorm development into central Oklahoma weakened, allowing for explosive supercell development along the dry line along and west of the Interstate 35 corridor. Rapid development and intensification was common with the late afternoon storms, with storms becoming tornadic within a very short time after initiation. This round of storms would directly impact a large part of the Oklahoma City metro area at rush hour, and posed a significant threat to the area. The first tornado in this area occurred in Canadian County.||During the next several hours, tornadoes were clustered around the metro area, and at times there were multiple significant damaging tornadoes occurring simultaneously. Several of the tornadoes had long tracks. Damage from the tornadoes was substantial, with numerous structures, vehicles, trees and power poles/lines significantly damaged or destroyed. One of the more intense tornadoes moved across Lake Thunderbird east of Norman destroying numerous boats.||More storms developed across southwest and south central Oklahoma, and also quickly became tornadic. ||By 9 pm, 35 tornadoes had been reported. While the loss of three lives was tragic, the casualties could have been much higher given the storm's fast motions, their intensity, the time of day and the areas impacted. ||While exact monetary damage figures were not available, it is estimated that losses were in excess of $595 million. At least 450 sustained injuries, most of them minor. Unfortunately three people lost their lives. ||Note: The large number of injuries and tornadoes made it difficult to associate injuries with specific tornadoes. Injury numbers were included when we had confidence in the numbers. ||Note: The complex nature of storm evolutions and interactions made the job of classifying tornadoes difficult. This represents our best scientific assessment based on ground and aerial surveys, data from multiple radars, photographic and video evidence and anecdotal information.","Tornado #J2. This anticyclonic tornado developed in the southern portion of Norman south of State Highway 9 near Chautauqua Avenue and to the southwest of tornado #J1.  The tornado moved east-northeast causing roof, tree and fence damage to neighborhoods along Cedar Lane, especially after crossing U.S. Highway 77.  The tornado continued to produce tree damage as it moved east and east-northeast.  It crossed State Highway 9 to the east of SE 48th Avenue and moved into a neighborhood to the northwest of SE 60th Avenue and Highway 9 a few minutes after tornado #J1 had caused damage in this same neighborhood.  The tornado dissipated near SE 60th Avenue.",CSV
201005,10,1803,201005,10,1804,39118,237599,OKLAHOMA,40,2010,May,Tornado,C,111,OKMULGEE,TSA,10-MAY-10 18:03:00,CST-6,10-MAY-10 18:04:00,0,0,0,0,1.00K,0.00K,NWS Storm Survey,,,,,EF0,0.5,100.0,,,,,1.0,NNE,BRYANT,1.0,W,HENRYETTA ARPT,35.3982,-96.0558,35.4004,-96.0461,"Severe thunderstorms developed along and ahead of a dry line over central Oklahoma during the afternoon hours. Very unstable air along with very strong low level wind shear resulted in a number of supercell thunderstorms. These storms produced numerous tornadoes, very large hail, and damaging wind gusts as they moved eastward across eastern Oklahoma during the evening hours.",A tornado snapped numerous large tree limbs and damaged the siding of a house. The estimated peak wind in the tornado based on this damage was 80 mph.,CSV
201005,10,1804,201005,10,1822,39118,237609,OKLAHOMA,40,2010,May,Tornado,C,111,OKMULGEE,TSA,10-MAY-10 18:04:00,CST-6,10-MAY-10 18:22:00,0,0,0,0,150.00K,0.00K,NWS Storm Survey,,,,,EF2,12.0,1250.0,,,,,1.0,SSW,HENRYETTA ARPT,1.0,NNE,DIGHTON,35.3833,-96.0266,35.4895,-95.8923,"Severe thunderstorms developed along and ahead of a dry line over central Oklahoma during the afternoon hours. Very unstable air along with very strong low level wind shear resulted in a number of supercell thunderstorms. These storms produced numerous tornadoes, very large hail, and damaging wind gusts as they moved eastward across eastern Oklahoma during the evening hours.","A tornado developed southwest of Henryetta, moved east-northeast across Henryetta Lake then turned sharply northeast before dissipating northeast of Dewar. The tornado destroyed a mobile home near Lake Henryetta. The tornado also damaged several homes, another mobile home and a boat dock, snapped or uprooted numerous trees and blew down power poles. The estimated peak wind in the tornado based on this damage was 115 mph.",CSV
201005,10,1825,201005,10,1825,39118,237629,OKLAHOMA,40,2010,May,Tornado,C,91,MCINTOSH,TSA,10-MAY-10 18:25:00,CST-6,10-MAY-10 18:25:00,0,0,0,0,0.00K,0.00K,NWS Storm Survey,,,,,EF0,0.4,100.0,,,,,2.0,E,BURNEY,2.0,E,BURNEY,35.4303,-95.7911,35.4303,-95.7911,"Severe thunderstorms developed along and ahead of a dry line over central Oklahoma during the afternoon hours. Very unstable air along with very strong low level wind shear resulted in a number of supercell thunderstorms. These storms produced numerous tornadoes, very large hail, and damaging wind gusts as they moved eastward across eastern Oklahoma during the evening hours.",A tornado snapped numerous large tree limbs. The estimated peak wind in the tornado based on this damage was 80 mph.,CSV
201005,13,417,201005,13,421,39128,237538,OKLAHOMA,40,2010,May,Tornado,C,131,ROGERS,TSA,13-MAY-10 04:17:00,CST-6,13-MAY-10 04:21:00,0,0,0,0,50.00K,0.00K,NWS Storm Survey,,,,,EF1,4.4,600.0,TSA,OK,97.0,MAYES,1.0,SW,INOLA,1.0,NNW,INOLA ARPT,36.1413,-95.5111,36.1679,-95.4397,A line of thunderstorms intensified as it moved into eastern Oklahoma during the early morning hours of the 13th. A number of tornadoes developed on the leading edge of the bowing line of storms over northeastern Oklahoma. The storms also produced damaging wind gusts.,"A tornado developed just south of Inola and moved northeast into Mayes County. The tornado damaged several homes, damaged a barn, and blew down trees and power poles in Rogers County. The estimated peak wind in this tornado segment based on this damage was 95 mph. The tornado intensified further east in Mayes County and produced EF2 damage there.",CSV
201005,10,1635,201005,10,1651,39859,231939,OKLAHOMA,40,2010,May,Tornado,C,109,OKLAHOMA,OUN,10-MAY-10 16:35:00,CST-6,10-MAY-10 16:51:00,29,0,2,0,0.00K,0.00K,NWS Storm Survey,,,,,EF4,11.0,2000.0,,,,,5.0,ESE,(TIK)TINKER AFB,1.0,SSE,HARRAH,35.377,-97.305,35.47,-97.155,"A significant outbreak of severe thunderstorms and tornadoes affected a large part of northern, central, and southern Oklahoma. Tornadoes were most numerous across central and southern Oklahoma, with significant damage occurring over many areas. |Severe thunderstorms erupted by mid afternoon across northern and western Oklahoma. Given the potent combination of ingredients in place, storms began to produce tornadoes quickly after initiation. Storm motions of 50 to 60 mph were common.||During the mid afternoon hours, severe weather was confined to northern Oklahoma. It was there a long track supercell storm produced tornadoes near the Kansas border - including one rated EF3 - from near Wakita to north of Braman.||The capping inversion that had delayed thunderstorm development into central Oklahoma weakened, allowing for explosive supercell development along the dry line along and west of the Interstate 35 corridor. Rapid development and intensification was common with the late afternoon storms, with storms becoming tornadic within a very short time after initiation. This round of storms would directly impact a large part of the Oklahoma City metro area at rush hour, and posed a significant threat to the area. The first tornado in this area occurred in Canadian County.||During the next several hours, tornadoes were clustered around the metro area, and at times there were multiple significant damaging tornadoes occurring simultaneously. Several of the tornadoes had long tracks. Damage from the tornadoes was substantial, with numerous structures, vehicles, trees and power poles/lines significantly damaged or destroyed. One of the more intense tornadoes moved across Lake Thunderbird east of Norman destroying numerous boats.||More storms developed across southwest and south central Oklahoma, and also quickly became tornadic. ||By 9 pm, 35 tornadoes had been reported. While the loss of three lives was tragic, the casualties could have been much higher given the storm's fast motions, their intensity, the time of day and the areas impacted. ||While exact monetary damage figures were not available, it is estimated that losses were in excess of $595 million. At least 450 sustained injuries, most of them minor. Unfortunately three people lost their lives. ||Note: The large number of injuries and tornadoes made it difficult to associate injuries with specific tornadoes. Injury numbers were included when we had confidence in the numbers. ||Note: The complex nature of storm evolutions and interactions made the job of classifying tornadoes difficult. This represents our best scientific assessment based on ground and aerial surveys, data from multiple radars, photographic and video evidence and anecdotal information.","This tornado is a continuation of the tornado that began in Cleveland County, labeled  #I1. This long-tracked and devastating tornado developed west of I-35, northwest of Max Westheimer airport. Widespread tree, power line/pole damage was reported from near I-35 to the east side of Stanley Draper Lake. Several homes also sustained damage, mainly with mostly roofs receiving significant damage, and some siding was ripped off. Several fences were also knocked down as the tornado moved northeast. From the east side of Lake Stanley Draper, near Hiwassee Road and SE 89th Street, to just south of Harrah, the damage path became more severe and focused. The tree damage became more severe, breaking at various heights of the tree or being uprooted. Walls of homes collapsed, and debris from the homes scattered in all directions. Several 2x4's punctured roofs and ceilings over numerous structures. A few mobile homes in this area were also completely destroyed. Where the tornado crossed I-40, a gas station and drive-in restaurant sustained up to EF3 damage. The most severe damage, one of the two EF4 tornadoes of the day, occurred in the Deerfield West Subdivision. A well-built residence here was completely destroyed, with most exterior and interior walls collapsing. The tornado finally lifted 2 miles south of Harrah. In addition to the incredible damage, two people lost their lives as a result of the tornado.",CSV
201005,13,421,201005,13,426,39128,237543,OKLAHOMA,40,2010,May,Tornado,C,97,MAYES,TSA,13-MAY-10 04:21:00,CST-6,13-MAY-10 04:26:00,2,0,0,0,300.00K,0.00K,NWS Storm Survey,,,,,EF2,4.3,1000.0,,,,,5.0,W,CHOUTEAU,1.0,NW,CHOUTEAU,36.1679,-95.4397,36.1944,-95.37,A line of thunderstorms intensified as it moved into eastern Oklahoma during the early morning hours of the 13th. A number of tornadoes developed on the leading edge of the bowing line of storms over northeastern Oklahoma. The storms also produced damaging wind gusts.,"The tornado that developed near Inola in Rogers County moved northeast toward Chouteau. In Mayes County, the tornado severely damaged several homes, destroyed a metal shop, snapped or uprooted numerous trees, and snapped numerous high tension wire poles. The estimated peak wind in this tornado based on this damage in Mayes County was 115 mph. Two people were injured by flying debris.",CSV
201005,13,437,201005,13,441,39128,237549,OKLAHOMA,40,2010,May,Tornado,C,21,CHEROKEE,TSA,13-MAY-10 04:37:00,CST-6,13-MAY-10 04:41:00,0,0,0,0,10.00K,0.00K,Emergency Manager,,,,,EF1,4.0,200.0,,,,,1.0,E,HULBERT,5.0,NE,HULBERT,35.93,-95.1321,35.9761,-95.0931,A line of thunderstorms intensified as it moved into eastern Oklahoma during the early morning hours of the 13th. A number of tornadoes developed on the leading edge of the bowing line of storms over northeastern Oklahoma. The storms also produced damaging wind gusts.,"A tornado snapped large trees limbs, uprooted trees, and damaged outbuildings. The estimated peak wind in the tornado based on this damage was 90 mph.",CSV
201005,13,451,201005,13,455,39128,237551,OKLAHOMA,40,2010,May,Tornado,C,21,CHEROKEE,TSA,13-MAY-10 04:51:00,CST-6,13-MAY-10 04:55:00,0,0,0,0,0.00K,0.00K,Emergency Manager,,,,,EF1,4.0,200.0,,,,,3.0,E,MOODYS,7.0,E,MOODYS,36.03,-94.9053,36.03,-94.8337,A line of thunderstorms intensified as it moved into eastern Oklahoma during the early morning hours of the 13th. A number of tornadoes developed on the leading edge of the bowing line of storms over northeastern Oklahoma. The storms also produced damaging wind gusts.,A tornado uprooted trees and snapped large tree limbs. The estimated peak wind in the tornado based on this damage was 90 mph.,CSV
201005,13,505,201005,13,507,39128,237553,OKLAHOMA,40,2010,May,Tornado,C,41,DELAWARE,TSA,13-MAY-10 05:05:00,CST-6,13-MAY-10 05:07:00,0,0,0,0,0.00K,0.00K,NWS Storm Survey,,,,,EF1,2.1,300.0,TSA,OK,115.0,OTTAWA,1.0,SSW,COPELAND,2.0,E,COPELAND,36.6613,-94.8252,36.6701,-94.7875,A line of thunderstorms intensified as it moved into eastern Oklahoma during the early morning hours of the 13th. A number of tornadoes developed on the leading edge of the bowing line of storms over northeastern Oklahoma. The storms also produced damaging wind gusts.,A tornado developed near Copeland and moved east-northeast into Ottawa County. The tornado uprooted or snapped numerous trees in northern Delaware County. The estimated peak wind in the tornado based on this damage was 90 mph.,CSV
201005,12,1926,201005,12,1935,37788,231667,OKLAHOMA,40,2010,May,Tornado,C,39,CUSTER,OUN,12-MAY-10 19:26:00,CST-6,12-MAY-10 19:35:00,0,0,0,0,,0.00K,Emergency Manager,,,,,EF1,6.4,50.0,,,,,4.0,SE,CLINTON,6.0,ESE,ARAPAHO,35.466,-98.931,35.538,-98.861,"Several supercell thunderstorms with large hail and tornadoes affected much of western Oklahoma during the late afternoon and early evening. The storms evolved into a squall line that brought numerous reports of severe weather, including particularly damaging winds and hail. A few locations that had received damage from the May 10 tornadoes saw additional damage.","Storm spotters observed a tornado that moved from Washita county into Custer county.  The tornado damaged a barn and a residence, and downed a few power lines as it moved northeast across Interstate 40 east of Clinton. The tornado lifted north of Intestate 40 near Custer City Road. Monetary damages were not available.",CSV
201005,10,1553,201005,10,1554,39859,231850,OKLAHOMA,40,2010,May,Tornado,C,103,NOBLE,OUN,10-MAY-10 15:53:00,CST-6,10-MAY-10 15:54:00,0,0,0,0,0.00K,0.00K,Storm Chaser,,,,,EF0,0.5,20.0,,,,,1.0,NNE,RED ROCK,2.0,NNE,RED ROCK,36.479,-97.173,36.482,-97.164,"A significant outbreak of severe thunderstorms and tornadoes affected a large part of northern, central, and southern Oklahoma. Tornadoes were most numerous across central and southern Oklahoma, with significant damage occurring over many areas. |Severe thunderstorms erupted by mid afternoon across northern and western Oklahoma. Given the potent combination of ingredients in place, storms began to produce tornadoes quickly after initiation. Storm motions of 50 to 60 mph were common.||During the mid afternoon hours, severe weather was confined to northern Oklahoma. It was there a long track supercell storm produced tornadoes near the Kansas border - including one rated EF3 - from near Wakita to north of Braman.||The capping inversion that had delayed thunderstorm development into central Oklahoma weakened, allowing for explosive supercell development along the dry line along and west of the Interstate 35 corridor. Rapid development and intensification was common with the late afternoon storms, with storms becoming tornadic within a very short time after initiation. This round of storms would directly impact a large part of the Oklahoma City metro area at rush hour, and posed a significant threat to the area. The first tornado in this area occurred in Canadian County.||During the next several hours, tornadoes were clustered around the metro area, and at times there were multiple significant damaging tornadoes occurring simultaneously. Several of the tornadoes had long tracks. Damage from the tornadoes was substantial, with numerous structures, vehicles, trees and power poles/lines significantly damaged or destroyed. One of the more intense tornadoes moved across Lake Thunderbird east of Norman destroying numerous boats.||More storms developed across southwest and south central Oklahoma, and also quickly became tornadic. ||By 9 pm, 35 tornadoes had been reported. While the loss of three lives was tragic, the casualties could have been much higher given the storm's fast motions, their intensity, the time of day and the areas impacted. ||While exact monetary damage figures were not available, it is estimated that losses were in excess of $595 million. At least 450 sustained injuries, most of them minor. Unfortunately three people lost their lives. ||Note: The large number of injuries and tornadoes made it difficult to associate injuries with specific tornadoes. Injury numbers were included when we had confidence in the numbers. ||Note: The complex nature of storm evolutions and interactions made the job of classifying tornadoes difficult. This represents our best scientific assessment based on ground and aerial surveys, data from multiple radars, photographic and video evidence and anecdotal information.",Tornado #B1.  Storm chasers reported a brief tornado north-northeast of Red Rock. No damage was reported and the location is estimated.,CSV
201005,10,1600,201005,10,1612,39859,231854,OKLAHOMA,40,2010,May,Tornado,C,103,NOBLE,OUN,10-MAY-10 16:00:00,CST-6,10-MAY-10 16:12:00,0,0,0,0,0.00K,0.00K,Emergency Manager,,,,,EF1,10.0,1000.0,TSA,OK,113.0,OSAGE,5.0,ESE,MARLAND,14.0,E,MARLAND,36.539,-97.07,36.589,-96.904,"A significant outbreak of severe thunderstorms and tornadoes affected a large part of northern, central, and southern Oklahoma. Tornadoes were most numerous across central and southern Oklahoma, with significant damage occurring over many areas. |Severe thunderstorms erupted by mid afternoon across northern and western Oklahoma. Given the potent combination of ingredients in place, storms began to produce tornadoes quickly after initiation. Storm motions of 50 to 60 mph were common.||During the mid afternoon hours, severe weather was confined to northern Oklahoma. It was there a long track supercell storm produced tornadoes near the Kansas border - including one rated EF3 - from near Wakita to north of Braman.||The capping inversion that had delayed thunderstorm development into central Oklahoma weakened, allowing for explosive supercell development along the dry line along and west of the Interstate 35 corridor. Rapid development and intensification was common with the late afternoon storms, with storms becoming tornadic within a very short time after initiation. This round of storms would directly impact a large part of the Oklahoma City metro area at rush hour, and posed a significant threat to the area. The first tornado in this area occurred in Canadian County.||During the next several hours, tornadoes were clustered around the metro area, and at times there were multiple significant damaging tornadoes occurring simultaneously. Several of the tornadoes had long tracks. Damage from the tornadoes was substantial, with numerous structures, vehicles, trees and power poles/lines significantly damaged or destroyed. One of the more intense tornadoes moved across Lake Thunderbird east of Norman destroying numerous boats.||More storms developed across southwest and south central Oklahoma, and also quickly became tornadic. ||By 9 pm, 35 tornadoes had been reported. While the loss of three lives was tragic, the casualties could have been much higher given the storm's fast motions, their intensity, the time of day and the areas impacted. ||While exact monetary damage figures were not available, it is estimated that losses were in excess of $595 million. At least 450 sustained injuries, most of them minor. Unfortunately three people lost their lives. ||Note: The large number of injuries and tornadoes made it difficult to associate injuries with specific tornadoes. Injury numbers were included when we had confidence in the numbers. ||Note: The complex nature of storm evolutions and interactions made the job of classifying tornadoes difficult. This represents our best scientific assessment based on ground and aerial surveys, data from multiple radars, photographic and video evidence and anecdotal information.",Tornado #B2. Storm chasers observed this tornado developing east of US-177.  It quickly became rain-wrapped and moved across rural northeastern Noble County.  A house was damaged 12.5 miles east of Marland just before the tornado crossed the Arkansas River into Osage County.  See documentation from the NWS Tulsa OK for information about the tornado in Osage County.,CSV
201005,10,1602,201005,10,1603,39859,231856,OKLAHOMA,40,2010,May,Tornado,C,103,NOBLE,OUN,10-MAY-10 16:02:00,CST-6,10-MAY-10 16:03:00,0,0,0,0,0.00K,0.00K,Emergency Manager,,,,,EF1,1.5,40.0,,,,,5.0,SE,MARLAND,6.0,SE,MARLAND,36.507,-97.09,36.499,-97.066,"A significant outbreak of severe thunderstorms and tornadoes affected a large part of northern, central, and southern Oklahoma. Tornadoes were most numerous across central and southern Oklahoma, with significant damage occurring over many areas. |Severe thunderstorms erupted by mid afternoon across northern and western Oklahoma. Given the potent combination of ingredients in place, storms began to produce tornadoes quickly after initiation. Storm motions of 50 to 60 mph were common.||During the mid afternoon hours, severe weather was confined to northern Oklahoma. It was there a long track supercell storm produced tornadoes near the Kansas border - including one rated EF3 - from near Wakita to north of Braman.||The capping inversion that had delayed thunderstorm development into central Oklahoma weakened, allowing for explosive supercell development along the dry line along and west of the Interstate 35 corridor. Rapid development and intensification was common with the late afternoon storms, with storms becoming tornadic within a very short time after initiation. This round of storms would directly impact a large part of the Oklahoma City metro area at rush hour, and posed a significant threat to the area. The first tornado in this area occurred in Canadian County.||During the next several hours, tornadoes were clustered around the metro area, and at times there were multiple significant damaging tornadoes occurring simultaneously. Several of the tornadoes had long tracks. Damage from the tornadoes was substantial, with numerous structures, vehicles, trees and power poles/lines significantly damaged or destroyed. One of the more intense tornadoes moved across Lake Thunderbird east of Norman destroying numerous boats.||More storms developed across southwest and south central Oklahoma, and also quickly became tornadic. ||By 9 pm, 35 tornadoes had been reported. While the loss of three lives was tragic, the casualties could have been much higher given the storm's fast motions, their intensity, the time of day and the areas impacted. ||While exact monetary damage figures were not available, it is estimated that losses were in excess of $595 million. At least 450 sustained injuries, most of them minor. Unfortunately three people lost their lives. ||Note: The large number of injuries and tornadoes made it difficult to associate injuries with specific tornadoes. Injury numbers were included when we had confidence in the numbers. ||Note: The complex nature of storm evolutions and interactions made the job of classifying tornadoes difficult. This represents our best scientific assessment based on ground and aerial surveys, data from multiple radars, photographic and video evidence and anecdotal information.","Tornado #B3. Storm chasers observed this anticyclonic tornado.  Roof damage was reported a mile west of US-177, and some damage occurred at a casino as the tornado crossed US-177.",CSV
201005,10,1613,201005,10,1613,39859,231866,OKLAHOMA,40,2010,May,Tornado,C,109,OKLAHOMA,OUN,10-MAY-10 16:13:00,CST-6,10-MAY-10 16:13:00,0,0,0,0,0.00K,0.00K,Law Enforcement,,,,,EF0,0.2,20.0,,,,,2.0,N,THE VILLAGE,2.0,N,THE VILLAGE,35.604,-97.543,35.604,-97.543,"A significant outbreak of severe thunderstorms and tornadoes affected a large part of northern, central, and southern Oklahoma. Tornadoes were most numerous across central and southern Oklahoma, with significant damage occurring over many areas. |Severe thunderstorms erupted by mid afternoon across northern and western Oklahoma. Given the potent combination of ingredients in place, storms began to produce tornadoes quickly after initiation. Storm motions of 50 to 60 mph were common.||During the mid afternoon hours, severe weather was confined to northern Oklahoma. It was there a long track supercell storm produced tornadoes near the Kansas border - including one rated EF3 - from near Wakita to north of Braman.||The capping inversion that had delayed thunderstorm development into central Oklahoma weakened, allowing for explosive supercell development along the dry line along and west of the Interstate 35 corridor. Rapid development and intensification was common with the late afternoon storms, with storms becoming tornadic within a very short time after initiation. This round of storms would directly impact a large part of the Oklahoma City metro area at rush hour, and posed a significant threat to the area. The first tornado in this area occurred in Canadian County.||During the next several hours, tornadoes were clustered around the metro area, and at times there were multiple significant damaging tornadoes occurring simultaneously. Several of the tornadoes had long tracks. Damage from the tornadoes was substantial, with numerous structures, vehicles, trees and power poles/lines significantly damaged or destroyed. One of the more intense tornadoes moved across Lake Thunderbird east of Norman destroying numerous boats.||More storms developed across southwest and south central Oklahoma, and also quickly became tornadic. ||By 9 pm, 35 tornadoes had been reported. While the loss of three lives was tragic, the casualties could have been much higher given the storm's fast motions, their intensity, the time of day and the areas impacted. ||While exact monetary damage figures were not available, it is estimated that losses were in excess of $595 million. At least 450 sustained injuries, most of them minor. Unfortunately three people lost their lives. ||Note: The large number of injuries and tornadoes made it difficult to associate injuries with specific tornadoes. Injury numbers were included when we had confidence in the numbers. ||Note: The complex nature of storm evolutions and interactions made the job of classifying tornadoes difficult. This represents our best scientific assessment based on ground and aerial surveys, data from multiple radars, photographic and video evidence and anecdotal information.",Tornado #C2. An Oklahoma City police officer observed a tornado touch down briefly near Memorial Road and Pennsylvania Avenue.  No damage was reported.,CSV
201005,10,1650,201005,10,1654,39859,231873,OKLAHOMA,40,2010,May,Tornado,C,137,STEPHENS,OUN,10-MAY-10 16:50:00,CST-6,10-MAY-10 16:54:00,0,0,0,0,0.00K,0.00K,Trained Spotter,,,,,EF0,2.0,50.0,,,,,3.0,E,LOCO,5.0,E,LOCO,34.324,-97.635,34.335,-97.599,"A significant outbreak of severe thunderstorms and tornadoes affected a large part of northern, central, and southern Oklahoma. Tornadoes were most numerous across central and southern Oklahoma, with significant damage occurring over many areas. |Severe thunderstorms erupted by mid afternoon across northern and western Oklahoma. Given the potent combination of ingredients in place, storms began to produce tornadoes quickly after initiation. Storm motions of 50 to 60 mph were common.||During the mid afternoon hours, severe weather was confined to northern Oklahoma. It was there a long track supercell storm produced tornadoes near the Kansas border - including one rated EF3 - from near Wakita to north of Braman.||The capping inversion that had delayed thunderstorm development into central Oklahoma weakened, allowing for explosive supercell development along the dry line along and west of the Interstate 35 corridor. Rapid development and intensification was common with the late afternoon storms, with storms becoming tornadic within a very short time after initiation. This round of storms would directly impact a large part of the Oklahoma City metro area at rush hour, and posed a significant threat to the area. The first tornado in this area occurred in Canadian County.||During the next several hours, tornadoes were clustered around the metro area, and at times there were multiple significant damaging tornadoes occurring simultaneously. Several of the tornadoes had long tracks. Damage from the tornadoes was substantial, with numerous structures, vehicles, trees and power poles/lines significantly damaged or destroyed. One of the more intense tornadoes moved across Lake Thunderbird east of Norman destroying numerous boats.||More storms developed across southwest and south central Oklahoma, and also quickly became tornadic. ||By 9 pm, 35 tornadoes had been reported. While the loss of three lives was tragic, the casualties could have been much higher given the storm's fast motions, their intensity, the time of day and the areas impacted. ||While exact monetary damage figures were not available, it is estimated that losses were in excess of $595 million. At least 450 sustained injuries, most of them minor. Unfortunately three people lost their lives. ||Note: The large number of injuries and tornadoes made it difficult to associate injuries with specific tornadoes. Injury numbers were included when we had confidence in the numbers. ||Note: The complex nature of storm evolutions and interactions made the job of classifying tornadoes difficult. This represents our best scientific assessment based on ground and aerial surveys, data from multiple radars, photographic and video evidence and anecdotal information.",Tornado #D2. A tornado was observed and photographed by storm spotters to the east of Loco which damaged a barn and a few trees. The path of the tornado is estimated.,CSV
201005,10,1704,201005,10,1710,39859,231876,OKLAHOMA,40,2010,May,Tornado,C,19,CARTER,OUN,10-MAY-10 17:04:00,CST-6,10-MAY-10 17:10:00,0,0,0,0,0.00K,0.00K,Emergency Manager,,,,,EF2,4.5,400.0,,,,,4.0,SSW,HEALDTON,2.0,N,WILSON,34.18,-97.512,34.188,-97.434,"A significant outbreak of severe thunderstorms and tornadoes affected a large part of northern, central, and southern Oklahoma. Tornadoes were most numerous across central and southern Oklahoma, with significant damage occurring over many areas. |Severe thunderstorms erupted by mid afternoon across northern and western Oklahoma. Given the potent combination of ingredients in place, storms began to produce tornadoes quickly after initiation. Storm motions of 50 to 60 mph were common.||During the mid afternoon hours, severe weather was confined to northern Oklahoma. It was there a long track supercell storm produced tornadoes near the Kansas border - including one rated EF3 - from near Wakita to north of Braman.||The capping inversion that had delayed thunderstorm development into central Oklahoma weakened, allowing for explosive supercell development along the dry line along and west of the Interstate 35 corridor. Rapid development and intensification was common with the late afternoon storms, with storms becoming tornadic within a very short time after initiation. This round of storms would directly impact a large part of the Oklahoma City metro area at rush hour, and posed a significant threat to the area. The first tornado in this area occurred in Canadian County.||During the next several hours, tornadoes were clustered around the metro area, and at times there were multiple significant damaging tornadoes occurring simultaneously. Several of the tornadoes had long tracks. Damage from the tornadoes was substantial, with numerous structures, vehicles, trees and power poles/lines significantly damaged or destroyed. One of the more intense tornadoes moved across Lake Thunderbird east of Norman destroying numerous boats.||More storms developed across southwest and south central Oklahoma, and also quickly became tornadic. ||By 9 pm, 35 tornadoes had been reported. While the loss of three lives was tragic, the casualties could have been much higher given the storm's fast motions, their intensity, the time of day and the areas impacted. ||While exact monetary damage figures were not available, it is estimated that losses were in excess of $595 million. At least 450 sustained injuries, most of them minor. Unfortunately three people lost their lives. ||Note: The large number of injuries and tornadoes made it difficult to associate injuries with specific tornadoes. Injury numbers were included when we had confidence in the numbers. ||Note: The complex nature of storm evolutions and interactions made the job of classifying tornadoes difficult. This represents our best scientific assessment based on ground and aerial surveys, data from multiple radars, photographic and video evidence and anecdotal information.",Tornado #E2. Mobile homes were destroyed and seriously damaged and significant tree damage occurred as a tornado moved from 4 miles south-southwest of Healdton to 2 miles north-northwest of Wilson.,CSV
201005,10,1722,201005,10,1734,39859,231877,OKLAHOMA,40,2010,May,Tornado,C,19,CARTER,OUN,10-MAY-10 17:22:00,CST-6,10-MAY-10 17:34:00,0,0,0,0,0.00K,0.00K,NWS Storm Survey,,,,,EF3,4.9,400.0,,,,,6.0,NW,LONE GROVE,6.0,WSW,SPRINGER,34.245,-97.319,34.279,-97.245,"A significant outbreak of severe thunderstorms and tornadoes affected a large part of northern, central, and southern Oklahoma. Tornadoes were most numerous across central and southern Oklahoma, with significant damage occurring over many areas. |Severe thunderstorms erupted by mid afternoon across northern and western Oklahoma. Given the potent combination of ingredients in place, storms began to produce tornadoes quickly after initiation. Storm motions of 50 to 60 mph were common.||During the mid afternoon hours, severe weather was confined to northern Oklahoma. It was there a long track supercell storm produced tornadoes near the Kansas border - including one rated EF3 - from near Wakita to north of Braman.||The capping inversion that had delayed thunderstorm development into central Oklahoma weakened, allowing for explosive supercell development along the dry line along and west of the Interstate 35 corridor. Rapid development and intensification was common with the late afternoon storms, with storms becoming tornadic within a very short time after initiation. This round of storms would directly impact a large part of the Oklahoma City metro area at rush hour, and posed a significant threat to the area. The first tornado in this area occurred in Canadian County.||During the next several hours, tornadoes were clustered around the metro area, and at times there were multiple significant damaging tornadoes occurring simultaneously. Several of the tornadoes had long tracks. Damage from the tornadoes was substantial, with numerous structures, vehicles, trees and power poles/lines significantly damaged or destroyed. One of the more intense tornadoes moved across Lake Thunderbird east of Norman destroying numerous boats.||More storms developed across southwest and south central Oklahoma, and also quickly became tornadic. ||By 9 pm, 35 tornadoes had been reported. While the loss of three lives was tragic, the casualties could have been much higher given the storm's fast motions, their intensity, the time of day and the areas impacted. ||While exact monetary damage figures were not available, it is estimated that losses were in excess of $595 million. At least 450 sustained injuries, most of them minor. Unfortunately three people lost their lives. ||Note: The large number of injuries and tornadoes made it difficult to associate injuries with specific tornadoes. Injury numbers were included when we had confidence in the numbers. ||Note: The complex nature of storm evolutions and interactions made the job of classifying tornadoes difficult. This represents our best scientific assessment based on ground and aerial surveys, data from multiple radars, photographic and video evidence and anecdotal information.","At least 4 mobile homes and 1 foundation home were destroyed by a large tornado. Other homes and outbuildings sustained minor to moderate damage. Widespread tree and power line damage was also noted along its track, and some high tension lines were downed. This tornado is labeled #E3. Monetary damages were estimated.",CSV
201005,31,1951,201005,31,1953,40101,233265,OKLAHOMA,40,2010,May,Tornado,C,139,TEXAS,AMA,31-MAY-10 19:51:00,CST-6,31-MAY-10 19:53:00,0,0,0,0,0.00K,0.00K,Broadcast Media,,,,,EF0,1.7,25.0,,,,,4.0,WNW,EVA,4.0,NW,EVA,36.82,-101.97,36.8363,-101.947,Severe thunderstorms across the western and central Oklahoma Panhandle during the evening hours produced large hail and two tornadoes. There were no reports of damage or injuries.,The tornado touched down at 1951 CST and lifted at 1953 CST about four miles west northwest of Eva Oklahoma. The tornado became rain wrapped at 1951 CST. The tornado path length and path width were estimated. The tornado remained over open country and no damage or injuries were reported.,CSV
201007,3,1645,201007,3,1646,43493,254322,OKLAHOMA,40,2010,July,Tornado,C,15,CADDO,OUN,03-JUL-10 16:45:00,CST-6,03-JUL-10 16:46:00,0,0,0,0,0.00K,0.00K,Broadcast Media,,,,,EF0,0.1,25.0,,,,,2.0,WSW,BRIDGEPORT,2.0,WSW,BRIDGEPORT,35.537,-98.406,35.537,-98.406,"A moist, tropical air mass was in place across Oklahoma, with several days of moderate to heavy rainfall over many areas. In additional to the influx of rich, Gulf moisture, the remnants of tropical storm Alex moved over the western half of Oklahoma. Some increase in low-level wind shear moved with the precipitation, with a weak tornado developing near I-40 in Caddo county. No damage was reported with the tornado, with it dissipating shortly after developing.",Several witnesses observed a small tornado near I-40 in Caddo county. The tornado moved over mainly open land with no damage reported.,CSV
201009,8,1915,201009,8,1915,44256,257106,OKLAHOMA,40,2010,September,Tornado,C,85,LOVE,OUN,08-SEP-10 19:15:00,CST-6,08-SEP-10 19:15:00,0,0,0,0,0.00K,0.00K,Emergency Manager,,,,,EF0,0.1,10.0,,,,,6.0,S,MARIETTA,6.0,S,MARIETTA,33.8532,-97.12,33.8532,-97.12,"The remnants of Tropical Storm Hermine moved north into southern and central Oklahoma, bringing with it heavy rain and three tornadoes.  The most significant impact with this storm came from three tornadoes. The most significant tornado occurred near Colbert in Bryan County. Two homes sustained moderate damage and two trucks were overturned. One of the drivers sustained minor injuries while in the truck.",A brief tornado occurred with no damage reported.,CSV
201009,8,1305,201009,8,1305,44256,257104,OKLAHOMA,40,2010,September,Tornado,C,13,BRYAN,OUN,08-SEP-10 13:05:00,CST-6,08-SEP-10 13:05:00,1,0,0,0,,0.00K,Emergency Manager,,,,,EF1,0.1,25.0,,,,,0.0,N,COLBERT,0.0,N,COLBERT,33.86,-96.5,33.86,-96.5,"The remnants of Tropical Storm Hermine moved north into southern and central Oklahoma, bringing with it heavy rain and three tornadoes.  The most significant impact with this storm came from three tornadoes. The most significant tornado occurred near Colbert in Bryan County. Two homes sustained moderate damage and two trucks were overturned. One of the drivers sustained minor injuries while in the truck.",A brief tornado damaged two homes and overturned two trucks on Highway 69. One of the drivers sustained minor injuries while in his truck. Fifteen steel transmission lines were also downed. At least 1000 people were without power due to the damage. Monetary damage estimates were not available.,CSV
201009,8,1800,201009,8,1800,44256,257105,OKLAHOMA,40,2010,September,Tornado,C,19,CARTER,OUN,08-SEP-10 18:00:00,CST-6,08-SEP-10 18:00:00,0,0,0,0,20.00K,0.00K,Emergency Manager,,,,,EF0,0.1,25.0,,,,,4.0,NW,LONE GROVE,4.0,NW,LONE GROVE,34.2209,-97.3095,34.2209,-97.3095,"The remnants of Tropical Storm Hermine moved north into southern and central Oklahoma, bringing with it heavy rain and three tornadoes.  The most significant impact with this storm came from three tornadoes. The most significant tornado occurred near Colbert in Bryan County. Two homes sustained moderate damage and two trucks were overturned. One of the drivers sustained minor injuries while in the truck.",Photographic evidence and radar data suggests a tornado developed between Prairie Valley and Rolling Hills Roads. Two homes sustained minor damage.,CSV
201006,13,1541,201006,13,1546,41582,242278,OKLAHOMA,40,2010,June,Tornado,C,7,BEAVER,AMA,13-JUN-10 15:41:00,CST-6,13-JUN-10 15:46:00,0,0,0,0,0.00K,0.00K,Law Enforcement,,,,,EF0,2.79,25.0,,,,,7.0,WNW,SLAPOUT,5.0,E,CLEAR LAKE,36.6588,-100.2367,36.6686,-100.1878,Severe thunderstorms across the eastern Oklahoma Panhandle during the mid and late afternoon hours produced large hail...strong winds and a few tornadoes. No damage or injuries were reported.,The Oklahoma Highway Patrol reported that a tornado touched down at approximately 1541 CST about seven miles west northwest of Slapout Oklahoma. The tornado remained on the ground for about five minutes and lifted about five miles east of Clear Lake Oklahoma around 1546 CST. The tornado remained over open country and no damage or injuries were reported. The tornado path length and path width were estimated.,CSV
201005,10,1546,201005,10,1546,39859,231913,OKLAHOMA,40,2010,May,Tornado,C,17,CANADIAN,OUN,10-MAY-10 15:46:00,CST-6,10-MAY-10 15:46:00,0,0,0,0,0.00K,0.00K,NWS Storm Survey,,,,,EF0,0.2,30.0,OUN,OK,73.0,KINGFISHER,6.0,N,PIEDMONT,6.0,N,PIEDMONT,35.723,-97.745,35.723,-97.745,"A significant outbreak of severe thunderstorms and tornadoes affected a large part of northern, central, and southern Oklahoma. Tornadoes were most numerous across central and southern Oklahoma, with significant damage occurring over many areas. |Severe thunderstorms erupted by mid afternoon across northern and western Oklahoma. Given the potent combination of ingredients in place, storms began to produce tornadoes quickly after initiation. Storm motions of 50 to 60 mph were common.||During the mid afternoon hours, severe weather was confined to northern Oklahoma. It was there a long track supercell storm produced tornadoes near the Kansas border - including one rated EF3 - from near Wakita to north of Braman.||The capping inversion that had delayed thunderstorm development into central Oklahoma weakened, allowing for explosive supercell development along the dry line along and west of the Interstate 35 corridor. Rapid development and intensification was common with the late afternoon storms, with storms becoming tornadic within a very short time after initiation. This round of storms would directly impact a large part of the Oklahoma City metro area at rush hour, and posed a significant threat to the area. The first tornado in this area occurred in Canadian County.||During the next several hours, tornadoes were clustered around the metro area, and at times there were multiple significant damaging tornadoes occurring simultaneously. Several of the tornadoes had long tracks. Damage from the tornadoes was substantial, with numerous structures, vehicles, trees and power poles/lines significantly damaged or destroyed. One of the more intense tornadoes moved across Lake Thunderbird east of Norman destroying numerous boats.||More storms developed across southwest and south central Oklahoma, and also quickly became tornadic. ||By 9 pm, 35 tornadoes had been reported. While the loss of three lives was tragic, the casualties could have been much higher given the storm's fast motions, their intensity, the time of day and the areas impacted. ||While exact monetary damage figures were not available, it is estimated that losses were in excess of $595 million. At least 450 sustained injuries, most of them minor. Unfortunately three people lost their lives. ||Note: The large number of injuries and tornadoes made it difficult to associate injuries with specific tornadoes. Injury numbers were included when we had confidence in the numbers. ||Note: The complex nature of storm evolutions and interactions made the job of classifying tornadoes difficult. This represents our best scientific assessment based on ground and aerial surveys, data from multiple radars, photographic and video evidence and anecdotal information.",Canadian County portion of tornado #H1. An outbuilding was significantly damaged just south of the Kingfisher County line and east of Piedmont Road.  The storm then moved into Kingfisher County.,CSV
201005,10,1546,201005,10,1552,39859,231864,OKLAHOMA,40,2010,May,Tornado,C,17,CANADIAN,OUN,10-MAY-10 15:46:00,CST-6,10-MAY-10 15:52:00,0,0,0,0,0.00K,0.00K,Broadcast Media,,,,,EF0,4.0,40.0,,,,,4.0,NNE,UNION CITY,6.0,ESE,EL RENO,35.439,-97.911,35.484,-97.865,"A significant outbreak of severe thunderstorms and tornadoes affected a large part of northern, central, and southern Oklahoma. Tornadoes were most numerous across central and southern Oklahoma, with significant damage occurring over many areas. |Severe thunderstorms erupted by mid afternoon across northern and western Oklahoma. Given the potent combination of ingredients in place, storms began to produce tornadoes quickly after initiation. Storm motions of 50 to 60 mph were common.||During the mid afternoon hours, severe weather was confined to northern Oklahoma. It was there a long track supercell storm produced tornadoes near the Kansas border - including one rated EF3 - from near Wakita to north of Braman.||The capping inversion that had delayed thunderstorm development into central Oklahoma weakened, allowing for explosive supercell development along the dry line along and west of the Interstate 35 corridor. Rapid development and intensification was common with the late afternoon storms, with storms becoming tornadic within a very short time after initiation. This round of storms would directly impact a large part of the Oklahoma City metro area at rush hour, and posed a significant threat to the area. The first tornado in this area occurred in Canadian County.||During the next several hours, tornadoes were clustered around the metro area, and at times there were multiple significant damaging tornadoes occurring simultaneously. Several of the tornadoes had long tracks. Damage from the tornadoes was substantial, with numerous structures, vehicles, trees and power poles/lines significantly damaged or destroyed. One of the more intense tornadoes moved across Lake Thunderbird east of Norman destroying numerous boats.||More storms developed across southwest and south central Oklahoma, and also quickly became tornadic. ||By 9 pm, 35 tornadoes had been reported. While the loss of three lives was tragic, the casualties could have been much higher given the storm's fast motions, their intensity, the time of day and the areas impacted. ||While exact monetary damage figures were not available, it is estimated that losses were in excess of $595 million. At least 450 sustained injuries, most of them minor. Unfortunately three people lost their lives. ||Note: The large number of injuries and tornadoes made it difficult to associate injuries with specific tornadoes. Injury numbers were included when we had confidence in the numbers. ||Note: The complex nature of storm evolutions and interactions made the job of classifying tornadoes difficult. This represents our best scientific assessment based on ground and aerial surveys, data from multiple radars, photographic and video evidence and anecdotal information.",Tornado #C1. A tornado was observed and photographed by broadcast media and numerous citizens southwest of Yukon.  No damage was reported and the path was estimated.,CSV
201005,10,1830,201005,10,1831,39118,237639,OKLAHOMA,40,2010,May,Tornado,C,91,MCINTOSH,TSA,10-MAY-10 18:30:00,CST-6,10-MAY-10 18:31:00,0,0,0,0,2.00K,0.00K,NWS Storm Survey,,,,,EF1,1.0,300.0,,,,,1.0,WSW,PIERCE,1.0,NW,PIERCE,35.4239,-95.7364,35.4363,-95.7258,"Severe thunderstorms developed along and ahead of a dry line over central Oklahoma during the afternoon hours. Very unstable air along with very strong low level wind shear resulted in a number of supercell thunderstorms. These storms produced numerous tornadoes, very large hail, and damaging wind gusts as they moved eastward across eastern Oklahoma during the evening hours.","A tornado uprooted trees, snapped large tree limbs, and blew down power poles. The estimated peak wind in the tornado based on this damage was 85 mph.",CSV
201005,12,1720,201005,12,1725,37788,231662,OKLAHOMA,40,2010,May,Tornado,C,57,HARMON,OUN,12-MAY-10 17:20:00,CST-6,12-MAY-10 17:25:00,0,0,0,0,0.00K,0.00K,NWS Employee,,,,,EF0,2.73,50.0,,,,,7.0,NW,VINSON,7.0,NNW,VINSON,34.9716,-99.9474,34.9936,-99.9073,"Several supercell thunderstorms with large hail and tornadoes affected much of western Oklahoma during the late afternoon and early evening. The storms evolved into a squall line that brought numerous reports of severe weather, including particularly damaging winds and hail. A few locations that had received damage from the May 10 tornadoes saw additional damage.",The tornado was reported by an off-duty NWS employee. No damage was reported with the tornado and the location is estimated.,CSV
