BEGIN_YEARMONTH,BEGIN_DAY,BEGIN_TIME,END_YEARMONTH,END_DAY,END_TIME,EPISODE_ID,EVENT_ID,STATE,STATE_FIPS,YEAR,MONTH_NAME,EVENT_TYPE,CZ_TYPE,CZ_FIPS,CZ_NAME,WFO,BEGIN_DATE_TIME,CZ_TIMEZONE,END_DATE_TIME,INJURIES_DIRECT,INJURIES_INDIRECT,DEATHS_DIRECT,DEATHS_INDIRECT,DAMAGE_PROPERTY,DAMAGE_CROPS,SOURCE,MAGNITUDE,MAGNITUDE_TYPE,FLOOD_CAUSE,CATEGORY,TOR_F_SCALE,TOR_LENGTH,TOR_WIDTH,TOR_OTHER_WFO,TOR_OTHER_CZ_STATE,TOR_OTHER_CZ_FIPS,TOR_OTHER_CZ_NAME,BEGIN_RANGE,BEGIN_AZIMUTH,BEGIN_LOCATION,END_RANGE,END_AZIMUTH,END_LOCATION,BEGIN_LAT,BEGIN_LON,END_LAT,END_LON,EPISODE_NARRATIVE,EVENT_NARRATIVE,DATA_SOURCE
201710,21,1623,201710,21,1623,121162,725377,OKLAHOMA,40,2017,October,Tornado,C,141,TILLMAN,OUN,21-OCT-17 16:23:00,CST-6,21-OCT-17 16:23:00,0,0,0,0,0.00K,0.00K,Storm Chaser,,,,,EFU,0.1,20.0,,,,,3.0,SE,MANITOU,3.0,SE,MANITOU,34.4793,-98.9428,34.4793,-98.9428,"Storms formed along a cold front during the afternoon of the 21st, eventually forming a line. Through the evening storms swept eastward through Oklahoma and western north Texas. Significant hail, severe winds, and a few short-lived tornadoes as well as some minor flooding were reported with these storms.",Numerous storm chasers observed and reported a brief landspout estimated to have occurred about 3 miles southeast of Manitou. No damage was reported.,CSV
201710,21,1705,201710,21,1705,121162,725378,OKLAHOMA,40,2017,October,Tornado,C,31,COMANCHE,OUN,21-OCT-17 17:05:00,CST-6,21-OCT-17 17:05:00,0,0,0,0,0.00K,0.00K,Broadcast Media,,,,,EFU,0.2,30.0,,,,,2.0,E,INDIAHOMA,2.0,E,INDIAHOMA,34.62,-98.7148,34.62,-98.7148,"Storms formed along a cold front during the afternoon of the 21st, eventually forming a line. Through the evening storms swept eastward through Oklahoma and western north Texas. Significant hail, severe winds, and a few short-lived tornadoes as well as some minor flooding were reported with these storms.",Media coverage showed a brief tornado approximately 2 miles east of Indiahoma. No damage was reported.,CSV
201703,6,2144,201703,6,2155,113323,682151,OKLAHOMA,40,2017,March,Tornado,C,1,ADAIR,TSA,06-MAR-17 21:44:00,CST-6,06-MAR-17 21:55:00,0,0,0,0,100.00K,0.00K,NWS Storm Survey,,,,,EF1,6.1,650.0,,,,,4.0,ESE,BUNCH,5.0,ESE,LYONS,35.6562,-94.7044,35.7233,-94.6345,"Strong to severe thunderstorms developed during the evening hours of the 6th over north central Oklahoma, along a cold front that moved into the area. A very moist and moderately unstable air mass was in place over eastern Oklahoma ahead of these storms. The line of thunderstorms moved east across eastern Oklahoma during the evening hours of the 6th and early morning hours of the 7th, producing hail up to half dollar size and damaging wind. Other strong to severe thunderstorms developed well ahead of the cold front across east central Oklahoma. Strong wind shear that was present in the atmosphere over the area allowed some of these storms to develop into supercell thunderstorms, which produced a tornado in Adair County and hail up to golfball size.","This tornado destroyed several outbuildings, damaged several homes, uprooted numerous trees, and blew down power poles. Based on this damage, estimated maximum wind in the tornado was 90 to 100 mph.",CSV
201703,26,1814,201703,26,1825,114149,687596,OKLAHOMA,40,2017,March,Tornado,C,123,PONTOTOC,OUN,26-MAR-17 18:14:00,CST-6,26-MAR-17 18:25:00,0,0,0,0,1.00K,0.00K,Trained Spotter,,,,,EF0,4.0,50.0,,,,,5.0,ESE,ADA,7.0,N,STONEWALL,34.739,-96.609,34.756,-96.547,"With a cold front, warm front, and dryline in the vicinity, storms formed across central and south central Oklahoma on the evening of the 26th. Hail was the primary hazard, but also wind and a tornado.",Received multiple spotter reports. EM noted damage to outbuildings and trees along the path.,CSV
201703,26,1827,201703,26,1828,114149,687597,OKLAHOMA,40,2017,March,Tornado,C,123,PONTOTOC,OUN,26-MAR-17 18:27:00,CST-6,26-MAR-17 18:28:00,0,0,0,0,0.00K,0.00K,Trained Spotter,,,,,EF0,0.3,30.0,,,,,7.0,NW,LULA,7.0,NW,LULA,34.758,-96.534,34.758,-96.534,"With a cold front, warm front, and dryline in the vicinity, storms formed across central and south central Oklahoma on the evening of the 26th. Hail was the primary hazard, but also wind and a tornado.",A brief tornado was reported by multiple spotters about 8 miles east of Ada that developed soon after the first tornado dissipated. There was no known damage with this tornado.,CSV
201705,27,2245,201705,27,2246,116147,703534,OKLAHOMA,40,2017,May,Tornado,C,135,SEQUOYAH,TSA,27-MAY-17 22:45:00,CST-6,27-MAY-17 22:46:00,0,0,0,0,0.00K,0.00K,NWS Storm Survey,,,,,EF1,1.6,625.0,TSA,AR,33.0,CRAWFORD,1.0,NW,SHORT,1.0,NE,SHORT,35.5797,-94.4911,35.5862,-94.4641,"Strong to severe thunderstorms developed during the late afternoon hours of the 27th along and ahead of a cold front that was moving into eastern Oklahoma. Very unstable air over the area, combined with strong deep-layer wind shear, resulted in widespread severe weather to develop. Several tornadoes, hail up to softball size, and damaging wind gusts occurred with the strongest storms.","This is the first segment of a two segment tornado. In Sequoyah County, this tornado uprooted trees and snapped large tree limbs as it moved east-northeast, crossing into Crawford County, Arkansas west of Uniontown. Based on this damage, maximum estimated wind in this segment of the tornado was 90 to 100 mph.",CSV
201705,18,2057,201705,18,2109,116144,703483,OKLAHOMA,40,2017,May,Tornado,C,91,MCINTOSH,TSA,18-MAY-17 20:57:00,CST-6,18-MAY-17 21:09:00,0,0,0,0,175.00K,0.00K,NWS Storm Survey,,,,,EF2,13.7,850.0,,,,,2.0,NNW,BOWER,3.0,N,VIVIAN,35.2461,-95.95,35.3211,-95.7272,"A slow-moving, strong upper level storm system moved from the Central Rockies into the Central Plains on the 18th and 19th. A dry line sharpened ahead of this system across western Oklahoma by early afternoon on the 18th, as a frontal boundary over northern Oklahoma shifted north into Kansas as a warm front. Warm, very moist, and very unstable air was in place east of the dry line and south of the warm front, and thunderstorms erupted across western Oklahoma during the early afternoon near the dry line. These storms evolved into a line by the time they moved into and across eastern Oklahoma during the evening hours. The storms produced multiple tornadoes, damaging wind, and hail up to half dollar size as they moved across eastern Oklahoma.||Another round of thunderstorms developed and moved across eastern Oklahoma during the morning hours of the 19th. No severe weather occurred with these storms but locally heavy rainfall did occur. As a cold front pushed into the area during the afternoon hours, another round of strong to severe thunderstorms developed. Hail up to half dollar size and damaging wind occurred with the strongest storms. Several widespread rainfall events over the past couple days set the stage for this event to evolve into flash flooding during the evening of the 19th through the morning hours of the 20th.","This tornado developed south of Highway 9 and west of the Indian Nation Turnpike where it snapped and uprooted trees. As the tornado moved east-northeast, it crossed the Indian Nation Turnpike where it snapped trees. A large outbuilding was destroyed, a home was damaged, numerous trees were snapped or uprooted, and a metal high-voltage truss tower was blown down as it crossed Highway 9. The tornado continued to move east-northeast snapping and uprooting trees, and then curved to the northeast before dissipating after it crossed the N 4090 Road. Based on this damage, maximum estimated wind in the tornado was 110 to 120 mph.",CSV
201705,18,2111,201705,18,2115,116144,703484,OKLAHOMA,40,2017,May,Tornado,C,91,MCINTOSH,TSA,18-MAY-17 21:11:00,CST-6,18-MAY-17 21:15:00,0,0,0,0,75.00K,0.00K,NWS Storm Survey,,,,,EF1,4.7,500.0,,,,,2.0,WSW,STIDHAM,2.0,N,FAME,35.3578,-95.7225,35.3922,-95.6532,"A slow-moving, strong upper level storm system moved from the Central Rockies into the Central Plains on the 18th and 19th. A dry line sharpened ahead of this system across western Oklahoma by early afternoon on the 18th, as a frontal boundary over northern Oklahoma shifted north into Kansas as a warm front. Warm, very moist, and very unstable air was in place east of the dry line and south of the warm front, and thunderstorms erupted across western Oklahoma during the early afternoon near the dry line. These storms evolved into a line by the time they moved into and across eastern Oklahoma during the evening hours. The storms produced multiple tornadoes, damaging wind, and hail up to half dollar size as they moved across eastern Oklahoma.||Another round of thunderstorms developed and moved across eastern Oklahoma during the morning hours of the 19th. No severe weather occurred with these storms but locally heavy rainfall did occur. As a cold front pushed into the area during the afternoon hours, another round of strong to severe thunderstorms developed. Hail up to half dollar size and damaging wind occurred with the strongest storms. Several widespread rainfall events over the past couple days set the stage for this event to evolve into flash flooding during the evening of the 19th through the morning hours of the 20th.","This tornado destroyed a mobile home, damaged the roofs of several other homes, destroyed outbuildings, snapped or uprooted numerous trees, and blew down power poles. Based on this damage, maximum estimated wind in the tornado was 95 to 105 mph.",CSV
201705,18,2115,201705,18,2119,116144,703485,OKLAHOMA,40,2017,May,Tornado,C,91,MCINTOSH,TSA,18-MAY-17 21:15:00,CST-6,18-MAY-17 21:19:00,0,0,0,0,25.00K,0.00K,NWS Storm Survey,,,,,EF1,3.8,450.0,,,,,1.0,NW,FAME,2.0,N,EUFAULA ARPK,35.3761,-95.6591,35.4047,-95.6012,"A slow-moving, strong upper level storm system moved from the Central Rockies into the Central Plains on the 18th and 19th. A dry line sharpened ahead of this system across western Oklahoma by early afternoon on the 18th, as a frontal boundary over northern Oklahoma shifted north into Kansas as a warm front. Warm, very moist, and very unstable air was in place east of the dry line and south of the warm front, and thunderstorms erupted across western Oklahoma during the early afternoon near the dry line. These storms evolved into a line by the time they moved into and across eastern Oklahoma during the evening hours. The storms produced multiple tornadoes, damaging wind, and hail up to half dollar size as they moved across eastern Oklahoma.||Another round of thunderstorms developed and moved across eastern Oklahoma during the morning hours of the 19th. No severe weather occurred with these storms but locally heavy rainfall did occur. As a cold front pushed into the area during the afternoon hours, another round of strong to severe thunderstorms developed. Hail up to half dollar size and damaging wind occurred with the strongest storms. Several widespread rainfall events over the past couple days set the stage for this event to evolve into flash flooding during the evening of the 19th through the morning hours of the 20th.","This tornado destroyed an outbuilding, damaged a home, snapped or uprooted numerous trees, and blew down power poles. Based on this damage, maximum estimated wind in the tornado was 95 to 105 mph.",CSV
201705,11,1301,201705,11,1308,115096,698100,OKLAHOMA,40,2017,May,Tornado,C,131,ROGERS,TSA,11-MAY-17 13:01:00,CST-6,11-MAY-17 13:08:00,0,0,0,0,500.00K,0.00K,NWS Storm Survey,,,,,EF1,1.5,300.0,,,,,5.0,SSE,COLLINSVILLE,5.0,SE,COLLINSVILLE,36.304,-95.7948,36.3114,-95.7703,"A slow-moving upper level storm system moved from the Southern Rockies into the Southern Plains during the 10th and 11th. Warm, moist, and unstable air was in place across eastern Oklahoma ahead of this system. Several disturbances translated across the Southern Plains ahead of the main system, resulting in multiple rounds of strong to severe thunderstorm development along the associated frontal boundary that slowly progressed eastward and southward through the region. These storms produced several tornadoes, hail up to golfball size, damaging wind, and locally heavy rainfall.","A supercell thunderstorm rapidly developed near Owasso. A tornado developed as the storm approached N 161st E Avenue to the south of 106th Street N where tree limbs were snapped and barns were damaged. The tornado moved northeast damaging the roofs of about 70 homes, destroying outbuildings, uprooting trees, rolling camper trailers, and blowing down power poles between 106th Street N and 109th Street N. The tornado turned more east at about N 173rd E Avenue and then dissipated to the east of N 177th E Avenue. Based on this damage, maximum estimated wind in the tornado was 90 to 100 mph.",CSV
201705,11,1327,201705,11,1333,115096,698102,OKLAHOMA,40,2017,May,Tornado,C,131,ROGERS,TSA,11-MAY-17 13:27:00,CST-6,11-MAY-17 13:33:00,0,0,0,0,0.00K,0.00K,NWS Storm Survey,,,,,EF1,3.1,350.0,,,,,1.0,NW,SAGEEYAH,3.0,N,SAGEEYAH,36.3775,-95.6616,36.4203,-95.6476,"A slow-moving upper level storm system moved from the Southern Rockies into the Southern Plains during the 10th and 11th. Warm, moist, and unstable air was in place across eastern Oklahoma ahead of this system. Several disturbances translated across the Southern Plains ahead of the main system, resulting in multiple rounds of strong to severe thunderstorm development along the associated frontal boundary that slowly progressed eastward and southward through the region. These storms produced several tornadoes, hail up to golfball size, damaging wind, and locally heavy rainfall.","The Owasso tornado dissipated and the supercell thunderstorm that produced it cycled another tornado southeast of Oologah. The first damage from this tornado was on Northaven Road, north of the E 445 Road, where trees were damaged. From there, the tornado moved north-northeast uprooting and snapping trees. It crossed Highway 88 west of the N 4133 Road, where large tree limbs were snapped, and then dissipated north of Highway 88 where trees were uprooted just south of Lake Oologah. Based on this damage, maximum estimated wind in the tornado was 100 to 110 mph.",CSV
201705,11,1611,201705,11,1611,115096,698103,OKLAHOMA,40,2017,May,Tornado,C,147,WASHINGTON,TSA,11-MAY-17 16:11:00,CST-6,11-MAY-17 16:11:00,0,0,0,0,0.00K,0.00K,Broadcast Media,,,,,EF0,0.1,50.0,,,,,2.0,NE,RAMONA,2.0,NE,RAMONA,36.5454,-95.9009,36.5454,-95.9009,"A slow-moving upper level storm system moved from the Southern Rockies into the Southern Plains during the 10th and 11th. Warm, moist, and unstable air was in place across eastern Oklahoma ahead of this system. Several disturbances translated across the Southern Plains ahead of the main system, resulting in multiple rounds of strong to severe thunderstorm development along the associated frontal boundary that slowly progressed eastward and southward through the region. These storms produced several tornadoes, hail up to golfball size, damaging wind, and locally heavy rainfall.","A brief tornado was filmed by the KOTV helicopter over open country northeast of Ramona. An NWS survey team investigated the area, and was unable to find any damage in the suspected area that was accessible by road.",CSV
201705,18,2125,201705,18,2132,116144,703491,OKLAHOMA,40,2017,May,Tornado,C,91,MCINTOSH,TSA,18-MAY-17 21:25:00,CST-6,18-MAY-17 21:32:00,0,0,0,0,125.00K,0.00K,NWS Storm Survey,,,,,EF1,8.8,600.0,,,,,3.0,NNE,CHECOTAH,5.0,NE,SHADY GROVE,35.4664,-95.4911,35.5402,-95.3635,"A slow-moving, strong upper level storm system moved from the Central Rockies into the Central Plains on the 18th and 19th. A dry line sharpened ahead of this system across western Oklahoma by early afternoon on the 18th, as a frontal boundary over northern Oklahoma shifted north into Kansas as a warm front. Warm, very moist, and very unstable air was in place east of the dry line and south of the warm front, and thunderstorms erupted across western Oklahoma during the early afternoon near the dry line. These storms evolved into a line by the time they moved into and across eastern Oklahoma during the evening hours. The storms produced multiple tornadoes, damaging wind, and hail up to half dollar size as they moved across eastern Oklahoma.||Another round of thunderstorms developed and moved across eastern Oklahoma during the morning hours of the 19th. No severe weather occurred with these storms but locally heavy rainfall did occur. As a cold front pushed into the area during the afternoon hours, another round of strong to severe thunderstorms developed. Hail up to half dollar size and damaging wind occurred with the strongest storms. Several widespread rainfall events over the past couple days set the stage for this event to evolve into flash flooding during the evening of the 19th through the morning hours of the 20th.","This tornado developed north of I-40 near the N 4230 Road where it snapped large tree limbs, damaged homes, and blew down privacy fences. It moved northeast snapping or uprooting trees and damaging outbuildings. A home was damaged, a large outbuilding was destroyed, power poles were blown down, and numerous trees were snapped or uprooted near the N 4270 Road. The tornado dissipated after crossing the N 4290 Road, to the north of the E 1020 Road. Based on this damage, maximum estimated wind in the tornado was 100 to 110 mph.",CSV
201705,18,2135,201705,18,2140,116144,703494,OKLAHOMA,40,2017,May,Tornado,C,101,MUSKOGEE,TSA,18-MAY-17 21:35:00,CST-6,18-MAY-17 21:40:00,0,0,0,0,20.00K,0.00K,NWS Storm Survey,,,,,EF1,5.3,900.0,,,,,1.0,WSW,MARTIN,3.0,NNE,MC LAIN,35.5643,-95.3315,35.6049,-95.2516,"A slow-moving, strong upper level storm system moved from the Central Rockies into the Central Plains on the 18th and 19th. A dry line sharpened ahead of this system across western Oklahoma by early afternoon on the 18th, as a frontal boundary over northern Oklahoma shifted north into Kansas as a warm front. Warm, very moist, and very unstable air was in place east of the dry line and south of the warm front, and thunderstorms erupted across western Oklahoma during the early afternoon near the dry line. These storms evolved into a line by the time they moved into and across eastern Oklahoma during the evening hours. The storms produced multiple tornadoes, damaging wind, and hail up to half dollar size as they moved across eastern Oklahoma.||Another round of thunderstorms developed and moved across eastern Oklahoma during the morning hours of the 19th. No severe weather occurred with these storms but locally heavy rainfall did occur. As a cold front pushed into the area during the afternoon hours, another round of strong to severe thunderstorms developed. Hail up to half dollar size and damaging wind occurred with the strongest storms. Several widespread rainfall events over the past couple days set the stage for this event to evolve into flash flooding during the evening of the 19th through the morning hours of the 20th.","This tornado snapped or uprooted numerous trees, damaged outbuildings, and blew down power poles. Based on this damage, maximum estimated wind in the tornado was 90 to 100 mph.",CSV
201705,18,2137,201705,18,2139,116144,703495,OKLAHOMA,40,2017,May,Tornado,C,101,MUSKOGEE,TSA,18-MAY-17 21:37:00,CST-6,18-MAY-17 21:39:00,0,0,0,0,25.00K,0.00K,NWS Storm Survey,,,,,EF1,2.0,400.0,,,,,0.0,E,WEST MUSKOGEE,1.0,W,MUSKOGEE,35.73,-95.4173,35.752,-95.3932,"A slow-moving, strong upper level storm system moved from the Central Rockies into the Central Plains on the 18th and 19th. A dry line sharpened ahead of this system across western Oklahoma by early afternoon on the 18th, as a frontal boundary over northern Oklahoma shifted north into Kansas as a warm front. Warm, very moist, and very unstable air was in place east of the dry line and south of the warm front, and thunderstorms erupted across western Oklahoma during the early afternoon near the dry line. These storms evolved into a line by the time they moved into and across eastern Oklahoma during the evening hours. The storms produced multiple tornadoes, damaging wind, and hail up to half dollar size as they moved across eastern Oklahoma.||Another round of thunderstorms developed and moved across eastern Oklahoma during the morning hours of the 19th. No severe weather occurred with these storms but locally heavy rainfall did occur. As a cold front pushed into the area during the afternoon hours, another round of strong to severe thunderstorms developed. Hail up to half dollar size and damaging wind occurred with the strongest storms. Several widespread rainfall events over the past couple days set the stage for this event to evolve into flash flooding during the evening of the 19th through the morning hours of the 20th.","This tornado developed on Eagle Crest Golf Club, where several homes were damaged and trees were uprooted. It moved northeast blowing down trees and power poles, and then dissipated on the west side of Muskogee. Based on this damage, maximum estimated wind in the tornado was 90 to 100 mph.",CSV
201705,18,2139,201705,18,2152,116144,703496,OKLAHOMA,40,2017,May,Tornado,C,145,WAGONER,TSA,18-MAY-17 21:39:00,CST-6,18-MAY-17 21:52:00,0,0,0,0,120.00K,0.00K,NWS Storm Survey,,,,,EF1,10.3,700.0,,,,,1.0,SSW,PORTER,2.0,SW,LA BARGE,35.8548,-95.5275,35.9625,-95.4019,"A slow-moving, strong upper level storm system moved from the Central Rockies into the Central Plains on the 18th and 19th. A dry line sharpened ahead of this system across western Oklahoma by early afternoon on the 18th, as a frontal boundary over northern Oklahoma shifted north into Kansas as a warm front. Warm, very moist, and very unstable air was in place east of the dry line and south of the warm front, and thunderstorms erupted across western Oklahoma during the early afternoon near the dry line. These storms evolved into a line by the time they moved into and across eastern Oklahoma during the evening hours. The storms produced multiple tornadoes, damaging wind, and hail up to half dollar size as they moved across eastern Oklahoma.||Another round of thunderstorms developed and moved across eastern Oklahoma during the morning hours of the 19th. No severe weather occurred with these storms but locally heavy rainfall did occur. As a cold front pushed into the area during the afternoon hours, another round of strong to severe thunderstorms developed. Hail up to half dollar size and damaging wind occurred with the strongest storms. Several widespread rainfall events over the past couple days set the stage for this event to evolve into flash flooding during the evening of the 19th through the morning hours of the 20th.","This tornado developed south of Porter where it uprooted trees and destroyed an outbuilding. It moved northeast damaging homes, destroying outbuildings, uprooting or snapping numerous trees, and blowing down power poles. The tornado dissipated on the northwestern side of Wagoner, north of Highway 51. Based on this damage, maximum estimated wind in the tornado was 95 to 105 mph.",CSV
201705,18,2140,201705,18,2143,116144,703499,OKLAHOMA,40,2017,May,Tornado,C,101,MUSKOGEE,TSA,18-MAY-17 21:40:00,CST-6,18-MAY-17 21:43:00,0,0,0,0,350.00K,0.00K,NWS Storm Survey,,,,,EF2,2.8,400.0,,,,,1.0,NW,MUSKOGEE,1.0,SSW,CHASE,35.7583,-95.3846,35.7893,-95.353,"A slow-moving, strong upper level storm system moved from the Central Rockies into the Central Plains on the 18th and 19th. A dry line sharpened ahead of this system across western Oklahoma by early afternoon on the 18th, as a frontal boundary over northern Oklahoma shifted north into Kansas as a warm front. Warm, very moist, and very unstable air was in place east of the dry line and south of the warm front, and thunderstorms erupted across western Oklahoma during the early afternoon near the dry line. These storms evolved into a line by the time they moved into and across eastern Oklahoma during the evening hours. The storms produced multiple tornadoes, damaging wind, and hail up to half dollar size as they moved across eastern Oklahoma.||Another round of thunderstorms developed and moved across eastern Oklahoma during the morning hours of the 19th. No severe weather occurred with these storms but locally heavy rainfall did occur. As a cold front pushed into the area during the afternoon hours, another round of strong to severe thunderstorms developed. Hail up to half dollar size and damaging wind occurred with the strongest storms. Several widespread rainfall events over the past couple days set the stage for this event to evolve into flash flooding during the evening of the 19th through the morning hours of the 20th.","This tornado developed over the north side of Muskogee where it damaged homes and snapped or uprooted trees. The tornado destroyed a well-constructed metal framed building south of Highway 62, and then tore the roof off a couple apartment buildings north of Highway 62. Trees and power poles were snapped and businesses along Highway 62 had roof damage and broken windows. The tornado continued northeast destroying outbuildings and blowing down trees, dissipating northeast of the intersection of N Main and E Harris Road. Based on this damage, maximum estimated wind in the tornado was 115 to 125 mph.",CSV
201705,18,2151,201705,18,2159,116144,703509,OKLAHOMA,40,2017,May,Tornado,C,21,CHEROKEE,TSA,18-MAY-17 21:51:00,CST-6,18-MAY-17 21:59:00,0,0,0,0,0.00K,0.00K,NWS Storm Survey,,,,,EF1,9.8,650.0,,,,,5.0,WSW,MELVIN,3.0,NW,LOST CITY,35.8843,-95.2652,36.0036,-95.1706,"A slow-moving, strong upper level storm system moved from the Central Rockies into the Central Plains on the 18th and 19th. A dry line sharpened ahead of this system across western Oklahoma by early afternoon on the 18th, as a frontal boundary over northern Oklahoma shifted north into Kansas as a warm front. Warm, very moist, and very unstable air was in place east of the dry line and south of the warm front, and thunderstorms erupted across western Oklahoma during the early afternoon near the dry line. These storms evolved into a line by the time they moved into and across eastern Oklahoma during the evening hours. The storms produced multiple tornadoes, damaging wind, and hail up to half dollar size as they moved across eastern Oklahoma.||Another round of thunderstorms developed and moved across eastern Oklahoma during the morning hours of the 19th. No severe weather occurred with these storms but locally heavy rainfall did occur. As a cold front pushed into the area during the afternoon hours, another round of strong to severe thunderstorms developed. Hail up to half dollar size and damaging wind occurred with the strongest storms. Several widespread rainfall events over the past couple days set the stage for this event to evolve into flash flooding during the evening of the 19th through the morning hours of the 20th.","This is the third segment of a three segment tornado. In Cherokee County, this tornado moved across Fort Gibson Lake, then snapped and uprooted numerous trees in Sequoyah State Park. Numerous trees were snapped and uprooted as it moved northeast across Highway 51 until it dissipated east of the N 400 Road and north of the W 700 Road. Based on this damage, maximum estimated wind in this segment of the tornado was 90 to 100 mph.",CSV
201705,18,2204,201705,18,2205,116144,703515,OKLAHOMA,40,2017,May,Tornado,C,97,MAYES,TSA,18-MAY-17 22:04:00,CST-6,18-MAY-17 22:05:00,0,0,0,0,0.00K,0.00K,NWS Storm Survey,,,,,EF0,0.5,500.0,,,,,5.0,S,MURPHY,5.0,S,MURPHY,36.0748,-95.2395,36.0815,-95.2374,"A slow-moving, strong upper level storm system moved from the Central Rockies into the Central Plains on the 18th and 19th. A dry line sharpened ahead of this system across western Oklahoma by early afternoon on the 18th, as a frontal boundary over northern Oklahoma shifted north into Kansas as a warm front. Warm, very moist, and very unstable air was in place east of the dry line and south of the warm front, and thunderstorms erupted across western Oklahoma during the early afternoon near the dry line. These storms evolved into a line by the time they moved into and across eastern Oklahoma during the evening hours. The storms produced multiple tornadoes, damaging wind, and hail up to half dollar size as they moved across eastern Oklahoma.||Another round of thunderstorms developed and moved across eastern Oklahoma during the morning hours of the 19th. No severe weather occurred with these storms but locally heavy rainfall did occur. As a cold front pushed into the area during the afternoon hours, another round of strong to severe thunderstorms developed. Hail up to half dollar size and damaging wind occurred with the strongest storms. Several widespread rainfall events over the past couple days set the stage for this event to evolve into flash flooding during the evening of the 19th through the morning hours of the 20th.","This is the second segment of a two segment tornado. In Mayes County, this tornado snapped large tree limbs and then dissipated north of Ear Bob Road. Based on this damage, maximum estimated wind in this segment of the tornado was 80 to 85 mph.",CSV
201705,18,2201,201705,18,2206,116144,703518,OKLAHOMA,40,2017,May,Tornado,C,21,CHEROKEE,TSA,18-MAY-17 22:01:00,CST-6,18-MAY-17 22:06:00,0,0,0,0,0.00K,0.00K,NWS Storm Survey,,,,,EF1,4.4,800.0,TSA,OK,97.0,MAYES,3.0,NW,LOST CITY,2.0,W,PEGGS,36.0169,-95.1727,36.0746,-95.1384,"A slow-moving, strong upper level storm system moved from the Central Rockies into the Central Plains on the 18th and 19th. A dry line sharpened ahead of this system across western Oklahoma by early afternoon on the 18th, as a frontal boundary over northern Oklahoma shifted north into Kansas as a warm front. Warm, very moist, and very unstable air was in place east of the dry line and south of the warm front, and thunderstorms erupted across western Oklahoma during the early afternoon near the dry line. These storms evolved into a line by the time they moved into and across eastern Oklahoma during the evening hours. The storms produced multiple tornadoes, damaging wind, and hail up to half dollar size as they moved across eastern Oklahoma.||Another round of thunderstorms developed and moved across eastern Oklahoma during the morning hours of the 19th. No severe weather occurred with these storms but locally heavy rainfall did occur. As a cold front pushed into the area during the afternoon hours, another round of strong to severe thunderstorms developed. Hail up to half dollar size and damaging wind occurred with the strongest storms. Several widespread rainfall events over the past couple days set the stage for this event to evolve into flash flooding during the evening of the 19th through the morning hours of the 20th.","This is the first segment of a two segment tornado. In Cherokee County, this tornado snapped and uprooted numerous trees. The tornado continued into Mayes County. Based on this damage, maximum estimated wind in this segment of the tornado was 100 to 110 mph.",CSV
201705,18,2206,201705,18,2207,116144,703741,OKLAHOMA,40,2017,May,Tornado,C,97,MAYES,TSA,18-MAY-17 22:06:00,CST-6,18-MAY-17 22:07:00,0,0,0,0,0.00K,0.00K,NWS Storm Survey,,,,,EF1,1.4,600.0,,,,,8.0,SE,MURPHY,8.0,SSE,LOCUST GROVE,36.0746,-95.1384,36.0933,-95.1275,"A slow-moving, strong upper level storm system moved from the Central Rockies into the Central Plains on the 18th and 19th. A dry line sharpened ahead of this system across western Oklahoma by early afternoon on the 18th, as a frontal boundary over northern Oklahoma shifted north into Kansas as a warm front. Warm, very moist, and very unstable air was in place east of the dry line and south of the warm front, and thunderstorms erupted across western Oklahoma during the early afternoon near the dry line. These storms evolved into a line by the time they moved into and across eastern Oklahoma during the evening hours. The storms produced multiple tornadoes, damaging wind, and hail up to half dollar size as they moved across eastern Oklahoma.||Another round of thunderstorms developed and moved across eastern Oklahoma during the morning hours of the 19th. No severe weather occurred with these storms but locally heavy rainfall did occur. As a cold front pushed into the area during the afternoon hours, another round of strong to severe thunderstorms developed. Hail up to half dollar size and damaging wind occurred with the strongest storms. Several widespread rainfall events over the past couple days set the stage for this event to evolve into flash flooding during the evening of the 19th through the morning hours of the 20th.","This is the second segment of a two segment tornado. In Mayes County, this tornado uprooted trees and snapped large tree limbs. Based on this damage, maximum estimated wind in this segment of the tornado was 90 to 100 mph.",CSV
201705,18,1537,201705,18,1537,115200,702475,OKLAHOMA,40,2017,May,Tornado,C,93,MAJOR,OUN,18-MAY-17 15:37:00,CST-6,18-MAY-17 15:37:00,0,0,0,0,0.00K,0.00K,Broadcast Media,,,,,EFU,0.2,30.0,,,,,10.0,N,CHESTER,10.0,N,CHESTER,36.3647,-98.92,36.3647,-98.92,A line of storms fired along and just ahead of a dryline and cold front on the afternoon of the 18th and continued eastward across the state overnight into the 19th.,Chasers from OKC TV stations and others observed a brief tornado estimated to be about 10 miles north of Chester. No damage was reported.,CSV
201705,18,1557,201705,18,1557,115200,702478,OKLAHOMA,40,2017,May,Tornado,C,151,WOODS,OUN,18-MAY-17 15:57:00,CST-6,18-MAY-17 15:57:00,0,0,0,0,0.00K,0.00K,Trained Spotter,,,,,EFU,0.2,50.0,,,,,4.0,NNW,ALVA,4.0,NNW,ALVA,36.85,-98.695,36.85,-98.695,A line of storms fired along and just ahead of a dryline and cold front on the afternoon of the 18th and continued eastward across the state overnight into the 19th.,A brief tornado was observed northwest of Alva. No damage was reported and the specific location was estimated.,CSV
201705,19,1822,201705,19,1822,115202,702494,OKLAHOMA,40,2017,May,Tornado,C,19,CARTER,OUN,19-MAY-17 18:22:00,CST-6,19-MAY-17 18:22:00,0,0,0,0,0.00K,0.00K,Storm Chaser,,,,,EFU,0.2,50.0,,,,,4.0,W,SPRINGER,4.0,W,SPRINGER,34.31,-97.2101,34.31,-97.2101,A line of storms fired along and just ahead of a cold front on the afternoon of the 19th and continued eastward across the state overnight into the 20th.,A storm chaser observed the first of four tornadoes near Springer. No damage was reported and the location was estimated.,CSV
201705,19,1824,201705,19,1824,115202,702496,OKLAHOMA,40,2017,May,Tornado,C,19,CARTER,OUN,19-MAY-17 18:24:00,CST-6,19-MAY-17 18:24:00,0,0,0,0,0.00K,0.00K,Storm Chaser,,,,,EFU,0.2,50.0,,,,,4.0,WNW,SPRINGER,4.0,WNW,SPRINGER,34.3322,-97.2048,34.3322,-97.2048,A line of storms fired along and just ahead of a cold front on the afternoon of the 19th and continued eastward across the state overnight into the 20th.,This was the second of four tornadoes observed near Springer. No damage was reported and the location was estimated.,CSV
201705,19,1847,201705,19,1850,115202,702499,OKLAHOMA,40,2017,May,Tornado,C,19,CARTER,OUN,19-MAY-17 18:47:00,CST-6,19-MAY-17 18:50:00,0,0,0,0,0.00K,0.00K,Storm Chaser,,,,,EFU,2.0,400.0,,,,,4.0,NNE,SPRINGER,6.0,NNE,SPRINGER,34.3635,-97.1132,34.3902,-97.0998,A line of storms fired along and just ahead of a cold front on the afternoon of the 19th and continued eastward across the state overnight into the 20th.,This was the fourth of four tornadoes observed near Springer. This tornado was observed to be larger and more persistent than the previous tornadoes. No damage was reported and the location was estimated.,CSV
201705,27,2117,201705,27,2118,115206,702866,OKLAHOMA,40,2017,May,Tornado,C,19,CARTER,OUN,27-MAY-17 21:17:00,CST-6,27-MAY-17 21:18:00,0,0,0,0,0.00K,0.00K,Broadcast Media,,,,,EFU,0.13,50.0,OUN,OK,99.0,MURRAY,4.0,NNW,(ADM)ARDMORE APT,4.0,NNW,(ADM)ARDMORE APT,34.359,-97.037,34.358,-97.035,Thunderstorms formed in the vicinity of a cold front and dryline late on the 27th and continued till just after midnight on the 28th.,A television storm chaser observed a tornado develop about 3 miles south-southeast of Dougherty. The tornado is believed to have moved through a small portion of rural Carter County before crossing the Washita River into Murray County. No damage is known to have occurred.,CSV
201705,18,2056,201705,18,2102,116144,703482,OKLAHOMA,40,2017,May,Tornado,C,121,PITTSBURG,TSA,18-MAY-17 20:56:00,CST-6,18-MAY-17 21:02:00,0,0,0,0,15.00K,0.00K,NWS Storm Survey,,,,,EF1,4.6,1000.0,,,,,3.0,ENE,CELESTINE,1.0,NNW,SAVANNA,34.8403,-95.9151,34.8439,-95.8338,"A slow-moving, strong upper level storm system moved from the Central Rockies into the Central Plains on the 18th and 19th. A dry line sharpened ahead of this system across western Oklahoma by early afternoon on the 18th, as a frontal boundary over northern Oklahoma shifted north into Kansas as a warm front. Warm, very moist, and very unstable air was in place east of the dry line and south of the warm front, and thunderstorms erupted across western Oklahoma during the early afternoon near the dry line. These storms evolved into a line by the time they moved into and across eastern Oklahoma during the evening hours. The storms produced multiple tornadoes, damaging wind, and hail up to half dollar size as they moved across eastern Oklahoma.||Another round of thunderstorms developed and moved across eastern Oklahoma during the morning hours of the 19th. No severe weather occurred with these storms but locally heavy rainfall did occur. As a cold front pushed into the area during the afternoon hours, another round of strong to severe thunderstorms developed. Hail up to half dollar size and damaging wind occurred with the strongest storms. Several widespread rainfall events over the past couple days set the stage for this event to evolve into flash flooding during the evening of the 19th through the morning hours of the 20th.","This tornado snapped or uprooted numerous trees and blew down power lines. Based on this damage, maximum estimated wind in the tornado was 100 to 110 mph.",CSV
201705,16,1345,201705,16,1346,116883,702735,OKLAHOMA,40,2017,May,Tornado,C,7,BEAVER,AMA,16-MAY-17 13:45:00,CST-6,16-MAY-17 13:46:00,0,0,0,0,,,Storm Chaser,,,,,EF0,0.09,25.0,,,,,4.0,NNW,BALKO,4.0,NNW,BALKO,36.68,-100.71,36.681,-100.709,"An active day of severe weather across central and eastern TX and OK Panhandles. An upper low analyzed near Las Vegas, NV in the morning opened as it bottoms out over srn NM in the afternoon before lifting and deepening again as it ejected over the Panhandles later that evening. Dryline slowly mixed east early afternoon on the 16th and with the more significant synoptic forcing hanging back and fairly meridional flow aloft. Mid to upper 60s dewpts were present over the eastern half of the Panhandles and with the exception of the very western edge of the deep sfc moisture, these dewpts did not mix out much through the day. Some standards parameters across the eastern Panhandles in particular included 400-600 m^2/s^2 Helicity with 3000-4000 J/kg of SBCAPE. This environment lead to numerous very large hail reports and several tornadoes, with one or two being long tracked over several miles.",Report of tornado on the ground 1 mile south and 2 miles west of Balko. Brief touchdown. Less than a  minute.,CSV
201705,18,2141,201705,18,2145,116144,703501,OKLAHOMA,40,2017,May,Tornado,C,101,MUSKOGEE,TSA,18-MAY-17 21:41:00,CST-6,18-MAY-17 21:45:00,0,0,0,0,20.00K,0.00K,NWS Storm Survey,,,,,EF1,3.7,350.0,,,,,4.0,NNE,MC LAIN,1.0,SSW,BRAGGS,35.6183,-95.2472,35.6551,-95.2053,"A slow-moving, strong upper level storm system moved from the Central Rockies into the Central Plains on the 18th and 19th. A dry line sharpened ahead of this system across western Oklahoma by early afternoon on the 18th, as a frontal boundary over northern Oklahoma shifted north into Kansas as a warm front. Warm, very moist, and very unstable air was in place east of the dry line and south of the warm front, and thunderstorms erupted across western Oklahoma during the early afternoon near the dry line. These storms evolved into a line by the time they moved into and across eastern Oklahoma during the evening hours. The storms produced multiple tornadoes, damaging wind, and hail up to half dollar size as they moved across eastern Oklahoma.||Another round of thunderstorms developed and moved across eastern Oklahoma during the morning hours of the 19th. No severe weather occurred with these storms but locally heavy rainfall did occur. As a cold front pushed into the area during the afternoon hours, another round of strong to severe thunderstorms developed. Hail up to half dollar size and damaging wind occurred with the strongest storms. Several widespread rainfall events over the past couple days set the stage for this event to evolve into flash flooding during the evening of the 19th through the morning hours of the 20th.","This tornado developed east of S 75th St E and north of the E 965 Road. It moved east-northeast until crossing E 93rd St S where it turned northeast.  The tornado then turned north as it crossed the N 4380 Road. The tornado uprooted trees, snapped numerous large tree limbs, damaged outbuildings, and blew down power poles. Based on this damage, maximum estimated wind in the tornado was 85 to 95 mph.",CSV
201705,18,1440,201705,18,1441,115200,700774,OKLAHOMA,40,2017,May,Tornado,C,149,WASHITA,OUN,18-MAY-17 14:40:00,CST-6,18-MAY-17 14:41:00,0,0,0,0,0.00K,0.00K,Storm Chaser,,,,,EFU,0.5,100.0,,,,,3.0,NNW,CLOUD CHIEF,3.0,NNW,CLOUD CHIEF,35.287,-98.859,35.288,-98.851,A line of storms fired along and just ahead of a dryline and cold front on the afternoon of the 18th and continued eastward across the state overnight into the 19th.,A storm chaser documented a brief multiple-vortex tornado that crossed State Highway 54 just south of State Highway 152. No damage was reported.,CSV
201705,27,2118,201705,27,2121,115206,702867,OKLAHOMA,40,2017,May,Tornado,C,99,MURRAY,OUN,27-MAY-17 21:18:00,CST-6,27-MAY-17 21:21:00,0,0,0,0,0.00K,0.00K,Broadcast Media,,,,,EFU,2.7,50.0,,,,,3.0,SSE,DOUGHERTY,5.0,SE,DOUGHERTY,34.358,-97.035,34.337,-96.995,Thunderstorms formed in the vicinity of a cold front and dryline late on the 27th and continued till just after midnight on the 28th.,A television storm chaser observed a tornado develop about 3 miles south-southeast of Dougherty. The tornado is believed to have moved into Murray County after touching down in Carter County and crossing the Washita River. No damage was reported in the area.,CSV
201705,27,2139,201705,27,2141,115206,702880,OKLAHOMA,40,2017,May,Tornado,C,69,JOHNSTON,OUN,27-MAY-17 21:39:00,CST-6,27-MAY-17 21:41:00,0,0,0,0,0.00K,0.00K,Trained Spotter,,,,,EFU,1.5,50.0,,,,,4.0,W,TROY,2.0,W,TROY,34.332,-96.844,34.33,-96.818,Thunderstorms formed in the vicinity of a cold front and dryline late on the 27th and continued till just after midnight on the 28th.,Numerous spotters observed a tornado west of Troy. No damage was reported and the location is estimated.,CSV
201705,27,2206,201705,27,2213,115206,702886,OKLAHOMA,40,2017,May,Tornado,C,67,JEFFERSON,OUN,27-MAY-17 22:06:00,CST-6,27-MAY-17 22:13:00,0,0,0,0,0.00K,0.00K,Broadcast Media,,,,,EFU,2.52,100.0,,,,,9.0,WNW,RINGLING,7.0,WNW,RINGLING,34.219,-97.735,34.227,-97.692,Thunderstorms formed in the vicinity of a cold front and dryline late on the 27th and continued till just after midnight on the 28th.,A tornado was observed by a television storm chaser south of Loco and west-northwest of Ringling. No damage was reported and the specific path is estimated.,CSV
201705,19,2044,201705,19,2049,115202,702500,OKLAHOMA,40,2017,May,Tornado,C,69,JOHNSTON,OUN,19-MAY-17 20:44:00,CST-6,19-MAY-17 20:49:00,0,0,0,0,0.00K,0.00K,Trained Spotter,,,,,EFU,2.0,50.0,,,,,8.0,SW,BROMIDE,6.0,SW,BROMIDE,34.3381,-96.5992,34.3586,-96.5744,A line of storms fired along and just ahead of a cold front on the afternoon of the 19th and continued eastward across the state overnight into the 20th.,Spotters observed a tornado that moved northeast to the southwest of Bromide. No damage was observed and the specific location was estimated.,CSV
201705,19,2056,201705,19,2108,115202,702502,OKLAHOMA,40,2017,May,Tornado,C,69,JOHNSTON,OUN,19-MAY-17 20:56:00,CST-6,19-MAY-17 21:08:00,0,0,0,0,0.00K,0.00K,Fire Department/Rescue,,,,,EFU,6.0,50.0,,,,,8.0,NNW,MILBURN,2.0,SW,BROMIDE,34.347,-96.6036,34.3995,-96.5248,A line of storms fired along and just ahead of a cold front on the afternoon of the 19th and continued eastward across the state overnight into the 20th.,Spotters with the Milburn Fire Department observed a tornado north near SH-7 and Wiley Road that moved northeast toward Bromide. No damage was reported.,CSV
201705,18,1600,201705,18,1607,115200,702807,OKLAHOMA,40,2017,May,Tornado,C,151,WOODS,OUN,18-MAY-17 16:00:00,CST-6,18-MAY-17 16:07:00,0,0,0,0,0.00K,0.00K,Trained Spotter,,,,,EFU,4.0,200.0,,,,,6.0,SSW,WAYNOKA,5.0,WSW,WAYNOKA,36.507,-98.926,36.558,-98.954,A line of storms fired along and just ahead of a dryline and cold front on the afternoon of the 18th and continued eastward across the state overnight into the 19th.,This tornado initially developed west-northwest of Bouse Junction in Major County and moved into Woods County southwest of Waynoka. The tornado moved to the north-northwest about 4 miles before dissipating. No damage was reported in Woods County from this tornado as it remained in rural areas.,CSV
201705,19,2032,201705,19,2034,115202,702828,OKLAHOMA,40,2017,May,Tornado,C,69,JOHNSTON,OUN,19-MAY-17 20:32:00,CST-6,19-MAY-17 20:34:00,0,0,0,0,0.00K,0.00K,Broadcast Media,,,,,EFU,1.5,50.0,,,,,3.0,NNW,TISHOMINGO,3.0,N,TISHOMINGO,34.267,-96.701,34.278,-96.679,A line of storms fired along and just ahead of a cold front on the afternoon of the 19th and continued eastward across the state overnight into the 20th.,A television storm chaser observed a tornado touch down northwest of Tishomingo. No damage was reported and the specific path was estimated.,CSV
201705,19,2113,201705,19,2120,115202,702865,OKLAHOMA,40,2017,May,Tornado,C,29,COAL,OUN,19-MAY-17 21:13:00,CST-6,19-MAY-17 21:20:00,0,0,0,0,0.00K,0.00K,Fire Department/Rescue,,,,,EFU,3.0,50.0,,,,,1.0,NE,BROMIDE,4.0,NE,BROMIDE,34.4251,-96.4838,34.4558,-96.4466,A line of storms fired along and just ahead of a cold front on the afternoon of the 19th and continued eastward across the state overnight into the 20th.,The Wapanucka Fire Department observed a tornado develop just northeast of Bromide and move northeast. No damage was reported and the specific path is estimated.,CSV
201705,10,1936,201705,10,1941,115196,700763,OKLAHOMA,40,2017,May,Tornado,C,33,COTTON,OUN,10-MAY-17 19:36:00,CST-6,10-MAY-17 19:41:00,0,0,0,0,0.00K,0.00K,Storm Chaser,,,,,EFU,2.0,100.0,,,,,11.0,NNW,DEVOL,10.0,WNW,COOKIETOWN,34.34,-98.63,34.33,-98.6,"With outflow boundaries floating around the state and a large upper low moving into the region, scattered storms formed across Oklahoma and western north Texas on the evening of the 10th.",Storm chasers observed and photographed a tornado in far northwestern Cotton County. No damage was reported and the specific path is estimated.,CSV
201705,11,1413,201705,11,1413,115198,700764,OKLAHOMA,40,2017,May,Tornado,C,119,PAYNE,OUN,11-MAY-17 14:13:00,CST-6,11-MAY-17 14:13:00,0,0,0,0,0.00K,0.00K,Trained Spotter,,,,,EFU,0.1,50.0,,,,,1.0,SW,PERKINS,1.0,SW,PERKINS,35.9698,-97.0427,35.9698,-97.0427,Storms formed during the afternoon of the 11th in the vicinity of an eastward moving cold front and dryline.,Storm spotters and chasers observed a brief tornado just southwest of Perkins. No damage was reported from this tornado.,CSV
201705,16,1708,201705,16,1711,115199,700767,OKLAHOMA,40,2017,May,Tornado,C,9,BECKHAM,OUN,16-MAY-17 17:08:00,CST-6,16-MAY-17 17:11:00,0,0,0,0,0.00K,0.00K,Fire Department/Rescue,,,,,EFU,1.0,20.0,,,,,10.0,SSW,ERICK,10.0,S,ERICK,35.07,-99.92,35.07,-99.9,"Storms formed along the dryline in the Texas panhandle on the afternoon of the 16th before moving eastward. As a cold front caught up to the storms, convection increased and storms began to form into a line. This line continued eastward across the state overnight into the 17th.",The Erick Fire Department and storm chasers observed a tornado south of the entrance to Sandy Sanders Wildlife Management Area on State Highway 30. No damage was reported.,CSV
201705,18,2046,201705,18,2054,116144,703481,OKLAHOMA,40,2017,May,Tornado,C,121,PITTSBURG,TSA,18-MAY-17 20:46:00,CST-6,18-MAY-17 20:54:00,0,0,0,0,30.00K,0.00K,NWS Storm Survey,,,,,EF1,8.2,1000.0,,,,,2.0,N,ASHLAND,2.0,E,CELESTINE,34.8051,-96.0686,34.827,-95.9269,"A slow-moving, strong upper level storm system moved from the Central Rockies into the Central Plains on the 18th and 19th. A dry line sharpened ahead of this system across western Oklahoma by early afternoon on the 18th, as a frontal boundary over northern Oklahoma shifted north into Kansas as a warm front. Warm, very moist, and very unstable air was in place east of the dry line and south of the warm front, and thunderstorms erupted across western Oklahoma during the early afternoon near the dry line. These storms evolved into a line by the time they moved into and across eastern Oklahoma during the evening hours. The storms produced multiple tornadoes, damaging wind, and hail up to half dollar size as they moved across eastern Oklahoma.||Another round of thunderstorms developed and moved across eastern Oklahoma during the morning hours of the 19th. No severe weather occurred with these storms but locally heavy rainfall did occur. As a cold front pushed into the area during the afternoon hours, another round of strong to severe thunderstorms developed. Hail up to half dollar size and damaging wind occurred with the strongest storms. Several widespread rainfall events over the past couple days set the stage for this event to evolve into flash flooding during the evening of the 19th through the morning hours of the 20th.","This tornado developed north of Ashland and moved east-northeast, snapping or uprooting numerous trees, damaging an outbuilding, damaging a home, and snapping power poles. Based on this damage, maximum estimated wind in the tornado was 95 to 105 mph.",CSV
201705,18,2130,201705,18,2136,116144,703492,OKLAHOMA,40,2017,May,Tornado,C,145,WAGONER,TSA,18-MAY-17 21:30:00,CST-6,18-MAY-17 21:36:00,0,0,0,0,25.00K,0.00K,NWS Storm Survey,,,,,EF1,5.0,500.0,,,,,3.0,S,CHOSKA,2.0,W,CLARKSVILLE,35.7882,-95.6194,35.835,-95.5523,"A slow-moving, strong upper level storm system moved from the Central Rockies into the Central Plains on the 18th and 19th. A dry line sharpened ahead of this system across western Oklahoma by early afternoon on the 18th, as a frontal boundary over northern Oklahoma shifted north into Kansas as a warm front. Warm, very moist, and very unstable air was in place east of the dry line and south of the warm front, and thunderstorms erupted across western Oklahoma during the early afternoon near the dry line. These storms evolved into a line by the time they moved into and across eastern Oklahoma during the evening hours. The storms produced multiple tornadoes, damaging wind, and hail up to half dollar size as they moved across eastern Oklahoma.||Another round of thunderstorms developed and moved across eastern Oklahoma during the morning hours of the 19th. No severe weather occurred with these storms but locally heavy rainfall did occur. As a cold front pushed into the area during the afternoon hours, another round of strong to severe thunderstorms developed. Hail up to half dollar size and damaging wind occurred with the strongest storms. Several widespread rainfall events over the past couple days set the stage for this event to evolve into flash flooding during the evening of the 19th through the morning hours of the 20th.","This tornado developed just east of the Arkansas River, south of Redbird and southeast of Haskell. The tornado destroyed a center-pivot irrigation system and snapped several power poles and trees as it moved northeast. The Oklahoma Mesonet station southwest of Porter measured 82 mph gusts as the tornado passed the site toward the end of its life cycle. Based on this damage, maximum estimated wind in the tornado was 90 to 100 mph.",CSV
201705,18,2145,201705,18,2146,116144,703504,OKLAHOMA,40,2017,May,Tornado,C,101,MUSKOGEE,TSA,18-MAY-17 21:45:00,CST-6,18-MAY-17 21:46:00,0,0,0,0,0.00K,0.00K,NWS Storm Survey,,,,,EF1,0.6,600.0,TSA,OK,145.0,WAGONER,1.0,NE,CHASE,0.0,SSW,WYBARK,35.8073,-95.3392,35.8133,-95.3324,"A slow-moving, strong upper level storm system moved from the Central Rockies into the Central Plains on the 18th and 19th. A dry line sharpened ahead of this system across western Oklahoma by early afternoon on the 18th, as a frontal boundary over northern Oklahoma shifted north into Kansas as a warm front. Warm, very moist, and very unstable air was in place east of the dry line and south of the warm front, and thunderstorms erupted across western Oklahoma during the early afternoon near the dry line. These storms evolved into a line by the time they moved into and across eastern Oklahoma during the evening hours. The storms produced multiple tornadoes, damaging wind, and hail up to half dollar size as they moved across eastern Oklahoma.||Another round of thunderstorms developed and moved across eastern Oklahoma during the morning hours of the 19th. No severe weather occurred with these storms but locally heavy rainfall did occur. As a cold front pushed into the area during the afternoon hours, another round of strong to severe thunderstorms developed. Hail up to half dollar size and damaging wind occurred with the strongest storms. Several widespread rainfall events over the past couple days set the stage for this event to evolve into flash flooding during the evening of the 19th through the morning hours of the 20th.","This is the first segment of a three segment tornado. In Muskogee County, the tornado snapped and uprooted numerous trees. The tornado continued into Wagoner County. Based on this damage, maximum estimated wind in this segment of the tornado was 90 to 100 mph.",CSV
201705,18,2146,201705,18,2151,116144,703506,OKLAHOMA,40,2017,May,Tornado,C,145,WAGONER,TSA,18-MAY-17 21:46:00,CST-6,18-MAY-17 21:51:00,0,0,0,0,0.00K,0.00K,NWS Storm Survey,,,,,EF1,6.2,650.0,TSA,OK,21.0,CHEROKEE,0.0,SSW,WYBARK,2.0,ENE,OKAY,35.8133,-95.3324,35.8843,-95.2652,"A slow-moving, strong upper level storm system moved from the Central Rockies into the Central Plains on the 18th and 19th. A dry line sharpened ahead of this system across western Oklahoma by early afternoon on the 18th, as a frontal boundary over northern Oklahoma shifted north into Kansas as a warm front. Warm, very moist, and very unstable air was in place east of the dry line and south of the warm front, and thunderstorms erupted across western Oklahoma during the early afternoon near the dry line. These storms evolved into a line by the time they moved into and across eastern Oklahoma during the evening hours. The storms produced multiple tornadoes, damaging wind, and hail up to half dollar size as they moved across eastern Oklahoma.||Another round of thunderstorms developed and moved across eastern Oklahoma during the morning hours of the 19th. No severe weather occurred with these storms but locally heavy rainfall did occur. As a cold front pushed into the area during the afternoon hours, another round of strong to severe thunderstorms developed. Hail up to half dollar size and damaging wind occurred with the strongest storms. Several widespread rainfall events over the past couple days set the stage for this event to evolve into flash flooding during the evening of the 19th through the morning hours of the 20th.","This is the second segment of a three segment tornado. In Wagoner County, this tornado snapped and uprooted numerous trees. The tornado continued into Cherokee County. Based on this damage, maximum estimated wind in this segment of the tornado was 95 to 105 mph.",CSV
201705,18,2148,201705,18,2204,116144,703514,OKLAHOMA,40,2017,May,Tornado,C,145,WAGONER,TSA,18-MAY-17 21:48:00,CST-6,18-MAY-17 22:04:00,0,0,0,0,200.00K,0.00K,NWS Storm Survey,,,,,EF1,12.2,650.0,TSA,OK,97.0,MAYES,3.0,NNE,GIBSON,2.0,NE,YONKERS,35.915,-95.3299,36.0748,-95.2395,"A slow-moving, strong upper level storm system moved from the Central Rockies into the Central Plains on the 18th and 19th. A dry line sharpened ahead of this system across western Oklahoma by early afternoon on the 18th, as a frontal boundary over northern Oklahoma shifted north into Kansas as a warm front. Warm, very moist, and very unstable air was in place east of the dry line and south of the warm front, and thunderstorms erupted across western Oklahoma during the early afternoon near the dry line. These storms evolved into a line by the time they moved into and across eastern Oklahoma during the evening hours. The storms produced multiple tornadoes, damaging wind, and hail up to half dollar size as they moved across eastern Oklahoma.||Another round of thunderstorms developed and moved across eastern Oklahoma during the morning hours of the 19th. No severe weather occurred with these storms but locally heavy rainfall did occur. As a cold front pushed into the area during the afternoon hours, another round of strong to severe thunderstorms developed. Hail up to half dollar size and damaging wind occurred with the strongest storms. Several widespread rainfall events over the past couple days set the stage for this event to evolve into flash flooding during the evening of the 19th through the morning hours of the 20th.","This is the first segment of a two segment tornado. In Wagoner County, this tornado developed southeast of Wagoner in the lowlands of Fort Gibson Lake. It moved northeast uprooting numerous trees, damaging homes, and destroying outbuildings north of Highway 51. The tornado then moved over Fort Gibson Lake and back onshore northeast of Wagoner where trees were uprooted and snapped, several boat docks were destroyed, and homes were damaged. It moved back over Fort Gibson Lake and then across the far northeastern portion of Wagoner County where trees were uprooted and snapped. The tornado continued into Mayes County. Based on this damage, maximum estimated wind in this segment of the tornado was 90 to 100 mph.",CSV
201705,16,1723,201705,16,1725,115199,700769,OKLAHOMA,40,2017,May,Tornado,C,9,BECKHAM,OUN,16-MAY-17 17:23:00,CST-6,16-MAY-17 17:25:00,0,0,0,0,0.00K,0.00K,NWS Employee,,,,,EFU,1.13,50.0,,,,,6.0,S,ERICK,7.0,SSE,ERICK,35.12,-99.85,35.12,-99.83,"Storms formed along the dryline in the Texas panhandle on the afternoon of the 16th before moving eastward. As a cold front caught up to the storms, convection increased and storms began to form into a line. This line continued eastward across the state overnight into the 17th.",An NWS employee observed a tornado from an occluded mesocyclone to the south-southeast of Erick. The tornado was observed for about two minutes. No damage was reported and the specific path is estimated.,CSV
201705,18,1302,201705,18,1305,115200,700772,OKLAHOMA,40,2017,May,Tornado,C,65,JACKSON,OUN,18-MAY-17 13:02:00,CST-6,18-MAY-17 13:05:00,0,0,0,0,0.00K,0.00K,Broadcast Media,,,,,EFU,0.7,50.0,,,,,2.0,NW,DUKE,2.0,NNW,DUKE,34.677,-99.594,34.684,-99.587,A line of storms fired along and just ahead of a dryline and cold front on the afternoon of the 18th and continued eastward across the state overnight into the 19th.,Oklahoma City televisions stations broadcast a tornado northwest of Duke. No damage was reported and the specific location is estimated.,CSV
201705,27,1920,201705,27,1926,116147,703526,OKLAHOMA,40,2017,May,Tornado,C,107,OKFUSKEE,TSA,27-MAY-17 19:20:00,CST-6,27-MAY-17 19:26:00,0,0,0,0,0.00K,0.00K,Storm Chaser,,,,,EF0,2.1,100.0,,,,,2.0,SSW,MICAWBER,2.0,SE,MICAWBER,35.6012,-96.5336,35.605,-96.4973,"Strong to severe thunderstorms developed during the late afternoon hours of the 27th along and ahead of a cold front that was moving into eastern Oklahoma. Very unstable air over the area, combined with strong deep-layer wind shear, resulted in widespread severe weather to develop. Several tornadoes, hail up to softball size, and damaging wind gusts occurred with the strongest storms.","Storm chasers observed a tornado over open country for about six minutes. An NWS ground survey team was unable to find any damage from the tornado, mainly due to the fact the tornado was over terrain that was inaccessible by roads. Storm chaser photos and video did show some debris occasionally in the tornadic circulation, most likely from trees.",CSV
201705,18,1511,201705,18,1511,115200,700775,OKLAHOMA,40,2017,May,Tornado,C,43,DEWEY,OUN,18-MAY-17 15:11:00,CST-6,18-MAY-17 15:11:00,0,0,0,0,0.00K,0.00K,Storm Chaser,,,,,EFU,0.2,50.0,,,,,4.0,ESE,CESTOS,4.0,ESE,CESTOS,36.127,-99.022,36.127,-99.022,A line of storms fired along and just ahead of a dryline and cold front on the afternoon of the 18th and continued eastward across the state overnight into the 19th.,Storm chasers and broadcast media reported the first of a family of tornadoes across northwestern Oklahoma. No damage was reported. The specific location is estimated but based on triangulation of numerous observers.,CSV
201705,18,1520,201705,18,1520,115200,700776,OKLAHOMA,40,2017,May,Tornado,C,39,CUSTER,OUN,18-MAY-17 15:20:00,CST-6,18-MAY-17 15:20:00,0,0,0,0,0.00K,0.00K,Fire Department/Rescue,,,,,EFU,0.2,30.0,,,,,2.0,SE,WEATHERFORD,2.0,SE,WEATHERFORD,35.5095,-98.6749,35.5095,-98.6749,A line of storms fired along and just ahead of a dryline and cold front on the afternoon of the 18th and continued eastward across the state overnight into the 19th.,The Weatherford Fire Department confirmed a tornado about 2 miles southeast of Weatherford. No damage was reported.,CSV
201705,18,1531,201705,18,1536,115200,700784,OKLAHOMA,40,2017,May,Tornado,C,93,MAJOR,OUN,18-MAY-17 15:31:00,CST-6,18-MAY-17 15:36:00,0,0,0,0,0.00K,0.00K,Emergency Manager,,,,,EF0,2.6,200.0,,,,,7.0,NNW,CHESTER,6.0,SW,BOUSE JUNCTION,36.312,-98.961,36.349,-98.955,A line of storms fired along and just ahead of a dryline and cold front on the afternoon of the 18th and continued eastward across the state overnight into the 19th.,This tornado moved into Major County from Woodward County and continued moving north-northeast before dissipating.,CSV
201705,18,1540,201705,18,1540,115200,702470,OKLAHOMA,40,2017,May,Tornado,C,149,WASHITA,OUN,18-MAY-17 15:40:00,CST-6,18-MAY-17 15:40:00,0,0,0,0,0.00K,0.00K,Storm Chaser,,,,,EFU,0.3,50.0,,,,,4.0,N,CLOUD CHIEF,4.0,N,CLOUD CHIEF,35.309,-98.846,35.309,-98.846,A line of storms fired along and just ahead of a dryline and cold front on the afternoon of the 18th and continued eastward across the state overnight into the 19th.,Storm chasers observed a tornado east of Cordell and north of Cloud Chief. The tornado was brief and no damage was reported.,CSV
201705,27,1955,201705,27,2002,116147,703531,OKLAHOMA,40,2017,May,Tornado,C,107,OKFUSKEE,TSA,27-MAY-17 19:55:00,CST-6,27-MAY-17 20:02:00,0,0,0,0,0.00K,0.00K,Storm Chaser,,,,,EFU,0.6,100.0,,,,,3.0,W,MASON,3.0,WSW,MASON,35.5657,-96.4238,35.5607,-96.4146,"Strong to severe thunderstorms developed during the late afternoon hours of the 27th along and ahead of a cold front that was moving into eastern Oklahoma. Very unstable air over the area, combined with strong deep-layer wind shear, resulted in widespread severe weather to develop. Several tornadoes, hail up to softball size, and damaging wind gusts occurred with the strongest storms.","Storm chasers observed a tornado over open country. An NWS storm survey team found no damage associated with the tornado, mainly due to the fact it remained over terrain that was inaccessible by road. An unmanned aircraft system (UAS) piloted by researchers from the Oklahoma State University flew the suspected area where the tornado occurred but data obtained were inconclusive.",CSV
201704,25,2233,201704,25,2242,115065,691669,OKLAHOMA,40,2017,April,Tornado,C,97,MAYES,TSA,25-APR-17 22:33:00,CST-6,25-APR-17 22:42:00,0,0,0,0,75.00K,0.00K,NWS Storm Survey,,,,,EF1,6.4,550.0,,,,,5.0,W,GREEN,3.0,WNW,ADAIR,36.3725,-95.3729,36.4476,-95.3176,"Severe thunderstorms developed along and ahead of a cold front that moved into eastern Oklahoma during the evening of the 25th. The storms moved eastward across the area through the early morning hours of the 26th, resulting in three tornadoes, hail up to baseball size, and damaging wind. Locally heavy rainfall of three to four inches resulted in flash flooding.","A tornado destroyed a mobile home, damaged several homes, destroyed outbuildings, snapped and uprooted numerous trees, and blew down power poles. The tornado developed north of the W 450 Road and west of the N 429 Road and moved northeast until it crossed the W 420 Road. It then curved to the north until it dissipated north of the W 400 Road. Based on this damage, maximum estimated wind in the tornado was 95 to 105 mph.",CSV
201704,25,2234,201704,25,2241,115065,691670,OKLAHOMA,40,2017,April,Tornado,C,97,MAYES,TSA,25-APR-17 22:34:00,CST-6,25-APR-17 22:41:00,0,0,0,0,40.00K,0.00K,NWS Storm Survey,,,,,EF1,4.1,600.0,,,,,6.0,WNW,GREEN,3.0,W,ADAIR,36.4,-95.3887,36.426,-95.3273,"Severe thunderstorms developed along and ahead of a cold front that moved into eastern Oklahoma during the evening of the 25th. The storms moved eastward across the area through the early morning hours of the 26th, resulting in three tornadoes, hail up to baseball size, and damaging wind. Locally heavy rainfall of three to four inches resulted in flash flooding.","A tornado snapped and uprooted numerous trees, destroyed outbuildings, damaged homes, and blew down power poles. The tornado developed north of the W 430 Road and west of the N 428 Road. It moved northeast until it crossed the W 420 Road, then moved more easterly until it dissipated. Based on this damage, maximum estimated wind in the tornado was 100 to 110 mph.",CSV
201704,25,2246,201704,25,2257,115065,691671,OKLAHOMA,40,2017,April,Tornado,C,97,MAYES,TSA,25-APR-17 22:46:00,CST-6,25-APR-17 22:57:00,0,0,0,0,25.00K,0.00K,NWS Storm Survey,,,,,EF1,10.2,400.0,,,,,3.0,NW,TIP,2.0,W,LANGLEY ARPT,36.379,-95.2087,36.4854,-95.0855,"Severe thunderstorms developed along and ahead of a cold front that moved into eastern Oklahoma during the evening of the 25th. The storms moved eastward across the area through the early morning hours of the 26th, resulting in three tornadoes, hail up to baseball size, and damaging wind. Locally heavy rainfall of three to four inches resulted in flash flooding.","A tornado uprooted numerous trees, blew down power poles, and destroyed several outbuildings. Based on this damage, maximum estimated wind in the tornado was 90 to 100 mph.",CSV
201704,29,1517,201704,29,1530,115098,691675,OKLAHOMA,40,2017,April,Tornado,C,135,SEQUOYAH,TSA,29-APR-17 15:17:00,CST-6,29-APR-17 15:30:00,0,0,0,0,20.00K,0.00K,NWS Storm Survey,,,,,EF1,7.3,600.0,,,,,1.0,ENE,SALLISAW ARPT,3.0,SE,AKINS,35.4394,-94.7782,35.49,-94.667,"Strong to severe thunderstorms developed during the late evening hours of the 28th over portions of eastern Oklahoma, along and north of a warm front that had moved into the area during the day. These storms produced a strong tornado, hail up to baseball size, damaging wind, and locally heavy rainfall through the early morning hours of the 29th. ||Another round of severe weather developed during the afternoon hours of the 29th, as a cold front moved into the area from the north. These storms produced a tornado, hail up to golfball size, damaging wind, and locally heavy rainfall.","A tornado developed southwest of Shadow Creek Country Club. It moved northeast uprooting trees, snapping power poles, and destroying outbuildings. Based on this damage, maximum estimated wind in the tornado was 90 to 100 mph.",CSV
201704,28,2136,201704,28,2151,115098,691673,OKLAHOMA,40,2017,April,Tornado,C,79,LE FLORE,TSA,28-APR-17 21:36:00,CST-6,28-APR-17 21:51:00,0,0,0,0,150.00K,0.00K,NWS Storm Survey,,,,,EF2,8.1,750.0,,,,,3.0,NNE,NEFF,3.0,SSE,SCULLYVILLE,35.1017,-94.5783,35.2152,-94.5509,"Strong to severe thunderstorms developed during the late evening hours of the 28th over portions of eastern Oklahoma, along and north of a warm front that had moved into the area during the day. These storms produced a strong tornado, hail up to baseball size, damaging wind, and locally heavy rainfall through the early morning hours of the 29th. ||Another round of severe weather developed during the afternoon hours of the 29th, as a cold front moved into the area from the north. These storms produced a tornado, hail up to golfball size, damaging wind, and locally heavy rainfall.","A tornado developed southwest of Cameron and moved generally north. It destroyed mobile homes, damaged homes, destroyed outbuildings, snapped numerous trees and power poles, uprooted numerous trees, and rolled several vehicles. Based on this damage, maximum estimated wind in the tornado was 110 to 120 mph.",CSV
201704,16,1842,201704,16,1849,114951,691733,OKLAHOMA,40,2017,April,Tornado,C,93,MAJOR,OUN,16-APR-17 18:42:00,CST-6,16-APR-17 18:49:00,0,0,0,0,0.00K,0.00K,Broadcast Media,,,,,EFU,2.0,30.0,,,,,4.0,NNW,CHESTER,4.0,NW,CHESTER,36.28,-98.94,36.26,-98.96,Scattered showers and thunderstorms formed out ahead of and along a front across Oklahoma on the evening of the 16th overnight into the 17th.,A KOCO (TV) storm chaser observed a third tornado to the NNW of Chester. No damage was observed and the specific tornado path is estimated.,CSV
201705,10,1931,201705,10,1931,115196,700757,OKLAHOMA,40,2017,May,Tornado,C,141,TILLMAN,OUN,10-MAY-17 19:31:00,CST-6,10-MAY-17 19:31:00,0,0,0,0,0.00K,0.00K,Storm Chaser,,,,,EFU,0.3,50.0,,,,,5.0,N,GRANDFIELD,5.0,N,GRANDFIELD,34.3016,-98.679,34.3016,-98.679,"With outflow boundaries floating around the state and a large upper low moving into the region, scattered storms formed across Oklahoma and western north Texas on the evening of the 10th.",A tornado was observed by numerous storm chasers crossing State Highway 36 east of Loveland and north of Grandfield. No damage was reported.,CSV
201705,18,1429,201705,18,1437,115200,702788,OKLAHOMA,40,2017,May,Tornado,C,149,WASHITA,OUN,18-MAY-17 14:29:00,CST-6,18-MAY-17 14:37:00,0,0,0,0,5.00K,0.00K,Trained Spotter,,,,,EF1,6.05,100.0,,,,,6.0,ENE,ROCKY,3.0,SW,CLOUD CHIEF,35.195,-98.971,35.222,-98.869,A line of storms fired along and just ahead of a dryline and cold front on the afternoon of the 18th and continued eastward across the state overnight into the 19th.,"A barn was destroyed, and numerous trees and power lines were downed as this tornado moved east-northeast from about 6 miles east-northeast of Rocky to 2.5 miles southwest of Cloud Chief.",CSV
201704,16,1743,201704,16,1747,114951,691729,OKLAHOMA,40,2017,April,Tornado,C,93,MAJOR,OUN,16-APR-17 17:43:00,CST-6,16-APR-17 17:47:00,0,0,0,0,0.00K,0.00K,Broadcast Media,,,,,EFU,0.5,30.0,,,,,4.0,SW,BOUSE JUNCTION,5.0,SW,BOUSE JUNCTION,36.37,-98.94,36.365,-98.946,Scattered showers and thunderstorms formed out ahead of and along a front across Oklahoma on the evening of the 16th overnight into the 17th.,A storm chaser from KOCO (TV) observed a tornado estimated to have occurred about 5 miles southwest of Bouse Junction. The tornado slowly drifted south or southwest through 647 pm CDT. No known damage occurred.,CSV
201704,16,1809,201704,16,1809,114951,691730,OKLAHOMA,40,2017,April,Tornado,C,93,MAJOR,OUN,16-APR-17 18:09:00,CST-6,16-APR-17 18:09:00,0,0,0,0,0.00K,0.00K,Broadcast Media,,,,,EFU,0.1,30.0,,,,,5.0,SSW,RINGWOOD,5.0,SSW,RINGWOOD,36.319,-98.29,36.319,-98.29,Scattered showers and thunderstorms formed out ahead of and along a front across Oklahoma on the evening of the 16th overnight into the 17th.,A KOCO (TV) storm chaser observed a tornado just east of US-281 near county road EW-48. No known damage occurred.,CSV
201704,25,2113,201704,25,2114,114954,695125,OKLAHOMA,40,2017,April,Tornado,C,123,PONTOTOC,OUN,25-APR-17 21:13:00,CST-6,25-APR-17 21:14:00,0,0,0,0,4.00K,0.00K,Emergency Manager,,,,,EF0,0.7,50.0,,,,,5.0,NNW,BYNG,5.0,N,BYNG,34.93,-96.694,34.932,-96.683,"As a cold front swept through into abundant moisture on the evening of the 25th, storms fired along and near the front with several of them becoming severe.",Trees and power poles were damaged in extreme northern Pontotoc County.,CSV
201704,25,2150,201704,25,2152,114954,691735,OKLAHOMA,40,2017,April,Tornado,C,63,HUGHES,OUN,25-APR-17 21:50:00,CST-6,25-APR-17 21:52:00,0,0,0,0,5.00K,0.00K,NWS Storm Survey,,,,,EF0,1.25,30.0,,,,,0.0,SE,HOLDENVILLE,1.0,ENE,HOLDENVILLE,35.0763,-96.3949,35.0887,-96.3797,"As a cold front swept through into abundant moisture on the evening of the 25th, storms fired along and near the front with several of them becoming severe.",A few trees were damaged and there was some roof damage to some homes and businesses as a small tornado moved northeast across the south and east side of Holdenville.,CSV
201706,25,1708,201706,25,1708,117950,709020,OKLAHOMA,40,2017,June,Tornado,C,25,CIMARRON,AMA,25-JUN-17 17:08:00,CST-6,25-JUN-17 17:08:00,0,0,0,0,0.00K,0.00K,Storm Chaser,,,,,EF0,0.1,10.0,,,,,5.0,N,KEYES,5.0,N,KEYES,36.89,-102.24,36.89,-102.24,"Decent chance for storms to develop and move across the majority of the area overnight. Due to the increased instability and better shear today, stronger storms expected.  Severe storms with large hail and damaging winds being the primary threats.  One storm became a flash flooding issue for typical poor drainage along I-40 in Amarillo.",Late report of a weak and brief tornado observed. Picture received from storm chasers that followed storm.,CSV
201706,25,1733,201706,25,1733,117950,709021,OKLAHOMA,40,2017,June,Tornado,C,25,CIMARRON,AMA,25-JUN-17 17:33:00,CST-6,25-JUN-17 17:33:00,0,0,0,0,0.00K,0.00K,Law Enforcement,,,,,EF0,0.1,10.0,,,,,8.0,ENE,BOISE CITY,8.0,ENE,BOISE CITY,36.76,-102.38,36.76,-102.38,"Decent chance for storms to develop and move across the majority of the area overnight. Due to the increased instability and better shear today, stronger storms expected.  Severe storms with large hail and damaging winds being the primary threats.  One storm became a flash flooding issue for typical poor drainage along I-40 in Amarillo.",Sheriff���s Office reported tornado on the ground at intersection of HWY 64 and HWY 56 from a law enforcement officer in the field.,CSV
201708,6,19,201708,6,25,119645,721015,OKLAHOMA,40,2017,August,Tornado,C,143,TULSA,TSA,06-AUG-17 00:19:00,CST-6,06-AUG-17 00:25:00,30,0,0,0,50.00M,0.00K,NWS Storm Survey,,,,,EF2,6.9,550.0,,,,,3.0,SSE,TULSA,3.0,S,TULSA YOUNG ARPT,36.1097,-95.9367,36.0907,-95.8167,"A surface low pressure system was positioned over southwestern Kansas during the evening of the 5th, with a stationary frontal boundary extending southeast from the low into northeastern Oklahoma and northwestern Arkansas. Thunderstorms developed over northwestern Oklahoma and south central Kansas during the evening hours and moved east into northeastern Oklahoma during the late evening hours of the 5th and early morning hours of the 6th. The thunderstorms evolved into a nearly solid line by the time they reached northeastern Oklahoma and resulted in widespread damaging wind. Very strong low-level wind shear ahead of the line allowed for the development of several areas of rotation along and within the leading edge of the thunderstorms. Several tornadoes formed from these low-level circulations, including a strong tornado that resulted in severe damage across portions of the City of Tulsa.","This tornado developed over a neighborhood east of S Harvard Avenue and south of E 36th Street S, where large tree limbs were snapped and homes were damaged. The tornado moved east-southeast crossing S Yale Avenue where numerous trees and power poles were snapped. Numerous businesses were damaged or destroyed between S Yale Avenue and S Sheridan Road along and within a few blocks of E 41st Street S. Some of the worst damage in the path was in this area. Some of the businesses in the area had the roofs blown off the structure and some had exterior walls blown down. Several vehicles were rolled in this area, and reportedly 30 people were injured there. Numerous other businesses sustained mainly roof, wall, and window damage between S Sheridan Road and Highway 169. Many power poles and trees were also blown down in this area. The tornado turned more easterly near Highway 169 and moved roughly along E 51st Street S, dissipating just before reaching N Aspen Avenue (S 145th East Avenue). Based on this damage, maximum estimated wind in the tornado was 120 to 130 mph.",CSV
201708,6,27,201708,6,30,119645,721016,OKLAHOMA,40,2017,August,Tornado,C,143,TULSA,TSA,06-AUG-17 00:27:00,CST-6,06-AUG-17 00:30:00,0,0,0,0,200.00K,0.00K,NWS Storm Survey,,,,,EF1,1.9,400.0,TSA,OK,145.0,WAGONER,2.0,SW,BROKEN ARROW COTTON,3.0,NNE,BROKEN ARROW,36.0919,-95.7936,36.0835,-95.7617,"A surface low pressure system was positioned over southwestern Kansas during the evening of the 5th, with a stationary frontal boundary extending southeast from the low into northeastern Oklahoma and northwestern Arkansas. Thunderstorms developed over northwestern Oklahoma and south central Kansas during the evening hours and moved east into northeastern Oklahoma during the late evening hours of the 5th and early morning hours of the 6th. The thunderstorms evolved into a nearly solid line by the time they reached northeastern Oklahoma and resulted in widespread damaging wind. Very strong low-level wind shear ahead of the line allowed for the development of several areas of rotation along and within the leading edge of the thunderstorms. Several tornadoes formed from these low-level circulations, including a strong tornado that resulted in severe damage across portions of the City of Tulsa.","This is the first segment of a two segment tornado. The tornado developed over a neighborhood along and north of E 51st Street S and west of S 177th East Avenue, where numerous homes received damage to their roofs and trees were damaged. The tornado moved east-southeast uprooting trees and snapping large tree limbs between Lynn Lane and County Line Road. Based on this damage, maximum estimated wind in this segment of the tornado was 90 to 100 mph. The tornado continued into Wagoner County.",CSV
201708,6,30,201708,6,31,119645,721017,OKLAHOMA,40,2017,August,Tornado,C,145,WAGONER,TSA,06-AUG-17 00:30:00,CST-6,06-AUG-17 00:31:00,0,0,0,0,20.00K,0.00K,NWS Storm Survey,,,,,EF1,1.0,400.0,,,,,3.0,NNE,BROKEN ARROW,3.0,NE,BROKEN ARROW,36.0835,-95.7617,36.0786,-95.7452,"A surface low pressure system was positioned over southwestern Kansas during the evening of the 5th, with a stationary frontal boundary extending southeast from the low into northeastern Oklahoma and northwestern Arkansas. Thunderstorms developed over northwestern Oklahoma and south central Kansas during the evening hours and moved east into northeastern Oklahoma during the late evening hours of the 5th and early morning hours of the 6th. The thunderstorms evolved into a nearly solid line by the time they reached northeastern Oklahoma and resulted in widespread damaging wind. Very strong low-level wind shear ahead of the line allowed for the development of several areas of rotation along and within the leading edge of the thunderstorms. Several tornadoes formed from these low-level circulations, including a strong tornado that resulted in severe damage across portions of the City of Tulsa.","This is the second segment of a two segment tornado. The tornado moved from Tulsa County into Wagoner County where it blew the roof off of an outbuilding. It continued moving east-southeast snapping large tree limbs and uprooting some trees. Based on this damage, maximum estimated wind in this segment of the tornado was 90 to 100 mph.",CSV
201708,6,32,201708,6,40,119645,721018,OKLAHOMA,40,2017,August,Tornado,C,131,ROGERS,TSA,06-AUG-17 00:32:00,CST-6,06-AUG-17 00:40:00,0,0,0,0,15.00K,0.00K,NWS Storm Survey,,,,,EF1,4.5,200.0,,,,,1.0,SE,OOLOGAH,2.0,SSW,TALALA,36.4443,-95.6908,36.5075,-95.6958,"A surface low pressure system was positioned over southwestern Kansas during the evening of the 5th, with a stationary frontal boundary extending southeast from the low into northeastern Oklahoma and northwestern Arkansas. Thunderstorms developed over northwestern Oklahoma and south central Kansas during the evening hours and moved east into northeastern Oklahoma during the late evening hours of the 5th and early morning hours of the 6th. The thunderstorms evolved into a nearly solid line by the time they reached northeastern Oklahoma and resulted in widespread damaging wind. Very strong low-level wind shear ahead of the line allowed for the development of several areas of rotation along and within the leading edge of the thunderstorms. Several tornadoes formed from these low-level circulations, including a strong tornado that resulted in severe damage across portions of the City of Tulsa.","This tornado developed east of Oologah where barns and trees were damaged. The tornado moved northward along the S 4110 Road where power poles were snapped, a home was damaged, and trees were blown down. The tornado turned more northwesterly after crossing the E 370 Road and dissipated south of the E 350 Road. Based on this damage, maximum estimated wind in the tornado was 90 to 100 mph.",CSV
201708,6,111,201708,6,112,119645,721019,OKLAHOMA,40,2017,August,Tornado,C,131,ROGERS,TSA,06-AUG-17 01:11:00,CST-6,06-AUG-17 01:12:00,0,0,0,0,5.00K,0.00K,NWS Storm Survey,,,,,EF1,0.5,400.0,TSA,OK,97.0,MAYES,4.0,ESE,BUSHYHEAD,4.0,ESE,BUSHYHEAD,36.4496,-95.4409,36.4548,-95.4356,"A surface low pressure system was positioned over southwestern Kansas during the evening of the 5th, with a stationary frontal boundary extending southeast from the low into northeastern Oklahoma and northwestern Arkansas. Thunderstorms developed over northwestern Oklahoma and south central Kansas during the evening hours and moved east into northeastern Oklahoma during the late evening hours of the 5th and early morning hours of the 6th. The thunderstorms evolved into a nearly solid line by the time they reached northeastern Oklahoma and resulted in widespread damaging wind. Very strong low-level wind shear ahead of the line allowed for the development of several areas of rotation along and within the leading edge of the thunderstorms. Several tornadoes formed from these low-level circulations, including a strong tornado that resulted in severe damage across portions of the City of Tulsa.","This is the first segment of a two segment tornado. The tornado developed just west of Highway 28 along and just south of the 390 Road to the south of Chelsea. The tornado uprooted trees and damaged the roof of an agricultural building. Based on this damage, maximum estimated wind in this segment of the tornado was 90 to 95 mph. The tornado continued into Mayes County.",CSV
201708,6,112,201708,6,113,119645,721020,OKLAHOMA,40,2017,August,Tornado,C,97,MAYES,TSA,06-AUG-17 01:12:00,CST-6,06-AUG-17 01:13:00,0,0,0,0,0.00K,0.00K,NWS Storm Survey,,,,,EF0,0.4,275.0,,,,,5.0,S,CHELSEA,5.0,S,CHELSEA,36.4548,-95.4356,36.4607,-95.4333,"A surface low pressure system was positioned over southwestern Kansas during the evening of the 5th, with a stationary frontal boundary extending southeast from the low into northeastern Oklahoma and northwestern Arkansas. Thunderstorms developed over northwestern Oklahoma and south central Kansas during the evening hours and moved east into northeastern Oklahoma during the late evening hours of the 5th and early morning hours of the 6th. The thunderstorms evolved into a nearly solid line by the time they reached northeastern Oklahoma and resulted in widespread damaging wind. Very strong low-level wind shear ahead of the line allowed for the development of several areas of rotation along and within the leading edge of the thunderstorms. Several tornadoes formed from these low-level circulations, including a strong tornado that resulted in severe damage across portions of the City of Tulsa.","This is the second segment of a two segment tornado. The tornado crossed into Mayes County snapping large tree limbs before dissipating. Based on this damage, maximum estimated wind in this segment of the tornado was 70 to 80 mph.",CSV
201710,21,1936,201710,21,1940,121162,725384,OKLAHOMA,40,2017,October,Tornado,C,87,MCCLAIN,OUN,21-OCT-17 19:36:00,CST-6,21-OCT-17 19:40:00,0,0,0,0,100.00K,0.00K,NWS Storm Survey,,,,,EF1,2.0,50.0,OUN,OK,27.0,CLEVELAND,3.0,NW,GOLDSBY,2.0,N,GOLDSBY,35.1832,-97.513,35.1818,-97.4784,"Storms formed along a cold front during the afternoon of the 21st, eventually forming a line. Through the evening storms swept eastward through Oklahoma and western north Texas. Significant hail, severe winds, and a few short-lived tornadoes as well as some minor flooding were reported with these storms.","This tornado developed just north of State Highway 9 and just west of Santa Fe Avenue where tree damage was noted. The tornado moved east damaging a business and destroying a shed along Highway 9.  The tornado turned southeast crossing Highway 9 and passed near the Riverwind Casino and Hotel along with strong winds on the south flank of the tornado. Trees were snapped just west of the casino. At the casino, two air conditioner units were displaced from their pedestal on the roof of the building, which allowed rain inside the structure. Some roof facade damage was also noted at the casino. Just south at the adjacent hotel, strong winds created some roof facade and siding damage (see adjacent Thunderstorm Wind Entry).||The tornado crossed Interstate 35 and damaged businesses and destroyed at least one shed between the interstate and the Canadian River before moving into inaccessible areas near the river and crossing into Cleveland County south of Norman.",CSV
201710,21,1940,201710,21,1942,121162,725385,OKLAHOMA,40,2017,October,Tornado,C,27,CLEVELAND,OUN,21-OCT-17 19:40:00,CST-6,21-OCT-17 19:42:00,0,0,0,0,2.00K,0.00K,NWS Storm Survey,,,,,EF0,1.4,20.0,,,,,3.0,SW,NORMAN,3.0,SSW,NORMAN,35.1818,-97.4784,35.1783,-97.4543,"Storms formed along a cold front during the afternoon of the 21st, eventually forming a line. Through the evening storms swept eastward through Oklahoma and western north Texas. Significant hail, severe winds, and a few short-lived tornadoes as well as some minor flooding were reported with these storms.",The tornado moved into Cleveland County in inaccessible areas along the Canadian River and generally remained south of the neighborhoods in south Norman south of Highway 9. Some tree and fence damage was observed at the southern end of South Canadian Trails which is where the tornado is believed to have dissipated.,CSV
201710,21,2052,201710,21,2055,121162,725386,OKLAHOMA,40,2017,October,Tornado,C,133,SEMINOLE,OUN,21-OCT-17 20:52:00,CST-6,21-OCT-17 20:55:00,0,0,0,0,50.00K,0.00K,NWS Storm Survey,,,,,EF1,2.0,150.0,,,,,1.0,NW,SEMINOLE,1.0,ESE,SEMINOLE,35.2392,-96.6933,35.2247,-96.6632,"Storms formed along a cold front during the afternoon of the 21st, eventually forming a line. Through the evening storms swept eastward through Oklahoma and western north Texas. Significant hail, severe winds, and a few short-lived tornadoes as well as some minor flooding were reported with these storms.","This tornado developed on the northwest side of Seminole near the U.S. Highway 270 and Reid Street, and move southeast through town dissipating near U.S. Highway 270 and 7th Street. Most of the damage was tree damage with many trees snapped or uprooted, especially in the Maple Grove Cemetery on the northwest side of town. However, a few homes and other buildings also received roof damage including one home where much of the roof was pulled off. One family was trapped in their storm cellar when a tree fell on the cellar door. Near downtown, a church received roof damage and portions of the roof were impaled in the siding of nearby businesses.",CSV
201710,21,1812,201710,21,1813,121162,725380,OKLAHOMA,40,2017,October,Tornado,C,15,CADDO,OUN,21-OCT-17 18:12:00,CST-6,21-OCT-17 18:13:00,0,0,0,0,5.00K,0.00K,NWS Storm Survey,,,,,EF1,0.5,50.0,,,,,3.0,WNW,CYRIL,3.0,NW,CYRIL,34.9248,-98.252,34.9306,-98.2465,"Storms formed along a cold front during the afternoon of the 21st, eventually forming a line. Through the evening storms swept eastward through Oklahoma and western north Texas. Significant hail, severe winds, and a few short-lived tornadoes as well as some minor flooding were reported with these storms.",This tornado snapped trees and produced roof damage to a home near the intersection of County Roads 2660 and 1440.,CSV
201710,21,1808,201710,21,1816,121162,725379,OKLAHOMA,40,2017,October,Tornado,C,15,CADDO,OUN,21-OCT-17 18:08:00,CST-6,21-OCT-17 18:16:00,0,0,0,0,3.00K,0.00K,NWS Storm Survey,,,,,EF1,4.8,200.0,,,,,4.0,W,CYRIL,2.0,N,CYRIL,34.8966,-98.2702,34.9331,-98.2016,"Storms formed along a cold front during the afternoon of the 21st, eventually forming a line. Through the evening storms swept eastward through Oklahoma and western north Texas. Significant hail, severe winds, and a few short-lived tornadoes as well as some minor flooding were reported with these storms.","The first of series of tornadoes in Caddo County was observed to develop just south of State Highway 19, 4 miles west of Cyril. Trees were damaged just south of Highway 19 as the tornado moved northeast, and trees were snapped after crossing County Road 2660. Storm chasers observed the tornado cross near or just north of the intersection of County Roads 1440 and 2680 moving ENE before dissipating just before crossing State Highway 8.",CSV
201710,21,1812,201710,21,1824,121162,725381,OKLAHOMA,40,2017,October,Tornado,C,15,CADDO,OUN,21-OCT-17 18:12:00,CST-6,21-OCT-17 18:24:00,0,0,0,0,15.00K,0.00K,NWS Storm Survey,,,,,EF1,6.2,400.0,,,,,4.0,NW,CYRIL,4.0,NNW,CEMENT,34.9405,-98.2503,34.99,-98.1621,"Storms formed along a cold front during the afternoon of the 21st, eventually forming a line. Through the evening storms swept eastward through Oklahoma and western north Texas. Significant hail, severe winds, and a few short-lived tornadoes as well as some minor flooding were reported with these storms.",This tornado took a 6 mile path through Caddo County northwest of Cyril and Cement. Damage was confined to snapped or uprooted trees along the path.,CSV
201710,21,1816,201710,21,1821,121162,725382,OKLAHOMA,40,2017,October,Tornado,C,15,CADDO,OUN,21-OCT-17 18:16:00,CST-6,21-OCT-17 18:21:00,0,0,0,0,10.00K,0.00K,NWS Storm Survey,,,,,EF1,3.1,150.0,,,,,4.0,E,STECKER,5.0,NW,CEMENT,34.9575,-98.2535,34.9835,-98.2154,"Storms formed along a cold front during the afternoon of the 21st, eventually forming a line. Through the evening storms swept eastward through Oklahoma and western north Texas. Significant hail, severe winds, and a few short-lived tornadoes as well as some minor flooding were reported with these storms.","This tornado developed just west of County Road 2660 near County Road 1420 and moved northeast. Barns were significantly damaged along County Road 2660 and another along State Highway 8. Trees were snapped along the entire path. The tornado moved northeast to near County Road 1400 east of State Highway 8, and then turned east-southeast and dissipated soon after snapping more trees along County Road 2680.",CSV
201710,21,1823,201710,21,1828,121162,725383,OKLAHOMA,40,2017,October,Tornado,C,15,CADDO,OUN,21-OCT-17 18:23:00,CST-6,21-OCT-17 18:28:00,0,0,0,0,3.00K,0.00K,NWS Storm Survey,,,,,EF1,3.3,100.0,,,,,2.0,NNW,CEMENT,4.0,NE,CEMENT,34.9673,-98.1469,34.9862,-98.0948,"Storms formed along a cold front during the afternoon of the 21st, eventually forming a line. Through the evening storms swept eastward through Oklahoma and western north Texas. Significant hail, severe winds, and a few short-lived tornadoes as well as some minor flooding were reported with these storms.","Trees were snapped near the intersection of County Roads 1410 and 2720, and again along County Road 1400 just a few hundred yards west of the Caddo-Grady County line. No damage was noted along or east of the county line in Grady County.",CSV
201705,18,1533,201705,18,1533,115200,702473,OKLAHOMA,40,2017,May,Tornado,C,11,BLAINE,OUN,18-MAY-17 15:33:00,CST-6,18-MAY-17 15:33:00,0,0,0,0,5.00K,0.00K,Emergency Manager,,,,,EF0,0.2,50.0,,,,,17.0,SW,GREENFIELD,17.0,SW,GREENFIELD,35.58,-98.626,35.58,-98.626,A line of storms fired along and just ahead of a dryline and cold front on the afternoon of the 18th and continued eastward across the state overnight into the 19th.,A tornado damaged an outbuilding and the roof of a house just east of the Blaine-Custer County line.,CSV
201705,18,1549,201705,18,1600,115200,702799,OKLAHOMA,40,2017,May,Tornado,C,93,MAJOR,OUN,18-MAY-17 15:49:00,CST-6,18-MAY-17 16:00:00,0,0,0,0,2.00K,0.00K,Emergency Manager,,,,,EF1,5.0,200.0,OUN,OK,151.0,WOODS,2.0,WNW,BOUSE JUNCTION,6.0,NNW,BOUSE JUNCTION,36.435,-98.928,36.507,-98.926,A line of storms fired along and just ahead of a dryline and cold front on the afternoon of the 18th and continued eastward across the state overnight into the 19th.,"A highly visible tornado touched down to the west-northwest of Bouse Junction and moved north-northeast, then north-northwest across northwestern Major County. The tornado damaged the roof of a barn, but otherwise moved through rural areas. The tornado moved into Woods County to the southwest of Waynoka. ||Bouse Junction is the intersection of U.S. Highway 412 and U.S. Highway 281.",CSV
201705,18,1605,201705,18,1608,115200,702810,OKLAHOMA,40,2017,May,Tornado,C,17,CANADIAN,OUN,18-MAY-17 16:05:00,CST-6,18-MAY-17 16:08:00,0,0,0,0,10.00K,0.00K,Trained Spotter,,,,,EF0,2.3,50.0,OUN,OK,11.0,BLAINE,13.0,WNW,CALUMET,13.0,NW,CALUMET,35.6965,-98.3128,35.725,-98.292,A line of storms fired along and just ahead of a dryline and cold front on the afternoon of the 18th and continued eastward across the state overnight into the 19th.,"A tornado touched down in the northwest corner of Canadian County, about 4.2 miles southeast of Greenfield. There was shingle and siding damage to a house, tin was blown off a barn and a power pole was broken near the beginning of the path just east of the Blaine-Canadian County line. Farther northeast, the damage path could be observed in a wheat field, a barn was damaged and an adjacent house had some roof damage. A center pivot irrigation system was overturned just before the tornado moved into Blaine County.",CSV
201705,18,1608,201705,18,1610,115200,702813,OKLAHOMA,40,2017,May,Tornado,C,11,BLAINE,OUN,18-MAY-17 16:08:00,CST-6,18-MAY-17 16:10:00,0,0,0,0,2.00K,0.00K,Trained Spotter,,,,,EF0,1.12,50.0,,,,,5.0,E,GREENFIELD,6.0,E,GREENFIELD,35.725,-98.292,35.739,-98.282,A line of storms fired along and just ahead of a dryline and cold front on the afternoon of the 18th and continued eastward across the state overnight into the 19th.,This tornado moved into Blaine County from northwestern Canadian County just west of the graveside of Jesse Chisholm and moved northeast. A small barn was damaged near the end of the tornado path.,CSV
201705,18,1800,201705,18,1800,115200,702486,OKLAHOMA,40,2017,May,Tornado,C,137,STEPHENS,OUN,18-MAY-17 18:00:00,CST-6,18-MAY-17 18:00:00,0,0,0,0,2.00K,0.00K,Emergency Manager,,,,,EF0,0.2,50.0,,,,,3.0,N,EMPIRE CITY,3.0,N,EMPIRE CITY,34.4619,-98.0483,34.4619,-98.0483,A line of storms fired along and just ahead of a dryline and cold front on the afternoon of the 18th and continued eastward across the state overnight into the 19th.,A brief tornado damaged an outbuilding and trees southwest of Duncan.,CSV
201705,18,2013,201705,18,2014,115200,706235,OKLAHOMA,40,2017,May,Tornado,C,123,PONTOTOC,OUN,18-MAY-17 20:13:00,CST-6,18-MAY-17 20:14:00,0,0,0,0,5.00K,0.00K,Emergency Manager,,,,,EF0,0.6,75.0,,,,,0.0,W,STONEWALL,1.0,ENE,STONEWALL,34.65,-96.5306,34.6532,-96.5214,A line of storms fired along and just ahead of a dryline and cold front on the afternoon of the 18th and continued eastward across the state overnight into the 19th.,"A weak tornado moved through Stonewall, causing damage to roofs and damaging or destroying a number of trees.",CSV
201705,10,1905,201705,10,1905,115196,700758,OKLAHOMA,40,2017,May,Tornado,C,141,TILLMAN,OUN,10-MAY-17 19:05:00,CST-6,10-MAY-17 19:05:00,0,0,0,0,0.00K,0.00K,Storm Chaser,,,,,EF0,0.3,30.0,,,,,6.0,SSE,FREDERICK ARPT,6.0,SSE,FREDERICK ARPT,34.27,-98.94,34.27,-98.94,"With outflow boundaries floating around the state and a large upper low moving into the region, scattered storms formed across Oklahoma and western north Texas on the evening of the 10th.",Storm chasers observed a brief tornado about 7 miles east-northeast of Davidson. No damage was reported and the location was estimated.,CSV
201705,16,1746,201705,16,1812,115199,702632,OKLAHOMA,40,2017,May,Tornado,C,9,BECKHAM,OUN,16-MAY-17 17:46:00,CST-6,16-MAY-17 18:12:00,10,0,1,0,25.00M,0.00K,NWS Storm Survey,,,,,EF2,15.0,1000.0,OUN,OK,149.0,WASHITA,3.0,WNW,CARTER,4.0,ESE,ELK CITY,35.2402,-99.555,35.3816,-99.3644,"Storms formed along the dryline in the Texas panhandle on the afternoon of the 16th before moving eastward. As a cold front caught up to the storms, convection increased and storms began to form into a line. This line continued eastward across the state overnight into the 17th.","The Elk City tornado initially developed near the North Fork of the Red River about 3 miles northwest of Carter. Damage was primarily to trees and power poles for the first few miles as it moved northeast approaching State Highway 34.||One fatality occurred on State Highway 34 (Merritt Road) south of State Highway 152 when his vehicle was impacted by the tornado. According to law enforcement, the victim had been in a mobile home, then left in his vehicle to try and find more substantial shelter. He had returned to his mobile home and it's believed he was still in the vehicle when the tornado hit.||Moving northeast, permanent homes and mobile homes were damaged, and damage continued to power poles and trees. About two miles southwest of Elk City Reservoir, damage intensity with persistent EF-2 damage into Elk City as the tornado continued northeast over Elk City Reservoir and through a neighborhood on south side of Elk City just west of State Highway 6. Numerous homes were damaged and mobile homes damaged or destroyed from southwest of Elk City Reservoir through the south side of Elk City. The tornado continued moving east-northeast out of Elk City and moved into Washita County. ||Damage assessments found 66 homes destroyed (62 in Elk City) and 140 homes damaged (126 in Elk City). In addition, 3 businesses were destroyed and 5 businesses were damaged by the tornado. Damage costs are a rough estimate.",CSV
201705,19,1831,201705,19,1833,115202,702497,OKLAHOMA,40,2017,May,Tornado,C,19,CARTER,OUN,19-MAY-17 18:31:00,CST-6,19-MAY-17 18:33:00,0,0,0,0,0.00K,0.00K,Storm Chaser,,,,,EFU,0.2,50.0,,,,,3.0,NNW,SPRINGER,3.0,NNW,SPRINGER,34.3501,-97.1601,34.3501,-97.1601,A line of storms fired along and just ahead of a cold front on the afternoon of the 19th and continued eastward across the state overnight into the 20th.,This was the third of four tornadoes observed near Springer. No damage was reported and the location was estimated.,CSV
201705,16,1718,201705,16,1730,115199,702625,OKLAHOMA,40,2017,May,Tornado,C,129,ROGER MILLS,OUN,16-MAY-17 17:18:00,CST-6,16-MAY-17 17:30:00,0,0,0,0,40.00K,0.00K,Emergency Manager,,,,,EF2,10.25,150.0,,,,,6.0,S,REYDON,6.0,WNW,CHEYENNE,35.564,-99.917,35.646,-99.766,"Storms formed along the dryline in the Texas panhandle on the afternoon of the 16th before moving eastward. As a cold front caught up to the storms, convection increased and storms began to form into a line. This line continued eastward across the state overnight into the 17th.","Firefighters observed a tornado develop about 6 miles south of Reydon at 6:18 pm CDT. Power poles were snapped along SH-30. The roof of a barn was removed and additional power poles were snapped as the tornado moved northeast between SH-30 and SH-47. Numerous power poles were snapped near SH-47. The tornado moved northeast, then east-northeast snapping additional power poles, uprooting trees, took the roof off a ranch hotel, and turned over a 16-foot grain feeder that was full of grain. Damage costs are a rough estimate.",CSV
201705,16,1745,201705,16,1746,115199,702626,OKLAHOMA,40,2017,May,Tornado,C,129,ROGER MILLS,OUN,16-MAY-17 17:45:00,CST-6,16-MAY-17 17:46:00,0,0,0,0,1.00K,0.00K,Emergency Manager,,,,,EF1,0.75,50.0,,,,,2.0,SSE,ROLL,2.0,SSE,ROLL,35.75,-99.69,35.75,-99.69,"Storms formed along the dryline in the Texas panhandle on the afternoon of the 16th before moving eastward. As a cold front caught up to the storms, convection increased and storms began to form into a line. This line continued eastward across the state overnight into the 17th.",A tornado damaged the water tank off a well site and blew over a cottonwood tree between Roll and Strong City.,CSV
201705,16,1812,201705,16,1818,115199,702633,OKLAHOMA,40,2017,May,Tornado,C,149,WASHITA,OUN,16-MAY-17 18:12:00,CST-6,16-MAY-17 18:18:00,0,0,0,0,20.00K,0.00K,NWS Storm Survey,,,,,EF2,3.0,400.0,,,,,5.0,WSW,CANUTE,3.0,WSW,CANUTE,35.3816,-99.3644,35.409,-99.329,"Storms formed along the dryline in the Texas panhandle on the afternoon of the 16th before moving eastward. As a cold front caught up to the storms, convection increased and storms began to form into a line. This line continued eastward across the state overnight into the 17th.","The Elk City tornado moved into Washita County and moved northeast about 3 miles before dissipating. Three outbuildings were damaged or destroyed and one house received minor damage. Otherwise, damage was primarily to trees and power lines in Washita County. Damage costs were roughly estimated.",CSV
201705,18,1311,201705,18,1316,115200,700773,OKLAHOMA,40,2017,May,Tornado,C,65,JACKSON,OUN,18-MAY-17 13:11:00,CST-6,18-MAY-17 13:16:00,0,0,0,0,5.00K,0.00K,Emergency Manager,,,,,EF0,1.2,75.0,,,,,2.0,N,DUKE,3.0,NNE,DUKE,34.695,-99.575,34.704,-99.559,A line of storms fired along and just ahead of a dryline and cold front on the afternoon of the 18th and continued eastward across the state overnight into the 19th.,"Emergency management officials, spotters and media reported a tornado north of Duke. One home sustained light damage.",CSV
201705,18,1523,201705,18,1531,115200,700780,OKLAHOMA,40,2017,May,Tornado,C,153,WOODWARD,OUN,18-MAY-17 15:23:00,CST-6,18-MAY-17 15:31:00,0,0,0,0,10.00K,0.00K,Emergency Manager,,,,,EF0,6.0,200.0,OUN,OK,93.0,MAJOR,11.0,E,MUTUAL,11.0,SSE,QUINLAN,36.226,-98.974,36.312,-98.961,A line of storms fired along and just ahead of a dryline and cold front on the afternoon of the 18th and continued eastward across the state overnight into the 19th.,A highly-visible multiple vortex tornado began in Woodward County and moved north-northeast. Two homes received roof and siding damage near county road NS227 and tree damage was observed a few locations along the path. The tornado moved into Woodward County south of county road EW048.,CSV
