,Model,Parameters,validation_Threshold,validation_avg_precision,validation_F2,validation_Recall,validation_Precision,validation_roc_auc,validation_brier_score
0,TC_DT_HR_RF_SMOTE,"{'cv': YearlyTemporalWindowSplit(end_year=2017, start_year=2001, val_window_size=2), 'ensemble': 'auto', 'estimator__memory': None, 'estimator__steps': [('DT', DewTempSpread(new_col='TMP-DEW')), ('TC', DatetimeSinCosConverter()), ('HR', HourlyRates(columns=['DEW_dew_point', 'TMP_air_temperature',
                     'SLP_sea_level_pressure'],
            max_gap_hours=2, min_gap_hours=1)), ('preprocessor', ColumnTransformer(transformers=[('feat_engin_temp_dew',
                                 Pipeline(steps=[('imputer',
                                                  SimpleImputer(strategy='median')),
                                                 ('scale', StandardScaler())]),
                                 ['TMP-DEW']),
                                ('feat_engin_rolling_average',
                                 Pipeline(steps=[('imputer',
                                                  SimpleImputer(strategy='median')),
                                                 ('scale', StandardScaler())]),
                                 ['PER_HOUR_DEW_dew_point',
                                  'PER_HOUR_TMP_air_temperature',
                                  'PER_HOUR_SLP_s...
                                                                      func=<function encode_binary at 0x195f4bd80>))]),
                                 ['CIG_cavok_code', 'VIS_variability_code']),
                                ('nominal_pipeline',
                                 Pipeline(steps=[('nominal',
                                                  OneHotEncoder(drop='first',
                                                                handle_unknown='ignore',
                                                                sparse_output=False))]),
                                 ['WND_type_code']),
                                ('passthrough_features', 'passthrough',
                                 ['WND_direction_angle_variable_wind_direction_flag']),
                                ('drop_features', 'drop', ['DATE'])],
                  verbose_feature_names_out=False)), ('smote', SMOTE(random_state=42, sampling_strategy=0.3)), ('classifier', RandomForestClassifier(max_depth=10, min_samples_leaf=20, min_samples_split=50,
                       n_jobs=-1, random_state=42))], 'estimator__transform_input': None, 'estimator__verbose': False, 'estimator__DT': DewTempSpread(new_col='TMP-DEW'), 'estimator__TC': DatetimeSinCosConverter(), 'estimator__HR': HourlyRates(columns=['DEW_dew_point', 'TMP_air_temperature',
                     'SLP_sea_level_pressure'],
            max_gap_hours=2, min_gap_hours=1), 'estimator__preprocessor': ColumnTransformer(transformers=[('feat_engin_temp_dew',
                                 Pipeline(steps=[('imputer',
                                                  SimpleImputer(strategy='median')),
                                                 ('scale', StandardScaler())]),
                                 ['TMP-DEW']),
                                ('feat_engin_rolling_average',
                                 Pipeline(steps=[('imputer',
                                                  SimpleImputer(strategy='median')),
                                                 ('scale', StandardScaler())]),
                                 ['PER_HOUR_DEW_dew_point',
                                  'PER_HOUR_TMP_air_temperature',
                                  'PER_HOUR_SLP_s...
                                                                      func=<function encode_binary at 0x195f4bd80>))]),
                                 ['CIG_cavok_code', 'VIS_variability_code']),
                                ('nominal_pipeline',
                                 Pipeline(steps=[('nominal',
                                                  OneHotEncoder(drop='first',
                                                                handle_unknown='ignore',
                                                                sparse_output=False))]),
                                 ['WND_type_code']),
                                ('passthrough_features', 'passthrough',
                                 ['WND_direction_angle_variable_wind_direction_flag']),
                                ('drop_features', 'drop', ['DATE'])],
                  verbose_feature_names_out=False), 'estimator__smote': SMOTE(random_state=42, sampling_strategy=0.3), 'estimator__classifier': RandomForestClassifier(max_depth=10, min_samples_leaf=20, min_samples_split=50,
                       n_jobs=-1, random_state=42), 'estimator__DT__new_col': 'TMP-DEW', 'estimator__TC__column': 'DATE', 'estimator__TC__dayofyear': True, 'estimator__TC__hourofday': True, 'estimator__TC__monthofyear': True, 'estimator__HR__columns': ['DEW_dew_point', 'TMP_air_temperature', 'SLP_sea_level_pressure'], 'estimator__HR__id_col': 'STATION', 'estimator__HR__max_gap_hours': 2, 'estimator__HR__min_gap_hours': 1, 'estimator__HR__time_col': 'DATE', 'estimator__preprocessor__force_int_remainder_cols': 'deprecated', 'estimator__preprocessor__n_jobs': None, 'estimator__preprocessor__remainder': 'drop', 'estimator__preprocessor__sparse_threshold': 0.3, 'estimator__preprocessor__transformer_weights': None, 'estimator__preprocessor__transformers': [('feat_engin_temp_dew', Pipeline(steps=[('imputer', SimpleImputer(strategy='median')),
                ('scale', StandardScaler())]), ['TMP-DEW']), ('feat_engin_rolling_average', Pipeline(steps=[('imputer', SimpleImputer(strategy='median')),
                ('scale', StandardScaler())]), ['PER_HOUR_DEW_dew_point', 'PER_HOUR_TMP_air_temperature', 'PER_HOUR_SLP_sea_level_pressure']), ('feat_engin_time_features', Pipeline(steps=[('imputer', SimpleImputer(strategy='median')),
                ('scale', StandardScaler())]), ['sin_monthofyear', 'cos_monthofyear', 'sin_hourofday', 'cos_hourofday']), ('numeric_feature_pipeline', Pipeline(steps=[('imputer', SimpleImputer(strategy='median')),
                ('scale', StandardScaler())]), ['WND_direction_angle', 'WND_speed_rate', 'CIG_ceiling_height', 'VIS_distance', 'TMP_air_temperature', 'DEW_dew_point', 'SLP_sea_level_pressure']), ('binary_pipeline', Pipeline(steps=[('binary',
                 FunctionTransformer(feature_names_out='one-to-one',
                                     func=<function encode_binary at 0x195f4bd80>))]), ['CIG_cavok_code', 'VIS_variability_code']), ('nominal_pipeline', Pipeline(steps=[('nominal',
                 OneHotEncoder(drop='first', handle_unknown='ignore',
                               sparse_output=False))]), ['WND_type_code']), ('passthrough_features', 'passthrough', ['WND_direction_angle_variable_wind_direction_flag']), ('drop_features', 'drop', ['DATE'])], 'estimator__preprocessor__verbose': False, 'estimator__preprocessor__verbose_feature_names_out': False, 'estimator__preprocessor__feat_engin_temp_dew': Pipeline(steps=[('imputer', SimpleImputer(strategy='median')),
                ('scale', StandardScaler())]), 'estimator__preprocessor__feat_engin_rolling_average': Pipeline(steps=[('imputer', SimpleImputer(strategy='median')),
                ('scale', StandardScaler())]), 'estimator__preprocessor__feat_engin_time_features': Pipeline(steps=[('imputer', SimpleImputer(strategy='median')),
                ('scale', StandardScaler())]), 'estimator__preprocessor__numeric_feature_pipeline': Pipeline(steps=[('imputer', SimpleImputer(strategy='median')),
                ('scale', StandardScaler())]), 'estimator__preprocessor__binary_pipeline': Pipeline(steps=[('binary',
                 FunctionTransformer(feature_names_out='one-to-one',
                                     func=<function encode_binary at 0x195f4bd80>))]), 'estimator__preprocessor__nominal_pipeline': Pipeline(steps=[('nominal',
                 OneHotEncoder(drop='first', handle_unknown='ignore',
                               sparse_output=False))]), 'estimator__preprocessor__passthrough_features': 'passthrough', 'estimator__preprocessor__drop_features': 'drop', 'estimator__preprocessor__feat_engin_temp_dew__memory': None, 'estimator__preprocessor__feat_engin_temp_dew__steps': [('imputer', SimpleImputer(strategy='median')), ('scale', StandardScaler())], 'estimator__preprocessor__feat_engin_temp_dew__transform_input': None, 'estimator__preprocessor__feat_engin_temp_dew__verbose': False, 'estimator__preprocessor__feat_engin_temp_dew__imputer': SimpleImputer(strategy='median'), 'estimator__preprocessor__feat_engin_temp_dew__scale': StandardScaler(), 'estimator__preprocessor__feat_engin_temp_dew__imputer__add_indicator': False, 'estimator__preprocessor__feat_engin_temp_dew__imputer__copy': True, 'estimator__preprocessor__feat_engin_temp_dew__imputer__fill_value': None, 'estimator__preprocessor__feat_engin_temp_dew__imputer__keep_empty_features': False, 'estimator__preprocessor__feat_engin_temp_dew__imputer__missing_values': nan, 'estimator__preprocessor__feat_engin_temp_dew__imputer__strategy': 'median', 'estimator__preprocessor__feat_engin_temp_dew__scale__copy': True, 'estimator__preprocessor__feat_engin_temp_dew__scale__with_mean': True, 'estimator__preprocessor__feat_engin_temp_dew__scale__with_std': True, 'estimator__preprocessor__feat_engin_rolling_average__memory': None, 'estimator__preprocessor__feat_engin_rolling_average__steps': [('imputer', SimpleImputer(strategy='median')), ('scale', StandardScaler())], 'estimator__preprocessor__feat_engin_rolling_average__transform_input': None, 'estimator__preprocessor__feat_engin_rolling_average__verbose': False, 'estimator__preprocessor__feat_engin_rolling_average__imputer': SimpleImputer(strategy='median'), 'estimator__preprocessor__feat_engin_rolling_average__scale': StandardScaler(), 'estimator__preprocessor__feat_engin_rolling_average__imputer__add_indicator': False, 'estimator__preprocessor__feat_engin_rolling_average__imputer__copy': True, 'estimator__preprocessor__feat_engin_rolling_average__imputer__fill_value': None, 'estimator__preprocessor__feat_engin_rolling_average__imputer__keep_empty_features': False, 'estimator__preprocessor__feat_engin_rolling_average__imputer__missing_values': nan, 'estimator__preprocessor__feat_engin_rolling_average__imputer__strategy': 'median', 'estimator__preprocessor__feat_engin_rolling_average__scale__copy': True, 'estimator__preprocessor__feat_engin_rolling_average__scale__with_mean': True, 'estimator__preprocessor__feat_engin_rolling_average__scale__with_std': True, 'estimator__preprocessor__feat_engin_time_features__memory': None, 'estimator__preprocessor__feat_engin_time_features__steps': [('imputer', SimpleImputer(strategy='median')), ('scale', StandardScaler())], 'estimator__preprocessor__feat_engin_time_features__transform_input': None, 'estimator__preprocessor__feat_engin_time_features__verbose': False, 'estimator__preprocessor__feat_engin_time_features__imputer': SimpleImputer(strategy='median'), 'estimator__preprocessor__feat_engin_time_features__scale': StandardScaler(), 'estimator__preprocessor__feat_engin_time_features__imputer__add_indicator': False, 'estimator__preprocessor__feat_engin_time_features__imputer__copy': True, 'estimator__preprocessor__feat_engin_time_features__imputer__fill_value': None, 'estimator__preprocessor__feat_engin_time_features__imputer__keep_empty_features': False, 'estimator__preprocessor__feat_engin_time_features__imputer__missing_values': nan, 'estimator__preprocessor__feat_engin_time_features__imputer__strategy': 'median', 'estimator__preprocessor__feat_engin_time_features__scale__copy': True, 'estimator__preprocessor__feat_engin_time_features__scale__with_mean': True, 'estimator__preprocessor__feat_engin_time_features__scale__with_std': True, 'estimator__preprocessor__numeric_feature_pipeline__memory': None, 'estimator__preprocessor__numeric_feature_pipeline__steps': [('imputer', SimpleImputer(strategy='median')), ('scale', StandardScaler())], 'estimator__preprocessor__numeric_feature_pipeline__transform_input': None, 'estimator__preprocessor__numeric_feature_pipeline__verbose': False, 'estimator__preprocessor__numeric_feature_pipeline__imputer': SimpleImputer(strategy='median'), 'estimator__preprocessor__numeric_feature_pipeline__scale': StandardScaler(), 'estimator__preprocessor__numeric_feature_pipeline__imputer__add_indicator': False, 'estimator__preprocessor__numeric_feature_pipeline__imputer__copy': True, 'estimator__preprocessor__numeric_feature_pipeline__imputer__fill_value': None, 'estimator__preprocessor__numeric_feature_pipeline__imputer__keep_empty_features': False, 'estimator__preprocessor__numeric_feature_pipeline__imputer__missing_values': nan, 'estimator__preprocessor__numeric_feature_pipeline__imputer__strategy': 'median', 'estimator__preprocessor__numeric_feature_pipeline__scale__copy': True, 'estimator__preprocessor__numeric_feature_pipeline__scale__with_mean': True, 'estimator__preprocessor__numeric_feature_pipeline__scale__with_std': True, 'estimator__preprocessor__binary_pipeline__memory': None, 'estimator__preprocessor__binary_pipeline__steps': [('binary', FunctionTransformer(feature_names_out='one-to-one',
                    func=<function encode_binary at 0x195f4bd80>))], 'estimator__preprocessor__binary_pipeline__transform_input': None, 'estimator__preprocessor__binary_pipeline__verbose': False, 'estimator__preprocessor__binary_pipeline__binary': FunctionTransformer(feature_names_out='one-to-one',
                    func=<function encode_binary at 0x195f4bd80>), 'estimator__preprocessor__binary_pipeline__binary__accept_sparse': False, 'estimator__preprocessor__binary_pipeline__binary__check_inverse': True, 'estimator__preprocessor__binary_pipeline__binary__feature_names_out': 'one-to-one', 'estimator__preprocessor__binary_pipeline__binary__func': <function encode_binary at 0x195f4bd80>, 'estimator__preprocessor__binary_pipeline__binary__inv_kw_args': None, 'estimator__preprocessor__binary_pipeline__binary__inverse_func': None, 'estimator__preprocessor__binary_pipeline__binary__kw_args': None, 'estimator__preprocessor__binary_pipeline__binary__validate': False, 'estimator__preprocessor__nominal_pipeline__memory': None, 'estimator__preprocessor__nominal_pipeline__steps': [('nominal', OneHotEncoder(drop='first', handle_unknown='ignore', sparse_output=False))], 'estimator__preprocessor__nominal_pipeline__transform_input': None, 'estimator__preprocessor__nominal_pipeline__verbose': False, 'estimator__preprocessor__nominal_pipeline__nominal': OneHotEncoder(drop='first', handle_unknown='ignore', sparse_output=False), 'estimator__preprocessor__nominal_pipeline__nominal__categories': 'auto', 'estimator__preprocessor__nominal_pipeline__nominal__drop': 'first', 'estimator__preprocessor__nominal_pipeline__nominal__dtype': <class 'numpy.float64'>, 'estimator__preprocessor__nominal_pipeline__nominal__feature_name_combiner': 'concat', 'estimator__preprocessor__nominal_pipeline__nominal__handle_unknown': 'ignore', 'estimator__preprocessor__nominal_pipeline__nominal__max_categories': None, 'estimator__preprocessor__nominal_pipeline__nominal__min_frequency': None, 'estimator__preprocessor__nominal_pipeline__nominal__sparse_output': False, 'estimator__smote__k_neighbors': 5, 'estimator__smote__random_state': 42, 'estimator__smote__sampling_strategy': 0.3, 'estimator__classifier__bootstrap': True, 'estimator__classifier__ccp_alpha': 0.0, 'estimator__classifier__class_weight': None, 'estimator__classifier__criterion': 'gini', 'estimator__classifier__max_depth': 10, 'estimator__classifier__max_features': 'sqrt', 'estimator__classifier__max_leaf_nodes': None, 'estimator__classifier__max_samples': None, 'estimator__classifier__min_impurity_decrease': 0.0, 'estimator__classifier__min_samples_leaf': 20, 'estimator__classifier__min_samples_split': 50, 'estimator__classifier__min_weight_fraction_leaf': 0.0, 'estimator__classifier__monotonic_cst': None, 'estimator__classifier__n_estimators': 100, 'estimator__classifier__n_jobs': -1, 'estimator__classifier__oob_score': False, 'estimator__classifier__random_state': 42, 'estimator__classifier__verbose': 0, 'estimator__classifier__warm_start': False, 'estimator': Pipeline(steps=[('DT', DewTempSpread(new_col='TMP-DEW')),
                ('TC', DatetimeSinCosConverter()),
                ('HR',
                 HourlyRates(columns=['DEW_dew_point', 'TMP_air_temperature',
                                      'SLP_sea_level_pressure'],
                             max_gap_hours=2, min_gap_hours=1)),
                ('preprocessor',
                 ColumnTransformer(transformers=[('feat_engin_temp_dew',
                                                  Pipeline(steps=[('imputer',
                                                                   SimpleImputer(strategy='median')),
                                                                  ('sc...
                                                  ['WND_type_code']),
                                                 ('passthrough_features',
                                                  'passthrough',
                                                  ['WND_direction_angle_variable_wind_direction_flag']),
                                                 ('drop_features', 'drop',
                                                  ['DATE'])],
                                   verbose_feature_names_out=False)),
                ('smote', SMOTE(random_state=42, sampling_strategy=0.3)),
                ('classifier',
                 RandomForestClassifier(max_depth=10, min_samples_leaf=20,
                                        min_samples_split=50, n_jobs=-1,
                                        random_state=42))]), 'method': 'isotonic', 'n_jobs': None}",0.050495223556732145,0.061898850362838154,0.08960573476702509,0.08547008547008547,0.1111111111111111,0.921103284226977,0.002123230421663387
1,TC_DT_RF_SMOTE,"{'cv': YearlyTemporalWindowSplit(end_year=2017, start_year=2001, val_window_size=2), 'ensemble': 'auto', 'estimator__memory': None, 'estimator__steps': [('DT', DewTempSpread(new_col='TMP-DEW')), ('TC', DatetimeSinCosConverter()), ('preprocessor', ColumnTransformer(transformers=[('feat_engin_temp_dew',
                                 Pipeline(steps=[('imputer',
                                                  SimpleImputer(strategy='median')),
                                                 ('scale', StandardScaler())]),
                                 ['TMP-DEW']),
                                ('feat_engin_time_features',
                                 Pipeline(steps=[('imputer',
                                                  SimpleImputer(strategy='median')),
                                                 ('scale', StandardScaler())]),
                                 ['sin_monthofyear', 'cos_monthofyear',
                                  'sin_hourofday', 'cos_hourofday']),
                                ('n...
                                                                      func=<function encode_binary at 0x195f4bd80>))]),
                                 ['CIG_cavok_code', 'VIS_variability_code']),
                                ('nominal_pipeline',
                                 Pipeline(steps=[('nominal',
                                                  OneHotEncoder(drop='first',
                                                                handle_unknown='ignore',
                                                                sparse_output=False))]),
                                 ['WND_type_code']),
                                ('passthrough_features', 'passthrough',
                                 ['WND_direction_angle_variable_wind_direction_flag']),
                                ('drop_features', 'drop', ['DATE'])],
                  verbose_feature_names_out=False)), ('smote', SMOTE(random_state=42, sampling_strategy=0.3)), ('classifier', RandomForestClassifier(max_depth=10, min_samples_leaf=20, min_samples_split=50,
                       n_jobs=-1, random_state=42))], 'estimator__transform_input': None, 'estimator__verbose': False, 'estimator__DT': DewTempSpread(new_col='TMP-DEW'), 'estimator__TC': DatetimeSinCosConverter(), 'estimator__preprocessor': ColumnTransformer(transformers=[('feat_engin_temp_dew',
                                 Pipeline(steps=[('imputer',
                                                  SimpleImputer(strategy='median')),
                                                 ('scale', StandardScaler())]),
                                 ['TMP-DEW']),
                                ('feat_engin_time_features',
                                 Pipeline(steps=[('imputer',
                                                  SimpleImputer(strategy='median')),
                                                 ('scale', StandardScaler())]),
                                 ['sin_monthofyear', 'cos_monthofyear',
                                  'sin_hourofday', 'cos_hourofday']),
                                ('n...
                                                                      func=<function encode_binary at 0x195f4bd80>))]),
                                 ['CIG_cavok_code', 'VIS_variability_code']),
                                ('nominal_pipeline',
                                 Pipeline(steps=[('nominal',
                                                  OneHotEncoder(drop='first',
                                                                handle_unknown='ignore',
                                                                sparse_output=False))]),
                                 ['WND_type_code']),
                                ('passthrough_features', 'passthrough',
                                 ['WND_direction_angle_variable_wind_direction_flag']),
                                ('drop_features', 'drop', ['DATE'])],
                  verbose_feature_names_out=False), 'estimator__smote': SMOTE(random_state=42, sampling_strategy=0.3), 'estimator__classifier': RandomForestClassifier(max_depth=10, min_samples_leaf=20, min_samples_split=50,
                       n_jobs=-1, random_state=42), 'estimator__DT__new_col': 'TMP-DEW', 'estimator__TC__column': 'DATE', 'estimator__TC__dayofyear': True, 'estimator__TC__hourofday': True, 'estimator__TC__monthofyear': True, 'estimator__preprocessor__force_int_remainder_cols': 'deprecated', 'estimator__preprocessor__n_jobs': None, 'estimator__preprocessor__remainder': 'drop', 'estimator__preprocessor__sparse_threshold': 0.3, 'estimator__preprocessor__transformer_weights': None, 'estimator__preprocessor__transformers': [('feat_engin_temp_dew', Pipeline(steps=[('imputer', SimpleImputer(strategy='median')),
                ('scale', StandardScaler())]), ['TMP-DEW']), ('feat_engin_time_features', Pipeline(steps=[('imputer', SimpleImputer(strategy='median')),
                ('scale', StandardScaler())]), ['sin_monthofyear', 'cos_monthofyear', 'sin_hourofday', 'cos_hourofday']), ('numeric_feature_pipeline', Pipeline(steps=[('imputer', SimpleImputer(strategy='median')),
                ('scale', StandardScaler())]), ['WND_direction_angle', 'WND_speed_rate', 'CIG_ceiling_height', 'VIS_distance', 'TMP_air_temperature', 'DEW_dew_point', 'SLP_sea_level_pressure']), ('binary_pipeline', Pipeline(steps=[('binary',
                 FunctionTransformer(feature_names_out='one-to-one',
                                     func=<function encode_binary at 0x195f4bd80>))]), ['CIG_cavok_code', 'VIS_variability_code']), ('nominal_pipeline', Pipeline(steps=[('nominal',
                 OneHotEncoder(drop='first', handle_unknown='ignore',
                               sparse_output=False))]), ['WND_type_code']), ('passthrough_features', 'passthrough', ['WND_direction_angle_variable_wind_direction_flag']), ('drop_features', 'drop', ['DATE'])], 'estimator__preprocessor__verbose': False, 'estimator__preprocessor__verbose_feature_names_out': False, 'estimator__preprocessor__feat_engin_temp_dew': Pipeline(steps=[('imputer', SimpleImputer(strategy='median')),
                ('scale', StandardScaler())]), 'estimator__preprocessor__feat_engin_time_features': Pipeline(steps=[('imputer', SimpleImputer(strategy='median')),
                ('scale', StandardScaler())]), 'estimator__preprocessor__numeric_feature_pipeline': Pipeline(steps=[('imputer', SimpleImputer(strategy='median')),
                ('scale', StandardScaler())]), 'estimator__preprocessor__binary_pipeline': Pipeline(steps=[('binary',
                 FunctionTransformer(feature_names_out='one-to-one',
                                     func=<function encode_binary at 0x195f4bd80>))]), 'estimator__preprocessor__nominal_pipeline': Pipeline(steps=[('nominal',
                 OneHotEncoder(drop='first', handle_unknown='ignore',
                               sparse_output=False))]), 'estimator__preprocessor__passthrough_features': 'passthrough', 'estimator__preprocessor__drop_features': 'drop', 'estimator__preprocessor__feat_engin_temp_dew__memory': None, 'estimator__preprocessor__feat_engin_temp_dew__steps': [('imputer', SimpleImputer(strategy='median')), ('scale', StandardScaler())], 'estimator__preprocessor__feat_engin_temp_dew__transform_input': None, 'estimator__preprocessor__feat_engin_temp_dew__verbose': False, 'estimator__preprocessor__feat_engin_temp_dew__imputer': SimpleImputer(strategy='median'), 'estimator__preprocessor__feat_engin_temp_dew__scale': StandardScaler(), 'estimator__preprocessor__feat_engin_temp_dew__imputer__add_indicator': False, 'estimator__preprocessor__feat_engin_temp_dew__imputer__copy': True, 'estimator__preprocessor__feat_engin_temp_dew__imputer__fill_value': None, 'estimator__preprocessor__feat_engin_temp_dew__imputer__keep_empty_features': False, 'estimator__preprocessor__feat_engin_temp_dew__imputer__missing_values': nan, 'estimator__preprocessor__feat_engin_temp_dew__imputer__strategy': 'median', 'estimator__preprocessor__feat_engin_temp_dew__scale__copy': True, 'estimator__preprocessor__feat_engin_temp_dew__scale__with_mean': True, 'estimator__preprocessor__feat_engin_temp_dew__scale__with_std': True, 'estimator__preprocessor__feat_engin_time_features__memory': None, 'estimator__preprocessor__feat_engin_time_features__steps': [('imputer', SimpleImputer(strategy='median')), ('scale', StandardScaler())], 'estimator__preprocessor__feat_engin_time_features__transform_input': None, 'estimator__preprocessor__feat_engin_time_features__verbose': False, 'estimator__preprocessor__feat_engin_time_features__imputer': SimpleImputer(strategy='median'), 'estimator__preprocessor__feat_engin_time_features__scale': StandardScaler(), 'estimator__preprocessor__feat_engin_time_features__imputer__add_indicator': False, 'estimator__preprocessor__feat_engin_time_features__imputer__copy': True, 'estimator__preprocessor__feat_engin_time_features__imputer__fill_value': None, 'estimator__preprocessor__feat_engin_time_features__imputer__keep_empty_features': False, 'estimator__preprocessor__feat_engin_time_features__imputer__missing_values': nan, 'estimator__preprocessor__feat_engin_time_features__imputer__strategy': 'median', 'estimator__preprocessor__feat_engin_time_features__scale__copy': True, 'estimator__preprocessor__feat_engin_time_features__scale__with_mean': True, 'estimator__preprocessor__feat_engin_time_features__scale__with_std': True, 'estimator__preprocessor__numeric_feature_pipeline__memory': None, 'estimator__preprocessor__numeric_feature_pipeline__steps': [('imputer', SimpleImputer(strategy='median')), ('scale', StandardScaler())], 'estimator__preprocessor__numeric_feature_pipeline__transform_input': None, 'estimator__preprocessor__numeric_feature_pipeline__verbose': False, 'estimator__preprocessor__numeric_feature_pipeline__imputer': SimpleImputer(strategy='median'), 'estimator__preprocessor__numeric_feature_pipeline__scale': StandardScaler(), 'estimator__preprocessor__numeric_feature_pipeline__imputer__add_indicator': False, 'estimator__preprocessor__numeric_feature_pipeline__imputer__copy': True, 'estimator__preprocessor__numeric_feature_pipeline__imputer__fill_value': None, 'estimator__preprocessor__numeric_feature_pipeline__imputer__keep_empty_features': False, 'estimator__preprocessor__numeric_feature_pipeline__imputer__missing_values': nan, 'estimator__preprocessor__numeric_feature_pipeline__imputer__strategy': 'median', 'estimator__preprocessor__numeric_feature_pipeline__scale__copy': True, 'estimator__preprocessor__numeric_feature_pipeline__scale__with_mean': True, 'estimator__preprocessor__numeric_feature_pipeline__scale__with_std': True, 'estimator__preprocessor__binary_pipeline__memory': None, 'estimator__preprocessor__binary_pipeline__steps': [('binary', FunctionTransformer(feature_names_out='one-to-one',
                    func=<function encode_binary at 0x195f4bd80>))], 'estimator__preprocessor__binary_pipeline__transform_input': None, 'estimator__preprocessor__binary_pipeline__verbose': False, 'estimator__preprocessor__binary_pipeline__binary': FunctionTransformer(feature_names_out='one-to-one',
                    func=<function encode_binary at 0x195f4bd80>), 'estimator__preprocessor__binary_pipeline__binary__accept_sparse': False, 'estimator__preprocessor__binary_pipeline__binary__check_inverse': True, 'estimator__preprocessor__binary_pipeline__binary__feature_names_out': 'one-to-one', 'estimator__preprocessor__binary_pipeline__binary__func': <function encode_binary at 0x195f4bd80>, 'estimator__preprocessor__binary_pipeline__binary__inv_kw_args': None, 'estimator__preprocessor__binary_pipeline__binary__inverse_func': None, 'estimator__preprocessor__binary_pipeline__binary__kw_args': None, 'estimator__preprocessor__binary_pipeline__binary__validate': False, 'estimator__preprocessor__nominal_pipeline__memory': None, 'estimator__preprocessor__nominal_pipeline__steps': [('nominal', OneHotEncoder(drop='first', handle_unknown='ignore', sparse_output=False))], 'estimator__preprocessor__nominal_pipeline__transform_input': None, 'estimator__preprocessor__nominal_pipeline__verbose': False, 'estimator__preprocessor__nominal_pipeline__nominal': OneHotEncoder(drop='first', handle_unknown='ignore', sparse_output=False), 'estimator__preprocessor__nominal_pipeline__nominal__categories': 'auto', 'estimator__preprocessor__nominal_pipeline__nominal__drop': 'first', 'estimator__preprocessor__nominal_pipeline__nominal__dtype': <class 'numpy.float64'>, 'estimator__preprocessor__nominal_pipeline__nominal__feature_name_combiner': 'concat', 'estimator__preprocessor__nominal_pipeline__nominal__handle_unknown': 'ignore', 'estimator__preprocessor__nominal_pipeline__nominal__max_categories': None, 'estimator__preprocessor__nominal_pipeline__nominal__min_frequency': None, 'estimator__preprocessor__nominal_pipeline__nominal__sparse_output': False, 'estimator__smote__k_neighbors': 5, 'estimator__smote__random_state': 42, 'estimator__smote__sampling_strategy': 0.3, 'estimator__classifier__bootstrap': True, 'estimator__classifier__ccp_alpha': 0.0, 'estimator__classifier__class_weight': None, 'estimator__classifier__criterion': 'gini', 'estimator__classifier__max_depth': 10, 'estimator__classifier__max_features': 'sqrt', 'estimator__classifier__max_leaf_nodes': None, 'estimator__classifier__max_samples': None, 'estimator__classifier__min_impurity_decrease': 0.0, 'estimator__classifier__min_samples_leaf': 20, 'estimator__classifier__min_samples_split': 50, 'estimator__classifier__min_weight_fraction_leaf': 0.0, 'estimator__classifier__monotonic_cst': None, 'estimator__classifier__n_estimators': 100, 'estimator__classifier__n_jobs': -1, 'estimator__classifier__oob_score': False, 'estimator__classifier__random_state': 42, 'estimator__classifier__verbose': 0, 'estimator__classifier__warm_start': False, 'estimator': Pipeline(steps=[('DT', DewTempSpread(new_col='TMP-DEW')),
                ('TC', DatetimeSinCosConverter()),
                ('preprocessor',
                 ColumnTransformer(transformers=[('feat_engin_temp_dew',
                                                  Pipeline(steps=[('imputer',
                                                                   SimpleImputer(strategy='median')),
                                                                  ('scale',
                                                                   StandardScaler())]),
                                                  ['TMP-DEW']),
                                                 ('feat_engin_time_features',
                                                  Pipeline(steps=[('imputer',
                                                                   SimpleImputer(strategy='median')...
                                                  ['WND_type_code']),
                                                 ('passthrough_features',
                                                  'passthrough',
                                                  ['WND_direction_angle_variable_wind_direction_flag']),
                                                 ('drop_features', 'drop',
                                                  ['DATE'])],
                                   verbose_feature_names_out=False)),
                ('smote', SMOTE(random_state=42, sampling_strategy=0.3)),
                ('classifier',
                 RandomForestClassifier(max_depth=10, min_samples_leaf=20,
                                        min_samples_split=50, n_jobs=-1,
                                        random_state=42))]), 'method': 'isotonic', 'n_jobs': None}",0.044158057642121454,0.0649421132566768,0.08914100486223663,0.09401709401709402,0.0738255033557047,0.9140682656237631,0.002130075649339733
2,TC_HR_RF_SMOTE,"{'cv': YearlyTemporalWindowSplit(end_year=2017, start_year=2001, val_window_size=2), 'ensemble': 'auto', 'estimator__memory': None, 'estimator__steps': [('HR', HourlyRates(columns=['DEW_dew_point', 'TMP_air_temperature',
                     'SLP_sea_level_pressure'],
            max_gap_hours=2, min_gap_hours=1)), ('TC', DatetimeSinCosConverter()), ('preprocessor', ColumnTransformer(transformers=[('feat_engin_rolling_average',
                                 Pipeline(steps=[('imputer',
                                                  SimpleImputer(strategy='median')),
                                                 ('scale', StandardScaler())]),
                                 ['PER_HOUR_DEW_dew_point',
                                  'PER_HOUR_TMP_air_temperature',
                                  'PER_HOUR_SLP_sea_level_pressure']),
                                ('feat_engin_time_features',
                                 Pipeline(steps=[('imputer',
                                                  SimpleImputer(strategy='median')),
                                                 ('scale', Standar...
                                                                      func=<function encode_binary at 0x195f4bd80>))]),
                                 ['CIG_cavok_code', 'VIS_variability_code']),
                                ('nominal_pipeline',
                                 Pipeline(steps=[('nominal',
                                                  OneHotEncoder(drop='first',
                                                                handle_unknown='ignore',
                                                                sparse_output=False))]),
                                 ['WND_type_code']),
                                ('passthrough_features', 'passthrough',
                                 ['WND_direction_angle_variable_wind_direction_flag']),
                                ('drop_features', 'drop', ['DATE'])],
                  verbose_feature_names_out=False)), ('smote', SMOTE(random_state=42, sampling_strategy=0.3)), ('classifier', RandomForestClassifier(max_depth=10, min_samples_leaf=20, min_samples_split=50,
                       n_jobs=-1, random_state=42))], 'estimator__transform_input': None, 'estimator__verbose': False, 'estimator__HR': HourlyRates(columns=['DEW_dew_point', 'TMP_air_temperature',
                     'SLP_sea_level_pressure'],
            max_gap_hours=2, min_gap_hours=1), 'estimator__TC': DatetimeSinCosConverter(), 'estimator__preprocessor': ColumnTransformer(transformers=[('feat_engin_rolling_average',
                                 Pipeline(steps=[('imputer',
                                                  SimpleImputer(strategy='median')),
                                                 ('scale', StandardScaler())]),
                                 ['PER_HOUR_DEW_dew_point',
                                  'PER_HOUR_TMP_air_temperature',
                                  'PER_HOUR_SLP_sea_level_pressure']),
                                ('feat_engin_time_features',
                                 Pipeline(steps=[('imputer',
                                                  SimpleImputer(strategy='median')),
                                                 ('scale', Standar...
                                                                      func=<function encode_binary at 0x195f4bd80>))]),
                                 ['CIG_cavok_code', 'VIS_variability_code']),
                                ('nominal_pipeline',
                                 Pipeline(steps=[('nominal',
                                                  OneHotEncoder(drop='first',
                                                                handle_unknown='ignore',
                                                                sparse_output=False))]),
                                 ['WND_type_code']),
                                ('passthrough_features', 'passthrough',
                                 ['WND_direction_angle_variable_wind_direction_flag']),
                                ('drop_features', 'drop', ['DATE'])],
                  verbose_feature_names_out=False), 'estimator__smote': SMOTE(random_state=42, sampling_strategy=0.3), 'estimator__classifier': RandomForestClassifier(max_depth=10, min_samples_leaf=20, min_samples_split=50,
                       n_jobs=-1, random_state=42), 'estimator__HR__columns': ['DEW_dew_point', 'TMP_air_temperature', 'SLP_sea_level_pressure'], 'estimator__HR__id_col': 'STATION', 'estimator__HR__max_gap_hours': 2, 'estimator__HR__min_gap_hours': 1, 'estimator__HR__time_col': 'DATE', 'estimator__TC__column': 'DATE', 'estimator__TC__dayofyear': True, 'estimator__TC__hourofday': True, 'estimator__TC__monthofyear': True, 'estimator__preprocessor__force_int_remainder_cols': 'deprecated', 'estimator__preprocessor__n_jobs': None, 'estimator__preprocessor__remainder': 'drop', 'estimator__preprocessor__sparse_threshold': 0.3, 'estimator__preprocessor__transformer_weights': None, 'estimator__preprocessor__transformers': [('feat_engin_rolling_average', Pipeline(steps=[('imputer', SimpleImputer(strategy='median')),
                ('scale', StandardScaler())]), ['PER_HOUR_DEW_dew_point', 'PER_HOUR_TMP_air_temperature', 'PER_HOUR_SLP_sea_level_pressure']), ('feat_engin_time_features', Pipeline(steps=[('imputer', SimpleImputer(strategy='median')),
                ('scale', StandardScaler())]), ['sin_monthofyear', 'cos_monthofyear', 'sin_hourofday', 'cos_hourofday']), ('numeric_feature_pipeline', Pipeline(steps=[('imputer', SimpleImputer(strategy='median')),
                ('scale', StandardScaler())]), ['WND_direction_angle', 'WND_speed_rate', 'CIG_ceiling_height', 'VIS_distance', 'TMP_air_temperature', 'DEW_dew_point', 'SLP_sea_level_pressure']), ('binary_pipeline', Pipeline(steps=[('binary',
                 FunctionTransformer(feature_names_out='one-to-one',
                                     func=<function encode_binary at 0x195f4bd80>))]), ['CIG_cavok_code', 'VIS_variability_code']), ('nominal_pipeline', Pipeline(steps=[('nominal',
                 OneHotEncoder(drop='first', handle_unknown='ignore',
                               sparse_output=False))]), ['WND_type_code']), ('passthrough_features', 'passthrough', ['WND_direction_angle_variable_wind_direction_flag']), ('drop_features', 'drop', ['DATE'])], 'estimator__preprocessor__verbose': False, 'estimator__preprocessor__verbose_feature_names_out': False, 'estimator__preprocessor__feat_engin_rolling_average': Pipeline(steps=[('imputer', SimpleImputer(strategy='median')),
                ('scale', StandardScaler())]), 'estimator__preprocessor__feat_engin_time_features': Pipeline(steps=[('imputer', SimpleImputer(strategy='median')),
                ('scale', StandardScaler())]), 'estimator__preprocessor__numeric_feature_pipeline': Pipeline(steps=[('imputer', SimpleImputer(strategy='median')),
                ('scale', StandardScaler())]), 'estimator__preprocessor__binary_pipeline': Pipeline(steps=[('binary',
                 FunctionTransformer(feature_names_out='one-to-one',
                                     func=<function encode_binary at 0x195f4bd80>))]), 'estimator__preprocessor__nominal_pipeline': Pipeline(steps=[('nominal',
                 OneHotEncoder(drop='first', handle_unknown='ignore',
                               sparse_output=False))]), 'estimator__preprocessor__passthrough_features': 'passthrough', 'estimator__preprocessor__drop_features': 'drop', 'estimator__preprocessor__feat_engin_rolling_average__memory': None, 'estimator__preprocessor__feat_engin_rolling_average__steps': [('imputer', SimpleImputer(strategy='median')), ('scale', StandardScaler())], 'estimator__preprocessor__feat_engin_rolling_average__transform_input': None, 'estimator__preprocessor__feat_engin_rolling_average__verbose': False, 'estimator__preprocessor__feat_engin_rolling_average__imputer': SimpleImputer(strategy='median'), 'estimator__preprocessor__feat_engin_rolling_average__scale': StandardScaler(), 'estimator__preprocessor__feat_engin_rolling_average__imputer__add_indicator': False, 'estimator__preprocessor__feat_engin_rolling_average__imputer__copy': True, 'estimator__preprocessor__feat_engin_rolling_average__imputer__fill_value': None, 'estimator__preprocessor__feat_engin_rolling_average__imputer__keep_empty_features': False, 'estimator__preprocessor__feat_engin_rolling_average__imputer__missing_values': nan, 'estimator__preprocessor__feat_engin_rolling_average__imputer__strategy': 'median', 'estimator__preprocessor__feat_engin_rolling_average__scale__copy': True, 'estimator__preprocessor__feat_engin_rolling_average__scale__with_mean': True, 'estimator__preprocessor__feat_engin_rolling_average__scale__with_std': True, 'estimator__preprocessor__feat_engin_time_features__memory': None, 'estimator__preprocessor__feat_engin_time_features__steps': [('imputer', SimpleImputer(strategy='median')), ('scale', StandardScaler())], 'estimator__preprocessor__feat_engin_time_features__transform_input': None, 'estimator__preprocessor__feat_engin_time_features__verbose': False, 'estimator__preprocessor__feat_engin_time_features__imputer': SimpleImputer(strategy='median'), 'estimator__preprocessor__feat_engin_time_features__scale': StandardScaler(), 'estimator__preprocessor__feat_engin_time_features__imputer__add_indicator': False, 'estimator__preprocessor__feat_engin_time_features__imputer__copy': True, 'estimator__preprocessor__feat_engin_time_features__imputer__fill_value': None, 'estimator__preprocessor__feat_engin_time_features__imputer__keep_empty_features': False, 'estimator__preprocessor__feat_engin_time_features__imputer__missing_values': nan, 'estimator__preprocessor__feat_engin_time_features__imputer__strategy': 'median', 'estimator__preprocessor__feat_engin_time_features__scale__copy': True, 'estimator__preprocessor__feat_engin_time_features__scale__with_mean': True, 'estimator__preprocessor__feat_engin_time_features__scale__with_std': True, 'estimator__preprocessor__numeric_feature_pipeline__memory': None, 'estimator__preprocessor__numeric_feature_pipeline__steps': [('imputer', SimpleImputer(strategy='median')), ('scale', StandardScaler())], 'estimator__preprocessor__numeric_feature_pipeline__transform_input': None, 'estimator__preprocessor__numeric_feature_pipeline__verbose': False, 'estimator__preprocessor__numeric_feature_pipeline__imputer': SimpleImputer(strategy='median'), 'estimator__preprocessor__numeric_feature_pipeline__scale': StandardScaler(), 'estimator__preprocessor__numeric_feature_pipeline__imputer__add_indicator': False, 'estimator__preprocessor__numeric_feature_pipeline__imputer__copy': True, 'estimator__preprocessor__numeric_feature_pipeline__imputer__fill_value': None, 'estimator__preprocessor__numeric_feature_pipeline__imputer__keep_empty_features': False, 'estimator__preprocessor__numeric_feature_pipeline__imputer__missing_values': nan, 'estimator__preprocessor__numeric_feature_pipeline__imputer__strategy': 'median', 'estimator__preprocessor__numeric_feature_pipeline__scale__copy': True, 'estimator__preprocessor__numeric_feature_pipeline__scale__with_mean': True, 'estimator__preprocessor__numeric_feature_pipeline__scale__with_std': True, 'estimator__preprocessor__binary_pipeline__memory': None, 'estimator__preprocessor__binary_pipeline__steps': [('binary', FunctionTransformer(feature_names_out='one-to-one',
                    func=<function encode_binary at 0x195f4bd80>))], 'estimator__preprocessor__binary_pipeline__transform_input': None, 'estimator__preprocessor__binary_pipeline__verbose': False, 'estimator__preprocessor__binary_pipeline__binary': FunctionTransformer(feature_names_out='one-to-one',
                    func=<function encode_binary at 0x195f4bd80>), 'estimator__preprocessor__binary_pipeline__binary__accept_sparse': False, 'estimator__preprocessor__binary_pipeline__binary__check_inverse': True, 'estimator__preprocessor__binary_pipeline__binary__feature_names_out': 'one-to-one', 'estimator__preprocessor__binary_pipeline__binary__func': <function encode_binary at 0x195f4bd80>, 'estimator__preprocessor__binary_pipeline__binary__inv_kw_args': None, 'estimator__preprocessor__binary_pipeline__binary__inverse_func': None, 'estimator__preprocessor__binary_pipeline__binary__kw_args': None, 'estimator__preprocessor__binary_pipeline__binary__validate': False, 'estimator__preprocessor__nominal_pipeline__memory': None, 'estimator__preprocessor__nominal_pipeline__steps': [('nominal', OneHotEncoder(drop='first', handle_unknown='ignore', sparse_output=False))], 'estimator__preprocessor__nominal_pipeline__transform_input': None, 'estimator__preprocessor__nominal_pipeline__verbose': False, 'estimator__preprocessor__nominal_pipeline__nominal': OneHotEncoder(drop='first', handle_unknown='ignore', sparse_output=False), 'estimator__preprocessor__nominal_pipeline__nominal__categories': 'auto', 'estimator__preprocessor__nominal_pipeline__nominal__drop': 'first', 'estimator__preprocessor__nominal_pipeline__nominal__dtype': <class 'numpy.float64'>, 'estimator__preprocessor__nominal_pipeline__nominal__feature_name_combiner': 'concat', 'estimator__preprocessor__nominal_pipeline__nominal__handle_unknown': 'ignore', 'estimator__preprocessor__nominal_pipeline__nominal__max_categories': None, 'estimator__preprocessor__nominal_pipeline__nominal__min_frequency': None, 'estimator__preprocessor__nominal_pipeline__nominal__sparse_output': False, 'estimator__smote__k_neighbors': 5, 'estimator__smote__random_state': 42, 'estimator__smote__sampling_strategy': 0.3, 'estimator__classifier__bootstrap': True, 'estimator__classifier__ccp_alpha': 0.0, 'estimator__classifier__class_weight': None, 'estimator__classifier__criterion': 'gini', 'estimator__classifier__max_depth': 10, 'estimator__classifier__max_features': 'sqrt', 'estimator__classifier__max_leaf_nodes': None, 'estimator__classifier__max_samples': None, 'estimator__classifier__min_impurity_decrease': 0.0, 'estimator__classifier__min_samples_leaf': 20, 'estimator__classifier__min_samples_split': 50, 'estimator__classifier__min_weight_fraction_leaf': 0.0, 'estimator__classifier__monotonic_cst': None, 'estimator__classifier__n_estimators': 100, 'estimator__classifier__n_jobs': -1, 'estimator__classifier__oob_score': False, 'estimator__classifier__random_state': 42, 'estimator__classifier__verbose': 0, 'estimator__classifier__warm_start': False, 'estimator': Pipeline(steps=[('HR',
                 HourlyRates(columns=['DEW_dew_point', 'TMP_air_temperature',
                                      'SLP_sea_level_pressure'],
                             max_gap_hours=2, min_gap_hours=1)),
                ('TC', DatetimeSinCosConverter()),
                ('preprocessor',
                 ColumnTransformer(transformers=[('feat_engin_rolling_average',
                                                  Pipeline(steps=[('imputer',
                                                                   SimpleImputer(strategy='median')),
                                                                  ('scale',
                                                                   StandardScaler())]),
                                                  ['PER_HO...
                                                  ['WND_type_code']),
                                                 ('passthrough_features',
                                                  'passthrough',
                                                  ['WND_direction_angle_variable_wind_direction_flag']),
                                                 ('drop_features', 'drop',
                                                  ['DATE'])],
                                   verbose_feature_names_out=False)),
                ('smote', SMOTE(random_state=42, sampling_strategy=0.3)),
                ('classifier',
                 RandomForestClassifier(max_depth=10, min_samples_leaf=20,
                                        min_samples_split=50, n_jobs=-1,
                                        random_state=42))]), 'method': 'isotonic', 'n_jobs': None}",0.04697425563648606,0.07160101589864401,0.10638297872340426,0.10256410256410256,0.125,0.9082842078248412,0.0021193633953519937
3,DT_HR_RF_SMOTE,"{'cv': YearlyTemporalWindowSplit(end_year=2017, start_year=2001, val_window_size=2), 'ensemble': 'auto', 'estimator__memory': None, 'estimator__steps': [('HR', HourlyRates(columns=['DEW_dew_point', 'TMP_air_temperature',
                     'SLP_sea_level_pressure'],
            max_gap_hours=2, min_gap_hours=1)), ('DT', DewTempSpread(new_col='TMP-DEW')), ('preprocessor', ColumnTransformer(transformers=[('feat_engin_temp_dew',
                                 Pipeline(steps=[('imputer',
                                                  SimpleImputer(strategy='median')),
                                                 ('scale', StandardScaler())]),
                                 ['TMP-DEW']),
                                ('feat_engin_rolling_average',
                                 Pipeline(steps=[('imputer',
                                                  SimpleImputer(strategy='median')),
                                                 ('scale', StandardScaler())]),
                                 ['PER_HOUR_DEW_dew_point',
                                  'PER_HOUR_TMP_air_temperature',
                                  'PER_HOUR_SLP_s...
                                                                      func=<function encode_binary at 0x195f4bd80>))]),
                                 ['CIG_cavok_code', 'VIS_variability_code']),
                                ('nominal_pipeline',
                                 Pipeline(steps=[('nominal',
                                                  OneHotEncoder(drop='first',
                                                                handle_unknown='ignore',
                                                                sparse_output=False))]),
                                 ['WND_type_code']),
                                ('passthrough_features', 'passthrough',
                                 ['WND_direction_angle_variable_wind_direction_flag']),
                                ('drop_features', 'drop', ['DATE'])],
                  verbose_feature_names_out=False)), ('smote', SMOTE(random_state=42, sampling_strategy=0.3)), ('classifier', RandomForestClassifier(max_depth=10, min_samples_leaf=20, min_samples_split=50,
                       n_jobs=-1, random_state=42))], 'estimator__transform_input': None, 'estimator__verbose': False, 'estimator__HR': HourlyRates(columns=['DEW_dew_point', 'TMP_air_temperature',
                     'SLP_sea_level_pressure'],
            max_gap_hours=2, min_gap_hours=1), 'estimator__DT': DewTempSpread(new_col='TMP-DEW'), 'estimator__preprocessor': ColumnTransformer(transformers=[('feat_engin_temp_dew',
                                 Pipeline(steps=[('imputer',
                                                  SimpleImputer(strategy='median')),
                                                 ('scale', StandardScaler())]),
                                 ['TMP-DEW']),
                                ('feat_engin_rolling_average',
                                 Pipeline(steps=[('imputer',
                                                  SimpleImputer(strategy='median')),
                                                 ('scale', StandardScaler())]),
                                 ['PER_HOUR_DEW_dew_point',
                                  'PER_HOUR_TMP_air_temperature',
                                  'PER_HOUR_SLP_s...
                                                                      func=<function encode_binary at 0x195f4bd80>))]),
                                 ['CIG_cavok_code', 'VIS_variability_code']),
                                ('nominal_pipeline',
                                 Pipeline(steps=[('nominal',
                                                  OneHotEncoder(drop='first',
                                                                handle_unknown='ignore',
                                                                sparse_output=False))]),
                                 ['WND_type_code']),
                                ('passthrough_features', 'passthrough',
                                 ['WND_direction_angle_variable_wind_direction_flag']),
                                ('drop_features', 'drop', ['DATE'])],
                  verbose_feature_names_out=False), 'estimator__smote': SMOTE(random_state=42, sampling_strategy=0.3), 'estimator__classifier': RandomForestClassifier(max_depth=10, min_samples_leaf=20, min_samples_split=50,
                       n_jobs=-1, random_state=42), 'estimator__HR__columns': ['DEW_dew_point', 'TMP_air_temperature', 'SLP_sea_level_pressure'], 'estimator__HR__id_col': 'STATION', 'estimator__HR__max_gap_hours': 2, 'estimator__HR__min_gap_hours': 1, 'estimator__HR__time_col': 'DATE', 'estimator__DT__new_col': 'TMP-DEW', 'estimator__preprocessor__force_int_remainder_cols': 'deprecated', 'estimator__preprocessor__n_jobs': None, 'estimator__preprocessor__remainder': 'drop', 'estimator__preprocessor__sparse_threshold': 0.3, 'estimator__preprocessor__transformer_weights': None, 'estimator__preprocessor__transformers': [('feat_engin_temp_dew', Pipeline(steps=[('imputer', SimpleImputer(strategy='median')),
                ('scale', StandardScaler())]), ['TMP-DEW']), ('feat_engin_rolling_average', Pipeline(steps=[('imputer', SimpleImputer(strategy='median')),
                ('scale', StandardScaler())]), ['PER_HOUR_DEW_dew_point', 'PER_HOUR_TMP_air_temperature', 'PER_HOUR_SLP_sea_level_pressure']), ('numeric_feature_pipeline', Pipeline(steps=[('imputer', SimpleImputer(strategy='median')),
                ('scale', StandardScaler())]), ['WND_direction_angle', 'WND_speed_rate', 'CIG_ceiling_height', 'VIS_distance', 'TMP_air_temperature', 'DEW_dew_point', 'SLP_sea_level_pressure']), ('binary_pipeline', Pipeline(steps=[('binary',
                 FunctionTransformer(feature_names_out='one-to-one',
                                     func=<function encode_binary at 0x195f4bd80>))]), ['CIG_cavok_code', 'VIS_variability_code']), ('nominal_pipeline', Pipeline(steps=[('nominal',
                 OneHotEncoder(drop='first', handle_unknown='ignore',
                               sparse_output=False))]), ['WND_type_code']), ('passthrough_features', 'passthrough', ['WND_direction_angle_variable_wind_direction_flag']), ('drop_features', 'drop', ['DATE'])], 'estimator__preprocessor__verbose': False, 'estimator__preprocessor__verbose_feature_names_out': False, 'estimator__preprocessor__feat_engin_temp_dew': Pipeline(steps=[('imputer', SimpleImputer(strategy='median')),
                ('scale', StandardScaler())]), 'estimator__preprocessor__feat_engin_rolling_average': Pipeline(steps=[('imputer', SimpleImputer(strategy='median')),
                ('scale', StandardScaler())]), 'estimator__preprocessor__numeric_feature_pipeline': Pipeline(steps=[('imputer', SimpleImputer(strategy='median')),
                ('scale', StandardScaler())]), 'estimator__preprocessor__binary_pipeline': Pipeline(steps=[('binary',
                 FunctionTransformer(feature_names_out='one-to-one',
                                     func=<function encode_binary at 0x195f4bd80>))]), 'estimator__preprocessor__nominal_pipeline': Pipeline(steps=[('nominal',
                 OneHotEncoder(drop='first', handle_unknown='ignore',
                               sparse_output=False))]), 'estimator__preprocessor__passthrough_features': 'passthrough', 'estimator__preprocessor__drop_features': 'drop', 'estimator__preprocessor__feat_engin_temp_dew__memory': None, 'estimator__preprocessor__feat_engin_temp_dew__steps': [('imputer', SimpleImputer(strategy='median')), ('scale', StandardScaler())], 'estimator__preprocessor__feat_engin_temp_dew__transform_input': None, 'estimator__preprocessor__feat_engin_temp_dew__verbose': False, 'estimator__preprocessor__feat_engin_temp_dew__imputer': SimpleImputer(strategy='median'), 'estimator__preprocessor__feat_engin_temp_dew__scale': StandardScaler(), 'estimator__preprocessor__feat_engin_temp_dew__imputer__add_indicator': False, 'estimator__preprocessor__feat_engin_temp_dew__imputer__copy': True, 'estimator__preprocessor__feat_engin_temp_dew__imputer__fill_value': None, 'estimator__preprocessor__feat_engin_temp_dew__imputer__keep_empty_features': False, 'estimator__preprocessor__feat_engin_temp_dew__imputer__missing_values': nan, 'estimator__preprocessor__feat_engin_temp_dew__imputer__strategy': 'median', 'estimator__preprocessor__feat_engin_temp_dew__scale__copy': True, 'estimator__preprocessor__feat_engin_temp_dew__scale__with_mean': True, 'estimator__preprocessor__feat_engin_temp_dew__scale__with_std': True, 'estimator__preprocessor__feat_engin_rolling_average__memory': None, 'estimator__preprocessor__feat_engin_rolling_average__steps': [('imputer', SimpleImputer(strategy='median')), ('scale', StandardScaler())], 'estimator__preprocessor__feat_engin_rolling_average__transform_input': None, 'estimator__preprocessor__feat_engin_rolling_average__verbose': False, 'estimator__preprocessor__feat_engin_rolling_average__imputer': SimpleImputer(strategy='median'), 'estimator__preprocessor__feat_engin_rolling_average__scale': StandardScaler(), 'estimator__preprocessor__feat_engin_rolling_average__imputer__add_indicator': False, 'estimator__preprocessor__feat_engin_rolling_average__imputer__copy': True, 'estimator__preprocessor__feat_engin_rolling_average__imputer__fill_value': None, 'estimator__preprocessor__feat_engin_rolling_average__imputer__keep_empty_features': False, 'estimator__preprocessor__feat_engin_rolling_average__imputer__missing_values': nan, 'estimator__preprocessor__feat_engin_rolling_average__imputer__strategy': 'median', 'estimator__preprocessor__feat_engin_rolling_average__scale__copy': True, 'estimator__preprocessor__feat_engin_rolling_average__scale__with_mean': True, 'estimator__preprocessor__feat_engin_rolling_average__scale__with_std': True, 'estimator__preprocessor__numeric_feature_pipeline__memory': None, 'estimator__preprocessor__numeric_feature_pipeline__steps': [('imputer', SimpleImputer(strategy='median')), ('scale', StandardScaler())], 'estimator__preprocessor__numeric_feature_pipeline__transform_input': None, 'estimator__preprocessor__numeric_feature_pipeline__verbose': False, 'estimator__preprocessor__numeric_feature_pipeline__imputer': SimpleImputer(strategy='median'), 'estimator__preprocessor__numeric_feature_pipeline__scale': StandardScaler(), 'estimator__preprocessor__numeric_feature_pipeline__imputer__add_indicator': False, 'estimator__preprocessor__numeric_feature_pipeline__imputer__copy': True, 'estimator__preprocessor__numeric_feature_pipeline__imputer__fill_value': None, 'estimator__preprocessor__numeric_feature_pipeline__imputer__keep_empty_features': False, 'estimator__preprocessor__numeric_feature_pipeline__imputer__missing_values': nan, 'estimator__preprocessor__numeric_feature_pipeline__imputer__strategy': 'median', 'estimator__preprocessor__numeric_feature_pipeline__scale__copy': True, 'estimator__preprocessor__numeric_feature_pipeline__scale__with_mean': True, 'estimator__preprocessor__numeric_feature_pipeline__scale__with_std': True, 'estimator__preprocessor__binary_pipeline__memory': None, 'estimator__preprocessor__binary_pipeline__steps': [('binary', FunctionTransformer(feature_names_out='one-to-one',
                    func=<function encode_binary at 0x195f4bd80>))], 'estimator__preprocessor__binary_pipeline__transform_input': None, 'estimator__preprocessor__binary_pipeline__verbose': False, 'estimator__preprocessor__binary_pipeline__binary': FunctionTransformer(feature_names_out='one-to-one',
                    func=<function encode_binary at 0x195f4bd80>), 'estimator__preprocessor__binary_pipeline__binary__accept_sparse': False, 'estimator__preprocessor__binary_pipeline__binary__check_inverse': True, 'estimator__preprocessor__binary_pipeline__binary__feature_names_out': 'one-to-one', 'estimator__preprocessor__binary_pipeline__binary__func': <function encode_binary at 0x195f4bd80>, 'estimator__preprocessor__binary_pipeline__binary__inv_kw_args': None, 'estimator__preprocessor__binary_pipeline__binary__inverse_func': None, 'estimator__preprocessor__binary_pipeline__binary__kw_args': None, 'estimator__preprocessor__binary_pipeline__binary__validate': False, 'estimator__preprocessor__nominal_pipeline__memory': None, 'estimator__preprocessor__nominal_pipeline__steps': [('nominal', OneHotEncoder(drop='first', handle_unknown='ignore', sparse_output=False))], 'estimator__preprocessor__nominal_pipeline__transform_input': None, 'estimator__preprocessor__nominal_pipeline__verbose': False, 'estimator__preprocessor__nominal_pipeline__nominal': OneHotEncoder(drop='first', handle_unknown='ignore', sparse_output=False), 'estimator__preprocessor__nominal_pipeline__nominal__categories': 'auto', 'estimator__preprocessor__nominal_pipeline__nominal__drop': 'first', 'estimator__preprocessor__nominal_pipeline__nominal__dtype': <class 'numpy.float64'>, 'estimator__preprocessor__nominal_pipeline__nominal__feature_name_combiner': 'concat', 'estimator__preprocessor__nominal_pipeline__nominal__handle_unknown': 'ignore', 'estimator__preprocessor__nominal_pipeline__nominal__max_categories': None, 'estimator__preprocessor__nominal_pipeline__nominal__min_frequency': None, 'estimator__preprocessor__nominal_pipeline__nominal__sparse_output': False, 'estimator__smote__k_neighbors': 5, 'estimator__smote__random_state': 42, 'estimator__smote__sampling_strategy': 0.3, 'estimator__classifier__bootstrap': True, 'estimator__classifier__ccp_alpha': 0.0, 'estimator__classifier__class_weight': None, 'estimator__classifier__criterion': 'gini', 'estimator__classifier__max_depth': 10, 'estimator__classifier__max_features': 'sqrt', 'estimator__classifier__max_leaf_nodes': None, 'estimator__classifier__max_samples': None, 'estimator__classifier__min_impurity_decrease': 0.0, 'estimator__classifier__min_samples_leaf': 20, 'estimator__classifier__min_samples_split': 50, 'estimator__classifier__min_weight_fraction_leaf': 0.0, 'estimator__classifier__monotonic_cst': None, 'estimator__classifier__n_estimators': 100, 'estimator__classifier__n_jobs': -1, 'estimator__classifier__oob_score': False, 'estimator__classifier__random_state': 42, 'estimator__classifier__verbose': 0, 'estimator__classifier__warm_start': False, 'estimator': Pipeline(steps=[('HR',
                 HourlyRates(columns=['DEW_dew_point', 'TMP_air_temperature',
                                      'SLP_sea_level_pressure'],
                             max_gap_hours=2, min_gap_hours=1)),
                ('DT', DewTempSpread(new_col='TMP-DEW')),
                ('preprocessor',
                 ColumnTransformer(transformers=[('feat_engin_temp_dew',
                                                  Pipeline(steps=[('imputer',
                                                                   SimpleImputer(strategy='median')),
                                                                  ('scale',
                                                                   StandardScaler())]),
                                                  ['TMP-DE...
                                                  ['WND_type_code']),
                                                 ('passthrough_features',
                                                  'passthrough',
                                                  ['WND_direction_angle_variable_wind_direction_flag']),
                                                 ('drop_features', 'drop',
                                                  ['DATE'])],
                                   verbose_feature_names_out=False)),
                ('smote', SMOTE(random_state=42, sampling_strategy=0.3)),
                ('classifier',
                 RandomForestClassifier(max_depth=10, min_samples_leaf=20,
                                        min_samples_split=50, n_jobs=-1,
                                        random_state=42))]), 'method': 'isotonic', 'n_jobs': None}",0.028120744489458123,0.02136072528920174,0.043402777777777776,0.042735042735042736,0.046296296296296294,0.9002731429344815,0.0021591052292348274
4,TC_RF_SMOTE,"{'cv': YearlyTemporalWindowSplit(end_year=2017, start_year=2001, val_window_size=2), 'ensemble': 'auto', 'estimator__memory': None, 'estimator__steps': [('TC', DatetimeSinCosConverter()), ('preprocessor', ColumnTransformer(transformers=[('feat_engin_time_features',
                                 Pipeline(steps=[('imputer',
                                                  SimpleImputer(strategy='median')),
                                                 ('scale', StandardScaler())]),
                                 ['sin_monthofyear', 'cos_monthofyear',
                                  'sin_hourofday', 'cos_hourofday']),
                                ('numeric_feature_pipeline',
                                 Pipeline(steps=[('imputer',
                                                  SimpleImputer(strategy='median')),
                                                 ('scale', StandardScaler())]),
                                 ['WND_direc...
                                                                      func=<function encode_binary at 0x195f4bd80>))]),
                                 ['CIG_cavok_code', 'VIS_variability_code']),
                                ('nominal_pipeline',
                                 Pipeline(steps=[('nominal',
                                                  OneHotEncoder(drop='first',
                                                                handle_unknown='ignore',
                                                                sparse_output=False))]),
                                 ['WND_type_code']),
                                ('passthrough_features', 'passthrough',
                                 ['WND_direction_angle_variable_wind_direction_flag']),
                                ('drop_features', 'drop', ['DATE'])],
                  verbose_feature_names_out=False)), ('smote', SMOTE(random_state=42, sampling_strategy=0.3)), ('classifier', RandomForestClassifier(max_depth=10, min_samples_leaf=20, min_samples_split=50,
                       n_jobs=-1, random_state=42))], 'estimator__transform_input': None, 'estimator__verbose': False, 'estimator__TC': DatetimeSinCosConverter(), 'estimator__preprocessor': ColumnTransformer(transformers=[('feat_engin_time_features',
                                 Pipeline(steps=[('imputer',
                                                  SimpleImputer(strategy='median')),
                                                 ('scale', StandardScaler())]),
                                 ['sin_monthofyear', 'cos_monthofyear',
                                  'sin_hourofday', 'cos_hourofday']),
                                ('numeric_feature_pipeline',
                                 Pipeline(steps=[('imputer',
                                                  SimpleImputer(strategy='median')),
                                                 ('scale', StandardScaler())]),
                                 ['WND_direc...
                                                                      func=<function encode_binary at 0x195f4bd80>))]),
                                 ['CIG_cavok_code', 'VIS_variability_code']),
                                ('nominal_pipeline',
                                 Pipeline(steps=[('nominal',
                                                  OneHotEncoder(drop='first',
                                                                handle_unknown='ignore',
                                                                sparse_output=False))]),
                                 ['WND_type_code']),
                                ('passthrough_features', 'passthrough',
                                 ['WND_direction_angle_variable_wind_direction_flag']),
                                ('drop_features', 'drop', ['DATE'])],
                  verbose_feature_names_out=False), 'estimator__smote': SMOTE(random_state=42, sampling_strategy=0.3), 'estimator__classifier': RandomForestClassifier(max_depth=10, min_samples_leaf=20, min_samples_split=50,
                       n_jobs=-1, random_state=42), 'estimator__TC__column': 'DATE', 'estimator__TC__dayofyear': True, 'estimator__TC__hourofday': True, 'estimator__TC__monthofyear': True, 'estimator__preprocessor__force_int_remainder_cols': 'deprecated', 'estimator__preprocessor__n_jobs': None, 'estimator__preprocessor__remainder': 'drop', 'estimator__preprocessor__sparse_threshold': 0.3, 'estimator__preprocessor__transformer_weights': None, 'estimator__preprocessor__transformers': [('feat_engin_time_features', Pipeline(steps=[('imputer', SimpleImputer(strategy='median')),
                ('scale', StandardScaler())]), ['sin_monthofyear', 'cos_monthofyear', 'sin_hourofday', 'cos_hourofday']), ('numeric_feature_pipeline', Pipeline(steps=[('imputer', SimpleImputer(strategy='median')),
                ('scale', StandardScaler())]), ['WND_direction_angle', 'WND_speed_rate', 'CIG_ceiling_height', 'VIS_distance', 'TMP_air_temperature', 'DEW_dew_point', 'SLP_sea_level_pressure']), ('binary_pipeline', Pipeline(steps=[('binary',
                 FunctionTransformer(feature_names_out='one-to-one',
                                     func=<function encode_binary at 0x195f4bd80>))]), ['CIG_cavok_code', 'VIS_variability_code']), ('nominal_pipeline', Pipeline(steps=[('nominal',
                 OneHotEncoder(drop='first', handle_unknown='ignore',
                               sparse_output=False))]), ['WND_type_code']), ('passthrough_features', 'passthrough', ['WND_direction_angle_variable_wind_direction_flag']), ('drop_features', 'drop', ['DATE'])], 'estimator__preprocessor__verbose': False, 'estimator__preprocessor__verbose_feature_names_out': False, 'estimator__preprocessor__feat_engin_time_features': Pipeline(steps=[('imputer', SimpleImputer(strategy='median')),
                ('scale', StandardScaler())]), 'estimator__preprocessor__numeric_feature_pipeline': Pipeline(steps=[('imputer', SimpleImputer(strategy='median')),
                ('scale', StandardScaler())]), 'estimator__preprocessor__binary_pipeline': Pipeline(steps=[('binary',
                 FunctionTransformer(feature_names_out='one-to-one',
                                     func=<function encode_binary at 0x195f4bd80>))]), 'estimator__preprocessor__nominal_pipeline': Pipeline(steps=[('nominal',
                 OneHotEncoder(drop='first', handle_unknown='ignore',
                               sparse_output=False))]), 'estimator__preprocessor__passthrough_features': 'passthrough', 'estimator__preprocessor__drop_features': 'drop', 'estimator__preprocessor__feat_engin_time_features__memory': None, 'estimator__preprocessor__feat_engin_time_features__steps': [('imputer', SimpleImputer(strategy='median')), ('scale', StandardScaler())], 'estimator__preprocessor__feat_engin_time_features__transform_input': None, 'estimator__preprocessor__feat_engin_time_features__verbose': False, 'estimator__preprocessor__feat_engin_time_features__imputer': SimpleImputer(strategy='median'), 'estimator__preprocessor__feat_engin_time_features__scale': StandardScaler(), 'estimator__preprocessor__feat_engin_time_features__imputer__add_indicator': False, 'estimator__preprocessor__feat_engin_time_features__imputer__copy': True, 'estimator__preprocessor__feat_engin_time_features__imputer__fill_value': None, 'estimator__preprocessor__feat_engin_time_features__imputer__keep_empty_features': False, 'estimator__preprocessor__feat_engin_time_features__imputer__missing_values': nan, 'estimator__preprocessor__feat_engin_time_features__imputer__strategy': 'median', 'estimator__preprocessor__feat_engin_time_features__scale__copy': True, 'estimator__preprocessor__feat_engin_time_features__scale__with_mean': True, 'estimator__preprocessor__feat_engin_time_features__scale__with_std': True, 'estimator__preprocessor__numeric_feature_pipeline__memory': None, 'estimator__preprocessor__numeric_feature_pipeline__steps': [('imputer', SimpleImputer(strategy='median')), ('scale', StandardScaler())], 'estimator__preprocessor__numeric_feature_pipeline__transform_input': None, 'estimator__preprocessor__numeric_feature_pipeline__verbose': False, 'estimator__preprocessor__numeric_feature_pipeline__imputer': SimpleImputer(strategy='median'), 'estimator__preprocessor__numeric_feature_pipeline__scale': StandardScaler(), 'estimator__preprocessor__numeric_feature_pipeline__imputer__add_indicator': False, 'estimator__preprocessor__numeric_feature_pipeline__imputer__copy': True, 'estimator__preprocessor__numeric_feature_pipeline__imputer__fill_value': None, 'estimator__preprocessor__numeric_feature_pipeline__imputer__keep_empty_features': False, 'estimator__preprocessor__numeric_feature_pipeline__imputer__missing_values': nan, 'estimator__preprocessor__numeric_feature_pipeline__imputer__strategy': 'median', 'estimator__preprocessor__numeric_feature_pipeline__scale__copy': True, 'estimator__preprocessor__numeric_feature_pipeline__scale__with_mean': True, 'estimator__preprocessor__numeric_feature_pipeline__scale__with_std': True, 'estimator__preprocessor__binary_pipeline__memory': None, 'estimator__preprocessor__binary_pipeline__steps': [('binary', FunctionTransformer(feature_names_out='one-to-one',
                    func=<function encode_binary at 0x195f4bd80>))], 'estimator__preprocessor__binary_pipeline__transform_input': None, 'estimator__preprocessor__binary_pipeline__verbose': False, 'estimator__preprocessor__binary_pipeline__binary': FunctionTransformer(feature_names_out='one-to-one',
                    func=<function encode_binary at 0x195f4bd80>), 'estimator__preprocessor__binary_pipeline__binary__accept_sparse': False, 'estimator__preprocessor__binary_pipeline__binary__check_inverse': True, 'estimator__preprocessor__binary_pipeline__binary__feature_names_out': 'one-to-one', 'estimator__preprocessor__binary_pipeline__binary__func': <function encode_binary at 0x195f4bd80>, 'estimator__preprocessor__binary_pipeline__binary__inv_kw_args': None, 'estimator__preprocessor__binary_pipeline__binary__inverse_func': None, 'estimator__preprocessor__binary_pipeline__binary__kw_args': None, 'estimator__preprocessor__binary_pipeline__binary__validate': False, 'estimator__preprocessor__nominal_pipeline__memory': None, 'estimator__preprocessor__nominal_pipeline__steps': [('nominal', OneHotEncoder(drop='first', handle_unknown='ignore', sparse_output=False))], 'estimator__preprocessor__nominal_pipeline__transform_input': None, 'estimator__preprocessor__nominal_pipeline__verbose': False, 'estimator__preprocessor__nominal_pipeline__nominal': OneHotEncoder(drop='first', handle_unknown='ignore', sparse_output=False), 'estimator__preprocessor__nominal_pipeline__nominal__categories': 'auto', 'estimator__preprocessor__nominal_pipeline__nominal__drop': 'first', 'estimator__preprocessor__nominal_pipeline__nominal__dtype': <class 'numpy.float64'>, 'estimator__preprocessor__nominal_pipeline__nominal__feature_name_combiner': 'concat', 'estimator__preprocessor__nominal_pipeline__nominal__handle_unknown': 'ignore', 'estimator__preprocessor__nominal_pipeline__nominal__max_categories': None, 'estimator__preprocessor__nominal_pipeline__nominal__min_frequency': None, 'estimator__preprocessor__nominal_pipeline__nominal__sparse_output': False, 'estimator__smote__k_neighbors': 5, 'estimator__smote__random_state': 42, 'estimator__smote__sampling_strategy': 0.3, 'estimator__classifier__bootstrap': True, 'estimator__classifier__ccp_alpha': 0.0, 'estimator__classifier__class_weight': None, 'estimator__classifier__criterion': 'gini', 'estimator__classifier__max_depth': 10, 'estimator__classifier__max_features': 'sqrt', 'estimator__classifier__max_leaf_nodes': None, 'estimator__classifier__max_samples': None, 'estimator__classifier__min_impurity_decrease': 0.0, 'estimator__classifier__min_samples_leaf': 20, 'estimator__classifier__min_samples_split': 50, 'estimator__classifier__min_weight_fraction_leaf': 0.0, 'estimator__classifier__monotonic_cst': None, 'estimator__classifier__n_estimators': 100, 'estimator__classifier__n_jobs': -1, 'estimator__classifier__oob_score': False, 'estimator__classifier__random_state': 42, 'estimator__classifier__verbose': 0, 'estimator__classifier__warm_start': False, 'estimator': Pipeline(steps=[('TC', DatetimeSinCosConverter()),
                ('preprocessor',
                 ColumnTransformer(transformers=[('feat_engin_time_features',
                                                  Pipeline(steps=[('imputer',
                                                                   SimpleImputer(strategy='median')),
                                                                  ('scale',
                                                                   StandardScaler())]),
                                                  ['sin_monthofyear',
                                                   'cos_monthofyear',
                                                   'sin_hourofday',
                                                   'cos_hourofday']),
                                                 ('numeric_feature_pipeline',
                                                  Pipeline(steps=[('imputer',
                                                                   SimpleImp...
                                                  ['WND_type_code']),
                                                 ('passthrough_features',
                                                  'passthrough',
                                                  ['WND_direction_angle_variable_wind_direction_flag']),
                                                 ('drop_features', 'drop',
                                                  ['DATE'])],
                                   verbose_feature_names_out=False)),
                ('smote', SMOTE(random_state=42, sampling_strategy=0.3)),
                ('classifier',
                 RandomForestClassifier(max_depth=10, min_samples_leaf=20,
                                        min_samples_split=50, n_jobs=-1,
                                        random_state=42))]), 'method': 'isotonic', 'n_jobs': None}",0.03997631009311817,0.0789623384604239,0.096,0.10256410256410256,0.07643312101910828,0.9208230230414277,0.002108574387498433
5,DT_RF_SMOTE,"{'cv': YearlyTemporalWindowSplit(end_year=2017, start_year=2001, val_window_size=2), 'ensemble': 'auto', 'estimator__memory': None, 'estimator__steps': [('DT', DewTempSpread(new_col='TMP-DEW')), ('preprocessor', ColumnTransformer(transformers=[('feat_engin_temp_dew',
                                 Pipeline(steps=[('imputer',
                                                  SimpleImputer(strategy='median')),
                                                 ('scale', StandardScaler())]),
                                 ['TMP-DEW']),
                                ('numeric_feature_pipeline',
                                 Pipeline(steps=[('imputer',
                                                  SimpleImputer(strategy='median')),
                                                 ('scale', StandardScaler())]),
                                 ['WND_direction_angle', 'WND_speed_rate',
                                  'CIG_ceiling_height', 'VIS_distance...
                                                                      func=<function encode_binary at 0x195f4bd80>))]),
                                 ['CIG_cavok_code', 'VIS_variability_code']),
                                ('nominal_pipeline',
                                 Pipeline(steps=[('nominal',
                                                  OneHotEncoder(drop='first',
                                                                handle_unknown='ignore',
                                                                sparse_output=False))]),
                                 ['WND_type_code']),
                                ('passthrough_features', 'passthrough',
                                 ['WND_direction_angle_variable_wind_direction_flag']),
                                ('drop_features', 'drop', ['DATE'])],
                  verbose_feature_names_out=False)), ('smote', SMOTE(random_state=42, sampling_strategy=0.3)), ('classifier', RandomForestClassifier(max_depth=10, min_samples_leaf=20, min_samples_split=50,
                       n_jobs=-1, random_state=42))], 'estimator__transform_input': None, 'estimator__verbose': False, 'estimator__DT': DewTempSpread(new_col='TMP-DEW'), 'estimator__preprocessor': ColumnTransformer(transformers=[('feat_engin_temp_dew',
                                 Pipeline(steps=[('imputer',
                                                  SimpleImputer(strategy='median')),
                                                 ('scale', StandardScaler())]),
                                 ['TMP-DEW']),
                                ('numeric_feature_pipeline',
                                 Pipeline(steps=[('imputer',
                                                  SimpleImputer(strategy='median')),
                                                 ('scale', StandardScaler())]),
                                 ['WND_direction_angle', 'WND_speed_rate',
                                  'CIG_ceiling_height', 'VIS_distance...
                                                                      func=<function encode_binary at 0x195f4bd80>))]),
                                 ['CIG_cavok_code', 'VIS_variability_code']),
                                ('nominal_pipeline',
                                 Pipeline(steps=[('nominal',
                                                  OneHotEncoder(drop='first',
                                                                handle_unknown='ignore',
                                                                sparse_output=False))]),
                                 ['WND_type_code']),
                                ('passthrough_features', 'passthrough',
                                 ['WND_direction_angle_variable_wind_direction_flag']),
                                ('drop_features', 'drop', ['DATE'])],
                  verbose_feature_names_out=False), 'estimator__smote': SMOTE(random_state=42, sampling_strategy=0.3), 'estimator__classifier': RandomForestClassifier(max_depth=10, min_samples_leaf=20, min_samples_split=50,
                       n_jobs=-1, random_state=42), 'estimator__DT__new_col': 'TMP-DEW', 'estimator__preprocessor__force_int_remainder_cols': 'deprecated', 'estimator__preprocessor__n_jobs': None, 'estimator__preprocessor__remainder': 'drop', 'estimator__preprocessor__sparse_threshold': 0.3, 'estimator__preprocessor__transformer_weights': None, 'estimator__preprocessor__transformers': [('feat_engin_temp_dew', Pipeline(steps=[('imputer', SimpleImputer(strategy='median')),
                ('scale', StandardScaler())]), ['TMP-DEW']), ('numeric_feature_pipeline', Pipeline(steps=[('imputer', SimpleImputer(strategy='median')),
                ('scale', StandardScaler())]), ['WND_direction_angle', 'WND_speed_rate', 'CIG_ceiling_height', 'VIS_distance', 'TMP_air_temperature', 'DEW_dew_point', 'SLP_sea_level_pressure']), ('binary_pipeline', Pipeline(steps=[('binary',
                 FunctionTransformer(feature_names_out='one-to-one',
                                     func=<function encode_binary at 0x195f4bd80>))]), ['CIG_cavok_code', 'VIS_variability_code']), ('nominal_pipeline', Pipeline(steps=[('nominal',
                 OneHotEncoder(drop='first', handle_unknown='ignore',
                               sparse_output=False))]), ['WND_type_code']), ('passthrough_features', 'passthrough', ['WND_direction_angle_variable_wind_direction_flag']), ('drop_features', 'drop', ['DATE'])], 'estimator__preprocessor__verbose': False, 'estimator__preprocessor__verbose_feature_names_out': False, 'estimator__preprocessor__feat_engin_temp_dew': Pipeline(steps=[('imputer', SimpleImputer(strategy='median')),
                ('scale', StandardScaler())]), 'estimator__preprocessor__numeric_feature_pipeline': Pipeline(steps=[('imputer', SimpleImputer(strategy='median')),
                ('scale', StandardScaler())]), 'estimator__preprocessor__binary_pipeline': Pipeline(steps=[('binary',
                 FunctionTransformer(feature_names_out='one-to-one',
                                     func=<function encode_binary at 0x195f4bd80>))]), 'estimator__preprocessor__nominal_pipeline': Pipeline(steps=[('nominal',
                 OneHotEncoder(drop='first', handle_unknown='ignore',
                               sparse_output=False))]), 'estimator__preprocessor__passthrough_features': 'passthrough', 'estimator__preprocessor__drop_features': 'drop', 'estimator__preprocessor__feat_engin_temp_dew__memory': None, 'estimator__preprocessor__feat_engin_temp_dew__steps': [('imputer', SimpleImputer(strategy='median')), ('scale', StandardScaler())], 'estimator__preprocessor__feat_engin_temp_dew__transform_input': None, 'estimator__preprocessor__feat_engin_temp_dew__verbose': False, 'estimator__preprocessor__feat_engin_temp_dew__imputer': SimpleImputer(strategy='median'), 'estimator__preprocessor__feat_engin_temp_dew__scale': StandardScaler(), 'estimator__preprocessor__feat_engin_temp_dew__imputer__add_indicator': False, 'estimator__preprocessor__feat_engin_temp_dew__imputer__copy': True, 'estimator__preprocessor__feat_engin_temp_dew__imputer__fill_value': None, 'estimator__preprocessor__feat_engin_temp_dew__imputer__keep_empty_features': False, 'estimator__preprocessor__feat_engin_temp_dew__imputer__missing_values': nan, 'estimator__preprocessor__feat_engin_temp_dew__imputer__strategy': 'median', 'estimator__preprocessor__feat_engin_temp_dew__scale__copy': True, 'estimator__preprocessor__feat_engin_temp_dew__scale__with_mean': True, 'estimator__preprocessor__feat_engin_temp_dew__scale__with_std': True, 'estimator__preprocessor__numeric_feature_pipeline__memory': None, 'estimator__preprocessor__numeric_feature_pipeline__steps': [('imputer', SimpleImputer(strategy='median')), ('scale', StandardScaler())], 'estimator__preprocessor__numeric_feature_pipeline__transform_input': None, 'estimator__preprocessor__numeric_feature_pipeline__verbose': False, 'estimator__preprocessor__numeric_feature_pipeline__imputer': SimpleImputer(strategy='median'), 'estimator__preprocessor__numeric_feature_pipeline__scale': StandardScaler(), 'estimator__preprocessor__numeric_feature_pipeline__imputer__add_indicator': False, 'estimator__preprocessor__numeric_feature_pipeline__imputer__copy': True, 'estimator__preprocessor__numeric_feature_pipeline__imputer__fill_value': None, 'estimator__preprocessor__numeric_feature_pipeline__imputer__keep_empty_features': False, 'estimator__preprocessor__numeric_feature_pipeline__imputer__missing_values': nan, 'estimator__preprocessor__numeric_feature_pipeline__imputer__strategy': 'median', 'estimator__preprocessor__numeric_feature_pipeline__scale__copy': True, 'estimator__preprocessor__numeric_feature_pipeline__scale__with_mean': True, 'estimator__preprocessor__numeric_feature_pipeline__scale__with_std': True, 'estimator__preprocessor__binary_pipeline__memory': None, 'estimator__preprocessor__binary_pipeline__steps': [('binary', FunctionTransformer(feature_names_out='one-to-one',
                    func=<function encode_binary at 0x195f4bd80>))], 'estimator__preprocessor__binary_pipeline__transform_input': None, 'estimator__preprocessor__binary_pipeline__verbose': False, 'estimator__preprocessor__binary_pipeline__binary': FunctionTransformer(feature_names_out='one-to-one',
                    func=<function encode_binary at 0x195f4bd80>), 'estimator__preprocessor__binary_pipeline__binary__accept_sparse': False, 'estimator__preprocessor__binary_pipeline__binary__check_inverse': True, 'estimator__preprocessor__binary_pipeline__binary__feature_names_out': 'one-to-one', 'estimator__preprocessor__binary_pipeline__binary__func': <function encode_binary at 0x195f4bd80>, 'estimator__preprocessor__binary_pipeline__binary__inv_kw_args': None, 'estimator__preprocessor__binary_pipeline__binary__inverse_func': None, 'estimator__preprocessor__binary_pipeline__binary__kw_args': None, 'estimator__preprocessor__binary_pipeline__binary__validate': False, 'estimator__preprocessor__nominal_pipeline__memory': None, 'estimator__preprocessor__nominal_pipeline__steps': [('nominal', OneHotEncoder(drop='first', handle_unknown='ignore', sparse_output=False))], 'estimator__preprocessor__nominal_pipeline__transform_input': None, 'estimator__preprocessor__nominal_pipeline__verbose': False, 'estimator__preprocessor__nominal_pipeline__nominal': OneHotEncoder(drop='first', handle_unknown='ignore', sparse_output=False), 'estimator__preprocessor__nominal_pipeline__nominal__categories': 'auto', 'estimator__preprocessor__nominal_pipeline__nominal__drop': 'first', 'estimator__preprocessor__nominal_pipeline__nominal__dtype': <class 'numpy.float64'>, 'estimator__preprocessor__nominal_pipeline__nominal__feature_name_combiner': 'concat', 'estimator__preprocessor__nominal_pipeline__nominal__handle_unknown': 'ignore', 'estimator__preprocessor__nominal_pipeline__nominal__max_categories': None, 'estimator__preprocessor__nominal_pipeline__nominal__min_frequency': None, 'estimator__preprocessor__nominal_pipeline__nominal__sparse_output': False, 'estimator__smote__k_neighbors': 5, 'estimator__smote__random_state': 42, 'estimator__smote__sampling_strategy': 0.3, 'estimator__classifier__bootstrap': True, 'estimator__classifier__ccp_alpha': 0.0, 'estimator__classifier__class_weight': None, 'estimator__classifier__criterion': 'gini', 'estimator__classifier__max_depth': 10, 'estimator__classifier__max_features': 'sqrt', 'estimator__classifier__max_leaf_nodes': None, 'estimator__classifier__max_samples': None, 'estimator__classifier__min_impurity_decrease': 0.0, 'estimator__classifier__min_samples_leaf': 20, 'estimator__classifier__min_samples_split': 50, 'estimator__classifier__min_weight_fraction_leaf': 0.0, 'estimator__classifier__monotonic_cst': None, 'estimator__classifier__n_estimators': 100, 'estimator__classifier__n_jobs': -1, 'estimator__classifier__oob_score': False, 'estimator__classifier__random_state': 42, 'estimator__classifier__verbose': 0, 'estimator__classifier__warm_start': False, 'estimator': Pipeline(steps=[('DT', DewTempSpread(new_col='TMP-DEW')),
                ('preprocessor',
                 ColumnTransformer(transformers=[('feat_engin_temp_dew',
                                                  Pipeline(steps=[('imputer',
                                                                   SimpleImputer(strategy='median')),
                                                                  ('scale',
                                                                   StandardScaler())]),
                                                  ['TMP-DEW']),
                                                 ('numeric_feature_pipeline',
                                                  Pipeline(steps=[('imputer',
                                                                   SimpleImputer(strategy='median')),
                                                                  ('scale',
                                                                   StandardScaler())]),
                                                  ['...
                                                  ['WND_type_code']),
                                                 ('passthrough_features',
                                                  'passthrough',
                                                  ['WND_direction_angle_variable_wind_direction_flag']),
                                                 ('drop_features', 'drop',
                                                  ['DATE'])],
                                   verbose_feature_names_out=False)),
                ('smote', SMOTE(random_state=42, sampling_strategy=0.3)),
                ('classifier',
                 RandomForestClassifier(max_depth=10, min_samples_leaf=20,
                                        min_samples_split=50, n_jobs=-1,
                                        random_state=42))]), 'method': 'isotonic', 'n_jobs': None}",0.02402174032996755,0.01904845598331391,0.05079825834542816,0.05982905982905983,0.03167420814479638,0.8935237321852201,0.0021572868528720503
6,HR_RF_SMOTE,"{'cv': YearlyTemporalWindowSplit(end_year=2017, start_year=2001, val_window_size=2), 'ensemble': 'auto', 'estimator__memory': None, 'estimator__steps': [('HR', HourlyRates(columns=['DEW_dew_point', 'TMP_air_temperature',
                     'SLP_sea_level_pressure'],
            max_gap_hours=2, min_gap_hours=1)), ('preprocessor', ColumnTransformer(transformers=[('feat_engin_rolling_average',
                                 Pipeline(steps=[('imputer',
                                                  SimpleImputer(strategy='median')),
                                                 ('scale', StandardScaler())]),
                                 ['PER_HOUR_DEW_dew_point',
                                  'PER_HOUR_TMP_air_temperature',
                                  'PER_HOUR_SLP_sea_level_pressure']),
                                ('numeric_feature_pipeline',
                                 Pipeline(steps=[('imputer',
                                                  SimpleImputer(strategy='median')),
                                                 ('scale', Standar...
                                                                      func=<function encode_binary at 0x195f4bd80>))]),
                                 ['CIG_cavok_code', 'VIS_variability_code']),
                                ('nominal_pipeline',
                                 Pipeline(steps=[('nominal',
                                                  OneHotEncoder(drop='first',
                                                                handle_unknown='ignore',
                                                                sparse_output=False))]),
                                 ['WND_type_code']),
                                ('passthrough_features', 'passthrough',
                                 ['WND_direction_angle_variable_wind_direction_flag']),
                                ('drop_features', 'drop', ['DATE'])],
                  verbose_feature_names_out=False)), ('smote', SMOTE(random_state=42, sampling_strategy=0.3)), ('classifier', RandomForestClassifier(max_depth=10, min_samples_leaf=20, min_samples_split=50,
                       n_jobs=-1, random_state=42))], 'estimator__transform_input': None, 'estimator__verbose': False, 'estimator__HR': HourlyRates(columns=['DEW_dew_point', 'TMP_air_temperature',
                     'SLP_sea_level_pressure'],
            max_gap_hours=2, min_gap_hours=1), 'estimator__preprocessor': ColumnTransformer(transformers=[('feat_engin_rolling_average',
                                 Pipeline(steps=[('imputer',
                                                  SimpleImputer(strategy='median')),
                                                 ('scale', StandardScaler())]),
                                 ['PER_HOUR_DEW_dew_point',
                                  'PER_HOUR_TMP_air_temperature',
                                  'PER_HOUR_SLP_sea_level_pressure']),
                                ('numeric_feature_pipeline',
                                 Pipeline(steps=[('imputer',
                                                  SimpleImputer(strategy='median')),
                                                 ('scale', Standar...
                                                                      func=<function encode_binary at 0x195f4bd80>))]),
                                 ['CIG_cavok_code', 'VIS_variability_code']),
                                ('nominal_pipeline',
                                 Pipeline(steps=[('nominal',
                                                  OneHotEncoder(drop='first',
                                                                handle_unknown='ignore',
                                                                sparse_output=False))]),
                                 ['WND_type_code']),
                                ('passthrough_features', 'passthrough',
                                 ['WND_direction_angle_variable_wind_direction_flag']),
                                ('drop_features', 'drop', ['DATE'])],
                  verbose_feature_names_out=False), 'estimator__smote': SMOTE(random_state=42, sampling_strategy=0.3), 'estimator__classifier': RandomForestClassifier(max_depth=10, min_samples_leaf=20, min_samples_split=50,
                       n_jobs=-1, random_state=42), 'estimator__HR__columns': ['DEW_dew_point', 'TMP_air_temperature', 'SLP_sea_level_pressure'], 'estimator__HR__id_col': 'STATION', 'estimator__HR__max_gap_hours': 2, 'estimator__HR__min_gap_hours': 1, 'estimator__HR__time_col': 'DATE', 'estimator__preprocessor__force_int_remainder_cols': 'deprecated', 'estimator__preprocessor__n_jobs': None, 'estimator__preprocessor__remainder': 'drop', 'estimator__preprocessor__sparse_threshold': 0.3, 'estimator__preprocessor__transformer_weights': None, 'estimator__preprocessor__transformers': [('feat_engin_rolling_average', Pipeline(steps=[('imputer', SimpleImputer(strategy='median')),
                ('scale', StandardScaler())]), ['PER_HOUR_DEW_dew_point', 'PER_HOUR_TMP_air_temperature', 'PER_HOUR_SLP_sea_level_pressure']), ('numeric_feature_pipeline', Pipeline(steps=[('imputer', SimpleImputer(strategy='median')),
                ('scale', StandardScaler())]), ['WND_direction_angle', 'WND_speed_rate', 'CIG_ceiling_height', 'VIS_distance', 'TMP_air_temperature', 'DEW_dew_point', 'SLP_sea_level_pressure']), ('binary_pipeline', Pipeline(steps=[('binary',
                 FunctionTransformer(feature_names_out='one-to-one',
                                     func=<function encode_binary at 0x195f4bd80>))]), ['CIG_cavok_code', 'VIS_variability_code']), ('nominal_pipeline', Pipeline(steps=[('nominal',
                 OneHotEncoder(drop='first', handle_unknown='ignore',
                               sparse_output=False))]), ['WND_type_code']), ('passthrough_features', 'passthrough', ['WND_direction_angle_variable_wind_direction_flag']), ('drop_features', 'drop', ['DATE'])], 'estimator__preprocessor__verbose': False, 'estimator__preprocessor__verbose_feature_names_out': False, 'estimator__preprocessor__feat_engin_rolling_average': Pipeline(steps=[('imputer', SimpleImputer(strategy='median')),
                ('scale', StandardScaler())]), 'estimator__preprocessor__numeric_feature_pipeline': Pipeline(steps=[('imputer', SimpleImputer(strategy='median')),
                ('scale', StandardScaler())]), 'estimator__preprocessor__binary_pipeline': Pipeline(steps=[('binary',
                 FunctionTransformer(feature_names_out='one-to-one',
                                     func=<function encode_binary at 0x195f4bd80>))]), 'estimator__preprocessor__nominal_pipeline': Pipeline(steps=[('nominal',
                 OneHotEncoder(drop='first', handle_unknown='ignore',
                               sparse_output=False))]), 'estimator__preprocessor__passthrough_features': 'passthrough', 'estimator__preprocessor__drop_features': 'drop', 'estimator__preprocessor__feat_engin_rolling_average__memory': None, 'estimator__preprocessor__feat_engin_rolling_average__steps': [('imputer', SimpleImputer(strategy='median')), ('scale', StandardScaler())], 'estimator__preprocessor__feat_engin_rolling_average__transform_input': None, 'estimator__preprocessor__feat_engin_rolling_average__verbose': False, 'estimator__preprocessor__feat_engin_rolling_average__imputer': SimpleImputer(strategy='median'), 'estimator__preprocessor__feat_engin_rolling_average__scale': StandardScaler(), 'estimator__preprocessor__feat_engin_rolling_average__imputer__add_indicator': False, 'estimator__preprocessor__feat_engin_rolling_average__imputer__copy': True, 'estimator__preprocessor__feat_engin_rolling_average__imputer__fill_value': None, 'estimator__preprocessor__feat_engin_rolling_average__imputer__keep_empty_features': False, 'estimator__preprocessor__feat_engin_rolling_average__imputer__missing_values': nan, 'estimator__preprocessor__feat_engin_rolling_average__imputer__strategy': 'median', 'estimator__preprocessor__feat_engin_rolling_average__scale__copy': True, 'estimator__preprocessor__feat_engin_rolling_average__scale__with_mean': True, 'estimator__preprocessor__feat_engin_rolling_average__scale__with_std': True, 'estimator__preprocessor__numeric_feature_pipeline__memory': None, 'estimator__preprocessor__numeric_feature_pipeline__steps': [('imputer', SimpleImputer(strategy='median')), ('scale', StandardScaler())], 'estimator__preprocessor__numeric_feature_pipeline__transform_input': None, 'estimator__preprocessor__numeric_feature_pipeline__verbose': False, 'estimator__preprocessor__numeric_feature_pipeline__imputer': SimpleImputer(strategy='median'), 'estimator__preprocessor__numeric_feature_pipeline__scale': StandardScaler(), 'estimator__preprocessor__numeric_feature_pipeline__imputer__add_indicator': False, 'estimator__preprocessor__numeric_feature_pipeline__imputer__copy': True, 'estimator__preprocessor__numeric_feature_pipeline__imputer__fill_value': None, 'estimator__preprocessor__numeric_feature_pipeline__imputer__keep_empty_features': False, 'estimator__preprocessor__numeric_feature_pipeline__imputer__missing_values': nan, 'estimator__preprocessor__numeric_feature_pipeline__imputer__strategy': 'median', 'estimator__preprocessor__numeric_feature_pipeline__scale__copy': True, 'estimator__preprocessor__numeric_feature_pipeline__scale__with_mean': True, 'estimator__preprocessor__numeric_feature_pipeline__scale__with_std': True, 'estimator__preprocessor__binary_pipeline__memory': None, 'estimator__preprocessor__binary_pipeline__steps': [('binary', FunctionTransformer(feature_names_out='one-to-one',
                    func=<function encode_binary at 0x195f4bd80>))], 'estimator__preprocessor__binary_pipeline__transform_input': None, 'estimator__preprocessor__binary_pipeline__verbose': False, 'estimator__preprocessor__binary_pipeline__binary': FunctionTransformer(feature_names_out='one-to-one',
                    func=<function encode_binary at 0x195f4bd80>), 'estimator__preprocessor__binary_pipeline__binary__accept_sparse': False, 'estimator__preprocessor__binary_pipeline__binary__check_inverse': True, 'estimator__preprocessor__binary_pipeline__binary__feature_names_out': 'one-to-one', 'estimator__preprocessor__binary_pipeline__binary__func': <function encode_binary at 0x195f4bd80>, 'estimator__preprocessor__binary_pipeline__binary__inv_kw_args': None, 'estimator__preprocessor__binary_pipeline__binary__inverse_func': None, 'estimator__preprocessor__binary_pipeline__binary__kw_args': None, 'estimator__preprocessor__binary_pipeline__binary__validate': False, 'estimator__preprocessor__nominal_pipeline__memory': None, 'estimator__preprocessor__nominal_pipeline__steps': [('nominal', OneHotEncoder(drop='first', handle_unknown='ignore', sparse_output=False))], 'estimator__preprocessor__nominal_pipeline__transform_input': None, 'estimator__preprocessor__nominal_pipeline__verbose': False, 'estimator__preprocessor__nominal_pipeline__nominal': OneHotEncoder(drop='first', handle_unknown='ignore', sparse_output=False), 'estimator__preprocessor__nominal_pipeline__nominal__categories': 'auto', 'estimator__preprocessor__nominal_pipeline__nominal__drop': 'first', 'estimator__preprocessor__nominal_pipeline__nominal__dtype': <class 'numpy.float64'>, 'estimator__preprocessor__nominal_pipeline__nominal__feature_name_combiner': 'concat', 'estimator__preprocessor__nominal_pipeline__nominal__handle_unknown': 'ignore', 'estimator__preprocessor__nominal_pipeline__nominal__max_categories': None, 'estimator__preprocessor__nominal_pipeline__nominal__min_frequency': None, 'estimator__preprocessor__nominal_pipeline__nominal__sparse_output': False, 'estimator__smote__k_neighbors': 5, 'estimator__smote__random_state': 42, 'estimator__smote__sampling_strategy': 0.3, 'estimator__classifier__bootstrap': True, 'estimator__classifier__ccp_alpha': 0.0, 'estimator__classifier__class_weight': None, 'estimator__classifier__criterion': 'gini', 'estimator__classifier__max_depth': 10, 'estimator__classifier__max_features': 'sqrt', 'estimator__classifier__max_leaf_nodes': None, 'estimator__classifier__max_samples': None, 'estimator__classifier__min_impurity_decrease': 0.0, 'estimator__classifier__min_samples_leaf': 20, 'estimator__classifier__min_samples_split': 50, 'estimator__classifier__min_weight_fraction_leaf': 0.0, 'estimator__classifier__monotonic_cst': None, 'estimator__classifier__n_estimators': 100, 'estimator__classifier__n_jobs': -1, 'estimator__classifier__oob_score': False, 'estimator__classifier__random_state': 42, 'estimator__classifier__verbose': 0, 'estimator__classifier__warm_start': False, 'estimator': Pipeline(steps=[('HR',
                 HourlyRates(columns=['DEW_dew_point', 'TMP_air_temperature',
                                      'SLP_sea_level_pressure'],
                             max_gap_hours=2, min_gap_hours=1)),
                ('preprocessor',
                 ColumnTransformer(transformers=[('feat_engin_rolling_average',
                                                  Pipeline(steps=[('imputer',
                                                                   SimpleImputer(strategy='median')),
                                                                  ('scale',
                                                                   StandardScaler())]),
                                                  ['PER_HOUR_DEW_dew_point',
                                                   'PER_HOUR_TMP_a...
                                                  ['WND_type_code']),
                                                 ('passthrough_features',
                                                  'passthrough',
                                                  ['WND_direction_angle_variable_wind_direction_flag']),
                                                 ('drop_features', 'drop',
                                                  ['DATE'])],
                                   verbose_feature_names_out=False)),
                ('smote', SMOTE(random_state=42, sampling_strategy=0.3)),
                ('classifier',
                 RandomForestClassifier(max_depth=10, min_samples_leaf=20,
                                        min_samples_split=50, n_jobs=-1,
                                        random_state=42))]), 'method': 'isotonic', 'n_jobs': None}",0.02863027366298746,0.021196530374524816,0.05328596802841918,0.05128205128205128,0.06315789473684211,0.9044541578247136,0.0021555833840214696
7,OG_RF_SMOTE,"{'cv': YearlyTemporalWindowSplit(end_year=2017, start_year=2001, val_window_size=2), 'ensemble': 'auto', 'estimator__memory': None, 'estimator__steps': [('preprocessor', ColumnTransformer(transformers=[('numeric_feature_pipeline',
                                 Pipeline(steps=[('imputer',
                                                  SimpleImputer(strategy='median')),
                                                 ('scale', StandardScaler())]),
                                 ['WND_direction_angle', 'WND_speed_rate',
                                  'CIG_ceiling_height', 'VIS_distance',
                                  'TMP_air_temperature', 'DEW_dew_point',
                                  'SLP_sea_level_pressure']),
                                ('binary_pipeline',
                                 Pipeline(steps=[('binary',
                                                  FunctionTransf...
                                                                      func=<function encode_binary at 0x195f4bd80>))]),
                                 ['CIG_cavok_code', 'VIS_variability_code']),
                                ('nominal_pipeline',
                                 Pipeline(steps=[('nominal',
                                                  OneHotEncoder(drop='first',
                                                                handle_unknown='ignore',
                                                                sparse_output=False))]),
                                 ['WND_type_code']),
                                ('passthrough_features', 'passthrough',
                                 ['WND_direction_angle_variable_wind_direction_flag']),
                                ('drop_features', 'drop', ['DATE'])],
                  verbose_feature_names_out=False)), ('smote', SMOTE(random_state=42, sampling_strategy=0.3)), ('classifier', RandomForestClassifier(max_depth=10, min_samples_leaf=20, min_samples_split=50,
                       n_jobs=-1, random_state=42))], 'estimator__transform_input': None, 'estimator__verbose': False, 'estimator__preprocessor': ColumnTransformer(transformers=[('numeric_feature_pipeline',
                                 Pipeline(steps=[('imputer',
                                                  SimpleImputer(strategy='median')),
                                                 ('scale', StandardScaler())]),
                                 ['WND_direction_angle', 'WND_speed_rate',
                                  'CIG_ceiling_height', 'VIS_distance',
                                  'TMP_air_temperature', 'DEW_dew_point',
                                  'SLP_sea_level_pressure']),
                                ('binary_pipeline',
                                 Pipeline(steps=[('binary',
                                                  FunctionTransf...
                                                                      func=<function encode_binary at 0x195f4bd80>))]),
                                 ['CIG_cavok_code', 'VIS_variability_code']),
                                ('nominal_pipeline',
                                 Pipeline(steps=[('nominal',
                                                  OneHotEncoder(drop='first',
                                                                handle_unknown='ignore',
                                                                sparse_output=False))]),
                                 ['WND_type_code']),
                                ('passthrough_features', 'passthrough',
                                 ['WND_direction_angle_variable_wind_direction_flag']),
                                ('drop_features', 'drop', ['DATE'])],
                  verbose_feature_names_out=False), 'estimator__smote': SMOTE(random_state=42, sampling_strategy=0.3), 'estimator__classifier': RandomForestClassifier(max_depth=10, min_samples_leaf=20, min_samples_split=50,
                       n_jobs=-1, random_state=42), 'estimator__preprocessor__force_int_remainder_cols': 'deprecated', 'estimator__preprocessor__n_jobs': None, 'estimator__preprocessor__remainder': 'drop', 'estimator__preprocessor__sparse_threshold': 0.3, 'estimator__preprocessor__transformer_weights': None, 'estimator__preprocessor__transformers': [('numeric_feature_pipeline', Pipeline(steps=[('imputer', SimpleImputer(strategy='median')),
                ('scale', StandardScaler())]), ['WND_direction_angle', 'WND_speed_rate', 'CIG_ceiling_height', 'VIS_distance', 'TMP_air_temperature', 'DEW_dew_point', 'SLP_sea_level_pressure']), ('binary_pipeline', Pipeline(steps=[('binary',
                 FunctionTransformer(feature_names_out='one-to-one',
                                     func=<function encode_binary at 0x195f4bd80>))]), ['CIG_cavok_code', 'VIS_variability_code']), ('nominal_pipeline', Pipeline(steps=[('nominal',
                 OneHotEncoder(drop='first', handle_unknown='ignore',
                               sparse_output=False))]), ['WND_type_code']), ('passthrough_features', 'passthrough', ['WND_direction_angle_variable_wind_direction_flag']), ('drop_features', 'drop', ['DATE'])], 'estimator__preprocessor__verbose': False, 'estimator__preprocessor__verbose_feature_names_out': False, 'estimator__preprocessor__numeric_feature_pipeline': Pipeline(steps=[('imputer', SimpleImputer(strategy='median')),
                ('scale', StandardScaler())]), 'estimator__preprocessor__binary_pipeline': Pipeline(steps=[('binary',
                 FunctionTransformer(feature_names_out='one-to-one',
                                     func=<function encode_binary at 0x195f4bd80>))]), 'estimator__preprocessor__nominal_pipeline': Pipeline(steps=[('nominal',
                 OneHotEncoder(drop='first', handle_unknown='ignore',
                               sparse_output=False))]), 'estimator__preprocessor__passthrough_features': 'passthrough', 'estimator__preprocessor__drop_features': 'drop', 'estimator__preprocessor__numeric_feature_pipeline__memory': None, 'estimator__preprocessor__numeric_feature_pipeline__steps': [('imputer', SimpleImputer(strategy='median')), ('scale', StandardScaler())], 'estimator__preprocessor__numeric_feature_pipeline__transform_input': None, 'estimator__preprocessor__numeric_feature_pipeline__verbose': False, 'estimator__preprocessor__numeric_feature_pipeline__imputer': SimpleImputer(strategy='median'), 'estimator__preprocessor__numeric_feature_pipeline__scale': StandardScaler(), 'estimator__preprocessor__numeric_feature_pipeline__imputer__add_indicator': False, 'estimator__preprocessor__numeric_feature_pipeline__imputer__copy': True, 'estimator__preprocessor__numeric_feature_pipeline__imputer__fill_value': None, 'estimator__preprocessor__numeric_feature_pipeline__imputer__keep_empty_features': False, 'estimator__preprocessor__numeric_feature_pipeline__imputer__missing_values': nan, 'estimator__preprocessor__numeric_feature_pipeline__imputer__strategy': 'median', 'estimator__preprocessor__numeric_feature_pipeline__scale__copy': True, 'estimator__preprocessor__numeric_feature_pipeline__scale__with_mean': True, 'estimator__preprocessor__numeric_feature_pipeline__scale__with_std': True, 'estimator__preprocessor__binary_pipeline__memory': None, 'estimator__preprocessor__binary_pipeline__steps': [('binary', FunctionTransformer(feature_names_out='one-to-one',
                    func=<function encode_binary at 0x195f4bd80>))], 'estimator__preprocessor__binary_pipeline__transform_input': None, 'estimator__preprocessor__binary_pipeline__verbose': False, 'estimator__preprocessor__binary_pipeline__binary': FunctionTransformer(feature_names_out='one-to-one',
                    func=<function encode_binary at 0x195f4bd80>), 'estimator__preprocessor__binary_pipeline__binary__accept_sparse': False, 'estimator__preprocessor__binary_pipeline__binary__check_inverse': True, 'estimator__preprocessor__binary_pipeline__binary__feature_names_out': 'one-to-one', 'estimator__preprocessor__binary_pipeline__binary__func': <function encode_binary at 0x195f4bd80>, 'estimator__preprocessor__binary_pipeline__binary__inv_kw_args': None, 'estimator__preprocessor__binary_pipeline__binary__inverse_func': None, 'estimator__preprocessor__binary_pipeline__binary__kw_args': None, 'estimator__preprocessor__binary_pipeline__binary__validate': False, 'estimator__preprocessor__nominal_pipeline__memory': None, 'estimator__preprocessor__nominal_pipeline__steps': [('nominal', OneHotEncoder(drop='first', handle_unknown='ignore', sparse_output=False))], 'estimator__preprocessor__nominal_pipeline__transform_input': None, 'estimator__preprocessor__nominal_pipeline__verbose': False, 'estimator__preprocessor__nominal_pipeline__nominal': OneHotEncoder(drop='first', handle_unknown='ignore', sparse_output=False), 'estimator__preprocessor__nominal_pipeline__nominal__categories': 'auto', 'estimator__preprocessor__nominal_pipeline__nominal__drop': 'first', 'estimator__preprocessor__nominal_pipeline__nominal__dtype': <class 'numpy.float64'>, 'estimator__preprocessor__nominal_pipeline__nominal__feature_name_combiner': 'concat', 'estimator__preprocessor__nominal_pipeline__nominal__handle_unknown': 'ignore', 'estimator__preprocessor__nominal_pipeline__nominal__max_categories': None, 'estimator__preprocessor__nominal_pipeline__nominal__min_frequency': None, 'estimator__preprocessor__nominal_pipeline__nominal__sparse_output': False, 'estimator__smote__k_neighbors': 5, 'estimator__smote__random_state': 42, 'estimator__smote__sampling_strategy': 0.3, 'estimator__classifier__bootstrap': True, 'estimator__classifier__ccp_alpha': 0.0, 'estimator__classifier__class_weight': None, 'estimator__classifier__criterion': 'gini', 'estimator__classifier__max_depth': 10, 'estimator__classifier__max_features': 'sqrt', 'estimator__classifier__max_leaf_nodes': None, 'estimator__classifier__max_samples': None, 'estimator__classifier__min_impurity_decrease': 0.0, 'estimator__classifier__min_samples_leaf': 20, 'estimator__classifier__min_samples_split': 50, 'estimator__classifier__min_weight_fraction_leaf': 0.0, 'estimator__classifier__monotonic_cst': None, 'estimator__classifier__n_estimators': 100, 'estimator__classifier__n_jobs': -1, 'estimator__classifier__oob_score': False, 'estimator__classifier__random_state': 42, 'estimator__classifier__verbose': 0, 'estimator__classifier__warm_start': False, 'estimator': Pipeline(steps=[('preprocessor',
                 ColumnTransformer(transformers=[('numeric_feature_pipeline',
                                                  Pipeline(steps=[('imputer',
                                                                   SimpleImputer(strategy='median')),
                                                                  ('scale',
                                                                   StandardScaler())]),
                                                  ['WND_direction_angle',
                                                   'WND_speed_rate',
                                                   'CIG_ceiling_height',
                                                   'VIS_distance',
                                                   'TMP_air_temperature',
                                                   'DEW_dew_point',
                                                   'SLP_sea_level_pressure']),
                                                 ('binary_pipeline',
                                                  Pipeline...
                                                  ['WND_type_code']),
                                                 ('passthrough_features',
                                                  'passthrough',
                                                  ['WND_direction_angle_variable_wind_direction_flag']),
                                                 ('drop_features', 'drop',
                                                  ['DATE'])],
                                   verbose_feature_names_out=False)),
                ('smote', SMOTE(random_state=42, sampling_strategy=0.3)),
                ('classifier',
                 RandomForestClassifier(max_depth=10, min_samples_leaf=20,
                                        min_samples_split=50, n_jobs=-1,
                                        random_state=42))]), 'method': 'isotonic', 'n_jobs': None}",0.027516293939873142,0.019542300193196062,0.05025125628140704,0.05128205128205128,0.046511627906976744,0.897969207658855,0.0021578046469192787
