,Model,Parameters,validation_Threshold,validation_avg_precision,validation_F2,validation_Recall,validation_Precision,validation_roc_auc,validation_brier_score
0,TC_DT_HR_XGBoost_ROS,"{'cv': YearlyTemporalWindowSplit(end_year=2017, start_year=2001, val_window_size=2), 'ensemble': 'auto', 'estimator__memory': None, 'estimator__steps': [('DT', DewTempSpread(new_col='TMP-DEW')), ('TC', DatetimeSinCosConverter()), ('HR', HourlyRates(columns=['DEW_dew_point', 'TMP_air_temperature',
                     'SLP_sea_level_pressure'],
            max_gap_hours=2, min_gap_hours=1)), ('preprocessor', ColumnTransformer(transformers=[('feat_engin_temp_dew',
                                 Pipeline(steps=[('imputer',
                                                  SimpleImputer(strategy='median')),
                                                 ('scale', StandardScaler())]),
                                 ['TMP-DEW']),
                                ('feat_engin_rolling_average',
                                 Pipeline(steps=[('imputer',
                                                  SimpleImputer(strategy='median')),
                                                 ('scale', StandardScaler())]),
                                 ['PER_HOUR_DEW_dew_point',
                                  'PER_HOUR_TMP_air_temperature',
                                  'PER_HOUR_SLP_s...
                                                                      func=<function encode_binary at 0x195f4bd80>))]),
                                 ['CIG_cavok_code', 'VIS_variability_code']),
                                ('nominal_pipeline',
                                 Pipeline(steps=[('nominal',
                                                  OneHotEncoder(drop='first',
                                                                handle_unknown='ignore',
                                                                sparse_output=False))]),
                                 ['WND_type_code']),
                                ('passthrough_features', 'passthrough',
                                 ['WND_direction_angle_variable_wind_direction_flag']),
                                ('drop_features', 'drop', ['DATE'])],
                  verbose_feature_names_out=False)), ('over_random', RandomOverSampler(random_state=42)), ('classifier', XGBClassifier(base_score=None, booster=None, callbacks=None,
              colsample_bylevel=None, colsample_bynode=None,
              colsample_bytree=0.8, device=None, early_stopping_rounds=None,
              enable_categorical=False, eval_metric='logloss',
              feature_types=None, gamma=None, grow_policy=None,
              importance_type=None, interaction_constraints=None,
              learning_rate=0.05, max_bin=None, max_cat_threshold=None,
              max_cat_to_onehot=None, max_delta_step=None, max_depth=6,
              max_leaves=None, min_child_weight=None, missing=nan,
              monotone_constraints=None, multi_strategy=None, n_estimators=200,
              n_jobs=None, num_parallel_tree=None, random_state=42, ...))], 'estimator__transform_input': None, 'estimator__verbose': False, 'estimator__DT': DewTempSpread(new_col='TMP-DEW'), 'estimator__TC': DatetimeSinCosConverter(), 'estimator__HR': HourlyRates(columns=['DEW_dew_point', 'TMP_air_temperature',
                     'SLP_sea_level_pressure'],
            max_gap_hours=2, min_gap_hours=1), 'estimator__preprocessor': ColumnTransformer(transformers=[('feat_engin_temp_dew',
                                 Pipeline(steps=[('imputer',
                                                  SimpleImputer(strategy='median')),
                                                 ('scale', StandardScaler())]),
                                 ['TMP-DEW']),
                                ('feat_engin_rolling_average',
                                 Pipeline(steps=[('imputer',
                                                  SimpleImputer(strategy='median')),
                                                 ('scale', StandardScaler())]),
                                 ['PER_HOUR_DEW_dew_point',
                                  'PER_HOUR_TMP_air_temperature',
                                  'PER_HOUR_SLP_s...
                                                                      func=<function encode_binary at 0x195f4bd80>))]),
                                 ['CIG_cavok_code', 'VIS_variability_code']),
                                ('nominal_pipeline',
                                 Pipeline(steps=[('nominal',
                                                  OneHotEncoder(drop='first',
                                                                handle_unknown='ignore',
                                                                sparse_output=False))]),
                                 ['WND_type_code']),
                                ('passthrough_features', 'passthrough',
                                 ['WND_direction_angle_variable_wind_direction_flag']),
                                ('drop_features', 'drop', ['DATE'])],
                  verbose_feature_names_out=False), 'estimator__over_random': RandomOverSampler(random_state=42), 'estimator__classifier': XGBClassifier(base_score=None, booster=None, callbacks=None,
              colsample_bylevel=None, colsample_bynode=None,
              colsample_bytree=0.8, device=None, early_stopping_rounds=None,
              enable_categorical=False, eval_metric='logloss',
              feature_types=None, gamma=None, grow_policy=None,
              importance_type=None, interaction_constraints=None,
              learning_rate=0.05, max_bin=None, max_cat_threshold=None,
              max_cat_to_onehot=None, max_delta_step=None, max_depth=6,
              max_leaves=None, min_child_weight=None, missing=nan,
              monotone_constraints=None, multi_strategy=None, n_estimators=200,
              n_jobs=None, num_parallel_tree=None, random_state=42, ...), 'estimator__DT__new_col': 'TMP-DEW', 'estimator__TC__column': 'DATE', 'estimator__TC__dayofyear': True, 'estimator__TC__hourofday': True, 'estimator__TC__monthofyear': True, 'estimator__HR__columns': ['DEW_dew_point', 'TMP_air_temperature', 'SLP_sea_level_pressure'], 'estimator__HR__id_col': 'STATION', 'estimator__HR__max_gap_hours': 2, 'estimator__HR__min_gap_hours': 1, 'estimator__HR__time_col': 'DATE', 'estimator__preprocessor__force_int_remainder_cols': 'deprecated', 'estimator__preprocessor__n_jobs': None, 'estimator__preprocessor__remainder': 'drop', 'estimator__preprocessor__sparse_threshold': 0.3, 'estimator__preprocessor__transformer_weights': None, 'estimator__preprocessor__transformers': [('feat_engin_temp_dew', Pipeline(steps=[('imputer', SimpleImputer(strategy='median')),
                ('scale', StandardScaler())]), ['TMP-DEW']), ('feat_engin_rolling_average', Pipeline(steps=[('imputer', SimpleImputer(strategy='median')),
                ('scale', StandardScaler())]), ['PER_HOUR_DEW_dew_point', 'PER_HOUR_TMP_air_temperature', 'PER_HOUR_SLP_sea_level_pressure']), ('feat_engin_time_features', Pipeline(steps=[('imputer', SimpleImputer(strategy='median')),
                ('scale', StandardScaler())]), ['sin_monthofyear', 'cos_monthofyear', 'sin_hourofday', 'cos_hourofday']), ('numeric_feature_pipeline', Pipeline(steps=[('imputer', SimpleImputer(strategy='median')),
                ('scale', StandardScaler())]), ['WND_direction_angle', 'WND_speed_rate', 'CIG_ceiling_height', 'VIS_distance', 'TMP_air_temperature', 'DEW_dew_point', 'SLP_sea_level_pressure']), ('binary_pipeline', Pipeline(steps=[('binary',
                 FunctionTransformer(feature_names_out='one-to-one',
                                     func=<function encode_binary at 0x195f4bd80>))]), ['CIG_cavok_code', 'VIS_variability_code']), ('nominal_pipeline', Pipeline(steps=[('nominal',
                 OneHotEncoder(drop='first', handle_unknown='ignore',
                               sparse_output=False))]), ['WND_type_code']), ('passthrough_features', 'passthrough', ['WND_direction_angle_variable_wind_direction_flag']), ('drop_features', 'drop', ['DATE'])], 'estimator__preprocessor__verbose': False, 'estimator__preprocessor__verbose_feature_names_out': False, 'estimator__preprocessor__feat_engin_temp_dew': Pipeline(steps=[('imputer', SimpleImputer(strategy='median')),
                ('scale', StandardScaler())]), 'estimator__preprocessor__feat_engin_rolling_average': Pipeline(steps=[('imputer', SimpleImputer(strategy='median')),
                ('scale', StandardScaler())]), 'estimator__preprocessor__feat_engin_time_features': Pipeline(steps=[('imputer', SimpleImputer(strategy='median')),
                ('scale', StandardScaler())]), 'estimator__preprocessor__numeric_feature_pipeline': Pipeline(steps=[('imputer', SimpleImputer(strategy='median')),
                ('scale', StandardScaler())]), 'estimator__preprocessor__binary_pipeline': Pipeline(steps=[('binary',
                 FunctionTransformer(feature_names_out='one-to-one',
                                     func=<function encode_binary at 0x195f4bd80>))]), 'estimator__preprocessor__nominal_pipeline': Pipeline(steps=[('nominal',
                 OneHotEncoder(drop='first', handle_unknown='ignore',
                               sparse_output=False))]), 'estimator__preprocessor__passthrough_features': 'passthrough', 'estimator__preprocessor__drop_features': 'drop', 'estimator__preprocessor__feat_engin_temp_dew__memory': None, 'estimator__preprocessor__feat_engin_temp_dew__steps': [('imputer', SimpleImputer(strategy='median')), ('scale', StandardScaler())], 'estimator__preprocessor__feat_engin_temp_dew__transform_input': None, 'estimator__preprocessor__feat_engin_temp_dew__verbose': False, 'estimator__preprocessor__feat_engin_temp_dew__imputer': SimpleImputer(strategy='median'), 'estimator__preprocessor__feat_engin_temp_dew__scale': StandardScaler(), 'estimator__preprocessor__feat_engin_temp_dew__imputer__add_indicator': False, 'estimator__preprocessor__feat_engin_temp_dew__imputer__copy': True, 'estimator__preprocessor__feat_engin_temp_dew__imputer__fill_value': None, 'estimator__preprocessor__feat_engin_temp_dew__imputer__keep_empty_features': False, 'estimator__preprocessor__feat_engin_temp_dew__imputer__missing_values': nan, 'estimator__preprocessor__feat_engin_temp_dew__imputer__strategy': 'median', 'estimator__preprocessor__feat_engin_temp_dew__scale__copy': True, 'estimator__preprocessor__feat_engin_temp_dew__scale__with_mean': True, 'estimator__preprocessor__feat_engin_temp_dew__scale__with_std': True, 'estimator__preprocessor__feat_engin_rolling_average__memory': None, 'estimator__preprocessor__feat_engin_rolling_average__steps': [('imputer', SimpleImputer(strategy='median')), ('scale', StandardScaler())], 'estimator__preprocessor__feat_engin_rolling_average__transform_input': None, 'estimator__preprocessor__feat_engin_rolling_average__verbose': False, 'estimator__preprocessor__feat_engin_rolling_average__imputer': SimpleImputer(strategy='median'), 'estimator__preprocessor__feat_engin_rolling_average__scale': StandardScaler(), 'estimator__preprocessor__feat_engin_rolling_average__imputer__add_indicator': False, 'estimator__preprocessor__feat_engin_rolling_average__imputer__copy': True, 'estimator__preprocessor__feat_engin_rolling_average__imputer__fill_value': None, 'estimator__preprocessor__feat_engin_rolling_average__imputer__keep_empty_features': False, 'estimator__preprocessor__feat_engin_rolling_average__imputer__missing_values': nan, 'estimator__preprocessor__feat_engin_rolling_average__imputer__strategy': 'median', 'estimator__preprocessor__feat_engin_rolling_average__scale__copy': True, 'estimator__preprocessor__feat_engin_rolling_average__scale__with_mean': True, 'estimator__preprocessor__feat_engin_rolling_average__scale__with_std': True, 'estimator__preprocessor__feat_engin_time_features__memory': None, 'estimator__preprocessor__feat_engin_time_features__steps': [('imputer', SimpleImputer(strategy='median')), ('scale', StandardScaler())], 'estimator__preprocessor__feat_engin_time_features__transform_input': None, 'estimator__preprocessor__feat_engin_time_features__verbose': False, 'estimator__preprocessor__feat_engin_time_features__imputer': SimpleImputer(strategy='median'), 'estimator__preprocessor__feat_engin_time_features__scale': StandardScaler(), 'estimator__preprocessor__feat_engin_time_features__imputer__add_indicator': False, 'estimator__preprocessor__feat_engin_time_features__imputer__copy': True, 'estimator__preprocessor__feat_engin_time_features__imputer__fill_value': None, 'estimator__preprocessor__feat_engin_time_features__imputer__keep_empty_features': False, 'estimator__preprocessor__feat_engin_time_features__imputer__missing_values': nan, 'estimator__preprocessor__feat_engin_time_features__imputer__strategy': 'median', 'estimator__preprocessor__feat_engin_time_features__scale__copy': True, 'estimator__preprocessor__feat_engin_time_features__scale__with_mean': True, 'estimator__preprocessor__feat_engin_time_features__scale__with_std': True, 'estimator__preprocessor__numeric_feature_pipeline__memory': None, 'estimator__preprocessor__numeric_feature_pipeline__steps': [('imputer', SimpleImputer(strategy='median')), ('scale', StandardScaler())], 'estimator__preprocessor__numeric_feature_pipeline__transform_input': None, 'estimator__preprocessor__numeric_feature_pipeline__verbose': False, 'estimator__preprocessor__numeric_feature_pipeline__imputer': SimpleImputer(strategy='median'), 'estimator__preprocessor__numeric_feature_pipeline__scale': StandardScaler(), 'estimator__preprocessor__numeric_feature_pipeline__imputer__add_indicator': False, 'estimator__preprocessor__numeric_feature_pipeline__imputer__copy': True, 'estimator__preprocessor__numeric_feature_pipeline__imputer__fill_value': None, 'estimator__preprocessor__numeric_feature_pipeline__imputer__keep_empty_features': False, 'estimator__preprocessor__numeric_feature_pipeline__imputer__missing_values': nan, 'estimator__preprocessor__numeric_feature_pipeline__imputer__strategy': 'median', 'estimator__preprocessor__numeric_feature_pipeline__scale__copy': True, 'estimator__preprocessor__numeric_feature_pipeline__scale__with_mean': True, 'estimator__preprocessor__numeric_feature_pipeline__scale__with_std': True, 'estimator__preprocessor__binary_pipeline__memory': None, 'estimator__preprocessor__binary_pipeline__steps': [('binary', FunctionTransformer(feature_names_out='one-to-one',
                    func=<function encode_binary at 0x195f4bd80>))], 'estimator__preprocessor__binary_pipeline__transform_input': None, 'estimator__preprocessor__binary_pipeline__verbose': False, 'estimator__preprocessor__binary_pipeline__binary': FunctionTransformer(feature_names_out='one-to-one',
                    func=<function encode_binary at 0x195f4bd80>), 'estimator__preprocessor__binary_pipeline__binary__accept_sparse': False, 'estimator__preprocessor__binary_pipeline__binary__check_inverse': True, 'estimator__preprocessor__binary_pipeline__binary__feature_names_out': 'one-to-one', 'estimator__preprocessor__binary_pipeline__binary__func': <function encode_binary at 0x195f4bd80>, 'estimator__preprocessor__binary_pipeline__binary__inv_kw_args': None, 'estimator__preprocessor__binary_pipeline__binary__inverse_func': None, 'estimator__preprocessor__binary_pipeline__binary__kw_args': None, 'estimator__preprocessor__binary_pipeline__binary__validate': False, 'estimator__preprocessor__nominal_pipeline__memory': None, 'estimator__preprocessor__nominal_pipeline__steps': [('nominal', OneHotEncoder(drop='first', handle_unknown='ignore', sparse_output=False))], 'estimator__preprocessor__nominal_pipeline__transform_input': None, 'estimator__preprocessor__nominal_pipeline__verbose': False, 'estimator__preprocessor__nominal_pipeline__nominal': OneHotEncoder(drop='first', handle_unknown='ignore', sparse_output=False), 'estimator__preprocessor__nominal_pipeline__nominal__categories': 'auto', 'estimator__preprocessor__nominal_pipeline__nominal__drop': 'first', 'estimator__preprocessor__nominal_pipeline__nominal__dtype': <class 'numpy.float64'>, 'estimator__preprocessor__nominal_pipeline__nominal__feature_name_combiner': 'concat', 'estimator__preprocessor__nominal_pipeline__nominal__handle_unknown': 'ignore', 'estimator__preprocessor__nominal_pipeline__nominal__max_categories': None, 'estimator__preprocessor__nominal_pipeline__nominal__min_frequency': None, 'estimator__preprocessor__nominal_pipeline__nominal__sparse_output': False, 'estimator__over_random__random_state': 42, 'estimator__over_random__sampling_strategy': 'auto', 'estimator__over_random__shrinkage': None, 'estimator__classifier__objective': 'binary:logistic', 'estimator__classifier__base_score': None, 'estimator__classifier__booster': None, 'estimator__classifier__callbacks': None, 'estimator__classifier__colsample_bylevel': None, 'estimator__classifier__colsample_bynode': None, 'estimator__classifier__colsample_bytree': 0.8, 'estimator__classifier__device': None, 'estimator__classifier__early_stopping_rounds': None, 'estimator__classifier__enable_categorical': False, 'estimator__classifier__eval_metric': 'logloss', 'estimator__classifier__feature_types': None, 'estimator__classifier__gamma': None, 'estimator__classifier__grow_policy': None, 'estimator__classifier__importance_type': None, 'estimator__classifier__interaction_constraints': None, 'estimator__classifier__learning_rate': 0.05, 'estimator__classifier__max_bin': None, 'estimator__classifier__max_cat_threshold': None, 'estimator__classifier__max_cat_to_onehot': None, 'estimator__classifier__max_delta_step': None, 'estimator__classifier__max_depth': 6, 'estimator__classifier__max_leaves': None, 'estimator__classifier__min_child_weight': None, 'estimator__classifier__missing': nan, 'estimator__classifier__monotone_constraints': None, 'estimator__classifier__multi_strategy': None, 'estimator__classifier__n_estimators': 200, 'estimator__classifier__n_jobs': None, 'estimator__classifier__num_parallel_tree': None, 'estimator__classifier__random_state': 42, 'estimator__classifier__reg_alpha': None, 'estimator__classifier__reg_lambda': None, 'estimator__classifier__sampling_method': None, 'estimator__classifier__scale_pos_weight': None, 'estimator__classifier__subsample': 0.8, 'estimator__classifier__tree_method': None, 'estimator__classifier__validate_parameters': None, 'estimator__classifier__verbosity': None, 'estimator': Pipeline(steps=[('DT', DewTempSpread(new_col='TMP-DEW')),
                ('TC', DatetimeSinCosConverter()),
                ('HR',
                 HourlyRates(columns=['DEW_dew_point', 'TMP_air_temperature',
                                      'SLP_sea_level_pressure'],
                             max_gap_hours=2, min_gap_hours=1)),
                ('preprocessor',
                 ColumnTransformer(transformers=[('feat_engin_temp_dew',
                                                  Pipeline(steps=[('imputer',
                                                                   SimpleImputer(strategy='median')),
                                                                  ('sc...
                               feature_types=None, gamma=None, grow_policy=None,
                               importance_type=None,
                               interaction_constraints=None, learning_rate=0.05,
                               max_bin=None, max_cat_threshold=None,
                               max_cat_to_onehot=None, max_delta_step=None,
                               max_depth=6, max_leaves=None,
                               min_child_weight=None, missing=nan,
                               monotone_constraints=None, multi_strategy=None,
                               n_estimators=200, n_jobs=None,
                               num_parallel_tree=None, random_state=42, ...))]), 'method': 'isotonic', 'n_jobs': None}",0.04078308414682397,0.024725757351209576,0.07853403141361257,0.07692307692307693,0.08571428571428572,0.8290285470596197,0.0021538730480451067
1,TC_DT_XGBoost_ROS,"{'cv': YearlyTemporalWindowSplit(end_year=2017, start_year=2001, val_window_size=2), 'ensemble': 'auto', 'estimator__memory': None, 'estimator__steps': [('DT', DewTempSpread(new_col='TMP-DEW')), ('TC', DatetimeSinCosConverter()), ('preprocessor', ColumnTransformer(transformers=[('feat_engin_temp_dew',
                                 Pipeline(steps=[('imputer',
                                                  SimpleImputer(strategy='median')),
                                                 ('scale', StandardScaler())]),
                                 ['TMP-DEW']),
                                ('feat_engin_time_features',
                                 Pipeline(steps=[('imputer',
                                                  SimpleImputer(strategy='median')),
                                                 ('scale', StandardScaler())]),
                                 ['sin_monthofyear', 'cos_monthofyear',
                                  'sin_hourofday', 'cos_hourofday']),
                                ('n...
                                                                      func=<function encode_binary at 0x195f4bd80>))]),
                                 ['CIG_cavok_code', 'VIS_variability_code']),
                                ('nominal_pipeline',
                                 Pipeline(steps=[('nominal',
                                                  OneHotEncoder(drop='first',
                                                                handle_unknown='ignore',
                                                                sparse_output=False))]),
                                 ['WND_type_code']),
                                ('passthrough_features', 'passthrough',
                                 ['WND_direction_angle_variable_wind_direction_flag']),
                                ('drop_features', 'drop', ['DATE'])],
                  verbose_feature_names_out=False)), ('over_random', RandomOverSampler(random_state=42)), ('classifier', XGBClassifier(base_score=None, booster=None, callbacks=None,
              colsample_bylevel=None, colsample_bynode=None,
              colsample_bytree=0.8, device=None, early_stopping_rounds=None,
              enable_categorical=False, eval_metric='logloss',
              feature_types=None, gamma=None, grow_policy=None,
              importance_type=None, interaction_constraints=None,
              learning_rate=0.05, max_bin=None, max_cat_threshold=None,
              max_cat_to_onehot=None, max_delta_step=None, max_depth=6,
              max_leaves=None, min_child_weight=None, missing=nan,
              monotone_constraints=None, multi_strategy=None, n_estimators=200,
              n_jobs=None, num_parallel_tree=None, random_state=42, ...))], 'estimator__transform_input': None, 'estimator__verbose': False, 'estimator__DT': DewTempSpread(new_col='TMP-DEW'), 'estimator__TC': DatetimeSinCosConverter(), 'estimator__preprocessor': ColumnTransformer(transformers=[('feat_engin_temp_dew',
                                 Pipeline(steps=[('imputer',
                                                  SimpleImputer(strategy='median')),
                                                 ('scale', StandardScaler())]),
                                 ['TMP-DEW']),
                                ('feat_engin_time_features',
                                 Pipeline(steps=[('imputer',
                                                  SimpleImputer(strategy='median')),
                                                 ('scale', StandardScaler())]),
                                 ['sin_monthofyear', 'cos_monthofyear',
                                  'sin_hourofday', 'cos_hourofday']),
                                ('n...
                                                                      func=<function encode_binary at 0x195f4bd80>))]),
                                 ['CIG_cavok_code', 'VIS_variability_code']),
                                ('nominal_pipeline',
                                 Pipeline(steps=[('nominal',
                                                  OneHotEncoder(drop='first',
                                                                handle_unknown='ignore',
                                                                sparse_output=False))]),
                                 ['WND_type_code']),
                                ('passthrough_features', 'passthrough',
                                 ['WND_direction_angle_variable_wind_direction_flag']),
                                ('drop_features', 'drop', ['DATE'])],
                  verbose_feature_names_out=False), 'estimator__over_random': RandomOverSampler(random_state=42), 'estimator__classifier': XGBClassifier(base_score=None, booster=None, callbacks=None,
              colsample_bylevel=None, colsample_bynode=None,
              colsample_bytree=0.8, device=None, early_stopping_rounds=None,
              enable_categorical=False, eval_metric='logloss',
              feature_types=None, gamma=None, grow_policy=None,
              importance_type=None, interaction_constraints=None,
              learning_rate=0.05, max_bin=None, max_cat_threshold=None,
              max_cat_to_onehot=None, max_delta_step=None, max_depth=6,
              max_leaves=None, min_child_weight=None, missing=nan,
              monotone_constraints=None, multi_strategy=None, n_estimators=200,
              n_jobs=None, num_parallel_tree=None, random_state=42, ...), 'estimator__DT__new_col': 'TMP-DEW', 'estimator__TC__column': 'DATE', 'estimator__TC__dayofyear': True, 'estimator__TC__hourofday': True, 'estimator__TC__monthofyear': True, 'estimator__preprocessor__force_int_remainder_cols': 'deprecated', 'estimator__preprocessor__n_jobs': None, 'estimator__preprocessor__remainder': 'drop', 'estimator__preprocessor__sparse_threshold': 0.3, 'estimator__preprocessor__transformer_weights': None, 'estimator__preprocessor__transformers': [('feat_engin_temp_dew', Pipeline(steps=[('imputer', SimpleImputer(strategy='median')),
                ('scale', StandardScaler())]), ['TMP-DEW']), ('feat_engin_time_features', Pipeline(steps=[('imputer', SimpleImputer(strategy='median')),
                ('scale', StandardScaler())]), ['sin_monthofyear', 'cos_monthofyear', 'sin_hourofday', 'cos_hourofday']), ('numeric_feature_pipeline', Pipeline(steps=[('imputer', SimpleImputer(strategy='median')),
                ('scale', StandardScaler())]), ['WND_direction_angle', 'WND_speed_rate', 'CIG_ceiling_height', 'VIS_distance', 'TMP_air_temperature', 'DEW_dew_point', 'SLP_sea_level_pressure']), ('binary_pipeline', Pipeline(steps=[('binary',
                 FunctionTransformer(feature_names_out='one-to-one',
                                     func=<function encode_binary at 0x195f4bd80>))]), ['CIG_cavok_code', 'VIS_variability_code']), ('nominal_pipeline', Pipeline(steps=[('nominal',
                 OneHotEncoder(drop='first', handle_unknown='ignore',
                               sparse_output=False))]), ['WND_type_code']), ('passthrough_features', 'passthrough', ['WND_direction_angle_variable_wind_direction_flag']), ('drop_features', 'drop', ['DATE'])], 'estimator__preprocessor__verbose': False, 'estimator__preprocessor__verbose_feature_names_out': False, 'estimator__preprocessor__feat_engin_temp_dew': Pipeline(steps=[('imputer', SimpleImputer(strategy='median')),
                ('scale', StandardScaler())]), 'estimator__preprocessor__feat_engin_time_features': Pipeline(steps=[('imputer', SimpleImputer(strategy='median')),
                ('scale', StandardScaler())]), 'estimator__preprocessor__numeric_feature_pipeline': Pipeline(steps=[('imputer', SimpleImputer(strategy='median')),
                ('scale', StandardScaler())]), 'estimator__preprocessor__binary_pipeline': Pipeline(steps=[('binary',
                 FunctionTransformer(feature_names_out='one-to-one',
                                     func=<function encode_binary at 0x195f4bd80>))]), 'estimator__preprocessor__nominal_pipeline': Pipeline(steps=[('nominal',
                 OneHotEncoder(drop='first', handle_unknown='ignore',
                               sparse_output=False))]), 'estimator__preprocessor__passthrough_features': 'passthrough', 'estimator__preprocessor__drop_features': 'drop', 'estimator__preprocessor__feat_engin_temp_dew__memory': None, 'estimator__preprocessor__feat_engin_temp_dew__steps': [('imputer', SimpleImputer(strategy='median')), ('scale', StandardScaler())], 'estimator__preprocessor__feat_engin_temp_dew__transform_input': None, 'estimator__preprocessor__feat_engin_temp_dew__verbose': False, 'estimator__preprocessor__feat_engin_temp_dew__imputer': SimpleImputer(strategy='median'), 'estimator__preprocessor__feat_engin_temp_dew__scale': StandardScaler(), 'estimator__preprocessor__feat_engin_temp_dew__imputer__add_indicator': False, 'estimator__preprocessor__feat_engin_temp_dew__imputer__copy': True, 'estimator__preprocessor__feat_engin_temp_dew__imputer__fill_value': None, 'estimator__preprocessor__feat_engin_temp_dew__imputer__keep_empty_features': False, 'estimator__preprocessor__feat_engin_temp_dew__imputer__missing_values': nan, 'estimator__preprocessor__feat_engin_temp_dew__imputer__strategy': 'median', 'estimator__preprocessor__feat_engin_temp_dew__scale__copy': True, 'estimator__preprocessor__feat_engin_temp_dew__scale__with_mean': True, 'estimator__preprocessor__feat_engin_temp_dew__scale__with_std': True, 'estimator__preprocessor__feat_engin_time_features__memory': None, 'estimator__preprocessor__feat_engin_time_features__steps': [('imputer', SimpleImputer(strategy='median')), ('scale', StandardScaler())], 'estimator__preprocessor__feat_engin_time_features__transform_input': None, 'estimator__preprocessor__feat_engin_time_features__verbose': False, 'estimator__preprocessor__feat_engin_time_features__imputer': SimpleImputer(strategy='median'), 'estimator__preprocessor__feat_engin_time_features__scale': StandardScaler(), 'estimator__preprocessor__feat_engin_time_features__imputer__add_indicator': False, 'estimator__preprocessor__feat_engin_time_features__imputer__copy': True, 'estimator__preprocessor__feat_engin_time_features__imputer__fill_value': None, 'estimator__preprocessor__feat_engin_time_features__imputer__keep_empty_features': False, 'estimator__preprocessor__feat_engin_time_features__imputer__missing_values': nan, 'estimator__preprocessor__feat_engin_time_features__imputer__strategy': 'median', 'estimator__preprocessor__feat_engin_time_features__scale__copy': True, 'estimator__preprocessor__feat_engin_time_features__scale__with_mean': True, 'estimator__preprocessor__feat_engin_time_features__scale__with_std': True, 'estimator__preprocessor__numeric_feature_pipeline__memory': None, 'estimator__preprocessor__numeric_feature_pipeline__steps': [('imputer', SimpleImputer(strategy='median')), ('scale', StandardScaler())], 'estimator__preprocessor__numeric_feature_pipeline__transform_input': None, 'estimator__preprocessor__numeric_feature_pipeline__verbose': False, 'estimator__preprocessor__numeric_feature_pipeline__imputer': SimpleImputer(strategy='median'), 'estimator__preprocessor__numeric_feature_pipeline__scale': StandardScaler(), 'estimator__preprocessor__numeric_feature_pipeline__imputer__add_indicator': False, 'estimator__preprocessor__numeric_feature_pipeline__imputer__copy': True, 'estimator__preprocessor__numeric_feature_pipeline__imputer__fill_value': None, 'estimator__preprocessor__numeric_feature_pipeline__imputer__keep_empty_features': False, 'estimator__preprocessor__numeric_feature_pipeline__imputer__missing_values': nan, 'estimator__preprocessor__numeric_feature_pipeline__imputer__strategy': 'median', 'estimator__preprocessor__numeric_feature_pipeline__scale__copy': True, 'estimator__preprocessor__numeric_feature_pipeline__scale__with_mean': True, 'estimator__preprocessor__numeric_feature_pipeline__scale__with_std': True, 'estimator__preprocessor__binary_pipeline__memory': None, 'estimator__preprocessor__binary_pipeline__steps': [('binary', FunctionTransformer(feature_names_out='one-to-one',
                    func=<function encode_binary at 0x195f4bd80>))], 'estimator__preprocessor__binary_pipeline__transform_input': None, 'estimator__preprocessor__binary_pipeline__verbose': False, 'estimator__preprocessor__binary_pipeline__binary': FunctionTransformer(feature_names_out='one-to-one',
                    func=<function encode_binary at 0x195f4bd80>), 'estimator__preprocessor__binary_pipeline__binary__accept_sparse': False, 'estimator__preprocessor__binary_pipeline__binary__check_inverse': True, 'estimator__preprocessor__binary_pipeline__binary__feature_names_out': 'one-to-one', 'estimator__preprocessor__binary_pipeline__binary__func': <function encode_binary at 0x195f4bd80>, 'estimator__preprocessor__binary_pipeline__binary__inv_kw_args': None, 'estimator__preprocessor__binary_pipeline__binary__inverse_func': None, 'estimator__preprocessor__binary_pipeline__binary__kw_args': None, 'estimator__preprocessor__binary_pipeline__binary__validate': False, 'estimator__preprocessor__nominal_pipeline__memory': None, 'estimator__preprocessor__nominal_pipeline__steps': [('nominal', OneHotEncoder(drop='first', handle_unknown='ignore', sparse_output=False))], 'estimator__preprocessor__nominal_pipeline__transform_input': None, 'estimator__preprocessor__nominal_pipeline__verbose': False, 'estimator__preprocessor__nominal_pipeline__nominal': OneHotEncoder(drop='first', handle_unknown='ignore', sparse_output=False), 'estimator__preprocessor__nominal_pipeline__nominal__categories': 'auto', 'estimator__preprocessor__nominal_pipeline__nominal__drop': 'first', 'estimator__preprocessor__nominal_pipeline__nominal__dtype': <class 'numpy.float64'>, 'estimator__preprocessor__nominal_pipeline__nominal__feature_name_combiner': 'concat', 'estimator__preprocessor__nominal_pipeline__nominal__handle_unknown': 'ignore', 'estimator__preprocessor__nominal_pipeline__nominal__max_categories': None, 'estimator__preprocessor__nominal_pipeline__nominal__min_frequency': None, 'estimator__preprocessor__nominal_pipeline__nominal__sparse_output': False, 'estimator__over_random__random_state': 42, 'estimator__over_random__sampling_strategy': 'auto', 'estimator__over_random__shrinkage': None, 'estimator__classifier__objective': 'binary:logistic', 'estimator__classifier__base_score': None, 'estimator__classifier__booster': None, 'estimator__classifier__callbacks': None, 'estimator__classifier__colsample_bylevel': None, 'estimator__classifier__colsample_bynode': None, 'estimator__classifier__colsample_bytree': 0.8, 'estimator__classifier__device': None, 'estimator__classifier__early_stopping_rounds': None, 'estimator__classifier__enable_categorical': False, 'estimator__classifier__eval_metric': 'logloss', 'estimator__classifier__feature_types': None, 'estimator__classifier__gamma': None, 'estimator__classifier__grow_policy': None, 'estimator__classifier__importance_type': None, 'estimator__classifier__interaction_constraints': None, 'estimator__classifier__learning_rate': 0.05, 'estimator__classifier__max_bin': None, 'estimator__classifier__max_cat_threshold': None, 'estimator__classifier__max_cat_to_onehot': None, 'estimator__classifier__max_delta_step': None, 'estimator__classifier__max_depth': 6, 'estimator__classifier__max_leaves': None, 'estimator__classifier__min_child_weight': None, 'estimator__classifier__missing': nan, 'estimator__classifier__monotone_constraints': None, 'estimator__classifier__multi_strategy': None, 'estimator__classifier__n_estimators': 200, 'estimator__classifier__n_jobs': None, 'estimator__classifier__num_parallel_tree': None, 'estimator__classifier__random_state': 42, 'estimator__classifier__reg_alpha': None, 'estimator__classifier__reg_lambda': None, 'estimator__classifier__sampling_method': None, 'estimator__classifier__scale_pos_weight': None, 'estimator__classifier__subsample': 0.8, 'estimator__classifier__tree_method': None, 'estimator__classifier__validate_parameters': None, 'estimator__classifier__verbosity': None, 'estimator': Pipeline(steps=[('DT', DewTempSpread(new_col='TMP-DEW')),
                ('TC', DatetimeSinCosConverter()),
                ('preprocessor',
                 ColumnTransformer(transformers=[('feat_engin_temp_dew',
                                                  Pipeline(steps=[('imputer',
                                                                   SimpleImputer(strategy='median')),
                                                                  ('scale',
                                                                   StandardScaler())]),
                                                  ['TMP-DEW']),
                                                 ('feat_engin_time_features',
                                                  Pipeline(steps=[('imputer',
                                                                   SimpleImputer(strategy='median')...
                               feature_types=None, gamma=None, grow_policy=None,
                               importance_type=None,
                               interaction_constraints=None, learning_rate=0.05,
                               max_bin=None, max_cat_threshold=None,
                               max_cat_to_onehot=None, max_delta_step=None,
                               max_depth=6, max_leaves=None,
                               min_child_weight=None, missing=nan,
                               monotone_constraints=None, multi_strategy=None,
                               n_estimators=200, n_jobs=None,
                               num_parallel_tree=None, random_state=42, ...))]), 'method': 'isotonic', 'n_jobs': None}",0.0433103377581574,0.025013175303218716,0.07627118644067797,0.07692307692307693,0.07377049180327869,0.8310604406548535,0.002153373434151158
2,TC_HR_XGBoost_ROS,"{'cv': YearlyTemporalWindowSplit(end_year=2017, start_year=2001, val_window_size=2), 'ensemble': 'auto', 'estimator__memory': None, 'estimator__steps': [('HR', HourlyRates(columns=['DEW_dew_point', 'TMP_air_temperature',
                     'SLP_sea_level_pressure'],
            max_gap_hours=2, min_gap_hours=1)), ('TC', DatetimeSinCosConverter()), ('preprocessor', ColumnTransformer(transformers=[('feat_engin_rolling_average',
                                 Pipeline(steps=[('imputer',
                                                  SimpleImputer(strategy='median')),
                                                 ('scale', StandardScaler())]),
                                 ['PER_HOUR_DEW_dew_point',
                                  'PER_HOUR_TMP_air_temperature',
                                  'PER_HOUR_SLP_sea_level_pressure']),
                                ('feat_engin_time_features',
                                 Pipeline(steps=[('imputer',
                                                  SimpleImputer(strategy='median')),
                                                 ('scale', Standar...
                                                                      func=<function encode_binary at 0x195f4bd80>))]),
                                 ['CIG_cavok_code', 'VIS_variability_code']),
                                ('nominal_pipeline',
                                 Pipeline(steps=[('nominal',
                                                  OneHotEncoder(drop='first',
                                                                handle_unknown='ignore',
                                                                sparse_output=False))]),
                                 ['WND_type_code']),
                                ('passthrough_features', 'passthrough',
                                 ['WND_direction_angle_variable_wind_direction_flag']),
                                ('drop_features', 'drop', ['DATE'])],
                  verbose_feature_names_out=False)), ('over_random', RandomOverSampler(random_state=42)), ('classifier', XGBClassifier(base_score=None, booster=None, callbacks=None,
              colsample_bylevel=None, colsample_bynode=None,
              colsample_bytree=0.8, device=None, early_stopping_rounds=None,
              enable_categorical=False, eval_metric='logloss',
              feature_types=None, gamma=None, grow_policy=None,
              importance_type=None, interaction_constraints=None,
              learning_rate=0.05, max_bin=None, max_cat_threshold=None,
              max_cat_to_onehot=None, max_delta_step=None, max_depth=6,
              max_leaves=None, min_child_weight=None, missing=nan,
              monotone_constraints=None, multi_strategy=None, n_estimators=200,
              n_jobs=None, num_parallel_tree=None, random_state=42, ...))], 'estimator__transform_input': None, 'estimator__verbose': False, 'estimator__HR': HourlyRates(columns=['DEW_dew_point', 'TMP_air_temperature',
                     'SLP_sea_level_pressure'],
            max_gap_hours=2, min_gap_hours=1), 'estimator__TC': DatetimeSinCosConverter(), 'estimator__preprocessor': ColumnTransformer(transformers=[('feat_engin_rolling_average',
                                 Pipeline(steps=[('imputer',
                                                  SimpleImputer(strategy='median')),
                                                 ('scale', StandardScaler())]),
                                 ['PER_HOUR_DEW_dew_point',
                                  'PER_HOUR_TMP_air_temperature',
                                  'PER_HOUR_SLP_sea_level_pressure']),
                                ('feat_engin_time_features',
                                 Pipeline(steps=[('imputer',
                                                  SimpleImputer(strategy='median')),
                                                 ('scale', Standar...
                                                                      func=<function encode_binary at 0x195f4bd80>))]),
                                 ['CIG_cavok_code', 'VIS_variability_code']),
                                ('nominal_pipeline',
                                 Pipeline(steps=[('nominal',
                                                  OneHotEncoder(drop='first',
                                                                handle_unknown='ignore',
                                                                sparse_output=False))]),
                                 ['WND_type_code']),
                                ('passthrough_features', 'passthrough',
                                 ['WND_direction_angle_variable_wind_direction_flag']),
                                ('drop_features', 'drop', ['DATE'])],
                  verbose_feature_names_out=False), 'estimator__over_random': RandomOverSampler(random_state=42), 'estimator__classifier': XGBClassifier(base_score=None, booster=None, callbacks=None,
              colsample_bylevel=None, colsample_bynode=None,
              colsample_bytree=0.8, device=None, early_stopping_rounds=None,
              enable_categorical=False, eval_metric='logloss',
              feature_types=None, gamma=None, grow_policy=None,
              importance_type=None, interaction_constraints=None,
              learning_rate=0.05, max_bin=None, max_cat_threshold=None,
              max_cat_to_onehot=None, max_delta_step=None, max_depth=6,
              max_leaves=None, min_child_weight=None, missing=nan,
              monotone_constraints=None, multi_strategy=None, n_estimators=200,
              n_jobs=None, num_parallel_tree=None, random_state=42, ...), 'estimator__HR__columns': ['DEW_dew_point', 'TMP_air_temperature', 'SLP_sea_level_pressure'], 'estimator__HR__id_col': 'STATION', 'estimator__HR__max_gap_hours': 2, 'estimator__HR__min_gap_hours': 1, 'estimator__HR__time_col': 'DATE', 'estimator__TC__column': 'DATE', 'estimator__TC__dayofyear': True, 'estimator__TC__hourofday': True, 'estimator__TC__monthofyear': True, 'estimator__preprocessor__force_int_remainder_cols': 'deprecated', 'estimator__preprocessor__n_jobs': None, 'estimator__preprocessor__remainder': 'drop', 'estimator__preprocessor__sparse_threshold': 0.3, 'estimator__preprocessor__transformer_weights': None, 'estimator__preprocessor__transformers': [('feat_engin_rolling_average', Pipeline(steps=[('imputer', SimpleImputer(strategy='median')),
                ('scale', StandardScaler())]), ['PER_HOUR_DEW_dew_point', 'PER_HOUR_TMP_air_temperature', 'PER_HOUR_SLP_sea_level_pressure']), ('feat_engin_time_features', Pipeline(steps=[('imputer', SimpleImputer(strategy='median')),
                ('scale', StandardScaler())]), ['sin_monthofyear', 'cos_monthofyear', 'sin_hourofday', 'cos_hourofday']), ('numeric_feature_pipeline', Pipeline(steps=[('imputer', SimpleImputer(strategy='median')),
                ('scale', StandardScaler())]), ['WND_direction_angle', 'WND_speed_rate', 'CIG_ceiling_height', 'VIS_distance', 'TMP_air_temperature', 'DEW_dew_point', 'SLP_sea_level_pressure']), ('binary_pipeline', Pipeline(steps=[('binary',
                 FunctionTransformer(feature_names_out='one-to-one',
                                     func=<function encode_binary at 0x195f4bd80>))]), ['CIG_cavok_code', 'VIS_variability_code']), ('nominal_pipeline', Pipeline(steps=[('nominal',
                 OneHotEncoder(drop='first', handle_unknown='ignore',
                               sparse_output=False))]), ['WND_type_code']), ('passthrough_features', 'passthrough', ['WND_direction_angle_variable_wind_direction_flag']), ('drop_features', 'drop', ['DATE'])], 'estimator__preprocessor__verbose': False, 'estimator__preprocessor__verbose_feature_names_out': False, 'estimator__preprocessor__feat_engin_rolling_average': Pipeline(steps=[('imputer', SimpleImputer(strategy='median')),
                ('scale', StandardScaler())]), 'estimator__preprocessor__feat_engin_time_features': Pipeline(steps=[('imputer', SimpleImputer(strategy='median')),
                ('scale', StandardScaler())]), 'estimator__preprocessor__numeric_feature_pipeline': Pipeline(steps=[('imputer', SimpleImputer(strategy='median')),
                ('scale', StandardScaler())]), 'estimator__preprocessor__binary_pipeline': Pipeline(steps=[('binary',
                 FunctionTransformer(feature_names_out='one-to-one',
                                     func=<function encode_binary at 0x195f4bd80>))]), 'estimator__preprocessor__nominal_pipeline': Pipeline(steps=[('nominal',
                 OneHotEncoder(drop='first', handle_unknown='ignore',
                               sparse_output=False))]), 'estimator__preprocessor__passthrough_features': 'passthrough', 'estimator__preprocessor__drop_features': 'drop', 'estimator__preprocessor__feat_engin_rolling_average__memory': None, 'estimator__preprocessor__feat_engin_rolling_average__steps': [('imputer', SimpleImputer(strategy='median')), ('scale', StandardScaler())], 'estimator__preprocessor__feat_engin_rolling_average__transform_input': None, 'estimator__preprocessor__feat_engin_rolling_average__verbose': False, 'estimator__preprocessor__feat_engin_rolling_average__imputer': SimpleImputer(strategy='median'), 'estimator__preprocessor__feat_engin_rolling_average__scale': StandardScaler(), 'estimator__preprocessor__feat_engin_rolling_average__imputer__add_indicator': False, 'estimator__preprocessor__feat_engin_rolling_average__imputer__copy': True, 'estimator__preprocessor__feat_engin_rolling_average__imputer__fill_value': None, 'estimator__preprocessor__feat_engin_rolling_average__imputer__keep_empty_features': False, 'estimator__preprocessor__feat_engin_rolling_average__imputer__missing_values': nan, 'estimator__preprocessor__feat_engin_rolling_average__imputer__strategy': 'median', 'estimator__preprocessor__feat_engin_rolling_average__scale__copy': True, 'estimator__preprocessor__feat_engin_rolling_average__scale__with_mean': True, 'estimator__preprocessor__feat_engin_rolling_average__scale__with_std': True, 'estimator__preprocessor__feat_engin_time_features__memory': None, 'estimator__preprocessor__feat_engin_time_features__steps': [('imputer', SimpleImputer(strategy='median')), ('scale', StandardScaler())], 'estimator__preprocessor__feat_engin_time_features__transform_input': None, 'estimator__preprocessor__feat_engin_time_features__verbose': False, 'estimator__preprocessor__feat_engin_time_features__imputer': SimpleImputer(strategy='median'), 'estimator__preprocessor__feat_engin_time_features__scale': StandardScaler(), 'estimator__preprocessor__feat_engin_time_features__imputer__add_indicator': False, 'estimator__preprocessor__feat_engin_time_features__imputer__copy': True, 'estimator__preprocessor__feat_engin_time_features__imputer__fill_value': None, 'estimator__preprocessor__feat_engin_time_features__imputer__keep_empty_features': False, 'estimator__preprocessor__feat_engin_time_features__imputer__missing_values': nan, 'estimator__preprocessor__feat_engin_time_features__imputer__strategy': 'median', 'estimator__preprocessor__feat_engin_time_features__scale__copy': True, 'estimator__preprocessor__feat_engin_time_features__scale__with_mean': True, 'estimator__preprocessor__feat_engin_time_features__scale__with_std': True, 'estimator__preprocessor__numeric_feature_pipeline__memory': None, 'estimator__preprocessor__numeric_feature_pipeline__steps': [('imputer', SimpleImputer(strategy='median')), ('scale', StandardScaler())], 'estimator__preprocessor__numeric_feature_pipeline__transform_input': None, 'estimator__preprocessor__numeric_feature_pipeline__verbose': False, 'estimator__preprocessor__numeric_feature_pipeline__imputer': SimpleImputer(strategy='median'), 'estimator__preprocessor__numeric_feature_pipeline__scale': StandardScaler(), 'estimator__preprocessor__numeric_feature_pipeline__imputer__add_indicator': False, 'estimator__preprocessor__numeric_feature_pipeline__imputer__copy': True, 'estimator__preprocessor__numeric_feature_pipeline__imputer__fill_value': None, 'estimator__preprocessor__numeric_feature_pipeline__imputer__keep_empty_features': False, 'estimator__preprocessor__numeric_feature_pipeline__imputer__missing_values': nan, 'estimator__preprocessor__numeric_feature_pipeline__imputer__strategy': 'median', 'estimator__preprocessor__numeric_feature_pipeline__scale__copy': True, 'estimator__preprocessor__numeric_feature_pipeline__scale__with_mean': True, 'estimator__preprocessor__numeric_feature_pipeline__scale__with_std': True, 'estimator__preprocessor__binary_pipeline__memory': None, 'estimator__preprocessor__binary_pipeline__steps': [('binary', FunctionTransformer(feature_names_out='one-to-one',
                    func=<function encode_binary at 0x195f4bd80>))], 'estimator__preprocessor__binary_pipeline__transform_input': None, 'estimator__preprocessor__binary_pipeline__verbose': False, 'estimator__preprocessor__binary_pipeline__binary': FunctionTransformer(feature_names_out='one-to-one',
                    func=<function encode_binary at 0x195f4bd80>), 'estimator__preprocessor__binary_pipeline__binary__accept_sparse': False, 'estimator__preprocessor__binary_pipeline__binary__check_inverse': True, 'estimator__preprocessor__binary_pipeline__binary__feature_names_out': 'one-to-one', 'estimator__preprocessor__binary_pipeline__binary__func': <function encode_binary at 0x195f4bd80>, 'estimator__preprocessor__binary_pipeline__binary__inv_kw_args': None, 'estimator__preprocessor__binary_pipeline__binary__inverse_func': None, 'estimator__preprocessor__binary_pipeline__binary__kw_args': None, 'estimator__preprocessor__binary_pipeline__binary__validate': False, 'estimator__preprocessor__nominal_pipeline__memory': None, 'estimator__preprocessor__nominal_pipeline__steps': [('nominal', OneHotEncoder(drop='first', handle_unknown='ignore', sparse_output=False))], 'estimator__preprocessor__nominal_pipeline__transform_input': None, 'estimator__preprocessor__nominal_pipeline__verbose': False, 'estimator__preprocessor__nominal_pipeline__nominal': OneHotEncoder(drop='first', handle_unknown='ignore', sparse_output=False), 'estimator__preprocessor__nominal_pipeline__nominal__categories': 'auto', 'estimator__preprocessor__nominal_pipeline__nominal__drop': 'first', 'estimator__preprocessor__nominal_pipeline__nominal__dtype': <class 'numpy.float64'>, 'estimator__preprocessor__nominal_pipeline__nominal__feature_name_combiner': 'concat', 'estimator__preprocessor__nominal_pipeline__nominal__handle_unknown': 'ignore', 'estimator__preprocessor__nominal_pipeline__nominal__max_categories': None, 'estimator__preprocessor__nominal_pipeline__nominal__min_frequency': None, 'estimator__preprocessor__nominal_pipeline__nominal__sparse_output': False, 'estimator__over_random__random_state': 42, 'estimator__over_random__sampling_strategy': 'auto', 'estimator__over_random__shrinkage': None, 'estimator__classifier__objective': 'binary:logistic', 'estimator__classifier__base_score': None, 'estimator__classifier__booster': None, 'estimator__classifier__callbacks': None, 'estimator__classifier__colsample_bylevel': None, 'estimator__classifier__colsample_bynode': None, 'estimator__classifier__colsample_bytree': 0.8, 'estimator__classifier__device': None, 'estimator__classifier__early_stopping_rounds': None, 'estimator__classifier__enable_categorical': False, 'estimator__classifier__eval_metric': 'logloss', 'estimator__classifier__feature_types': None, 'estimator__classifier__gamma': None, 'estimator__classifier__grow_policy': None, 'estimator__classifier__importance_type': None, 'estimator__classifier__interaction_constraints': None, 'estimator__classifier__learning_rate': 0.05, 'estimator__classifier__max_bin': None, 'estimator__classifier__max_cat_threshold': None, 'estimator__classifier__max_cat_to_onehot': None, 'estimator__classifier__max_delta_step': None, 'estimator__classifier__max_depth': 6, 'estimator__classifier__max_leaves': None, 'estimator__classifier__min_child_weight': None, 'estimator__classifier__missing': nan, 'estimator__classifier__monotone_constraints': None, 'estimator__classifier__multi_strategy': None, 'estimator__classifier__n_estimators': 200, 'estimator__classifier__n_jobs': None, 'estimator__classifier__num_parallel_tree': None, 'estimator__classifier__random_state': 42, 'estimator__classifier__reg_alpha': None, 'estimator__classifier__reg_lambda': None, 'estimator__classifier__sampling_method': None, 'estimator__classifier__scale_pos_weight': None, 'estimator__classifier__subsample': 0.8, 'estimator__classifier__tree_method': None, 'estimator__classifier__validate_parameters': None, 'estimator__classifier__verbosity': None, 'estimator': Pipeline(steps=[('HR',
                 HourlyRates(columns=['DEW_dew_point', 'TMP_air_temperature',
                                      'SLP_sea_level_pressure'],
                             max_gap_hours=2, min_gap_hours=1)),
                ('TC', DatetimeSinCosConverter()),
                ('preprocessor',
                 ColumnTransformer(transformers=[('feat_engin_rolling_average',
                                                  Pipeline(steps=[('imputer',
                                                                   SimpleImputer(strategy='median')),
                                                                  ('scale',
                                                                   StandardScaler())]),
                                                  ['PER_HO...
                               feature_types=None, gamma=None, grow_policy=None,
                               importance_type=None,
                               interaction_constraints=None, learning_rate=0.05,
                               max_bin=None, max_cat_threshold=None,
                               max_cat_to_onehot=None, max_delta_step=None,
                               max_depth=6, max_leaves=None,
                               min_child_weight=None, missing=nan,
                               monotone_constraints=None, multi_strategy=None,
                               n_estimators=200, n_jobs=None,
                               num_parallel_tree=None, random_state=42, ...))]), 'method': 'isotonic', 'n_jobs': None}",0.040512378631319734,0.023854502201150686,0.0667779632721202,0.06837606837606838,0.061068702290076333,0.826390245506245,0.002152275221966802
3,DT_HR_XGBoost_ROS,"{'cv': YearlyTemporalWindowSplit(end_year=2017, start_year=2001, val_window_size=2), 'ensemble': 'auto', 'estimator__memory': None, 'estimator__steps': [('HR', HourlyRates(columns=['DEW_dew_point', 'TMP_air_temperature',
                     'SLP_sea_level_pressure'],
            max_gap_hours=2, min_gap_hours=1)), ('DT', DewTempSpread(new_col='TMP-DEW')), ('preprocessor', ColumnTransformer(transformers=[('feat_engin_temp_dew',
                                 Pipeline(steps=[('imputer',
                                                  SimpleImputer(strategy='median')),
                                                 ('scale', StandardScaler())]),
                                 ['TMP-DEW']),
                                ('feat_engin_rolling_average',
                                 Pipeline(steps=[('imputer',
                                                  SimpleImputer(strategy='median')),
                                                 ('scale', StandardScaler())]),
                                 ['PER_HOUR_DEW_dew_point',
                                  'PER_HOUR_TMP_air_temperature',
                                  'PER_HOUR_SLP_s...
                                                                      func=<function encode_binary at 0x195f4bd80>))]),
                                 ['CIG_cavok_code', 'VIS_variability_code']),
                                ('nominal_pipeline',
                                 Pipeline(steps=[('nominal',
                                                  OneHotEncoder(drop='first',
                                                                handle_unknown='ignore',
                                                                sparse_output=False))]),
                                 ['WND_type_code']),
                                ('passthrough_features', 'passthrough',
                                 ['WND_direction_angle_variable_wind_direction_flag']),
                                ('drop_features', 'drop', ['DATE'])],
                  verbose_feature_names_out=False)), ('over_random', RandomOverSampler(random_state=42)), ('classifier', XGBClassifier(base_score=None, booster=None, callbacks=None,
              colsample_bylevel=None, colsample_bynode=None,
              colsample_bytree=0.8, device=None, early_stopping_rounds=None,
              enable_categorical=False, eval_metric='logloss',
              feature_types=None, gamma=None, grow_policy=None,
              importance_type=None, interaction_constraints=None,
              learning_rate=0.05, max_bin=None, max_cat_threshold=None,
              max_cat_to_onehot=None, max_delta_step=None, max_depth=6,
              max_leaves=None, min_child_weight=None, missing=nan,
              monotone_constraints=None, multi_strategy=None, n_estimators=200,
              n_jobs=None, num_parallel_tree=None, random_state=42, ...))], 'estimator__transform_input': None, 'estimator__verbose': False, 'estimator__HR': HourlyRates(columns=['DEW_dew_point', 'TMP_air_temperature',
                     'SLP_sea_level_pressure'],
            max_gap_hours=2, min_gap_hours=1), 'estimator__DT': DewTempSpread(new_col='TMP-DEW'), 'estimator__preprocessor': ColumnTransformer(transformers=[('feat_engin_temp_dew',
                                 Pipeline(steps=[('imputer',
                                                  SimpleImputer(strategy='median')),
                                                 ('scale', StandardScaler())]),
                                 ['TMP-DEW']),
                                ('feat_engin_rolling_average',
                                 Pipeline(steps=[('imputer',
                                                  SimpleImputer(strategy='median')),
                                                 ('scale', StandardScaler())]),
                                 ['PER_HOUR_DEW_dew_point',
                                  'PER_HOUR_TMP_air_temperature',
                                  'PER_HOUR_SLP_s...
                                                                      func=<function encode_binary at 0x195f4bd80>))]),
                                 ['CIG_cavok_code', 'VIS_variability_code']),
                                ('nominal_pipeline',
                                 Pipeline(steps=[('nominal',
                                                  OneHotEncoder(drop='first',
                                                                handle_unknown='ignore',
                                                                sparse_output=False))]),
                                 ['WND_type_code']),
                                ('passthrough_features', 'passthrough',
                                 ['WND_direction_angle_variable_wind_direction_flag']),
                                ('drop_features', 'drop', ['DATE'])],
                  verbose_feature_names_out=False), 'estimator__over_random': RandomOverSampler(random_state=42), 'estimator__classifier': XGBClassifier(base_score=None, booster=None, callbacks=None,
              colsample_bylevel=None, colsample_bynode=None,
              colsample_bytree=0.8, device=None, early_stopping_rounds=None,
              enable_categorical=False, eval_metric='logloss',
              feature_types=None, gamma=None, grow_policy=None,
              importance_type=None, interaction_constraints=None,
              learning_rate=0.05, max_bin=None, max_cat_threshold=None,
              max_cat_to_onehot=None, max_delta_step=None, max_depth=6,
              max_leaves=None, min_child_weight=None, missing=nan,
              monotone_constraints=None, multi_strategy=None, n_estimators=200,
              n_jobs=None, num_parallel_tree=None, random_state=42, ...), 'estimator__HR__columns': ['DEW_dew_point', 'TMP_air_temperature', 'SLP_sea_level_pressure'], 'estimator__HR__id_col': 'STATION', 'estimator__HR__max_gap_hours': 2, 'estimator__HR__min_gap_hours': 1, 'estimator__HR__time_col': 'DATE', 'estimator__DT__new_col': 'TMP-DEW', 'estimator__preprocessor__force_int_remainder_cols': 'deprecated', 'estimator__preprocessor__n_jobs': None, 'estimator__preprocessor__remainder': 'drop', 'estimator__preprocessor__sparse_threshold': 0.3, 'estimator__preprocessor__transformer_weights': None, 'estimator__preprocessor__transformers': [('feat_engin_temp_dew', Pipeline(steps=[('imputer', SimpleImputer(strategy='median')),
                ('scale', StandardScaler())]), ['TMP-DEW']), ('feat_engin_rolling_average', Pipeline(steps=[('imputer', SimpleImputer(strategy='median')),
                ('scale', StandardScaler())]), ['PER_HOUR_DEW_dew_point', 'PER_HOUR_TMP_air_temperature', 'PER_HOUR_SLP_sea_level_pressure']), ('numeric_feature_pipeline', Pipeline(steps=[('imputer', SimpleImputer(strategy='median')),
                ('scale', StandardScaler())]), ['WND_direction_angle', 'WND_speed_rate', 'CIG_ceiling_height', 'VIS_distance', 'TMP_air_temperature', 'DEW_dew_point', 'SLP_sea_level_pressure']), ('binary_pipeline', Pipeline(steps=[('binary',
                 FunctionTransformer(feature_names_out='one-to-one',
                                     func=<function encode_binary at 0x195f4bd80>))]), ['CIG_cavok_code', 'VIS_variability_code']), ('nominal_pipeline', Pipeline(steps=[('nominal',
                 OneHotEncoder(drop='first', handle_unknown='ignore',
                               sparse_output=False))]), ['WND_type_code']), ('passthrough_features', 'passthrough', ['WND_direction_angle_variable_wind_direction_flag']), ('drop_features', 'drop', ['DATE'])], 'estimator__preprocessor__verbose': False, 'estimator__preprocessor__verbose_feature_names_out': False, 'estimator__preprocessor__feat_engin_temp_dew': Pipeline(steps=[('imputer', SimpleImputer(strategy='median')),
                ('scale', StandardScaler())]), 'estimator__preprocessor__feat_engin_rolling_average': Pipeline(steps=[('imputer', SimpleImputer(strategy='median')),
                ('scale', StandardScaler())]), 'estimator__preprocessor__numeric_feature_pipeline': Pipeline(steps=[('imputer', SimpleImputer(strategy='median')),
                ('scale', StandardScaler())]), 'estimator__preprocessor__binary_pipeline': Pipeline(steps=[('binary',
                 FunctionTransformer(feature_names_out='one-to-one',
                                     func=<function encode_binary at 0x195f4bd80>))]), 'estimator__preprocessor__nominal_pipeline': Pipeline(steps=[('nominal',
                 OneHotEncoder(drop='first', handle_unknown='ignore',
                               sparse_output=False))]), 'estimator__preprocessor__passthrough_features': 'passthrough', 'estimator__preprocessor__drop_features': 'drop', 'estimator__preprocessor__feat_engin_temp_dew__memory': None, 'estimator__preprocessor__feat_engin_temp_dew__steps': [('imputer', SimpleImputer(strategy='median')), ('scale', StandardScaler())], 'estimator__preprocessor__feat_engin_temp_dew__transform_input': None, 'estimator__preprocessor__feat_engin_temp_dew__verbose': False, 'estimator__preprocessor__feat_engin_temp_dew__imputer': SimpleImputer(strategy='median'), 'estimator__preprocessor__feat_engin_temp_dew__scale': StandardScaler(), 'estimator__preprocessor__feat_engin_temp_dew__imputer__add_indicator': False, 'estimator__preprocessor__feat_engin_temp_dew__imputer__copy': True, 'estimator__preprocessor__feat_engin_temp_dew__imputer__fill_value': None, 'estimator__preprocessor__feat_engin_temp_dew__imputer__keep_empty_features': False, 'estimator__preprocessor__feat_engin_temp_dew__imputer__missing_values': nan, 'estimator__preprocessor__feat_engin_temp_dew__imputer__strategy': 'median', 'estimator__preprocessor__feat_engin_temp_dew__scale__copy': True, 'estimator__preprocessor__feat_engin_temp_dew__scale__with_mean': True, 'estimator__preprocessor__feat_engin_temp_dew__scale__with_std': True, 'estimator__preprocessor__feat_engin_rolling_average__memory': None, 'estimator__preprocessor__feat_engin_rolling_average__steps': [('imputer', SimpleImputer(strategy='median')), ('scale', StandardScaler())], 'estimator__preprocessor__feat_engin_rolling_average__transform_input': None, 'estimator__preprocessor__feat_engin_rolling_average__verbose': False, 'estimator__preprocessor__feat_engin_rolling_average__imputer': SimpleImputer(strategy='median'), 'estimator__preprocessor__feat_engin_rolling_average__scale': StandardScaler(), 'estimator__preprocessor__feat_engin_rolling_average__imputer__add_indicator': False, 'estimator__preprocessor__feat_engin_rolling_average__imputer__copy': True, 'estimator__preprocessor__feat_engin_rolling_average__imputer__fill_value': None, 'estimator__preprocessor__feat_engin_rolling_average__imputer__keep_empty_features': False, 'estimator__preprocessor__feat_engin_rolling_average__imputer__missing_values': nan, 'estimator__preprocessor__feat_engin_rolling_average__imputer__strategy': 'median', 'estimator__preprocessor__feat_engin_rolling_average__scale__copy': True, 'estimator__preprocessor__feat_engin_rolling_average__scale__with_mean': True, 'estimator__preprocessor__feat_engin_rolling_average__scale__with_std': True, 'estimator__preprocessor__numeric_feature_pipeline__memory': None, 'estimator__preprocessor__numeric_feature_pipeline__steps': [('imputer', SimpleImputer(strategy='median')), ('scale', StandardScaler())], 'estimator__preprocessor__numeric_feature_pipeline__transform_input': None, 'estimator__preprocessor__numeric_feature_pipeline__verbose': False, 'estimator__preprocessor__numeric_feature_pipeline__imputer': SimpleImputer(strategy='median'), 'estimator__preprocessor__numeric_feature_pipeline__scale': StandardScaler(), 'estimator__preprocessor__numeric_feature_pipeline__imputer__add_indicator': False, 'estimator__preprocessor__numeric_feature_pipeline__imputer__copy': True, 'estimator__preprocessor__numeric_feature_pipeline__imputer__fill_value': None, 'estimator__preprocessor__numeric_feature_pipeline__imputer__keep_empty_features': False, 'estimator__preprocessor__numeric_feature_pipeline__imputer__missing_values': nan, 'estimator__preprocessor__numeric_feature_pipeline__imputer__strategy': 'median', 'estimator__preprocessor__numeric_feature_pipeline__scale__copy': True, 'estimator__preprocessor__numeric_feature_pipeline__scale__with_mean': True, 'estimator__preprocessor__numeric_feature_pipeline__scale__with_std': True, 'estimator__preprocessor__binary_pipeline__memory': None, 'estimator__preprocessor__binary_pipeline__steps': [('binary', FunctionTransformer(feature_names_out='one-to-one',
                    func=<function encode_binary at 0x195f4bd80>))], 'estimator__preprocessor__binary_pipeline__transform_input': None, 'estimator__preprocessor__binary_pipeline__verbose': False, 'estimator__preprocessor__binary_pipeline__binary': FunctionTransformer(feature_names_out='one-to-one',
                    func=<function encode_binary at 0x195f4bd80>), 'estimator__preprocessor__binary_pipeline__binary__accept_sparse': False, 'estimator__preprocessor__binary_pipeline__binary__check_inverse': True, 'estimator__preprocessor__binary_pipeline__binary__feature_names_out': 'one-to-one', 'estimator__preprocessor__binary_pipeline__binary__func': <function encode_binary at 0x195f4bd80>, 'estimator__preprocessor__binary_pipeline__binary__inv_kw_args': None, 'estimator__preprocessor__binary_pipeline__binary__inverse_func': None, 'estimator__preprocessor__binary_pipeline__binary__kw_args': None, 'estimator__preprocessor__binary_pipeline__binary__validate': False, 'estimator__preprocessor__nominal_pipeline__memory': None, 'estimator__preprocessor__nominal_pipeline__steps': [('nominal', OneHotEncoder(drop='first', handle_unknown='ignore', sparse_output=False))], 'estimator__preprocessor__nominal_pipeline__transform_input': None, 'estimator__preprocessor__nominal_pipeline__verbose': False, 'estimator__preprocessor__nominal_pipeline__nominal': OneHotEncoder(drop='first', handle_unknown='ignore', sparse_output=False), 'estimator__preprocessor__nominal_pipeline__nominal__categories': 'auto', 'estimator__preprocessor__nominal_pipeline__nominal__drop': 'first', 'estimator__preprocessor__nominal_pipeline__nominal__dtype': <class 'numpy.float64'>, 'estimator__preprocessor__nominal_pipeline__nominal__feature_name_combiner': 'concat', 'estimator__preprocessor__nominal_pipeline__nominal__handle_unknown': 'ignore', 'estimator__preprocessor__nominal_pipeline__nominal__max_categories': None, 'estimator__preprocessor__nominal_pipeline__nominal__min_frequency': None, 'estimator__preprocessor__nominal_pipeline__nominal__sparse_output': False, 'estimator__over_random__random_state': 42, 'estimator__over_random__sampling_strategy': 'auto', 'estimator__over_random__shrinkage': None, 'estimator__classifier__objective': 'binary:logistic', 'estimator__classifier__base_score': None, 'estimator__classifier__booster': None, 'estimator__classifier__callbacks': None, 'estimator__classifier__colsample_bylevel': None, 'estimator__classifier__colsample_bynode': None, 'estimator__classifier__colsample_bytree': 0.8, 'estimator__classifier__device': None, 'estimator__classifier__early_stopping_rounds': None, 'estimator__classifier__enable_categorical': False, 'estimator__classifier__eval_metric': 'logloss', 'estimator__classifier__feature_types': None, 'estimator__classifier__gamma': None, 'estimator__classifier__grow_policy': None, 'estimator__classifier__importance_type': None, 'estimator__classifier__interaction_constraints': None, 'estimator__classifier__learning_rate': 0.05, 'estimator__classifier__max_bin': None, 'estimator__classifier__max_cat_threshold': None, 'estimator__classifier__max_cat_to_onehot': None, 'estimator__classifier__max_delta_step': None, 'estimator__classifier__max_depth': 6, 'estimator__classifier__max_leaves': None, 'estimator__classifier__min_child_weight': None, 'estimator__classifier__missing': nan, 'estimator__classifier__monotone_constraints': None, 'estimator__classifier__multi_strategy': None, 'estimator__classifier__n_estimators': 200, 'estimator__classifier__n_jobs': None, 'estimator__classifier__num_parallel_tree': None, 'estimator__classifier__random_state': 42, 'estimator__classifier__reg_alpha': None, 'estimator__classifier__reg_lambda': None, 'estimator__classifier__sampling_method': None, 'estimator__classifier__scale_pos_weight': None, 'estimator__classifier__subsample': 0.8, 'estimator__classifier__tree_method': None, 'estimator__classifier__validate_parameters': None, 'estimator__classifier__verbosity': None, 'estimator': Pipeline(steps=[('HR',
                 HourlyRates(columns=['DEW_dew_point', 'TMP_air_temperature',
                                      'SLP_sea_level_pressure'],
                             max_gap_hours=2, min_gap_hours=1)),
                ('DT', DewTempSpread(new_col='TMP-DEW')),
                ('preprocessor',
                 ColumnTransformer(transformers=[('feat_engin_temp_dew',
                                                  Pipeline(steps=[('imputer',
                                                                   SimpleImputer(strategy='median')),
                                                                  ('scale',
                                                                   StandardScaler())]),
                                                  ['TMP-DE...
                               feature_types=None, gamma=None, grow_policy=None,
                               importance_type=None,
                               interaction_constraints=None, learning_rate=0.05,
                               max_bin=None, max_cat_threshold=None,
                               max_cat_to_onehot=None, max_delta_step=None,
                               max_depth=6, max_leaves=None,
                               min_child_weight=None, missing=nan,
                               monotone_constraints=None, multi_strategy=None,
                               n_estimators=200, n_jobs=None,
                               num_parallel_tree=None, random_state=42, ...))]), 'method': 'isotonic', 'n_jobs': None}",0.029289766382134985,0.020256186875569522,0.018726591760299626,0.017094017094017096,0.030303030303030304,0.8755586869476173,0.0021581634025502165
4,TC_XGBoost_ROS,"{'cv': YearlyTemporalWindowSplit(end_year=2017, start_year=2001, val_window_size=2), 'ensemble': 'auto', 'estimator__memory': None, 'estimator__steps': [('TC', DatetimeSinCosConverter()), ('preprocessor', ColumnTransformer(transformers=[('feat_engin_time_features',
                                 Pipeline(steps=[('imputer',
                                                  SimpleImputer(strategy='median')),
                                                 ('scale', StandardScaler())]),
                                 ['sin_monthofyear', 'cos_monthofyear',
                                  'sin_hourofday', 'cos_hourofday']),
                                ('numeric_feature_pipeline',
                                 Pipeline(steps=[('imputer',
                                                  SimpleImputer(strategy='median')),
                                                 ('scale', StandardScaler())]),
                                 ['WND_direc...
                                                                      func=<function encode_binary at 0x195f4bd80>))]),
                                 ['CIG_cavok_code', 'VIS_variability_code']),
                                ('nominal_pipeline',
                                 Pipeline(steps=[('nominal',
                                                  OneHotEncoder(drop='first',
                                                                handle_unknown='ignore',
                                                                sparse_output=False))]),
                                 ['WND_type_code']),
                                ('passthrough_features', 'passthrough',
                                 ['WND_direction_angle_variable_wind_direction_flag']),
                                ('drop_features', 'drop', ['DATE'])],
                  verbose_feature_names_out=False)), ('over_random', RandomOverSampler(random_state=42)), ('classifier', XGBClassifier(base_score=None, booster=None, callbacks=None,
              colsample_bylevel=None, colsample_bynode=None,
              colsample_bytree=0.8, device=None, early_stopping_rounds=None,
              enable_categorical=False, eval_metric='logloss',
              feature_types=None, gamma=None, grow_policy=None,
              importance_type=None, interaction_constraints=None,
              learning_rate=0.05, max_bin=None, max_cat_threshold=None,
              max_cat_to_onehot=None, max_delta_step=None, max_depth=6,
              max_leaves=None, min_child_weight=None, missing=nan,
              monotone_constraints=None, multi_strategy=None, n_estimators=200,
              n_jobs=None, num_parallel_tree=None, random_state=42, ...))], 'estimator__transform_input': None, 'estimator__verbose': False, 'estimator__TC': DatetimeSinCosConverter(), 'estimator__preprocessor': ColumnTransformer(transformers=[('feat_engin_time_features',
                                 Pipeline(steps=[('imputer',
                                                  SimpleImputer(strategy='median')),
                                                 ('scale', StandardScaler())]),
                                 ['sin_monthofyear', 'cos_monthofyear',
                                  'sin_hourofday', 'cos_hourofday']),
                                ('numeric_feature_pipeline',
                                 Pipeline(steps=[('imputer',
                                                  SimpleImputer(strategy='median')),
                                                 ('scale', StandardScaler())]),
                                 ['WND_direc...
                                                                      func=<function encode_binary at 0x195f4bd80>))]),
                                 ['CIG_cavok_code', 'VIS_variability_code']),
                                ('nominal_pipeline',
                                 Pipeline(steps=[('nominal',
                                                  OneHotEncoder(drop='first',
                                                                handle_unknown='ignore',
                                                                sparse_output=False))]),
                                 ['WND_type_code']),
                                ('passthrough_features', 'passthrough',
                                 ['WND_direction_angle_variable_wind_direction_flag']),
                                ('drop_features', 'drop', ['DATE'])],
                  verbose_feature_names_out=False), 'estimator__over_random': RandomOverSampler(random_state=42), 'estimator__classifier': XGBClassifier(base_score=None, booster=None, callbacks=None,
              colsample_bylevel=None, colsample_bynode=None,
              colsample_bytree=0.8, device=None, early_stopping_rounds=None,
              enable_categorical=False, eval_metric='logloss',
              feature_types=None, gamma=None, grow_policy=None,
              importance_type=None, interaction_constraints=None,
              learning_rate=0.05, max_bin=None, max_cat_threshold=None,
              max_cat_to_onehot=None, max_delta_step=None, max_depth=6,
              max_leaves=None, min_child_weight=None, missing=nan,
              monotone_constraints=None, multi_strategy=None, n_estimators=200,
              n_jobs=None, num_parallel_tree=None, random_state=42, ...), 'estimator__TC__column': 'DATE', 'estimator__TC__dayofyear': True, 'estimator__TC__hourofday': True, 'estimator__TC__monthofyear': True, 'estimator__preprocessor__force_int_remainder_cols': 'deprecated', 'estimator__preprocessor__n_jobs': None, 'estimator__preprocessor__remainder': 'drop', 'estimator__preprocessor__sparse_threshold': 0.3, 'estimator__preprocessor__transformer_weights': None, 'estimator__preprocessor__transformers': [('feat_engin_time_features', Pipeline(steps=[('imputer', SimpleImputer(strategy='median')),
                ('scale', StandardScaler())]), ['sin_monthofyear', 'cos_monthofyear', 'sin_hourofday', 'cos_hourofday']), ('numeric_feature_pipeline', Pipeline(steps=[('imputer', SimpleImputer(strategy='median')),
                ('scale', StandardScaler())]), ['WND_direction_angle', 'WND_speed_rate', 'CIG_ceiling_height', 'VIS_distance', 'TMP_air_temperature', 'DEW_dew_point', 'SLP_sea_level_pressure']), ('binary_pipeline', Pipeline(steps=[('binary',
                 FunctionTransformer(feature_names_out='one-to-one',
                                     func=<function encode_binary at 0x195f4bd80>))]), ['CIG_cavok_code', 'VIS_variability_code']), ('nominal_pipeline', Pipeline(steps=[('nominal',
                 OneHotEncoder(drop='first', handle_unknown='ignore',
                               sparse_output=False))]), ['WND_type_code']), ('passthrough_features', 'passthrough', ['WND_direction_angle_variable_wind_direction_flag']), ('drop_features', 'drop', ['DATE'])], 'estimator__preprocessor__verbose': False, 'estimator__preprocessor__verbose_feature_names_out': False, 'estimator__preprocessor__feat_engin_time_features': Pipeline(steps=[('imputer', SimpleImputer(strategy='median')),
                ('scale', StandardScaler())]), 'estimator__preprocessor__numeric_feature_pipeline': Pipeline(steps=[('imputer', SimpleImputer(strategy='median')),
                ('scale', StandardScaler())]), 'estimator__preprocessor__binary_pipeline': Pipeline(steps=[('binary',
                 FunctionTransformer(feature_names_out='one-to-one',
                                     func=<function encode_binary at 0x195f4bd80>))]), 'estimator__preprocessor__nominal_pipeline': Pipeline(steps=[('nominal',
                 OneHotEncoder(drop='first', handle_unknown='ignore',
                               sparse_output=False))]), 'estimator__preprocessor__passthrough_features': 'passthrough', 'estimator__preprocessor__drop_features': 'drop', 'estimator__preprocessor__feat_engin_time_features__memory': None, 'estimator__preprocessor__feat_engin_time_features__steps': [('imputer', SimpleImputer(strategy='median')), ('scale', StandardScaler())], 'estimator__preprocessor__feat_engin_time_features__transform_input': None, 'estimator__preprocessor__feat_engin_time_features__verbose': False, 'estimator__preprocessor__feat_engin_time_features__imputer': SimpleImputer(strategy='median'), 'estimator__preprocessor__feat_engin_time_features__scale': StandardScaler(), 'estimator__preprocessor__feat_engin_time_features__imputer__add_indicator': False, 'estimator__preprocessor__feat_engin_time_features__imputer__copy': True, 'estimator__preprocessor__feat_engin_time_features__imputer__fill_value': None, 'estimator__preprocessor__feat_engin_time_features__imputer__keep_empty_features': False, 'estimator__preprocessor__feat_engin_time_features__imputer__missing_values': nan, 'estimator__preprocessor__feat_engin_time_features__imputer__strategy': 'median', 'estimator__preprocessor__feat_engin_time_features__scale__copy': True, 'estimator__preprocessor__feat_engin_time_features__scale__with_mean': True, 'estimator__preprocessor__feat_engin_time_features__scale__with_std': True, 'estimator__preprocessor__numeric_feature_pipeline__memory': None, 'estimator__preprocessor__numeric_feature_pipeline__steps': [('imputer', SimpleImputer(strategy='median')), ('scale', StandardScaler())], 'estimator__preprocessor__numeric_feature_pipeline__transform_input': None, 'estimator__preprocessor__numeric_feature_pipeline__verbose': False, 'estimator__preprocessor__numeric_feature_pipeline__imputer': SimpleImputer(strategy='median'), 'estimator__preprocessor__numeric_feature_pipeline__scale': StandardScaler(), 'estimator__preprocessor__numeric_feature_pipeline__imputer__add_indicator': False, 'estimator__preprocessor__numeric_feature_pipeline__imputer__copy': True, 'estimator__preprocessor__numeric_feature_pipeline__imputer__fill_value': None, 'estimator__preprocessor__numeric_feature_pipeline__imputer__keep_empty_features': False, 'estimator__preprocessor__numeric_feature_pipeline__imputer__missing_values': nan, 'estimator__preprocessor__numeric_feature_pipeline__imputer__strategy': 'median', 'estimator__preprocessor__numeric_feature_pipeline__scale__copy': True, 'estimator__preprocessor__numeric_feature_pipeline__scale__with_mean': True, 'estimator__preprocessor__numeric_feature_pipeline__scale__with_std': True, 'estimator__preprocessor__binary_pipeline__memory': None, 'estimator__preprocessor__binary_pipeline__steps': [('binary', FunctionTransformer(feature_names_out='one-to-one',
                    func=<function encode_binary at 0x195f4bd80>))], 'estimator__preprocessor__binary_pipeline__transform_input': None, 'estimator__preprocessor__binary_pipeline__verbose': False, 'estimator__preprocessor__binary_pipeline__binary': FunctionTransformer(feature_names_out='one-to-one',
                    func=<function encode_binary at 0x195f4bd80>), 'estimator__preprocessor__binary_pipeline__binary__accept_sparse': False, 'estimator__preprocessor__binary_pipeline__binary__check_inverse': True, 'estimator__preprocessor__binary_pipeline__binary__feature_names_out': 'one-to-one', 'estimator__preprocessor__binary_pipeline__binary__func': <function encode_binary at 0x195f4bd80>, 'estimator__preprocessor__binary_pipeline__binary__inv_kw_args': None, 'estimator__preprocessor__binary_pipeline__binary__inverse_func': None, 'estimator__preprocessor__binary_pipeline__binary__kw_args': None, 'estimator__preprocessor__binary_pipeline__binary__validate': False, 'estimator__preprocessor__nominal_pipeline__memory': None, 'estimator__preprocessor__nominal_pipeline__steps': [('nominal', OneHotEncoder(drop='first', handle_unknown='ignore', sparse_output=False))], 'estimator__preprocessor__nominal_pipeline__transform_input': None, 'estimator__preprocessor__nominal_pipeline__verbose': False, 'estimator__preprocessor__nominal_pipeline__nominal': OneHotEncoder(drop='first', handle_unknown='ignore', sparse_output=False), 'estimator__preprocessor__nominal_pipeline__nominal__categories': 'auto', 'estimator__preprocessor__nominal_pipeline__nominal__drop': 'first', 'estimator__preprocessor__nominal_pipeline__nominal__dtype': <class 'numpy.float64'>, 'estimator__preprocessor__nominal_pipeline__nominal__feature_name_combiner': 'concat', 'estimator__preprocessor__nominal_pipeline__nominal__handle_unknown': 'ignore', 'estimator__preprocessor__nominal_pipeline__nominal__max_categories': None, 'estimator__preprocessor__nominal_pipeline__nominal__min_frequency': None, 'estimator__preprocessor__nominal_pipeline__nominal__sparse_output': False, 'estimator__over_random__random_state': 42, 'estimator__over_random__sampling_strategy': 'auto', 'estimator__over_random__shrinkage': None, 'estimator__classifier__objective': 'binary:logistic', 'estimator__classifier__base_score': None, 'estimator__classifier__booster': None, 'estimator__classifier__callbacks': None, 'estimator__classifier__colsample_bylevel': None, 'estimator__classifier__colsample_bynode': None, 'estimator__classifier__colsample_bytree': 0.8, 'estimator__classifier__device': None, 'estimator__classifier__early_stopping_rounds': None, 'estimator__classifier__enable_categorical': False, 'estimator__classifier__eval_metric': 'logloss', 'estimator__classifier__feature_types': None, 'estimator__classifier__gamma': None, 'estimator__classifier__grow_policy': None, 'estimator__classifier__importance_type': None, 'estimator__classifier__interaction_constraints': None, 'estimator__classifier__learning_rate': 0.05, 'estimator__classifier__max_bin': None, 'estimator__classifier__max_cat_threshold': None, 'estimator__classifier__max_cat_to_onehot': None, 'estimator__classifier__max_delta_step': None, 'estimator__classifier__max_depth': 6, 'estimator__classifier__max_leaves': None, 'estimator__classifier__min_child_weight': None, 'estimator__classifier__missing': nan, 'estimator__classifier__monotone_constraints': None, 'estimator__classifier__multi_strategy': None, 'estimator__classifier__n_estimators': 200, 'estimator__classifier__n_jobs': None, 'estimator__classifier__num_parallel_tree': None, 'estimator__classifier__random_state': 42, 'estimator__classifier__reg_alpha': None, 'estimator__classifier__reg_lambda': None, 'estimator__classifier__sampling_method': None, 'estimator__classifier__scale_pos_weight': None, 'estimator__classifier__subsample': 0.8, 'estimator__classifier__tree_method': None, 'estimator__classifier__validate_parameters': None, 'estimator__classifier__verbosity': None, 'estimator': Pipeline(steps=[('TC', DatetimeSinCosConverter()),
                ('preprocessor',
                 ColumnTransformer(transformers=[('feat_engin_time_features',
                                                  Pipeline(steps=[('imputer',
                                                                   SimpleImputer(strategy='median')),
                                                                  ('scale',
                                                                   StandardScaler())]),
                                                  ['sin_monthofyear',
                                                   'cos_monthofyear',
                                                   'sin_hourofday',
                                                   'cos_hourofday']),
                                                 ('numeric_feature_pipeline',
                                                  Pipeline(steps=[('imputer',
                                                                   SimpleImp...
                               feature_types=None, gamma=None, grow_policy=None,
                               importance_type=None,
                               interaction_constraints=None, learning_rate=0.05,
                               max_bin=None, max_cat_threshold=None,
                               max_cat_to_onehot=None, max_delta_step=None,
                               max_depth=6, max_leaves=None,
                               min_child_weight=None, missing=nan,
                               monotone_constraints=None, multi_strategy=None,
                               n_estimators=200, n_jobs=None,
                               num_parallel_tree=None, random_state=42, ...))]), 'method': 'isotonic', 'n_jobs': None}",0.052050706563022686,0.03242904382231621,0.055970149253731345,0.05128205128205128,0.08823529411764706,0.8346656911789867,0.002147854572404717
5,DT_XGBoost_ROS,"{'cv': YearlyTemporalWindowSplit(end_year=2017, start_year=2001, val_window_size=2), 'ensemble': 'auto', 'estimator__memory': None, 'estimator__steps': [('DT', DewTempSpread(new_col='TMP-DEW')), ('preprocessor', ColumnTransformer(transformers=[('feat_engin_temp_dew',
                                 Pipeline(steps=[('imputer',
                                                  SimpleImputer(strategy='median')),
                                                 ('scale', StandardScaler())]),
                                 ['TMP-DEW']),
                                ('numeric_feature_pipeline',
                                 Pipeline(steps=[('imputer',
                                                  SimpleImputer(strategy='median')),
                                                 ('scale', StandardScaler())]),
                                 ['WND_direction_angle', 'WND_speed_rate',
                                  'CIG_ceiling_height', 'VIS_distance...
                                                                      func=<function encode_binary at 0x195f4bd80>))]),
                                 ['CIG_cavok_code', 'VIS_variability_code']),
                                ('nominal_pipeline',
                                 Pipeline(steps=[('nominal',
                                                  OneHotEncoder(drop='first',
                                                                handle_unknown='ignore',
                                                                sparse_output=False))]),
                                 ['WND_type_code']),
                                ('passthrough_features', 'passthrough',
                                 ['WND_direction_angle_variable_wind_direction_flag']),
                                ('drop_features', 'drop', ['DATE'])],
                  verbose_feature_names_out=False)), ('over_random', RandomOverSampler(random_state=42)), ('classifier', XGBClassifier(base_score=None, booster=None, callbacks=None,
              colsample_bylevel=None, colsample_bynode=None,
              colsample_bytree=0.8, device=None, early_stopping_rounds=None,
              enable_categorical=False, eval_metric='logloss',
              feature_types=None, gamma=None, grow_policy=None,
              importance_type=None, interaction_constraints=None,
              learning_rate=0.05, max_bin=None, max_cat_threshold=None,
              max_cat_to_onehot=None, max_delta_step=None, max_depth=6,
              max_leaves=None, min_child_weight=None, missing=nan,
              monotone_constraints=None, multi_strategy=None, n_estimators=200,
              n_jobs=None, num_parallel_tree=None, random_state=42, ...))], 'estimator__transform_input': None, 'estimator__verbose': False, 'estimator__DT': DewTempSpread(new_col='TMP-DEW'), 'estimator__preprocessor': ColumnTransformer(transformers=[('feat_engin_temp_dew',
                                 Pipeline(steps=[('imputer',
                                                  SimpleImputer(strategy='median')),
                                                 ('scale', StandardScaler())]),
                                 ['TMP-DEW']),
                                ('numeric_feature_pipeline',
                                 Pipeline(steps=[('imputer',
                                                  SimpleImputer(strategy='median')),
                                                 ('scale', StandardScaler())]),
                                 ['WND_direction_angle', 'WND_speed_rate',
                                  'CIG_ceiling_height', 'VIS_distance...
                                                                      func=<function encode_binary at 0x195f4bd80>))]),
                                 ['CIG_cavok_code', 'VIS_variability_code']),
                                ('nominal_pipeline',
                                 Pipeline(steps=[('nominal',
                                                  OneHotEncoder(drop='first',
                                                                handle_unknown='ignore',
                                                                sparse_output=False))]),
                                 ['WND_type_code']),
                                ('passthrough_features', 'passthrough',
                                 ['WND_direction_angle_variable_wind_direction_flag']),
                                ('drop_features', 'drop', ['DATE'])],
                  verbose_feature_names_out=False), 'estimator__over_random': RandomOverSampler(random_state=42), 'estimator__classifier': XGBClassifier(base_score=None, booster=None, callbacks=None,
              colsample_bylevel=None, colsample_bynode=None,
              colsample_bytree=0.8, device=None, early_stopping_rounds=None,
              enable_categorical=False, eval_metric='logloss',
              feature_types=None, gamma=None, grow_policy=None,
              importance_type=None, interaction_constraints=None,
              learning_rate=0.05, max_bin=None, max_cat_threshold=None,
              max_cat_to_onehot=None, max_delta_step=None, max_depth=6,
              max_leaves=None, min_child_weight=None, missing=nan,
              monotone_constraints=None, multi_strategy=None, n_estimators=200,
              n_jobs=None, num_parallel_tree=None, random_state=42, ...), 'estimator__DT__new_col': 'TMP-DEW', 'estimator__preprocessor__force_int_remainder_cols': 'deprecated', 'estimator__preprocessor__n_jobs': None, 'estimator__preprocessor__remainder': 'drop', 'estimator__preprocessor__sparse_threshold': 0.3, 'estimator__preprocessor__transformer_weights': None, 'estimator__preprocessor__transformers': [('feat_engin_temp_dew', Pipeline(steps=[('imputer', SimpleImputer(strategy='median')),
                ('scale', StandardScaler())]), ['TMP-DEW']), ('numeric_feature_pipeline', Pipeline(steps=[('imputer', SimpleImputer(strategy='median')),
                ('scale', StandardScaler())]), ['WND_direction_angle', 'WND_speed_rate', 'CIG_ceiling_height', 'VIS_distance', 'TMP_air_temperature', 'DEW_dew_point', 'SLP_sea_level_pressure']), ('binary_pipeline', Pipeline(steps=[('binary',
                 FunctionTransformer(feature_names_out='one-to-one',
                                     func=<function encode_binary at 0x195f4bd80>))]), ['CIG_cavok_code', 'VIS_variability_code']), ('nominal_pipeline', Pipeline(steps=[('nominal',
                 OneHotEncoder(drop='first', handle_unknown='ignore',
                               sparse_output=False))]), ['WND_type_code']), ('passthrough_features', 'passthrough', ['WND_direction_angle_variable_wind_direction_flag']), ('drop_features', 'drop', ['DATE'])], 'estimator__preprocessor__verbose': False, 'estimator__preprocessor__verbose_feature_names_out': False, 'estimator__preprocessor__feat_engin_temp_dew': Pipeline(steps=[('imputer', SimpleImputer(strategy='median')),
                ('scale', StandardScaler())]), 'estimator__preprocessor__numeric_feature_pipeline': Pipeline(steps=[('imputer', SimpleImputer(strategy='median')),
                ('scale', StandardScaler())]), 'estimator__preprocessor__binary_pipeline': Pipeline(steps=[('binary',
                 FunctionTransformer(feature_names_out='one-to-one',
                                     func=<function encode_binary at 0x195f4bd80>))]), 'estimator__preprocessor__nominal_pipeline': Pipeline(steps=[('nominal',
                 OneHotEncoder(drop='first', handle_unknown='ignore',
                               sparse_output=False))]), 'estimator__preprocessor__passthrough_features': 'passthrough', 'estimator__preprocessor__drop_features': 'drop', 'estimator__preprocessor__feat_engin_temp_dew__memory': None, 'estimator__preprocessor__feat_engin_temp_dew__steps': [('imputer', SimpleImputer(strategy='median')), ('scale', StandardScaler())], 'estimator__preprocessor__feat_engin_temp_dew__transform_input': None, 'estimator__preprocessor__feat_engin_temp_dew__verbose': False, 'estimator__preprocessor__feat_engin_temp_dew__imputer': SimpleImputer(strategy='median'), 'estimator__preprocessor__feat_engin_temp_dew__scale': StandardScaler(), 'estimator__preprocessor__feat_engin_temp_dew__imputer__add_indicator': False, 'estimator__preprocessor__feat_engin_temp_dew__imputer__copy': True, 'estimator__preprocessor__feat_engin_temp_dew__imputer__fill_value': None, 'estimator__preprocessor__feat_engin_temp_dew__imputer__keep_empty_features': False, 'estimator__preprocessor__feat_engin_temp_dew__imputer__missing_values': nan, 'estimator__preprocessor__feat_engin_temp_dew__imputer__strategy': 'median', 'estimator__preprocessor__feat_engin_temp_dew__scale__copy': True, 'estimator__preprocessor__feat_engin_temp_dew__scale__with_mean': True, 'estimator__preprocessor__feat_engin_temp_dew__scale__with_std': True, 'estimator__preprocessor__numeric_feature_pipeline__memory': None, 'estimator__preprocessor__numeric_feature_pipeline__steps': [('imputer', SimpleImputer(strategy='median')), ('scale', StandardScaler())], 'estimator__preprocessor__numeric_feature_pipeline__transform_input': None, 'estimator__preprocessor__numeric_feature_pipeline__verbose': False, 'estimator__preprocessor__numeric_feature_pipeline__imputer': SimpleImputer(strategy='median'), 'estimator__preprocessor__numeric_feature_pipeline__scale': StandardScaler(), 'estimator__preprocessor__numeric_feature_pipeline__imputer__add_indicator': False, 'estimator__preprocessor__numeric_feature_pipeline__imputer__copy': True, 'estimator__preprocessor__numeric_feature_pipeline__imputer__fill_value': None, 'estimator__preprocessor__numeric_feature_pipeline__imputer__keep_empty_features': False, 'estimator__preprocessor__numeric_feature_pipeline__imputer__missing_values': nan, 'estimator__preprocessor__numeric_feature_pipeline__imputer__strategy': 'median', 'estimator__preprocessor__numeric_feature_pipeline__scale__copy': True, 'estimator__preprocessor__numeric_feature_pipeline__scale__with_mean': True, 'estimator__preprocessor__numeric_feature_pipeline__scale__with_std': True, 'estimator__preprocessor__binary_pipeline__memory': None, 'estimator__preprocessor__binary_pipeline__steps': [('binary', FunctionTransformer(feature_names_out='one-to-one',
                    func=<function encode_binary at 0x195f4bd80>))], 'estimator__preprocessor__binary_pipeline__transform_input': None, 'estimator__preprocessor__binary_pipeline__verbose': False, 'estimator__preprocessor__binary_pipeline__binary': FunctionTransformer(feature_names_out='one-to-one',
                    func=<function encode_binary at 0x195f4bd80>), 'estimator__preprocessor__binary_pipeline__binary__accept_sparse': False, 'estimator__preprocessor__binary_pipeline__binary__check_inverse': True, 'estimator__preprocessor__binary_pipeline__binary__feature_names_out': 'one-to-one', 'estimator__preprocessor__binary_pipeline__binary__func': <function encode_binary at 0x195f4bd80>, 'estimator__preprocessor__binary_pipeline__binary__inv_kw_args': None, 'estimator__preprocessor__binary_pipeline__binary__inverse_func': None, 'estimator__preprocessor__binary_pipeline__binary__kw_args': None, 'estimator__preprocessor__binary_pipeline__binary__validate': False, 'estimator__preprocessor__nominal_pipeline__memory': None, 'estimator__preprocessor__nominal_pipeline__steps': [('nominal', OneHotEncoder(drop='first', handle_unknown='ignore', sparse_output=False))], 'estimator__preprocessor__nominal_pipeline__transform_input': None, 'estimator__preprocessor__nominal_pipeline__verbose': False, 'estimator__preprocessor__nominal_pipeline__nominal': OneHotEncoder(drop='first', handle_unknown='ignore', sparse_output=False), 'estimator__preprocessor__nominal_pipeline__nominal__categories': 'auto', 'estimator__preprocessor__nominal_pipeline__nominal__drop': 'first', 'estimator__preprocessor__nominal_pipeline__nominal__dtype': <class 'numpy.float64'>, 'estimator__preprocessor__nominal_pipeline__nominal__feature_name_combiner': 'concat', 'estimator__preprocessor__nominal_pipeline__nominal__handle_unknown': 'ignore', 'estimator__preprocessor__nominal_pipeline__nominal__max_categories': None, 'estimator__preprocessor__nominal_pipeline__nominal__min_frequency': None, 'estimator__preprocessor__nominal_pipeline__nominal__sparse_output': False, 'estimator__over_random__random_state': 42, 'estimator__over_random__sampling_strategy': 'auto', 'estimator__over_random__shrinkage': None, 'estimator__classifier__objective': 'binary:logistic', 'estimator__classifier__base_score': None, 'estimator__classifier__booster': None, 'estimator__classifier__callbacks': None, 'estimator__classifier__colsample_bylevel': None, 'estimator__classifier__colsample_bynode': None, 'estimator__classifier__colsample_bytree': 0.8, 'estimator__classifier__device': None, 'estimator__classifier__early_stopping_rounds': None, 'estimator__classifier__enable_categorical': False, 'estimator__classifier__eval_metric': 'logloss', 'estimator__classifier__feature_types': None, 'estimator__classifier__gamma': None, 'estimator__classifier__grow_policy': None, 'estimator__classifier__importance_type': None, 'estimator__classifier__interaction_constraints': None, 'estimator__classifier__learning_rate': 0.05, 'estimator__classifier__max_bin': None, 'estimator__classifier__max_cat_threshold': None, 'estimator__classifier__max_cat_to_onehot': None, 'estimator__classifier__max_delta_step': None, 'estimator__classifier__max_depth': 6, 'estimator__classifier__max_leaves': None, 'estimator__classifier__min_child_weight': None, 'estimator__classifier__missing': nan, 'estimator__classifier__monotone_constraints': None, 'estimator__classifier__multi_strategy': None, 'estimator__classifier__n_estimators': 200, 'estimator__classifier__n_jobs': None, 'estimator__classifier__num_parallel_tree': None, 'estimator__classifier__random_state': 42, 'estimator__classifier__reg_alpha': None, 'estimator__classifier__reg_lambda': None, 'estimator__classifier__sampling_method': None, 'estimator__classifier__scale_pos_weight': None, 'estimator__classifier__subsample': 0.8, 'estimator__classifier__tree_method': None, 'estimator__classifier__validate_parameters': None, 'estimator__classifier__verbosity': None, 'estimator': Pipeline(steps=[('DT', DewTempSpread(new_col='TMP-DEW')),
                ('preprocessor',
                 ColumnTransformer(transformers=[('feat_engin_temp_dew',
                                                  Pipeline(steps=[('imputer',
                                                                   SimpleImputer(strategy='median')),
                                                                  ('scale',
                                                                   StandardScaler())]),
                                                  ['TMP-DEW']),
                                                 ('numeric_feature_pipeline',
                                                  Pipeline(steps=[('imputer',
                                                                   SimpleImputer(strategy='median')),
                                                                  ('scale',
                                                                   StandardScaler())]),
                                                  ['...
                               feature_types=None, gamma=None, grow_policy=None,
                               importance_type=None,
                               interaction_constraints=None, learning_rate=0.05,
                               max_bin=None, max_cat_threshold=None,
                               max_cat_to_onehot=None, max_delta_step=None,
                               max_depth=6, max_leaves=None,
                               min_child_weight=None, missing=nan,
                               monotone_constraints=None, multi_strategy=None,
                               n_estimators=200, n_jobs=None,
                               num_parallel_tree=None, random_state=42, ...))]), 'method': 'isotonic', 'n_jobs': None}",0.018325474818993825,0.019632009314294617,0.0876010781671159,0.1111111111111111,0.04744525547445255,0.8723397531658661,0.0021592040914576484
6,HR_XGBoost_ROS,"{'cv': YearlyTemporalWindowSplit(end_year=2017, start_year=2001, val_window_size=2), 'ensemble': 'auto', 'estimator__memory': None, 'estimator__steps': [('HR', HourlyRates(columns=['DEW_dew_point', 'TMP_air_temperature',
                     'SLP_sea_level_pressure'],
            max_gap_hours=2, min_gap_hours=1)), ('preprocessor', ColumnTransformer(transformers=[('feat_engin_rolling_average',
                                 Pipeline(steps=[('imputer',
                                                  SimpleImputer(strategy='median')),
                                                 ('scale', StandardScaler())]),
                                 ['PER_HOUR_DEW_dew_point',
                                  'PER_HOUR_TMP_air_temperature',
                                  'PER_HOUR_SLP_sea_level_pressure']),
                                ('numeric_feature_pipeline',
                                 Pipeline(steps=[('imputer',
                                                  SimpleImputer(strategy='median')),
                                                 ('scale', Standar...
                                                                      func=<function encode_binary at 0x195f4bd80>))]),
                                 ['CIG_cavok_code', 'VIS_variability_code']),
                                ('nominal_pipeline',
                                 Pipeline(steps=[('nominal',
                                                  OneHotEncoder(drop='first',
                                                                handle_unknown='ignore',
                                                                sparse_output=False))]),
                                 ['WND_type_code']),
                                ('passthrough_features', 'passthrough',
                                 ['WND_direction_angle_variable_wind_direction_flag']),
                                ('drop_features', 'drop', ['DATE'])],
                  verbose_feature_names_out=False)), ('over_random', RandomOverSampler(random_state=42)), ('classifier', XGBClassifier(base_score=None, booster=None, callbacks=None,
              colsample_bylevel=None, colsample_bynode=None,
              colsample_bytree=0.8, device=None, early_stopping_rounds=None,
              enable_categorical=False, eval_metric='logloss',
              feature_types=None, gamma=None, grow_policy=None,
              importance_type=None, interaction_constraints=None,
              learning_rate=0.05, max_bin=None, max_cat_threshold=None,
              max_cat_to_onehot=None, max_delta_step=None, max_depth=6,
              max_leaves=None, min_child_weight=None, missing=nan,
              monotone_constraints=None, multi_strategy=None, n_estimators=200,
              n_jobs=None, num_parallel_tree=None, random_state=42, ...))], 'estimator__transform_input': None, 'estimator__verbose': False, 'estimator__HR': HourlyRates(columns=['DEW_dew_point', 'TMP_air_temperature',
                     'SLP_sea_level_pressure'],
            max_gap_hours=2, min_gap_hours=1), 'estimator__preprocessor': ColumnTransformer(transformers=[('feat_engin_rolling_average',
                                 Pipeline(steps=[('imputer',
                                                  SimpleImputer(strategy='median')),
                                                 ('scale', StandardScaler())]),
                                 ['PER_HOUR_DEW_dew_point',
                                  'PER_HOUR_TMP_air_temperature',
                                  'PER_HOUR_SLP_sea_level_pressure']),
                                ('numeric_feature_pipeline',
                                 Pipeline(steps=[('imputer',
                                                  SimpleImputer(strategy='median')),
                                                 ('scale', Standar...
                                                                      func=<function encode_binary at 0x195f4bd80>))]),
                                 ['CIG_cavok_code', 'VIS_variability_code']),
                                ('nominal_pipeline',
                                 Pipeline(steps=[('nominal',
                                                  OneHotEncoder(drop='first',
                                                                handle_unknown='ignore',
                                                                sparse_output=False))]),
                                 ['WND_type_code']),
                                ('passthrough_features', 'passthrough',
                                 ['WND_direction_angle_variable_wind_direction_flag']),
                                ('drop_features', 'drop', ['DATE'])],
                  verbose_feature_names_out=False), 'estimator__over_random': RandomOverSampler(random_state=42), 'estimator__classifier': XGBClassifier(base_score=None, booster=None, callbacks=None,
              colsample_bylevel=None, colsample_bynode=None,
              colsample_bytree=0.8, device=None, early_stopping_rounds=None,
              enable_categorical=False, eval_metric='logloss',
              feature_types=None, gamma=None, grow_policy=None,
              importance_type=None, interaction_constraints=None,
              learning_rate=0.05, max_bin=None, max_cat_threshold=None,
              max_cat_to_onehot=None, max_delta_step=None, max_depth=6,
              max_leaves=None, min_child_weight=None, missing=nan,
              monotone_constraints=None, multi_strategy=None, n_estimators=200,
              n_jobs=None, num_parallel_tree=None, random_state=42, ...), 'estimator__HR__columns': ['DEW_dew_point', 'TMP_air_temperature', 'SLP_sea_level_pressure'], 'estimator__HR__id_col': 'STATION', 'estimator__HR__max_gap_hours': 2, 'estimator__HR__min_gap_hours': 1, 'estimator__HR__time_col': 'DATE', 'estimator__preprocessor__force_int_remainder_cols': 'deprecated', 'estimator__preprocessor__n_jobs': None, 'estimator__preprocessor__remainder': 'drop', 'estimator__preprocessor__sparse_threshold': 0.3, 'estimator__preprocessor__transformer_weights': None, 'estimator__preprocessor__transformers': [('feat_engin_rolling_average', Pipeline(steps=[('imputer', SimpleImputer(strategy='median')),
                ('scale', StandardScaler())]), ['PER_HOUR_DEW_dew_point', 'PER_HOUR_TMP_air_temperature', 'PER_HOUR_SLP_sea_level_pressure']), ('numeric_feature_pipeline', Pipeline(steps=[('imputer', SimpleImputer(strategy='median')),
                ('scale', StandardScaler())]), ['WND_direction_angle', 'WND_speed_rate', 'CIG_ceiling_height', 'VIS_distance', 'TMP_air_temperature', 'DEW_dew_point', 'SLP_sea_level_pressure']), ('binary_pipeline', Pipeline(steps=[('binary',
                 FunctionTransformer(feature_names_out='one-to-one',
                                     func=<function encode_binary at 0x195f4bd80>))]), ['CIG_cavok_code', 'VIS_variability_code']), ('nominal_pipeline', Pipeline(steps=[('nominal',
                 OneHotEncoder(drop='first', handle_unknown='ignore',
                               sparse_output=False))]), ['WND_type_code']), ('passthrough_features', 'passthrough', ['WND_direction_angle_variable_wind_direction_flag']), ('drop_features', 'drop', ['DATE'])], 'estimator__preprocessor__verbose': False, 'estimator__preprocessor__verbose_feature_names_out': False, 'estimator__preprocessor__feat_engin_rolling_average': Pipeline(steps=[('imputer', SimpleImputer(strategy='median')),
                ('scale', StandardScaler())]), 'estimator__preprocessor__numeric_feature_pipeline': Pipeline(steps=[('imputer', SimpleImputer(strategy='median')),
                ('scale', StandardScaler())]), 'estimator__preprocessor__binary_pipeline': Pipeline(steps=[('binary',
                 FunctionTransformer(feature_names_out='one-to-one',
                                     func=<function encode_binary at 0x195f4bd80>))]), 'estimator__preprocessor__nominal_pipeline': Pipeline(steps=[('nominal',
                 OneHotEncoder(drop='first', handle_unknown='ignore',
                               sparse_output=False))]), 'estimator__preprocessor__passthrough_features': 'passthrough', 'estimator__preprocessor__drop_features': 'drop', 'estimator__preprocessor__feat_engin_rolling_average__memory': None, 'estimator__preprocessor__feat_engin_rolling_average__steps': [('imputer', SimpleImputer(strategy='median')), ('scale', StandardScaler())], 'estimator__preprocessor__feat_engin_rolling_average__transform_input': None, 'estimator__preprocessor__feat_engin_rolling_average__verbose': False, 'estimator__preprocessor__feat_engin_rolling_average__imputer': SimpleImputer(strategy='median'), 'estimator__preprocessor__feat_engin_rolling_average__scale': StandardScaler(), 'estimator__preprocessor__feat_engin_rolling_average__imputer__add_indicator': False, 'estimator__preprocessor__feat_engin_rolling_average__imputer__copy': True, 'estimator__preprocessor__feat_engin_rolling_average__imputer__fill_value': None, 'estimator__preprocessor__feat_engin_rolling_average__imputer__keep_empty_features': False, 'estimator__preprocessor__feat_engin_rolling_average__imputer__missing_values': nan, 'estimator__preprocessor__feat_engin_rolling_average__imputer__strategy': 'median', 'estimator__preprocessor__feat_engin_rolling_average__scale__copy': True, 'estimator__preprocessor__feat_engin_rolling_average__scale__with_mean': True, 'estimator__preprocessor__feat_engin_rolling_average__scale__with_std': True, 'estimator__preprocessor__numeric_feature_pipeline__memory': None, 'estimator__preprocessor__numeric_feature_pipeline__steps': [('imputer', SimpleImputer(strategy='median')), ('scale', StandardScaler())], 'estimator__preprocessor__numeric_feature_pipeline__transform_input': None, 'estimator__preprocessor__numeric_feature_pipeline__verbose': False, 'estimator__preprocessor__numeric_feature_pipeline__imputer': SimpleImputer(strategy='median'), 'estimator__preprocessor__numeric_feature_pipeline__scale': StandardScaler(), 'estimator__preprocessor__numeric_feature_pipeline__imputer__add_indicator': False, 'estimator__preprocessor__numeric_feature_pipeline__imputer__copy': True, 'estimator__preprocessor__numeric_feature_pipeline__imputer__fill_value': None, 'estimator__preprocessor__numeric_feature_pipeline__imputer__keep_empty_features': False, 'estimator__preprocessor__numeric_feature_pipeline__imputer__missing_values': nan, 'estimator__preprocessor__numeric_feature_pipeline__imputer__strategy': 'median', 'estimator__preprocessor__numeric_feature_pipeline__scale__copy': True, 'estimator__preprocessor__numeric_feature_pipeline__scale__with_mean': True, 'estimator__preprocessor__numeric_feature_pipeline__scale__with_std': True, 'estimator__preprocessor__binary_pipeline__memory': None, 'estimator__preprocessor__binary_pipeline__steps': [('binary', FunctionTransformer(feature_names_out='one-to-one',
                    func=<function encode_binary at 0x195f4bd80>))], 'estimator__preprocessor__binary_pipeline__transform_input': None, 'estimator__preprocessor__binary_pipeline__verbose': False, 'estimator__preprocessor__binary_pipeline__binary': FunctionTransformer(feature_names_out='one-to-one',
                    func=<function encode_binary at 0x195f4bd80>), 'estimator__preprocessor__binary_pipeline__binary__accept_sparse': False, 'estimator__preprocessor__binary_pipeline__binary__check_inverse': True, 'estimator__preprocessor__binary_pipeline__binary__feature_names_out': 'one-to-one', 'estimator__preprocessor__binary_pipeline__binary__func': <function encode_binary at 0x195f4bd80>, 'estimator__preprocessor__binary_pipeline__binary__inv_kw_args': None, 'estimator__preprocessor__binary_pipeline__binary__inverse_func': None, 'estimator__preprocessor__binary_pipeline__binary__kw_args': None, 'estimator__preprocessor__binary_pipeline__binary__validate': False, 'estimator__preprocessor__nominal_pipeline__memory': None, 'estimator__preprocessor__nominal_pipeline__steps': [('nominal', OneHotEncoder(drop='first', handle_unknown='ignore', sparse_output=False))], 'estimator__preprocessor__nominal_pipeline__transform_input': None, 'estimator__preprocessor__nominal_pipeline__verbose': False, 'estimator__preprocessor__nominal_pipeline__nominal': OneHotEncoder(drop='first', handle_unknown='ignore', sparse_output=False), 'estimator__preprocessor__nominal_pipeline__nominal__categories': 'auto', 'estimator__preprocessor__nominal_pipeline__nominal__drop': 'first', 'estimator__preprocessor__nominal_pipeline__nominal__dtype': <class 'numpy.float64'>, 'estimator__preprocessor__nominal_pipeline__nominal__feature_name_combiner': 'concat', 'estimator__preprocessor__nominal_pipeline__nominal__handle_unknown': 'ignore', 'estimator__preprocessor__nominal_pipeline__nominal__max_categories': None, 'estimator__preprocessor__nominal_pipeline__nominal__min_frequency': None, 'estimator__preprocessor__nominal_pipeline__nominal__sparse_output': False, 'estimator__over_random__random_state': 42, 'estimator__over_random__sampling_strategy': 'auto', 'estimator__over_random__shrinkage': None, 'estimator__classifier__objective': 'binary:logistic', 'estimator__classifier__base_score': None, 'estimator__classifier__booster': None, 'estimator__classifier__callbacks': None, 'estimator__classifier__colsample_bylevel': None, 'estimator__classifier__colsample_bynode': None, 'estimator__classifier__colsample_bytree': 0.8, 'estimator__classifier__device': None, 'estimator__classifier__early_stopping_rounds': None, 'estimator__classifier__enable_categorical': False, 'estimator__classifier__eval_metric': 'logloss', 'estimator__classifier__feature_types': None, 'estimator__classifier__gamma': None, 'estimator__classifier__grow_policy': None, 'estimator__classifier__importance_type': None, 'estimator__classifier__interaction_constraints': None, 'estimator__classifier__learning_rate': 0.05, 'estimator__classifier__max_bin': None, 'estimator__classifier__max_cat_threshold': None, 'estimator__classifier__max_cat_to_onehot': None, 'estimator__classifier__max_delta_step': None, 'estimator__classifier__max_depth': 6, 'estimator__classifier__max_leaves': None, 'estimator__classifier__min_child_weight': None, 'estimator__classifier__missing': nan, 'estimator__classifier__monotone_constraints': None, 'estimator__classifier__multi_strategy': None, 'estimator__classifier__n_estimators': 200, 'estimator__classifier__n_jobs': None, 'estimator__classifier__num_parallel_tree': None, 'estimator__classifier__random_state': 42, 'estimator__classifier__reg_alpha': None, 'estimator__classifier__reg_lambda': None, 'estimator__classifier__sampling_method': None, 'estimator__classifier__scale_pos_weight': None, 'estimator__classifier__subsample': 0.8, 'estimator__classifier__tree_method': None, 'estimator__classifier__validate_parameters': None, 'estimator__classifier__verbosity': None, 'estimator': Pipeline(steps=[('HR',
                 HourlyRates(columns=['DEW_dew_point', 'TMP_air_temperature',
                                      'SLP_sea_level_pressure'],
                             max_gap_hours=2, min_gap_hours=1)),
                ('preprocessor',
                 ColumnTransformer(transformers=[('feat_engin_rolling_average',
                                                  Pipeline(steps=[('imputer',
                                                                   SimpleImputer(strategy='median')),
                                                                  ('scale',
                                                                   StandardScaler())]),
                                                  ['PER_HOUR_DEW_dew_point',
                                                   'PER_HOUR_TMP_a...
                               feature_types=None, gamma=None, grow_policy=None,
                               importance_type=None,
                               interaction_constraints=None, learning_rate=0.05,
                               max_bin=None, max_cat_threshold=None,
                               max_cat_to_onehot=None, max_delta_step=None,
                               max_depth=6, max_leaves=None,
                               min_child_weight=None, missing=nan,
                               monotone_constraints=None, multi_strategy=None,
                               n_estimators=200, n_jobs=None,
                               num_parallel_tree=None, random_state=42, ...))]), 'method': 'isotonic', 'n_jobs': None}",0.026521437815972604,0.020793152426201753,0.04770992366412214,0.042735042735042736,0.08928571428571429,0.8759414924450777,0.002159440241286948
7,OG_XGBoost_ROS,"{'cv': YearlyTemporalWindowSplit(end_year=2017, start_year=2001, val_window_size=2), 'ensemble': 'auto', 'estimator__memory': None, 'estimator__steps': [('preprocessor', ColumnTransformer(transformers=[('numeric_feature_pipeline',
                                 Pipeline(steps=[('imputer',
                                                  SimpleImputer(strategy='median')),
                                                 ('scale', StandardScaler())]),
                                 ['WND_direction_angle', 'WND_speed_rate',
                                  'CIG_ceiling_height', 'VIS_distance',
                                  'TMP_air_temperature', 'DEW_dew_point',
                                  'SLP_sea_level_pressure']),
                                ('binary_pipeline',
                                 Pipeline(steps=[('binary',
                                                  FunctionTransf...
                                                                      func=<function encode_binary at 0x195f4bd80>))]),
                                 ['CIG_cavok_code', 'VIS_variability_code']),
                                ('nominal_pipeline',
                                 Pipeline(steps=[('nominal',
                                                  OneHotEncoder(drop='first',
                                                                handle_unknown='ignore',
                                                                sparse_output=False))]),
                                 ['WND_type_code']),
                                ('passthrough_features', 'passthrough',
                                 ['WND_direction_angle_variable_wind_direction_flag']),
                                ('drop_features', 'drop', ['DATE'])],
                  verbose_feature_names_out=False)), ('over_random', RandomOverSampler(random_state=42)), ('classifier', XGBClassifier(base_score=None, booster=None, callbacks=None,
              colsample_bylevel=None, colsample_bynode=None,
              colsample_bytree=0.8, device=None, early_stopping_rounds=None,
              enable_categorical=False, eval_metric='logloss',
              feature_types=None, gamma=None, grow_policy=None,
              importance_type=None, interaction_constraints=None,
              learning_rate=0.05, max_bin=None, max_cat_threshold=None,
              max_cat_to_onehot=None, max_delta_step=None, max_depth=6,
              max_leaves=None, min_child_weight=None, missing=nan,
              monotone_constraints=None, multi_strategy=None, n_estimators=200,
              n_jobs=None, num_parallel_tree=None, random_state=42, ...))], 'estimator__transform_input': None, 'estimator__verbose': False, 'estimator__preprocessor': ColumnTransformer(transformers=[('numeric_feature_pipeline',
                                 Pipeline(steps=[('imputer',
                                                  SimpleImputer(strategy='median')),
                                                 ('scale', StandardScaler())]),
                                 ['WND_direction_angle', 'WND_speed_rate',
                                  'CIG_ceiling_height', 'VIS_distance',
                                  'TMP_air_temperature', 'DEW_dew_point',
                                  'SLP_sea_level_pressure']),
                                ('binary_pipeline',
                                 Pipeline(steps=[('binary',
                                                  FunctionTransf...
                                                                      func=<function encode_binary at 0x195f4bd80>))]),
                                 ['CIG_cavok_code', 'VIS_variability_code']),
                                ('nominal_pipeline',
                                 Pipeline(steps=[('nominal',
                                                  OneHotEncoder(drop='first',
                                                                handle_unknown='ignore',
                                                                sparse_output=False))]),
                                 ['WND_type_code']),
                                ('passthrough_features', 'passthrough',
                                 ['WND_direction_angle_variable_wind_direction_flag']),
                                ('drop_features', 'drop', ['DATE'])],
                  verbose_feature_names_out=False), 'estimator__over_random': RandomOverSampler(random_state=42), 'estimator__classifier': XGBClassifier(base_score=None, booster=None, callbacks=None,
              colsample_bylevel=None, colsample_bynode=None,
              colsample_bytree=0.8, device=None, early_stopping_rounds=None,
              enable_categorical=False, eval_metric='logloss',
              feature_types=None, gamma=None, grow_policy=None,
              importance_type=None, interaction_constraints=None,
              learning_rate=0.05, max_bin=None, max_cat_threshold=None,
              max_cat_to_onehot=None, max_delta_step=None, max_depth=6,
              max_leaves=None, min_child_weight=None, missing=nan,
              monotone_constraints=None, multi_strategy=None, n_estimators=200,
              n_jobs=None, num_parallel_tree=None, random_state=42, ...), 'estimator__preprocessor__force_int_remainder_cols': 'deprecated', 'estimator__preprocessor__n_jobs': None, 'estimator__preprocessor__remainder': 'drop', 'estimator__preprocessor__sparse_threshold': 0.3, 'estimator__preprocessor__transformer_weights': None, 'estimator__preprocessor__transformers': [('numeric_feature_pipeline', Pipeline(steps=[('imputer', SimpleImputer(strategy='median')),
                ('scale', StandardScaler())]), ['WND_direction_angle', 'WND_speed_rate', 'CIG_ceiling_height', 'VIS_distance', 'TMP_air_temperature', 'DEW_dew_point', 'SLP_sea_level_pressure']), ('binary_pipeline', Pipeline(steps=[('binary',
                 FunctionTransformer(feature_names_out='one-to-one',
                                     func=<function encode_binary at 0x195f4bd80>))]), ['CIG_cavok_code', 'VIS_variability_code']), ('nominal_pipeline', Pipeline(steps=[('nominal',
                 OneHotEncoder(drop='first', handle_unknown='ignore',
                               sparse_output=False))]), ['WND_type_code']), ('passthrough_features', 'passthrough', ['WND_direction_angle_variable_wind_direction_flag']), ('drop_features', 'drop', ['DATE'])], 'estimator__preprocessor__verbose': False, 'estimator__preprocessor__verbose_feature_names_out': False, 'estimator__preprocessor__numeric_feature_pipeline': Pipeline(steps=[('imputer', SimpleImputer(strategy='median')),
                ('scale', StandardScaler())]), 'estimator__preprocessor__binary_pipeline': Pipeline(steps=[('binary',
                 FunctionTransformer(feature_names_out='one-to-one',
                                     func=<function encode_binary at 0x195f4bd80>))]), 'estimator__preprocessor__nominal_pipeline': Pipeline(steps=[('nominal',
                 OneHotEncoder(drop='first', handle_unknown='ignore',
                               sparse_output=False))]), 'estimator__preprocessor__passthrough_features': 'passthrough', 'estimator__preprocessor__drop_features': 'drop', 'estimator__preprocessor__numeric_feature_pipeline__memory': None, 'estimator__preprocessor__numeric_feature_pipeline__steps': [('imputer', SimpleImputer(strategy='median')), ('scale', StandardScaler())], 'estimator__preprocessor__numeric_feature_pipeline__transform_input': None, 'estimator__preprocessor__numeric_feature_pipeline__verbose': False, 'estimator__preprocessor__numeric_feature_pipeline__imputer': SimpleImputer(strategy='median'), 'estimator__preprocessor__numeric_feature_pipeline__scale': StandardScaler(), 'estimator__preprocessor__numeric_feature_pipeline__imputer__add_indicator': False, 'estimator__preprocessor__numeric_feature_pipeline__imputer__copy': True, 'estimator__preprocessor__numeric_feature_pipeline__imputer__fill_value': None, 'estimator__preprocessor__numeric_feature_pipeline__imputer__keep_empty_features': False, 'estimator__preprocessor__numeric_feature_pipeline__imputer__missing_values': nan, 'estimator__preprocessor__numeric_feature_pipeline__imputer__strategy': 'median', 'estimator__preprocessor__numeric_feature_pipeline__scale__copy': True, 'estimator__preprocessor__numeric_feature_pipeline__scale__with_mean': True, 'estimator__preprocessor__numeric_feature_pipeline__scale__with_std': True, 'estimator__preprocessor__binary_pipeline__memory': None, 'estimator__preprocessor__binary_pipeline__steps': [('binary', FunctionTransformer(feature_names_out='one-to-one',
                    func=<function encode_binary at 0x195f4bd80>))], 'estimator__preprocessor__binary_pipeline__transform_input': None, 'estimator__preprocessor__binary_pipeline__verbose': False, 'estimator__preprocessor__binary_pipeline__binary': FunctionTransformer(feature_names_out='one-to-one',
                    func=<function encode_binary at 0x195f4bd80>), 'estimator__preprocessor__binary_pipeline__binary__accept_sparse': False, 'estimator__preprocessor__binary_pipeline__binary__check_inverse': True, 'estimator__preprocessor__binary_pipeline__binary__feature_names_out': 'one-to-one', 'estimator__preprocessor__binary_pipeline__binary__func': <function encode_binary at 0x195f4bd80>, 'estimator__preprocessor__binary_pipeline__binary__inv_kw_args': None, 'estimator__preprocessor__binary_pipeline__binary__inverse_func': None, 'estimator__preprocessor__binary_pipeline__binary__kw_args': None, 'estimator__preprocessor__binary_pipeline__binary__validate': False, 'estimator__preprocessor__nominal_pipeline__memory': None, 'estimator__preprocessor__nominal_pipeline__steps': [('nominal', OneHotEncoder(drop='first', handle_unknown='ignore', sparse_output=False))], 'estimator__preprocessor__nominal_pipeline__transform_input': None, 'estimator__preprocessor__nominal_pipeline__verbose': False, 'estimator__preprocessor__nominal_pipeline__nominal': OneHotEncoder(drop='first', handle_unknown='ignore', sparse_output=False), 'estimator__preprocessor__nominal_pipeline__nominal__categories': 'auto', 'estimator__preprocessor__nominal_pipeline__nominal__drop': 'first', 'estimator__preprocessor__nominal_pipeline__nominal__dtype': <class 'numpy.float64'>, 'estimator__preprocessor__nominal_pipeline__nominal__feature_name_combiner': 'concat', 'estimator__preprocessor__nominal_pipeline__nominal__handle_unknown': 'ignore', 'estimator__preprocessor__nominal_pipeline__nominal__max_categories': None, 'estimator__preprocessor__nominal_pipeline__nominal__min_frequency': None, 'estimator__preprocessor__nominal_pipeline__nominal__sparse_output': False, 'estimator__over_random__random_state': 42, 'estimator__over_random__sampling_strategy': 'auto', 'estimator__over_random__shrinkage': None, 'estimator__classifier__objective': 'binary:logistic', 'estimator__classifier__base_score': None, 'estimator__classifier__booster': None, 'estimator__classifier__callbacks': None, 'estimator__classifier__colsample_bylevel': None, 'estimator__classifier__colsample_bynode': None, 'estimator__classifier__colsample_bytree': 0.8, 'estimator__classifier__device': None, 'estimator__classifier__early_stopping_rounds': None, 'estimator__classifier__enable_categorical': False, 'estimator__classifier__eval_metric': 'logloss', 'estimator__classifier__feature_types': None, 'estimator__classifier__gamma': None, 'estimator__classifier__grow_policy': None, 'estimator__classifier__importance_type': None, 'estimator__classifier__interaction_constraints': None, 'estimator__classifier__learning_rate': 0.05, 'estimator__classifier__max_bin': None, 'estimator__classifier__max_cat_threshold': None, 'estimator__classifier__max_cat_to_onehot': None, 'estimator__classifier__max_delta_step': None, 'estimator__classifier__max_depth': 6, 'estimator__classifier__max_leaves': None, 'estimator__classifier__min_child_weight': None, 'estimator__classifier__missing': nan, 'estimator__classifier__monotone_constraints': None, 'estimator__classifier__multi_strategy': None, 'estimator__classifier__n_estimators': 200, 'estimator__classifier__n_jobs': None, 'estimator__classifier__num_parallel_tree': None, 'estimator__classifier__random_state': 42, 'estimator__classifier__reg_alpha': None, 'estimator__classifier__reg_lambda': None, 'estimator__classifier__sampling_method': None, 'estimator__classifier__scale_pos_weight': None, 'estimator__classifier__subsample': 0.8, 'estimator__classifier__tree_method': None, 'estimator__classifier__validate_parameters': None, 'estimator__classifier__verbosity': None, 'estimator': Pipeline(steps=[('preprocessor',
                 ColumnTransformer(transformers=[('numeric_feature_pipeline',
                                                  Pipeline(steps=[('imputer',
                                                                   SimpleImputer(strategy='median')),
                                                                  ('scale',
                                                                   StandardScaler())]),
                                                  ['WND_direction_angle',
                                                   'WND_speed_rate',
                                                   'CIG_ceiling_height',
                                                   'VIS_distance',
                                                   'TMP_air_temperature',
                                                   'DEW_dew_point',
                                                   'SLP_sea_level_pressure']),
                                                 ('binary_pipeline',
                                                  Pipeline...
                               feature_types=None, gamma=None, grow_policy=None,
                               importance_type=None,
                               interaction_constraints=None, learning_rate=0.05,
                               max_bin=None, max_cat_threshold=None,
                               max_cat_to_onehot=None, max_delta_step=None,
                               max_depth=6, max_leaves=None,
                               min_child_weight=None, missing=nan,
                               monotone_constraints=None, multi_strategy=None,
                               n_estimators=200, n_jobs=None,
                               num_parallel_tree=None, random_state=42, ...))]), 'method': 'isotonic', 'n_jobs': None}",0.019185138880857266,0.022156898020752085,0.06006006006006006,0.06837606837606838,0.04040404040404041,0.8666718856534363,0.002158955019455506
