,Model,train_avg_precision,validation_avg_precision,train_F2,validation_F2,train_Recall,validation_Recall,train_Precision,validation_Precision,train_roc_auc,validation_roc_auc,train_brier_score,validation_brier_score,Parameters
0,rf_model_0,0.1619665735945559,0.030906166267122576,0.2646188008882309,0.08486562942008487,0.3793103448275862,0.10256410256410256,0.11976549413735343,0.0502092050209205,0.9723126697265136,0.926910723725035,0.001376755069460853,0.002145466232323349,"{'cv': YearlyTemporalWindowSplit(end_year=2017, start_year=2001, val_window_size=2), 'ensemble': 'auto', 'estimator__memory': None, 'estimator__steps': [('DT', DewTempSpread(new_col='TMP-DEW')), ('TC', DatetimeSinCosConverter()), ('preprocessor', ColumnTransformer(transformers=[('feat_engin_temp_dew',
                                 Pipeline(steps=[('imputer',
                                                  SimpleImputer(strategy='median')),
                                                 ('scale', StandardScaler())]),
                                 ['TMP-DEW']),
                                ('feat_engin_time_features',
                                 Pipeline(steps=[('imputer',
                                                  SimpleImputer(strategy='median')),
                                                 ('scale', StandardScaler())]),
                                 ['sin_monthofyear', 'cos_monthofyear',
                                  'sin_hourofday', 'cos_hourofday']),
                                ('n...
                                                 ('scale', StandardScaler())]),
                                 ['WND_direction_angle', 'WND_speed_rate',
                                  'CIG_ceiling_height', 'VIS_distance',
                                  'TMP_air_temperature', 'DEW_dew_point',
                                  'SLP_sea_level_pressure']),
                                ('drop_features', 'drop', ['DATE']),
                                ('additional_drops', 'drop',
                                 ['CIG_cavok_code', 'VIS_variability_code',
                                  'WND_type_code',
                                  'WND_direction_angle_variable_wind_direction_flag'])],
                  verbose_feature_names_out=False)), ('smote', SMOTE(k_neighbors=7, random_state=42, sampling_strategy=0.3)), ('classifier', RandomForestClassifier(max_depth=5, min_samples_leaf=300, min_samples_split=500,
                       n_estimators=300, n_jobs=-1, random_state=42))], 'estimator__transform_input': None, 'estimator__verbose': False, 'estimator__DT': DewTempSpread(new_col='TMP-DEW'), 'estimator__TC': DatetimeSinCosConverter(), 'estimator__preprocessor': ColumnTransformer(transformers=[('feat_engin_temp_dew',
                                 Pipeline(steps=[('imputer',
                                                  SimpleImputer(strategy='median')),
                                                 ('scale', StandardScaler())]),
                                 ['TMP-DEW']),
                                ('feat_engin_time_features',
                                 Pipeline(steps=[('imputer',
                                                  SimpleImputer(strategy='median')),
                                                 ('scale', StandardScaler())]),
                                 ['sin_monthofyear', 'cos_monthofyear',
                                  'sin_hourofday', 'cos_hourofday']),
                                ('n...
                                                 ('scale', StandardScaler())]),
                                 ['WND_direction_angle', 'WND_speed_rate',
                                  'CIG_ceiling_height', 'VIS_distance',
                                  'TMP_air_temperature', 'DEW_dew_point',
                                  'SLP_sea_level_pressure']),
                                ('drop_features', 'drop', ['DATE']),
                                ('additional_drops', 'drop',
                                 ['CIG_cavok_code', 'VIS_variability_code',
                                  'WND_type_code',
                                  'WND_direction_angle_variable_wind_direction_flag'])],
                  verbose_feature_names_out=False), 'estimator__smote': SMOTE(k_neighbors=7, random_state=42, sampling_strategy=0.3), 'estimator__classifier': RandomForestClassifier(max_depth=5, min_samples_leaf=300, min_samples_split=500,
                       n_estimators=300, n_jobs=-1, random_state=42), 'estimator__DT__new_col': 'TMP-DEW', 'estimator__TC__column': 'DATE', 'estimator__TC__dayofyear': True, 'estimator__TC__hourofday': True, 'estimator__TC__monthofyear': True, 'estimator__preprocessor__force_int_remainder_cols': 'deprecated', 'estimator__preprocessor__n_jobs': None, 'estimator__preprocessor__remainder': 'drop', 'estimator__preprocessor__sparse_threshold': 0.3, 'estimator__preprocessor__transformer_weights': None, 'estimator__preprocessor__transformers': [('feat_engin_temp_dew', Pipeline(steps=[('imputer', SimpleImputer(strategy='median')),
                ('scale', StandardScaler())]), ['TMP-DEW']), ('feat_engin_time_features', Pipeline(steps=[('imputer', SimpleImputer(strategy='median')),
                ('scale', StandardScaler())]), ['sin_monthofyear', 'cos_monthofyear', 'sin_hourofday', 'cos_hourofday']), ('numeric_feature_pipeline', Pipeline(steps=[('imputer', SimpleImputer(strategy='median')),
                ('scale', StandardScaler())]), ['WND_direction_angle', 'WND_speed_rate', 'CIG_ceiling_height', 'VIS_distance', 'TMP_air_temperature', 'DEW_dew_point', 'SLP_sea_level_pressure']), ('drop_features', 'drop', ['DATE']), ('additional_drops', 'drop', ['CIG_cavok_code', 'VIS_variability_code', 'WND_type_code', 'WND_direction_angle_variable_wind_direction_flag'])], 'estimator__preprocessor__verbose': False, 'estimator__preprocessor__verbose_feature_names_out': False, 'estimator__preprocessor__feat_engin_temp_dew': Pipeline(steps=[('imputer', SimpleImputer(strategy='median')),
                ('scale', StandardScaler())]), 'estimator__preprocessor__feat_engin_time_features': Pipeline(steps=[('imputer', SimpleImputer(strategy='median')),
                ('scale', StandardScaler())]), 'estimator__preprocessor__numeric_feature_pipeline': Pipeline(steps=[('imputer', SimpleImputer(strategy='median')),
                ('scale', StandardScaler())]), 'estimator__preprocessor__drop_features': 'drop', 'estimator__preprocessor__additional_drops': 'drop', 'estimator__preprocessor__feat_engin_temp_dew__memory': None, 'estimator__preprocessor__feat_engin_temp_dew__steps': [('imputer', SimpleImputer(strategy='median')), ('scale', StandardScaler())], 'estimator__preprocessor__feat_engin_temp_dew__transform_input': None, 'estimator__preprocessor__feat_engin_temp_dew__verbose': False, 'estimator__preprocessor__feat_engin_temp_dew__imputer': SimpleImputer(strategy='median'), 'estimator__preprocessor__feat_engin_temp_dew__scale': StandardScaler(), 'estimator__preprocessor__feat_engin_temp_dew__imputer__add_indicator': False, 'estimator__preprocessor__feat_engin_temp_dew__imputer__copy': True, 'estimator__preprocessor__feat_engin_temp_dew__imputer__fill_value': None, 'estimator__preprocessor__feat_engin_temp_dew__imputer__keep_empty_features': False, 'estimator__preprocessor__feat_engin_temp_dew__imputer__missing_values': nan, 'estimator__preprocessor__feat_engin_temp_dew__imputer__strategy': 'median', 'estimator__preprocessor__feat_engin_temp_dew__scale__copy': True, 'estimator__preprocessor__feat_engin_temp_dew__scale__with_mean': True, 'estimator__preprocessor__feat_engin_temp_dew__scale__with_std': True, 'estimator__preprocessor__feat_engin_time_features__memory': None, 'estimator__preprocessor__feat_engin_time_features__steps': [('imputer', SimpleImputer(strategy='median')), ('scale', StandardScaler())], 'estimator__preprocessor__feat_engin_time_features__transform_input': None, 'estimator__preprocessor__feat_engin_time_features__verbose': False, 'estimator__preprocessor__feat_engin_time_features__imputer': SimpleImputer(strategy='median'), 'estimator__preprocessor__feat_engin_time_features__scale': StandardScaler(), 'estimator__preprocessor__feat_engin_time_features__imputer__add_indicator': False, 'estimator__preprocessor__feat_engin_time_features__imputer__copy': True, 'estimator__preprocessor__feat_engin_time_features__imputer__fill_value': None, 'estimator__preprocessor__feat_engin_time_features__imputer__keep_empty_features': False, 'estimator__preprocessor__feat_engin_time_features__imputer__missing_values': nan, 'estimator__preprocessor__feat_engin_time_features__imputer__strategy': 'median', 'estimator__preprocessor__feat_engin_time_features__scale__copy': True, 'estimator__preprocessor__feat_engin_time_features__scale__with_mean': True, 'estimator__preprocessor__feat_engin_time_features__scale__with_std': True, 'estimator__preprocessor__numeric_feature_pipeline__memory': None, 'estimator__preprocessor__numeric_feature_pipeline__steps': [('imputer', SimpleImputer(strategy='median')), ('scale', StandardScaler())], 'estimator__preprocessor__numeric_feature_pipeline__transform_input': None, 'estimator__preprocessor__numeric_feature_pipeline__verbose': False, 'estimator__preprocessor__numeric_feature_pipeline__imputer': SimpleImputer(strategy='median'), 'estimator__preprocessor__numeric_feature_pipeline__scale': StandardScaler(), 'estimator__preprocessor__numeric_feature_pipeline__imputer__add_indicator': False, 'estimator__preprocessor__numeric_feature_pipeline__imputer__copy': True, 'estimator__preprocessor__numeric_feature_pipeline__imputer__fill_value': None, 'estimator__preprocessor__numeric_feature_pipeline__imputer__keep_empty_features': False, 'estimator__preprocessor__numeric_feature_pipeline__imputer__missing_values': nan, 'estimator__preprocessor__numeric_feature_pipeline__imputer__strategy': 'median', 'estimator__preprocessor__numeric_feature_pipeline__scale__copy': True, 'estimator__preprocessor__numeric_feature_pipeline__scale__with_mean': True, 'estimator__preprocessor__numeric_feature_pipeline__scale__with_std': True, 'estimator__smote__k_neighbors': 7, 'estimator__smote__random_state': 42, 'estimator__smote__sampling_strategy': 0.3, 'estimator__classifier__bootstrap': True, 'estimator__classifier__ccp_alpha': 0.0, 'estimator__classifier__class_weight': None, 'estimator__classifier__criterion': 'gini', 'estimator__classifier__max_depth': 5, 'estimator__classifier__max_features': 'sqrt', 'estimator__classifier__max_leaf_nodes': None, 'estimator__classifier__max_samples': None, 'estimator__classifier__min_impurity_decrease': 0.0, 'estimator__classifier__min_samples_leaf': 300, 'estimator__classifier__min_samples_split': 500, 'estimator__classifier__min_weight_fraction_leaf': 0.0, 'estimator__classifier__monotonic_cst': None, 'estimator__classifier__n_estimators': 300, 'estimator__classifier__n_jobs': -1, 'estimator__classifier__oob_score': False, 'estimator__classifier__random_state': 42, 'estimator__classifier__verbose': 0, 'estimator__classifier__warm_start': False, 'estimator': Pipeline(steps=[('DT', DewTempSpread(new_col='TMP-DEW')),
                ('TC', DatetimeSinCosConverter()),
                ('preprocessor',
                 ColumnTransformer(transformers=[('feat_engin_temp_dew',
                                                  Pipeline(steps=[('imputer',
                                                                   SimpleImputer(strategy='median')),
                                                                  ('scale',
                                                                   StandardScaler())]),
                                                  ['TMP-DEW']),
                                                 ('feat_engin_time_features',
                                                  Pipeline(steps=[('imputer',
                                                                   SimpleImputer(strategy='median')...
                                                  ['CIG_cavok_code',
                                                   'VIS_variability_code',
                                                   'WND_type_code',
                                                   'WND_direction_angle_variable_wind_direction_flag'])],
                                   verbose_feature_names_out=False)),
                ('smote',
                 SMOTE(k_neighbors=7, random_state=42, sampling_strategy=0.3)),
                ('classifier',
                 RandomForestClassifier(max_depth=5, min_samples_leaf=300,
                                        min_samples_split=500, n_estimators=300,
                                        n_jobs=-1, random_state=42))]), 'method': 'isotonic', 'n_jobs': None}"
1,rf_model_1,0.16248883432855513,0.03221535848602575,0.27274864801316717,0.07601351351351351,0.3076923076923077,0.07692307692307693,0.18755052546483428,0.07258064516129033,0.9726734074254598,0.9279841272577306,0.0013723530720094464,0.002145169694763444,"{'cv': YearlyTemporalWindowSplit(end_year=2017, start_year=2001, val_window_size=2), 'ensemble': 'auto', 'estimator__memory': None, 'estimator__steps': [('DT', DewTempSpread(new_col='TMP-DEW')), ('TC', DatetimeSinCosConverter()), ('preprocessor', ColumnTransformer(transformers=[('feat_engin_temp_dew',
                                 Pipeline(steps=[('imputer',
                                                  SimpleImputer(strategy='median')),
                                                 ('scale', StandardScaler())]),
                                 ['TMP-DEW']),
                                ('feat_engin_time_features',
                                 Pipeline(steps=[('imputer',
                                                  SimpleImputer(strategy='median')),
                                                 ('scale', StandardScaler())]),
                                 ['sin_monthofyear', 'cos_monthofyear',
                                  'sin_hourofday', 'cos_hourofday']),
                                ('n...
                                                 ('scale', StandardScaler())]),
                                 ['WND_direction_angle', 'WND_speed_rate',
                                  'CIG_ceiling_height', 'VIS_distance',
                                  'TMP_air_temperature', 'DEW_dew_point',
                                  'SLP_sea_level_pressure']),
                                ('drop_features', 'drop', ['DATE']),
                                ('additional_drops', 'drop',
                                 ['CIG_cavok_code', 'VIS_variability_code',
                                  'WND_type_code',
                                  'WND_direction_angle_variable_wind_direction_flag'])],
                  verbose_feature_names_out=False)), ('smote', SMOTE(k_neighbors=7, random_state=42, sampling_strategy=0.3)), ('classifier', RandomForestClassifier(max_depth=5, min_samples_leaf=300, min_samples_split=500,
                       n_estimators=400, n_jobs=-1, random_state=42))], 'estimator__transform_input': None, 'estimator__verbose': False, 'estimator__DT': DewTempSpread(new_col='TMP-DEW'), 'estimator__TC': DatetimeSinCosConverter(), 'estimator__preprocessor': ColumnTransformer(transformers=[('feat_engin_temp_dew',
                                 Pipeline(steps=[('imputer',
                                                  SimpleImputer(strategy='median')),
                                                 ('scale', StandardScaler())]),
                                 ['TMP-DEW']),
                                ('feat_engin_time_features',
                                 Pipeline(steps=[('imputer',
                                                  SimpleImputer(strategy='median')),
                                                 ('scale', StandardScaler())]),
                                 ['sin_monthofyear', 'cos_monthofyear',
                                  'sin_hourofday', 'cos_hourofday']),
                                ('n...
                                                 ('scale', StandardScaler())]),
                                 ['WND_direction_angle', 'WND_speed_rate',
                                  'CIG_ceiling_height', 'VIS_distance',
                                  'TMP_air_temperature', 'DEW_dew_point',
                                  'SLP_sea_level_pressure']),
                                ('drop_features', 'drop', ['DATE']),
                                ('additional_drops', 'drop',
                                 ['CIG_cavok_code', 'VIS_variability_code',
                                  'WND_type_code',
                                  'WND_direction_angle_variable_wind_direction_flag'])],
                  verbose_feature_names_out=False), 'estimator__smote': SMOTE(k_neighbors=7, random_state=42, sampling_strategy=0.3), 'estimator__classifier': RandomForestClassifier(max_depth=5, min_samples_leaf=300, min_samples_split=500,
                       n_estimators=400, n_jobs=-1, random_state=42), 'estimator__DT__new_col': 'TMP-DEW', 'estimator__TC__column': 'DATE', 'estimator__TC__dayofyear': True, 'estimator__TC__hourofday': True, 'estimator__TC__monthofyear': True, 'estimator__preprocessor__force_int_remainder_cols': 'deprecated', 'estimator__preprocessor__n_jobs': None, 'estimator__preprocessor__remainder': 'drop', 'estimator__preprocessor__sparse_threshold': 0.3, 'estimator__preprocessor__transformer_weights': None, 'estimator__preprocessor__transformers': [('feat_engin_temp_dew', Pipeline(steps=[('imputer', SimpleImputer(strategy='median')),
                ('scale', StandardScaler())]), ['TMP-DEW']), ('feat_engin_time_features', Pipeline(steps=[('imputer', SimpleImputer(strategy='median')),
                ('scale', StandardScaler())]), ['sin_monthofyear', 'cos_monthofyear', 'sin_hourofday', 'cos_hourofday']), ('numeric_feature_pipeline', Pipeline(steps=[('imputer', SimpleImputer(strategy='median')),
                ('scale', StandardScaler())]), ['WND_direction_angle', 'WND_speed_rate', 'CIG_ceiling_height', 'VIS_distance', 'TMP_air_temperature', 'DEW_dew_point', 'SLP_sea_level_pressure']), ('drop_features', 'drop', ['DATE']), ('additional_drops', 'drop', ['CIG_cavok_code', 'VIS_variability_code', 'WND_type_code', 'WND_direction_angle_variable_wind_direction_flag'])], 'estimator__preprocessor__verbose': False, 'estimator__preprocessor__verbose_feature_names_out': False, 'estimator__preprocessor__feat_engin_temp_dew': Pipeline(steps=[('imputer', SimpleImputer(strategy='median')),
                ('scale', StandardScaler())]), 'estimator__preprocessor__feat_engin_time_features': Pipeline(steps=[('imputer', SimpleImputer(strategy='median')),
                ('scale', StandardScaler())]), 'estimator__preprocessor__numeric_feature_pipeline': Pipeline(steps=[('imputer', SimpleImputer(strategy='median')),
                ('scale', StandardScaler())]), 'estimator__preprocessor__drop_features': 'drop', 'estimator__preprocessor__additional_drops': 'drop', 'estimator__preprocessor__feat_engin_temp_dew__memory': None, 'estimator__preprocessor__feat_engin_temp_dew__steps': [('imputer', SimpleImputer(strategy='median')), ('scale', StandardScaler())], 'estimator__preprocessor__feat_engin_temp_dew__transform_input': None, 'estimator__preprocessor__feat_engin_temp_dew__verbose': False, 'estimator__preprocessor__feat_engin_temp_dew__imputer': SimpleImputer(strategy='median'), 'estimator__preprocessor__feat_engin_temp_dew__scale': StandardScaler(), 'estimator__preprocessor__feat_engin_temp_dew__imputer__add_indicator': False, 'estimator__preprocessor__feat_engin_temp_dew__imputer__copy': True, 'estimator__preprocessor__feat_engin_temp_dew__imputer__fill_value': None, 'estimator__preprocessor__feat_engin_temp_dew__imputer__keep_empty_features': False, 'estimator__preprocessor__feat_engin_temp_dew__imputer__missing_values': nan, 'estimator__preprocessor__feat_engin_temp_dew__imputer__strategy': 'median', 'estimator__preprocessor__feat_engin_temp_dew__scale__copy': True, 'estimator__preprocessor__feat_engin_temp_dew__scale__with_mean': True, 'estimator__preprocessor__feat_engin_temp_dew__scale__with_std': True, 'estimator__preprocessor__feat_engin_time_features__memory': None, 'estimator__preprocessor__feat_engin_time_features__steps': [('imputer', SimpleImputer(strategy='median')), ('scale', StandardScaler())], 'estimator__preprocessor__feat_engin_time_features__transform_input': None, 'estimator__preprocessor__feat_engin_time_features__verbose': False, 'estimator__preprocessor__feat_engin_time_features__imputer': SimpleImputer(strategy='median'), 'estimator__preprocessor__feat_engin_time_features__scale': StandardScaler(), 'estimator__preprocessor__feat_engin_time_features__imputer__add_indicator': False, 'estimator__preprocessor__feat_engin_time_features__imputer__copy': True, 'estimator__preprocessor__feat_engin_time_features__imputer__fill_value': None, 'estimator__preprocessor__feat_engin_time_features__imputer__keep_empty_features': False, 'estimator__preprocessor__feat_engin_time_features__imputer__missing_values': nan, 'estimator__preprocessor__feat_engin_time_features__imputer__strategy': 'median', 'estimator__preprocessor__feat_engin_time_features__scale__copy': True, 'estimator__preprocessor__feat_engin_time_features__scale__with_mean': True, 'estimator__preprocessor__feat_engin_time_features__scale__with_std': True, 'estimator__preprocessor__numeric_feature_pipeline__memory': None, 'estimator__preprocessor__numeric_feature_pipeline__steps': [('imputer', SimpleImputer(strategy='median')), ('scale', StandardScaler())], 'estimator__preprocessor__numeric_feature_pipeline__transform_input': None, 'estimator__preprocessor__numeric_feature_pipeline__verbose': False, 'estimator__preprocessor__numeric_feature_pipeline__imputer': SimpleImputer(strategy='median'), 'estimator__preprocessor__numeric_feature_pipeline__scale': StandardScaler(), 'estimator__preprocessor__numeric_feature_pipeline__imputer__add_indicator': False, 'estimator__preprocessor__numeric_feature_pipeline__imputer__copy': True, 'estimator__preprocessor__numeric_feature_pipeline__imputer__fill_value': None, 'estimator__preprocessor__numeric_feature_pipeline__imputer__keep_empty_features': False, 'estimator__preprocessor__numeric_feature_pipeline__imputer__missing_values': nan, 'estimator__preprocessor__numeric_feature_pipeline__imputer__strategy': 'median', 'estimator__preprocessor__numeric_feature_pipeline__scale__copy': True, 'estimator__preprocessor__numeric_feature_pipeline__scale__with_mean': True, 'estimator__preprocessor__numeric_feature_pipeline__scale__with_std': True, 'estimator__smote__k_neighbors': 7, 'estimator__smote__random_state': 42, 'estimator__smote__sampling_strategy': 0.3, 'estimator__classifier__bootstrap': True, 'estimator__classifier__ccp_alpha': 0.0, 'estimator__classifier__class_weight': None, 'estimator__classifier__criterion': 'gini', 'estimator__classifier__max_depth': 5, 'estimator__classifier__max_features': 'sqrt', 'estimator__classifier__max_leaf_nodes': None, 'estimator__classifier__max_samples': None, 'estimator__classifier__min_impurity_decrease': 0.0, 'estimator__classifier__min_samples_leaf': 300, 'estimator__classifier__min_samples_split': 500, 'estimator__classifier__min_weight_fraction_leaf': 0.0, 'estimator__classifier__monotonic_cst': None, 'estimator__classifier__n_estimators': 400, 'estimator__classifier__n_jobs': -1, 'estimator__classifier__oob_score': False, 'estimator__classifier__random_state': 42, 'estimator__classifier__verbose': 0, 'estimator__classifier__warm_start': False, 'estimator': Pipeline(steps=[('DT', DewTempSpread(new_col='TMP-DEW')),
                ('TC', DatetimeSinCosConverter()),
                ('preprocessor',
                 ColumnTransformer(transformers=[('feat_engin_temp_dew',
                                                  Pipeline(steps=[('imputer',
                                                                   SimpleImputer(strategy='median')),
                                                                  ('scale',
                                                                   StandardScaler())]),
                                                  ['TMP-DEW']),
                                                 ('feat_engin_time_features',
                                                  Pipeline(steps=[('imputer',
                                                                   SimpleImputer(strategy='median')...
                                                  ['CIG_cavok_code',
                                                   'VIS_variability_code',
                                                   'WND_type_code',
                                                   'WND_direction_angle_variable_wind_direction_flag'])],
                                   verbose_feature_names_out=False)),
                ('smote',
                 SMOTE(k_neighbors=7, random_state=42, sampling_strategy=0.3)),
                ('classifier',
                 RandomForestClassifier(max_depth=5, min_samples_leaf=300,
                                        min_samples_split=500, n_estimators=400,
                                        n_jobs=-1, random_state=42))]), 'method': 'isotonic', 'n_jobs': None}"
2,rf_model_2,0.16203627497492698,0.03260936524641801,0.25993044114955155,0.08450704225352113,0.376657824933687,0.10256410256410256,0.11606048222313037,0.049586776859504134,0.972053492180305,0.926909367107679,0.0013766543601393202,0.0021449482067183966,"{'cv': YearlyTemporalWindowSplit(end_year=2017, start_year=2001, val_window_size=2), 'ensemble': 'auto', 'estimator__memory': None, 'estimator__steps': [('DT', DewTempSpread(new_col='TMP-DEW')), ('TC', DatetimeSinCosConverter()), ('preprocessor', ColumnTransformer(transformers=[('feat_engin_temp_dew',
                                 Pipeline(steps=[('imputer',
                                                  SimpleImputer(strategy='median')),
                                                 ('scale', StandardScaler())]),
                                 ['TMP-DEW']),
                                ('feat_engin_time_features',
                                 Pipeline(steps=[('imputer',
                                                  SimpleImputer(strategy='median')),
                                                 ('scale', StandardScaler())]),
                                 ['sin_monthofyear', 'cos_monthofyear',
                                  'sin_hourofday', 'cos_hourofday']),
                                ('n...
                                                 ('scale', StandardScaler())]),
                                 ['WND_direction_angle', 'WND_speed_rate',
                                  'CIG_ceiling_height', 'VIS_distance',
                                  'TMP_air_temperature', 'DEW_dew_point',
                                  'SLP_sea_level_pressure']),
                                ('drop_features', 'drop', ['DATE']),
                                ('additional_drops', 'drop',
                                 ['CIG_cavok_code', 'VIS_variability_code',
                                  'WND_type_code',
                                  'WND_direction_angle_variable_wind_direction_flag'])],
                  verbose_feature_names_out=False)), ('smote', SMOTE(k_neighbors=7, random_state=42, sampling_strategy=0.3)), ('classifier', RandomForestClassifier(max_depth=5, min_samples_leaf=300,
                       min_samples_split=1000, n_estimators=300, n_jobs=-1,
                       random_state=42))], 'estimator__transform_input': None, 'estimator__verbose': False, 'estimator__DT': DewTempSpread(new_col='TMP-DEW'), 'estimator__TC': DatetimeSinCosConverter(), 'estimator__preprocessor': ColumnTransformer(transformers=[('feat_engin_temp_dew',
                                 Pipeline(steps=[('imputer',
                                                  SimpleImputer(strategy='median')),
                                                 ('scale', StandardScaler())]),
                                 ['TMP-DEW']),
                                ('feat_engin_time_features',
                                 Pipeline(steps=[('imputer',
                                                  SimpleImputer(strategy='median')),
                                                 ('scale', StandardScaler())]),
                                 ['sin_monthofyear', 'cos_monthofyear',
                                  'sin_hourofday', 'cos_hourofday']),
                                ('n...
                                                 ('scale', StandardScaler())]),
                                 ['WND_direction_angle', 'WND_speed_rate',
                                  'CIG_ceiling_height', 'VIS_distance',
                                  'TMP_air_temperature', 'DEW_dew_point',
                                  'SLP_sea_level_pressure']),
                                ('drop_features', 'drop', ['DATE']),
                                ('additional_drops', 'drop',
                                 ['CIG_cavok_code', 'VIS_variability_code',
                                  'WND_type_code',
                                  'WND_direction_angle_variable_wind_direction_flag'])],
                  verbose_feature_names_out=False), 'estimator__smote': SMOTE(k_neighbors=7, random_state=42, sampling_strategy=0.3), 'estimator__classifier': RandomForestClassifier(max_depth=5, min_samples_leaf=300,
                       min_samples_split=1000, n_estimators=300, n_jobs=-1,
                       random_state=42), 'estimator__DT__new_col': 'TMP-DEW', 'estimator__TC__column': 'DATE', 'estimator__TC__dayofyear': True, 'estimator__TC__hourofday': True, 'estimator__TC__monthofyear': True, 'estimator__preprocessor__force_int_remainder_cols': 'deprecated', 'estimator__preprocessor__n_jobs': None, 'estimator__preprocessor__remainder': 'drop', 'estimator__preprocessor__sparse_threshold': 0.3, 'estimator__preprocessor__transformer_weights': None, 'estimator__preprocessor__transformers': [('feat_engin_temp_dew', Pipeline(steps=[('imputer', SimpleImputer(strategy='median')),
                ('scale', StandardScaler())]), ['TMP-DEW']), ('feat_engin_time_features', Pipeline(steps=[('imputer', SimpleImputer(strategy='median')),
                ('scale', StandardScaler())]), ['sin_monthofyear', 'cos_monthofyear', 'sin_hourofday', 'cos_hourofday']), ('numeric_feature_pipeline', Pipeline(steps=[('imputer', SimpleImputer(strategy='median')),
                ('scale', StandardScaler())]), ['WND_direction_angle', 'WND_speed_rate', 'CIG_ceiling_height', 'VIS_distance', 'TMP_air_temperature', 'DEW_dew_point', 'SLP_sea_level_pressure']), ('drop_features', 'drop', ['DATE']), ('additional_drops', 'drop', ['CIG_cavok_code', 'VIS_variability_code', 'WND_type_code', 'WND_direction_angle_variable_wind_direction_flag'])], 'estimator__preprocessor__verbose': False, 'estimator__preprocessor__verbose_feature_names_out': False, 'estimator__preprocessor__feat_engin_temp_dew': Pipeline(steps=[('imputer', SimpleImputer(strategy='median')),
                ('scale', StandardScaler())]), 'estimator__preprocessor__feat_engin_time_features': Pipeline(steps=[('imputer', SimpleImputer(strategy='median')),
                ('scale', StandardScaler())]), 'estimator__preprocessor__numeric_feature_pipeline': Pipeline(steps=[('imputer', SimpleImputer(strategy='median')),
                ('scale', StandardScaler())]), 'estimator__preprocessor__drop_features': 'drop', 'estimator__preprocessor__additional_drops': 'drop', 'estimator__preprocessor__feat_engin_temp_dew__memory': None, 'estimator__preprocessor__feat_engin_temp_dew__steps': [('imputer', SimpleImputer(strategy='median')), ('scale', StandardScaler())], 'estimator__preprocessor__feat_engin_temp_dew__transform_input': None, 'estimator__preprocessor__feat_engin_temp_dew__verbose': False, 'estimator__preprocessor__feat_engin_temp_dew__imputer': SimpleImputer(strategy='median'), 'estimator__preprocessor__feat_engin_temp_dew__scale': StandardScaler(), 'estimator__preprocessor__feat_engin_temp_dew__imputer__add_indicator': False, 'estimator__preprocessor__feat_engin_temp_dew__imputer__copy': True, 'estimator__preprocessor__feat_engin_temp_dew__imputer__fill_value': None, 'estimator__preprocessor__feat_engin_temp_dew__imputer__keep_empty_features': False, 'estimator__preprocessor__feat_engin_temp_dew__imputer__missing_values': nan, 'estimator__preprocessor__feat_engin_temp_dew__imputer__strategy': 'median', 'estimator__preprocessor__feat_engin_temp_dew__scale__copy': True, 'estimator__preprocessor__feat_engin_temp_dew__scale__with_mean': True, 'estimator__preprocessor__feat_engin_temp_dew__scale__with_std': True, 'estimator__preprocessor__feat_engin_time_features__memory': None, 'estimator__preprocessor__feat_engin_time_features__steps': [('imputer', SimpleImputer(strategy='median')), ('scale', StandardScaler())], 'estimator__preprocessor__feat_engin_time_features__transform_input': None, 'estimator__preprocessor__feat_engin_time_features__verbose': False, 'estimator__preprocessor__feat_engin_time_features__imputer': SimpleImputer(strategy='median'), 'estimator__preprocessor__feat_engin_time_features__scale': StandardScaler(), 'estimator__preprocessor__feat_engin_time_features__imputer__add_indicator': False, 'estimator__preprocessor__feat_engin_time_features__imputer__copy': True, 'estimator__preprocessor__feat_engin_time_features__imputer__fill_value': None, 'estimator__preprocessor__feat_engin_time_features__imputer__keep_empty_features': False, 'estimator__preprocessor__feat_engin_time_features__imputer__missing_values': nan, 'estimator__preprocessor__feat_engin_time_features__imputer__strategy': 'median', 'estimator__preprocessor__feat_engin_time_features__scale__copy': True, 'estimator__preprocessor__feat_engin_time_features__scale__with_mean': True, 'estimator__preprocessor__feat_engin_time_features__scale__with_std': True, 'estimator__preprocessor__numeric_feature_pipeline__memory': None, 'estimator__preprocessor__numeric_feature_pipeline__steps': [('imputer', SimpleImputer(strategy='median')), ('scale', StandardScaler())], 'estimator__preprocessor__numeric_feature_pipeline__transform_input': None, 'estimator__preprocessor__numeric_feature_pipeline__verbose': False, 'estimator__preprocessor__numeric_feature_pipeline__imputer': SimpleImputer(strategy='median'), 'estimator__preprocessor__numeric_feature_pipeline__scale': StandardScaler(), 'estimator__preprocessor__numeric_feature_pipeline__imputer__add_indicator': False, 'estimator__preprocessor__numeric_feature_pipeline__imputer__copy': True, 'estimator__preprocessor__numeric_feature_pipeline__imputer__fill_value': None, 'estimator__preprocessor__numeric_feature_pipeline__imputer__keep_empty_features': False, 'estimator__preprocessor__numeric_feature_pipeline__imputer__missing_values': nan, 'estimator__preprocessor__numeric_feature_pipeline__imputer__strategy': 'median', 'estimator__preprocessor__numeric_feature_pipeline__scale__copy': True, 'estimator__preprocessor__numeric_feature_pipeline__scale__with_mean': True, 'estimator__preprocessor__numeric_feature_pipeline__scale__with_std': True, 'estimator__smote__k_neighbors': 7, 'estimator__smote__random_state': 42, 'estimator__smote__sampling_strategy': 0.3, 'estimator__classifier__bootstrap': True, 'estimator__classifier__ccp_alpha': 0.0, 'estimator__classifier__class_weight': None, 'estimator__classifier__criterion': 'gini', 'estimator__classifier__max_depth': 5, 'estimator__classifier__max_features': 'sqrt', 'estimator__classifier__max_leaf_nodes': None, 'estimator__classifier__max_samples': None, 'estimator__classifier__min_impurity_decrease': 0.0, 'estimator__classifier__min_samples_leaf': 300, 'estimator__classifier__min_samples_split': 1000, 'estimator__classifier__min_weight_fraction_leaf': 0.0, 'estimator__classifier__monotonic_cst': None, 'estimator__classifier__n_estimators': 300, 'estimator__classifier__n_jobs': -1, 'estimator__classifier__oob_score': False, 'estimator__classifier__random_state': 42, 'estimator__classifier__verbose': 0, 'estimator__classifier__warm_start': False, 'estimator': Pipeline(steps=[('DT', DewTempSpread(new_col='TMP-DEW')),
                ('TC', DatetimeSinCosConverter()),
                ('preprocessor',
                 ColumnTransformer(transformers=[('feat_engin_temp_dew',
                                                  Pipeline(steps=[('imputer',
                                                                   SimpleImputer(strategy='median')),
                                                                  ('scale',
                                                                   StandardScaler())]),
                                                  ['TMP-DEW']),
                                                 ('feat_engin_time_features',
                                                  Pipeline(steps=[('imputer',
                                                                   SimpleImputer(strategy='median')...
                                                  ['CIG_cavok_code',
                                                   'VIS_variability_code',
                                                   'WND_type_code',
                                                   'WND_direction_angle_variable_wind_direction_flag'])],
                                   verbose_feature_names_out=False)),
                ('smote',
                 SMOTE(k_neighbors=7, random_state=42, sampling_strategy=0.3)),
                ('classifier',
                 RandomForestClassifier(max_depth=5, min_samples_leaf=300,
                                        min_samples_split=1000,
                                        n_estimators=300, n_jobs=-1,
                                        random_state=42))]), 'method': 'isotonic', 'n_jobs': None}"
3,rf_model_3,0.16289466329219132,0.033221562091697805,0.26535583782843225,0.08174386920980926,0.40450928381962864,0.10256410256410256,0.11168070303917979,0.045112781954887216,0.9725212412547706,0.9266586322998782,0.0013734944122802838,0.0021439301475097276,"{'cv': YearlyTemporalWindowSplit(end_year=2017, start_year=2001, val_window_size=2), 'ensemble': 'auto', 'estimator__memory': None, 'estimator__steps': [('DT', DewTempSpread(new_col='TMP-DEW')), ('TC', DatetimeSinCosConverter()), ('preprocessor', ColumnTransformer(transformers=[('feat_engin_temp_dew',
                                 Pipeline(steps=[('imputer',
                                                  SimpleImputer(strategy='median')),
                                                 ('scale', StandardScaler())]),
                                 ['TMP-DEW']),
                                ('feat_engin_time_features',
                                 Pipeline(steps=[('imputer',
                                                  SimpleImputer(strategy='median')),
                                                 ('scale', StandardScaler())]),
                                 ['sin_monthofyear', 'cos_monthofyear',
                                  'sin_hourofday', 'cos_hourofday']),
                                ('n...
                                                 ('scale', StandardScaler())]),
                                 ['WND_direction_angle', 'WND_speed_rate',
                                  'CIG_ceiling_height', 'VIS_distance',
                                  'TMP_air_temperature', 'DEW_dew_point',
                                  'SLP_sea_level_pressure']),
                                ('drop_features', 'drop', ['DATE']),
                                ('additional_drops', 'drop',
                                 ['CIG_cavok_code', 'VIS_variability_code',
                                  'WND_type_code',
                                  'WND_direction_angle_variable_wind_direction_flag'])],
                  verbose_feature_names_out=False)), ('smote', SMOTE(k_neighbors=7, random_state=42, sampling_strategy=0.3)), ('classifier', RandomForestClassifier(max_depth=5, min_samples_leaf=300,
                       min_samples_split=1000, n_estimators=400, n_jobs=-1,
                       random_state=42))], 'estimator__transform_input': None, 'estimator__verbose': False, 'estimator__DT': DewTempSpread(new_col='TMP-DEW'), 'estimator__TC': DatetimeSinCosConverter(), 'estimator__preprocessor': ColumnTransformer(transformers=[('feat_engin_temp_dew',
                                 Pipeline(steps=[('imputer',
                                                  SimpleImputer(strategy='median')),
                                                 ('scale', StandardScaler())]),
                                 ['TMP-DEW']),
                                ('feat_engin_time_features',
                                 Pipeline(steps=[('imputer',
                                                  SimpleImputer(strategy='median')),
                                                 ('scale', StandardScaler())]),
                                 ['sin_monthofyear', 'cos_monthofyear',
                                  'sin_hourofday', 'cos_hourofday']),
                                ('n...
                                                 ('scale', StandardScaler())]),
                                 ['WND_direction_angle', 'WND_speed_rate',
                                  'CIG_ceiling_height', 'VIS_distance',
                                  'TMP_air_temperature', 'DEW_dew_point',
                                  'SLP_sea_level_pressure']),
                                ('drop_features', 'drop', ['DATE']),
                                ('additional_drops', 'drop',
                                 ['CIG_cavok_code', 'VIS_variability_code',
                                  'WND_type_code',
                                  'WND_direction_angle_variable_wind_direction_flag'])],
                  verbose_feature_names_out=False), 'estimator__smote': SMOTE(k_neighbors=7, random_state=42, sampling_strategy=0.3), 'estimator__classifier': RandomForestClassifier(max_depth=5, min_samples_leaf=300,
                       min_samples_split=1000, n_estimators=400, n_jobs=-1,
                       random_state=42), 'estimator__DT__new_col': 'TMP-DEW', 'estimator__TC__column': 'DATE', 'estimator__TC__dayofyear': True, 'estimator__TC__hourofday': True, 'estimator__TC__monthofyear': True, 'estimator__preprocessor__force_int_remainder_cols': 'deprecated', 'estimator__preprocessor__n_jobs': None, 'estimator__preprocessor__remainder': 'drop', 'estimator__preprocessor__sparse_threshold': 0.3, 'estimator__preprocessor__transformer_weights': None, 'estimator__preprocessor__transformers': [('feat_engin_temp_dew', Pipeline(steps=[('imputer', SimpleImputer(strategy='median')),
                ('scale', StandardScaler())]), ['TMP-DEW']), ('feat_engin_time_features', Pipeline(steps=[('imputer', SimpleImputer(strategy='median')),
                ('scale', StandardScaler())]), ['sin_monthofyear', 'cos_monthofyear', 'sin_hourofday', 'cos_hourofday']), ('numeric_feature_pipeline', Pipeline(steps=[('imputer', SimpleImputer(strategy='median')),
                ('scale', StandardScaler())]), ['WND_direction_angle', 'WND_speed_rate', 'CIG_ceiling_height', 'VIS_distance', 'TMP_air_temperature', 'DEW_dew_point', 'SLP_sea_level_pressure']), ('drop_features', 'drop', ['DATE']), ('additional_drops', 'drop', ['CIG_cavok_code', 'VIS_variability_code', 'WND_type_code', 'WND_direction_angle_variable_wind_direction_flag'])], 'estimator__preprocessor__verbose': False, 'estimator__preprocessor__verbose_feature_names_out': False, 'estimator__preprocessor__feat_engin_temp_dew': Pipeline(steps=[('imputer', SimpleImputer(strategy='median')),
                ('scale', StandardScaler())]), 'estimator__preprocessor__feat_engin_time_features': Pipeline(steps=[('imputer', SimpleImputer(strategy='median')),
                ('scale', StandardScaler())]), 'estimator__preprocessor__numeric_feature_pipeline': Pipeline(steps=[('imputer', SimpleImputer(strategy='median')),
                ('scale', StandardScaler())]), 'estimator__preprocessor__drop_features': 'drop', 'estimator__preprocessor__additional_drops': 'drop', 'estimator__preprocessor__feat_engin_temp_dew__memory': None, 'estimator__preprocessor__feat_engin_temp_dew__steps': [('imputer', SimpleImputer(strategy='median')), ('scale', StandardScaler())], 'estimator__preprocessor__feat_engin_temp_dew__transform_input': None, 'estimator__preprocessor__feat_engin_temp_dew__verbose': False, 'estimator__preprocessor__feat_engin_temp_dew__imputer': SimpleImputer(strategy='median'), 'estimator__preprocessor__feat_engin_temp_dew__scale': StandardScaler(), 'estimator__preprocessor__feat_engin_temp_dew__imputer__add_indicator': False, 'estimator__preprocessor__feat_engin_temp_dew__imputer__copy': True, 'estimator__preprocessor__feat_engin_temp_dew__imputer__fill_value': None, 'estimator__preprocessor__feat_engin_temp_dew__imputer__keep_empty_features': False, 'estimator__preprocessor__feat_engin_temp_dew__imputer__missing_values': nan, 'estimator__preprocessor__feat_engin_temp_dew__imputer__strategy': 'median', 'estimator__preprocessor__feat_engin_temp_dew__scale__copy': True, 'estimator__preprocessor__feat_engin_temp_dew__scale__with_mean': True, 'estimator__preprocessor__feat_engin_temp_dew__scale__with_std': True, 'estimator__preprocessor__feat_engin_time_features__memory': None, 'estimator__preprocessor__feat_engin_time_features__steps': [('imputer', SimpleImputer(strategy='median')), ('scale', StandardScaler())], 'estimator__preprocessor__feat_engin_time_features__transform_input': None, 'estimator__preprocessor__feat_engin_time_features__verbose': False, 'estimator__preprocessor__feat_engin_time_features__imputer': SimpleImputer(strategy='median'), 'estimator__preprocessor__feat_engin_time_features__scale': StandardScaler(), 'estimator__preprocessor__feat_engin_time_features__imputer__add_indicator': False, 'estimator__preprocessor__feat_engin_time_features__imputer__copy': True, 'estimator__preprocessor__feat_engin_time_features__imputer__fill_value': None, 'estimator__preprocessor__feat_engin_time_features__imputer__keep_empty_features': False, 'estimator__preprocessor__feat_engin_time_features__imputer__missing_values': nan, 'estimator__preprocessor__feat_engin_time_features__imputer__strategy': 'median', 'estimator__preprocessor__feat_engin_time_features__scale__copy': True, 'estimator__preprocessor__feat_engin_time_features__scale__with_mean': True, 'estimator__preprocessor__feat_engin_time_features__scale__with_std': True, 'estimator__preprocessor__numeric_feature_pipeline__memory': None, 'estimator__preprocessor__numeric_feature_pipeline__steps': [('imputer', SimpleImputer(strategy='median')), ('scale', StandardScaler())], 'estimator__preprocessor__numeric_feature_pipeline__transform_input': None, 'estimator__preprocessor__numeric_feature_pipeline__verbose': False, 'estimator__preprocessor__numeric_feature_pipeline__imputer': SimpleImputer(strategy='median'), 'estimator__preprocessor__numeric_feature_pipeline__scale': StandardScaler(), 'estimator__preprocessor__numeric_feature_pipeline__imputer__add_indicator': False, 'estimator__preprocessor__numeric_feature_pipeline__imputer__copy': True, 'estimator__preprocessor__numeric_feature_pipeline__imputer__fill_value': None, 'estimator__preprocessor__numeric_feature_pipeline__imputer__keep_empty_features': False, 'estimator__preprocessor__numeric_feature_pipeline__imputer__missing_values': nan, 'estimator__preprocessor__numeric_feature_pipeline__imputer__strategy': 'median', 'estimator__preprocessor__numeric_feature_pipeline__scale__copy': True, 'estimator__preprocessor__numeric_feature_pipeline__scale__with_mean': True, 'estimator__preprocessor__numeric_feature_pipeline__scale__with_std': True, 'estimator__smote__k_neighbors': 7, 'estimator__smote__random_state': 42, 'estimator__smote__sampling_strategy': 0.3, 'estimator__classifier__bootstrap': True, 'estimator__classifier__ccp_alpha': 0.0, 'estimator__classifier__class_weight': None, 'estimator__classifier__criterion': 'gini', 'estimator__classifier__max_depth': 5, 'estimator__classifier__max_features': 'sqrt', 'estimator__classifier__max_leaf_nodes': None, 'estimator__classifier__max_samples': None, 'estimator__classifier__min_impurity_decrease': 0.0, 'estimator__classifier__min_samples_leaf': 300, 'estimator__classifier__min_samples_split': 1000, 'estimator__classifier__min_weight_fraction_leaf': 0.0, 'estimator__classifier__monotonic_cst': None, 'estimator__classifier__n_estimators': 400, 'estimator__classifier__n_jobs': -1, 'estimator__classifier__oob_score': False, 'estimator__classifier__random_state': 42, 'estimator__classifier__verbose': 0, 'estimator__classifier__warm_start': False, 'estimator': Pipeline(steps=[('DT', DewTempSpread(new_col='TMP-DEW')),
                ('TC', DatetimeSinCosConverter()),
                ('preprocessor',
                 ColumnTransformer(transformers=[('feat_engin_temp_dew',
                                                  Pipeline(steps=[('imputer',
                                                                   SimpleImputer(strategy='median')),
                                                                  ('scale',
                                                                   StandardScaler())]),
                                                  ['TMP-DEW']),
                                                 ('feat_engin_time_features',
                                                  Pipeline(steps=[('imputer',
                                                                   SimpleImputer(strategy='median')...
                                                  ['CIG_cavok_code',
                                                   'VIS_variability_code',
                                                   'WND_type_code',
                                                   'WND_direction_angle_variable_wind_direction_flag'])],
                                   verbose_feature_names_out=False)),
                ('smote',
                 SMOTE(k_neighbors=7, random_state=42, sampling_strategy=0.3)),
                ('classifier',
                 RandomForestClassifier(max_depth=5, min_samples_leaf=300,
                                        min_samples_split=1000,
                                        n_estimators=400, n_jobs=-1,
                                        random_state=42))]), 'method': 'isotonic', 'n_jobs': None}"
4,rf_model_4,0.1598212647632735,0.032139922363484306,0.25787075393537695,0.07751937984496124,0.3302387267904509,0.08547008547008547,0.13741721854304637,0.05649717514124294,0.971925987544875,0.9257461874264236,0.0013792560076489394,0.002144321300063672,"{'cv': YearlyTemporalWindowSplit(end_year=2017, start_year=2001, val_window_size=2), 'ensemble': 'auto', 'estimator__memory': None, 'estimator__steps': [('DT', DewTempSpread(new_col='TMP-DEW')), ('TC', DatetimeSinCosConverter()), ('preprocessor', ColumnTransformer(transformers=[('feat_engin_temp_dew',
                                 Pipeline(steps=[('imputer',
                                                  SimpleImputer(strategy='median')),
                                                 ('scale', StandardScaler())]),
                                 ['TMP-DEW']),
                                ('feat_engin_time_features',
                                 Pipeline(steps=[('imputer',
                                                  SimpleImputer(strategy='median')),
                                                 ('scale', StandardScaler())]),
                                 ['sin_monthofyear', 'cos_monthofyear',
                                  'sin_hourofday', 'cos_hourofday']),
                                ('n...
                                                 ('scale', StandardScaler())]),
                                 ['WND_direction_angle', 'WND_speed_rate',
                                  'CIG_ceiling_height', 'VIS_distance',
                                  'TMP_air_temperature', 'DEW_dew_point',
                                  'SLP_sea_level_pressure']),
                                ('drop_features', 'drop', ['DATE']),
                                ('additional_drops', 'drop',
                                 ['CIG_cavok_code', 'VIS_variability_code',
                                  'WND_type_code',
                                  'WND_direction_angle_variable_wind_direction_flag'])],
                  verbose_feature_names_out=False)), ('smote', SMOTE(k_neighbors=7, random_state=42, sampling_strategy=0.3)), ('classifier', RandomForestClassifier(max_depth=5, min_samples_leaf=300,
                       min_samples_split=1500, n_estimators=300, n_jobs=-1,
                       random_state=42))], 'estimator__transform_input': None, 'estimator__verbose': False, 'estimator__DT': DewTempSpread(new_col='TMP-DEW'), 'estimator__TC': DatetimeSinCosConverter(), 'estimator__preprocessor': ColumnTransformer(transformers=[('feat_engin_temp_dew',
                                 Pipeline(steps=[('imputer',
                                                  SimpleImputer(strategy='median')),
                                                 ('scale', StandardScaler())]),
                                 ['TMP-DEW']),
                                ('feat_engin_time_features',
                                 Pipeline(steps=[('imputer',
                                                  SimpleImputer(strategy='median')),
                                                 ('scale', StandardScaler())]),
                                 ['sin_monthofyear', 'cos_monthofyear',
                                  'sin_hourofday', 'cos_hourofday']),
                                ('n...
                                                 ('scale', StandardScaler())]),
                                 ['WND_direction_angle', 'WND_speed_rate',
                                  'CIG_ceiling_height', 'VIS_distance',
                                  'TMP_air_temperature', 'DEW_dew_point',
                                  'SLP_sea_level_pressure']),
                                ('drop_features', 'drop', ['DATE']),
                                ('additional_drops', 'drop',
                                 ['CIG_cavok_code', 'VIS_variability_code',
                                  'WND_type_code',
                                  'WND_direction_angle_variable_wind_direction_flag'])],
                  verbose_feature_names_out=False), 'estimator__smote': SMOTE(k_neighbors=7, random_state=42, sampling_strategy=0.3), 'estimator__classifier': RandomForestClassifier(max_depth=5, min_samples_leaf=300,
                       min_samples_split=1500, n_estimators=300, n_jobs=-1,
                       random_state=42), 'estimator__DT__new_col': 'TMP-DEW', 'estimator__TC__column': 'DATE', 'estimator__TC__dayofyear': True, 'estimator__TC__hourofday': True, 'estimator__TC__monthofyear': True, 'estimator__preprocessor__force_int_remainder_cols': 'deprecated', 'estimator__preprocessor__n_jobs': None, 'estimator__preprocessor__remainder': 'drop', 'estimator__preprocessor__sparse_threshold': 0.3, 'estimator__preprocessor__transformer_weights': None, 'estimator__preprocessor__transformers': [('feat_engin_temp_dew', Pipeline(steps=[('imputer', SimpleImputer(strategy='median')),
                ('scale', StandardScaler())]), ['TMP-DEW']), ('feat_engin_time_features', Pipeline(steps=[('imputer', SimpleImputer(strategy='median')),
                ('scale', StandardScaler())]), ['sin_monthofyear', 'cos_monthofyear', 'sin_hourofday', 'cos_hourofday']), ('numeric_feature_pipeline', Pipeline(steps=[('imputer', SimpleImputer(strategy='median')),
                ('scale', StandardScaler())]), ['WND_direction_angle', 'WND_speed_rate', 'CIG_ceiling_height', 'VIS_distance', 'TMP_air_temperature', 'DEW_dew_point', 'SLP_sea_level_pressure']), ('drop_features', 'drop', ['DATE']), ('additional_drops', 'drop', ['CIG_cavok_code', 'VIS_variability_code', 'WND_type_code', 'WND_direction_angle_variable_wind_direction_flag'])], 'estimator__preprocessor__verbose': False, 'estimator__preprocessor__verbose_feature_names_out': False, 'estimator__preprocessor__feat_engin_temp_dew': Pipeline(steps=[('imputer', SimpleImputer(strategy='median')),
                ('scale', StandardScaler())]), 'estimator__preprocessor__feat_engin_time_features': Pipeline(steps=[('imputer', SimpleImputer(strategy='median')),
                ('scale', StandardScaler())]), 'estimator__preprocessor__numeric_feature_pipeline': Pipeline(steps=[('imputer', SimpleImputer(strategy='median')),
                ('scale', StandardScaler())]), 'estimator__preprocessor__drop_features': 'drop', 'estimator__preprocessor__additional_drops': 'drop', 'estimator__preprocessor__feat_engin_temp_dew__memory': None, 'estimator__preprocessor__feat_engin_temp_dew__steps': [('imputer', SimpleImputer(strategy='median')), ('scale', StandardScaler())], 'estimator__preprocessor__feat_engin_temp_dew__transform_input': None, 'estimator__preprocessor__feat_engin_temp_dew__verbose': False, 'estimator__preprocessor__feat_engin_temp_dew__imputer': SimpleImputer(strategy='median'), 'estimator__preprocessor__feat_engin_temp_dew__scale': StandardScaler(), 'estimator__preprocessor__feat_engin_temp_dew__imputer__add_indicator': False, 'estimator__preprocessor__feat_engin_temp_dew__imputer__copy': True, 'estimator__preprocessor__feat_engin_temp_dew__imputer__fill_value': None, 'estimator__preprocessor__feat_engin_temp_dew__imputer__keep_empty_features': False, 'estimator__preprocessor__feat_engin_temp_dew__imputer__missing_values': nan, 'estimator__preprocessor__feat_engin_temp_dew__imputer__strategy': 'median', 'estimator__preprocessor__feat_engin_temp_dew__scale__copy': True, 'estimator__preprocessor__feat_engin_temp_dew__scale__with_mean': True, 'estimator__preprocessor__feat_engin_temp_dew__scale__with_std': True, 'estimator__preprocessor__feat_engin_time_features__memory': None, 'estimator__preprocessor__feat_engin_time_features__steps': [('imputer', SimpleImputer(strategy='median')), ('scale', StandardScaler())], 'estimator__preprocessor__feat_engin_time_features__transform_input': None, 'estimator__preprocessor__feat_engin_time_features__verbose': False, 'estimator__preprocessor__feat_engin_time_features__imputer': SimpleImputer(strategy='median'), 'estimator__preprocessor__feat_engin_time_features__scale': StandardScaler(), 'estimator__preprocessor__feat_engin_time_features__imputer__add_indicator': False, 'estimator__preprocessor__feat_engin_time_features__imputer__copy': True, 'estimator__preprocessor__feat_engin_time_features__imputer__fill_value': None, 'estimator__preprocessor__feat_engin_time_features__imputer__keep_empty_features': False, 'estimator__preprocessor__feat_engin_time_features__imputer__missing_values': nan, 'estimator__preprocessor__feat_engin_time_features__imputer__strategy': 'median', 'estimator__preprocessor__feat_engin_time_features__scale__copy': True, 'estimator__preprocessor__feat_engin_time_features__scale__with_mean': True, 'estimator__preprocessor__feat_engin_time_features__scale__with_std': True, 'estimator__preprocessor__numeric_feature_pipeline__memory': None, 'estimator__preprocessor__numeric_feature_pipeline__steps': [('imputer', SimpleImputer(strategy='median')), ('scale', StandardScaler())], 'estimator__preprocessor__numeric_feature_pipeline__transform_input': None, 'estimator__preprocessor__numeric_feature_pipeline__verbose': False, 'estimator__preprocessor__numeric_feature_pipeline__imputer': SimpleImputer(strategy='median'), 'estimator__preprocessor__numeric_feature_pipeline__scale': StandardScaler(), 'estimator__preprocessor__numeric_feature_pipeline__imputer__add_indicator': False, 'estimator__preprocessor__numeric_feature_pipeline__imputer__copy': True, 'estimator__preprocessor__numeric_feature_pipeline__imputer__fill_value': None, 'estimator__preprocessor__numeric_feature_pipeline__imputer__keep_empty_features': False, 'estimator__preprocessor__numeric_feature_pipeline__imputer__missing_values': nan, 'estimator__preprocessor__numeric_feature_pipeline__imputer__strategy': 'median', 'estimator__preprocessor__numeric_feature_pipeline__scale__copy': True, 'estimator__preprocessor__numeric_feature_pipeline__scale__with_mean': True, 'estimator__preprocessor__numeric_feature_pipeline__scale__with_std': True, 'estimator__smote__k_neighbors': 7, 'estimator__smote__random_state': 42, 'estimator__smote__sampling_strategy': 0.3, 'estimator__classifier__bootstrap': True, 'estimator__classifier__ccp_alpha': 0.0, 'estimator__classifier__class_weight': None, 'estimator__classifier__criterion': 'gini', 'estimator__classifier__max_depth': 5, 'estimator__classifier__max_features': 'sqrt', 'estimator__classifier__max_leaf_nodes': None, 'estimator__classifier__max_samples': None, 'estimator__classifier__min_impurity_decrease': 0.0, 'estimator__classifier__min_samples_leaf': 300, 'estimator__classifier__min_samples_split': 1500, 'estimator__classifier__min_weight_fraction_leaf': 0.0, 'estimator__classifier__monotonic_cst': None, 'estimator__classifier__n_estimators': 300, 'estimator__classifier__n_jobs': -1, 'estimator__classifier__oob_score': False, 'estimator__classifier__random_state': 42, 'estimator__classifier__verbose': 0, 'estimator__classifier__warm_start': False, 'estimator': Pipeline(steps=[('DT', DewTempSpread(new_col='TMP-DEW')),
                ('TC', DatetimeSinCosConverter()),
                ('preprocessor',
                 ColumnTransformer(transformers=[('feat_engin_temp_dew',
                                                  Pipeline(steps=[('imputer',
                                                                   SimpleImputer(strategy='median')),
                                                                  ('scale',
                                                                   StandardScaler())]),
                                                  ['TMP-DEW']),
                                                 ('feat_engin_time_features',
                                                  Pipeline(steps=[('imputer',
                                                                   SimpleImputer(strategy='median')...
                                                  ['CIG_cavok_code',
                                                   'VIS_variability_code',
                                                   'WND_type_code',
                                                   'WND_direction_angle_variable_wind_direction_flag'])],
                                   verbose_feature_names_out=False)),
                ('smote',
                 SMOTE(k_neighbors=7, random_state=42, sampling_strategy=0.3)),
                ('classifier',
                 RandomForestClassifier(max_depth=5, min_samples_leaf=300,
                                        min_samples_split=1500,
                                        n_estimators=300, n_jobs=-1,
                                        random_state=42))]), 'method': 'isotonic', 'n_jobs': None}"
5,rf_model_5,0.16490488241607132,0.033958781270027605,0.26619845944721343,0.09060955518945635,0.3116710875331565,0.09401709401709402,0.1680972818311874,0.07913669064748201,0.9721663407058829,0.9270583556137783,0.0013749759521765306,0.0021442043194345654,"{'cv': YearlyTemporalWindowSplit(end_year=2017, start_year=2001, val_window_size=2), 'ensemble': 'auto', 'estimator__memory': None, 'estimator__steps': [('DT', DewTempSpread(new_col='TMP-DEW')), ('TC', DatetimeSinCosConverter()), ('preprocessor', ColumnTransformer(transformers=[('feat_engin_temp_dew',
                                 Pipeline(steps=[('imputer',
                                                  SimpleImputer(strategy='median')),
                                                 ('scale', StandardScaler())]),
                                 ['TMP-DEW']),
                                ('feat_engin_time_features',
                                 Pipeline(steps=[('imputer',
                                                  SimpleImputer(strategy='median')),
                                                 ('scale', StandardScaler())]),
                                 ['sin_monthofyear', 'cos_monthofyear',
                                  'sin_hourofday', 'cos_hourofday']),
                                ('n...
                                                 ('scale', StandardScaler())]),
                                 ['WND_direction_angle', 'WND_speed_rate',
                                  'CIG_ceiling_height', 'VIS_distance',
                                  'TMP_air_temperature', 'DEW_dew_point',
                                  'SLP_sea_level_pressure']),
                                ('drop_features', 'drop', ['DATE']),
                                ('additional_drops', 'drop',
                                 ['CIG_cavok_code', 'VIS_variability_code',
                                  'WND_type_code',
                                  'WND_direction_angle_variable_wind_direction_flag'])],
                  verbose_feature_names_out=False)), ('smote', SMOTE(k_neighbors=7, random_state=42, sampling_strategy=0.3)), ('classifier', RandomForestClassifier(max_depth=5, min_samples_leaf=300,
                       min_samples_split=1500, n_estimators=400, n_jobs=-1,
                       random_state=42))], 'estimator__transform_input': None, 'estimator__verbose': False, 'estimator__DT': DewTempSpread(new_col='TMP-DEW'), 'estimator__TC': DatetimeSinCosConverter(), 'estimator__preprocessor': ColumnTransformer(transformers=[('feat_engin_temp_dew',
                                 Pipeline(steps=[('imputer',
                                                  SimpleImputer(strategy='median')),
                                                 ('scale', StandardScaler())]),
                                 ['TMP-DEW']),
                                ('feat_engin_time_features',
                                 Pipeline(steps=[('imputer',
                                                  SimpleImputer(strategy='median')),
                                                 ('scale', StandardScaler())]),
                                 ['sin_monthofyear', 'cos_monthofyear',
                                  'sin_hourofday', 'cos_hourofday']),
                                ('n...
                                                 ('scale', StandardScaler())]),
                                 ['WND_direction_angle', 'WND_speed_rate',
                                  'CIG_ceiling_height', 'VIS_distance',
                                  'TMP_air_temperature', 'DEW_dew_point',
                                  'SLP_sea_level_pressure']),
                                ('drop_features', 'drop', ['DATE']),
                                ('additional_drops', 'drop',
                                 ['CIG_cavok_code', 'VIS_variability_code',
                                  'WND_type_code',
                                  'WND_direction_angle_variable_wind_direction_flag'])],
                  verbose_feature_names_out=False), 'estimator__smote': SMOTE(k_neighbors=7, random_state=42, sampling_strategy=0.3), 'estimator__classifier': RandomForestClassifier(max_depth=5, min_samples_leaf=300,
                       min_samples_split=1500, n_estimators=400, n_jobs=-1,
                       random_state=42), 'estimator__DT__new_col': 'TMP-DEW', 'estimator__TC__column': 'DATE', 'estimator__TC__dayofyear': True, 'estimator__TC__hourofday': True, 'estimator__TC__monthofyear': True, 'estimator__preprocessor__force_int_remainder_cols': 'deprecated', 'estimator__preprocessor__n_jobs': None, 'estimator__preprocessor__remainder': 'drop', 'estimator__preprocessor__sparse_threshold': 0.3, 'estimator__preprocessor__transformer_weights': None, 'estimator__preprocessor__transformers': [('feat_engin_temp_dew', Pipeline(steps=[('imputer', SimpleImputer(strategy='median')),
                ('scale', StandardScaler())]), ['TMP-DEW']), ('feat_engin_time_features', Pipeline(steps=[('imputer', SimpleImputer(strategy='median')),
                ('scale', StandardScaler())]), ['sin_monthofyear', 'cos_monthofyear', 'sin_hourofday', 'cos_hourofday']), ('numeric_feature_pipeline', Pipeline(steps=[('imputer', SimpleImputer(strategy='median')),
                ('scale', StandardScaler())]), ['WND_direction_angle', 'WND_speed_rate', 'CIG_ceiling_height', 'VIS_distance', 'TMP_air_temperature', 'DEW_dew_point', 'SLP_sea_level_pressure']), ('drop_features', 'drop', ['DATE']), ('additional_drops', 'drop', ['CIG_cavok_code', 'VIS_variability_code', 'WND_type_code', 'WND_direction_angle_variable_wind_direction_flag'])], 'estimator__preprocessor__verbose': False, 'estimator__preprocessor__verbose_feature_names_out': False, 'estimator__preprocessor__feat_engin_temp_dew': Pipeline(steps=[('imputer', SimpleImputer(strategy='median')),
                ('scale', StandardScaler())]), 'estimator__preprocessor__feat_engin_time_features': Pipeline(steps=[('imputer', SimpleImputer(strategy='median')),
                ('scale', StandardScaler())]), 'estimator__preprocessor__numeric_feature_pipeline': Pipeline(steps=[('imputer', SimpleImputer(strategy='median')),
                ('scale', StandardScaler())]), 'estimator__preprocessor__drop_features': 'drop', 'estimator__preprocessor__additional_drops': 'drop', 'estimator__preprocessor__feat_engin_temp_dew__memory': None, 'estimator__preprocessor__feat_engin_temp_dew__steps': [('imputer', SimpleImputer(strategy='median')), ('scale', StandardScaler())], 'estimator__preprocessor__feat_engin_temp_dew__transform_input': None, 'estimator__preprocessor__feat_engin_temp_dew__verbose': False, 'estimator__preprocessor__feat_engin_temp_dew__imputer': SimpleImputer(strategy='median'), 'estimator__preprocessor__feat_engin_temp_dew__scale': StandardScaler(), 'estimator__preprocessor__feat_engin_temp_dew__imputer__add_indicator': False, 'estimator__preprocessor__feat_engin_temp_dew__imputer__copy': True, 'estimator__preprocessor__feat_engin_temp_dew__imputer__fill_value': None, 'estimator__preprocessor__feat_engin_temp_dew__imputer__keep_empty_features': False, 'estimator__preprocessor__feat_engin_temp_dew__imputer__missing_values': nan, 'estimator__preprocessor__feat_engin_temp_dew__imputer__strategy': 'median', 'estimator__preprocessor__feat_engin_temp_dew__scale__copy': True, 'estimator__preprocessor__feat_engin_temp_dew__scale__with_mean': True, 'estimator__preprocessor__feat_engin_temp_dew__scale__with_std': True, 'estimator__preprocessor__feat_engin_time_features__memory': None, 'estimator__preprocessor__feat_engin_time_features__steps': [('imputer', SimpleImputer(strategy='median')), ('scale', StandardScaler())], 'estimator__preprocessor__feat_engin_time_features__transform_input': None, 'estimator__preprocessor__feat_engin_time_features__verbose': False, 'estimator__preprocessor__feat_engin_time_features__imputer': SimpleImputer(strategy='median'), 'estimator__preprocessor__feat_engin_time_features__scale': StandardScaler(), 'estimator__preprocessor__feat_engin_time_features__imputer__add_indicator': False, 'estimator__preprocessor__feat_engin_time_features__imputer__copy': True, 'estimator__preprocessor__feat_engin_time_features__imputer__fill_value': None, 'estimator__preprocessor__feat_engin_time_features__imputer__keep_empty_features': False, 'estimator__preprocessor__feat_engin_time_features__imputer__missing_values': nan, 'estimator__preprocessor__feat_engin_time_features__imputer__strategy': 'median', 'estimator__preprocessor__feat_engin_time_features__scale__copy': True, 'estimator__preprocessor__feat_engin_time_features__scale__with_mean': True, 'estimator__preprocessor__feat_engin_time_features__scale__with_std': True, 'estimator__preprocessor__numeric_feature_pipeline__memory': None, 'estimator__preprocessor__numeric_feature_pipeline__steps': [('imputer', SimpleImputer(strategy='median')), ('scale', StandardScaler())], 'estimator__preprocessor__numeric_feature_pipeline__transform_input': None, 'estimator__preprocessor__numeric_feature_pipeline__verbose': False, 'estimator__preprocessor__numeric_feature_pipeline__imputer': SimpleImputer(strategy='median'), 'estimator__preprocessor__numeric_feature_pipeline__scale': StandardScaler(), 'estimator__preprocessor__numeric_feature_pipeline__imputer__add_indicator': False, 'estimator__preprocessor__numeric_feature_pipeline__imputer__copy': True, 'estimator__preprocessor__numeric_feature_pipeline__imputer__fill_value': None, 'estimator__preprocessor__numeric_feature_pipeline__imputer__keep_empty_features': False, 'estimator__preprocessor__numeric_feature_pipeline__imputer__missing_values': nan, 'estimator__preprocessor__numeric_feature_pipeline__imputer__strategy': 'median', 'estimator__preprocessor__numeric_feature_pipeline__scale__copy': True, 'estimator__preprocessor__numeric_feature_pipeline__scale__with_mean': True, 'estimator__preprocessor__numeric_feature_pipeline__scale__with_std': True, 'estimator__smote__k_neighbors': 7, 'estimator__smote__random_state': 42, 'estimator__smote__sampling_strategy': 0.3, 'estimator__classifier__bootstrap': True, 'estimator__classifier__ccp_alpha': 0.0, 'estimator__classifier__class_weight': None, 'estimator__classifier__criterion': 'gini', 'estimator__classifier__max_depth': 5, 'estimator__classifier__max_features': 'sqrt', 'estimator__classifier__max_leaf_nodes': None, 'estimator__classifier__max_samples': None, 'estimator__classifier__min_impurity_decrease': 0.0, 'estimator__classifier__min_samples_leaf': 300, 'estimator__classifier__min_samples_split': 1500, 'estimator__classifier__min_weight_fraction_leaf': 0.0, 'estimator__classifier__monotonic_cst': None, 'estimator__classifier__n_estimators': 400, 'estimator__classifier__n_jobs': -1, 'estimator__classifier__oob_score': False, 'estimator__classifier__random_state': 42, 'estimator__classifier__verbose': 0, 'estimator__classifier__warm_start': False, 'estimator': Pipeline(steps=[('DT', DewTempSpread(new_col='TMP-DEW')),
                ('TC', DatetimeSinCosConverter()),
                ('preprocessor',
                 ColumnTransformer(transformers=[('feat_engin_temp_dew',
                                                  Pipeline(steps=[('imputer',
                                                                   SimpleImputer(strategy='median')),
                                                                  ('scale',
                                                                   StandardScaler())]),
                                                  ['TMP-DEW']),
                                                 ('feat_engin_time_features',
                                                  Pipeline(steps=[('imputer',
                                                                   SimpleImputer(strategy='median')...
                                                  ['CIG_cavok_code',
                                                   'VIS_variability_code',
                                                   'WND_type_code',
                                                   'WND_direction_angle_variable_wind_direction_flag'])],
                                   verbose_feature_names_out=False)),
                ('smote',
                 SMOTE(k_neighbors=7, random_state=42, sampling_strategy=0.3)),
                ('classifier',
                 RandomForestClassifier(max_depth=5, min_samples_leaf=300,
                                        min_samples_split=1500,
                                        n_estimators=400, n_jobs=-1,
                                        random_state=42))]), 'method': 'isotonic', 'n_jobs': None}"
6,rf_model_6,0.2163606114208946,0.047897468856994835,0.315060476004682,0.08461538461538462,0.42838196286472147,0.09401709401709402,0.15308056872037915,0.06043956043956044,0.9815511494192029,0.9286372986141436,0.0013549780618598987,0.0021346397444505995,"{'cv': YearlyTemporalWindowSplit(end_year=2017, start_year=2001, val_window_size=2), 'ensemble': 'auto', 'estimator__memory': None, 'estimator__steps': [('DT', DewTempSpread(new_col='TMP-DEW')), ('TC', DatetimeSinCosConverter()), ('preprocessor', ColumnTransformer(transformers=[('feat_engin_temp_dew',
                                 Pipeline(steps=[('imputer',
                                                  SimpleImputer(strategy='median')),
                                                 ('scale', StandardScaler())]),
                                 ['TMP-DEW']),
                                ('feat_engin_time_features',
                                 Pipeline(steps=[('imputer',
                                                  SimpleImputer(strategy='median')),
                                                 ('scale', StandardScaler())]),
                                 ['sin_monthofyear', 'cos_monthofyear',
                                  'sin_hourofday', 'cos_hourofday']),
                                ('n...
                                                 ('scale', StandardScaler())]),
                                 ['WND_direction_angle', 'WND_speed_rate',
                                  'CIG_ceiling_height', 'VIS_distance',
                                  'TMP_air_temperature', 'DEW_dew_point',
                                  'SLP_sea_level_pressure']),
                                ('drop_features', 'drop', ['DATE']),
                                ('additional_drops', 'drop',
                                 ['CIG_cavok_code', 'VIS_variability_code',
                                  'WND_type_code',
                                  'WND_direction_angle_variable_wind_direction_flag'])],
                  verbose_feature_names_out=False)), ('smote', SMOTE(k_neighbors=7, random_state=42, sampling_strategy=0.3)), ('classifier', RandomForestClassifier(max_depth=7, min_samples_leaf=300, min_samples_split=500,
                       n_estimators=300, n_jobs=-1, random_state=42))], 'estimator__transform_input': None, 'estimator__verbose': False, 'estimator__DT': DewTempSpread(new_col='TMP-DEW'), 'estimator__TC': DatetimeSinCosConverter(), 'estimator__preprocessor': ColumnTransformer(transformers=[('feat_engin_temp_dew',
                                 Pipeline(steps=[('imputer',
                                                  SimpleImputer(strategy='median')),
                                                 ('scale', StandardScaler())]),
                                 ['TMP-DEW']),
                                ('feat_engin_time_features',
                                 Pipeline(steps=[('imputer',
                                                  SimpleImputer(strategy='median')),
                                                 ('scale', StandardScaler())]),
                                 ['sin_monthofyear', 'cos_monthofyear',
                                  'sin_hourofday', 'cos_hourofday']),
                                ('n...
                                                 ('scale', StandardScaler())]),
                                 ['WND_direction_angle', 'WND_speed_rate',
                                  'CIG_ceiling_height', 'VIS_distance',
                                  'TMP_air_temperature', 'DEW_dew_point',
                                  'SLP_sea_level_pressure']),
                                ('drop_features', 'drop', ['DATE']),
                                ('additional_drops', 'drop',
                                 ['CIG_cavok_code', 'VIS_variability_code',
                                  'WND_type_code',
                                  'WND_direction_angle_variable_wind_direction_flag'])],
                  verbose_feature_names_out=False), 'estimator__smote': SMOTE(k_neighbors=7, random_state=42, sampling_strategy=0.3), 'estimator__classifier': RandomForestClassifier(max_depth=7, min_samples_leaf=300, min_samples_split=500,
                       n_estimators=300, n_jobs=-1, random_state=42), 'estimator__DT__new_col': 'TMP-DEW', 'estimator__TC__column': 'DATE', 'estimator__TC__dayofyear': True, 'estimator__TC__hourofday': True, 'estimator__TC__monthofyear': True, 'estimator__preprocessor__force_int_remainder_cols': 'deprecated', 'estimator__preprocessor__n_jobs': None, 'estimator__preprocessor__remainder': 'drop', 'estimator__preprocessor__sparse_threshold': 0.3, 'estimator__preprocessor__transformer_weights': None, 'estimator__preprocessor__transformers': [('feat_engin_temp_dew', Pipeline(steps=[('imputer', SimpleImputer(strategy='median')),
                ('scale', StandardScaler())]), ['TMP-DEW']), ('feat_engin_time_features', Pipeline(steps=[('imputer', SimpleImputer(strategy='median')),
                ('scale', StandardScaler())]), ['sin_monthofyear', 'cos_monthofyear', 'sin_hourofday', 'cos_hourofday']), ('numeric_feature_pipeline', Pipeline(steps=[('imputer', SimpleImputer(strategy='median')),
                ('scale', StandardScaler())]), ['WND_direction_angle', 'WND_speed_rate', 'CIG_ceiling_height', 'VIS_distance', 'TMP_air_temperature', 'DEW_dew_point', 'SLP_sea_level_pressure']), ('drop_features', 'drop', ['DATE']), ('additional_drops', 'drop', ['CIG_cavok_code', 'VIS_variability_code', 'WND_type_code', 'WND_direction_angle_variable_wind_direction_flag'])], 'estimator__preprocessor__verbose': False, 'estimator__preprocessor__verbose_feature_names_out': False, 'estimator__preprocessor__feat_engin_temp_dew': Pipeline(steps=[('imputer', SimpleImputer(strategy='median')),
                ('scale', StandardScaler())]), 'estimator__preprocessor__feat_engin_time_features': Pipeline(steps=[('imputer', SimpleImputer(strategy='median')),
                ('scale', StandardScaler())]), 'estimator__preprocessor__numeric_feature_pipeline': Pipeline(steps=[('imputer', SimpleImputer(strategy='median')),
                ('scale', StandardScaler())]), 'estimator__preprocessor__drop_features': 'drop', 'estimator__preprocessor__additional_drops': 'drop', 'estimator__preprocessor__feat_engin_temp_dew__memory': None, 'estimator__preprocessor__feat_engin_temp_dew__steps': [('imputer', SimpleImputer(strategy='median')), ('scale', StandardScaler())], 'estimator__preprocessor__feat_engin_temp_dew__transform_input': None, 'estimator__preprocessor__feat_engin_temp_dew__verbose': False, 'estimator__preprocessor__feat_engin_temp_dew__imputer': SimpleImputer(strategy='median'), 'estimator__preprocessor__feat_engin_temp_dew__scale': StandardScaler(), 'estimator__preprocessor__feat_engin_temp_dew__imputer__add_indicator': False, 'estimator__preprocessor__feat_engin_temp_dew__imputer__copy': True, 'estimator__preprocessor__feat_engin_temp_dew__imputer__fill_value': None, 'estimator__preprocessor__feat_engin_temp_dew__imputer__keep_empty_features': False, 'estimator__preprocessor__feat_engin_temp_dew__imputer__missing_values': nan, 'estimator__preprocessor__feat_engin_temp_dew__imputer__strategy': 'median', 'estimator__preprocessor__feat_engin_temp_dew__scale__copy': True, 'estimator__preprocessor__feat_engin_temp_dew__scale__with_mean': True, 'estimator__preprocessor__feat_engin_temp_dew__scale__with_std': True, 'estimator__preprocessor__feat_engin_time_features__memory': None, 'estimator__preprocessor__feat_engin_time_features__steps': [('imputer', SimpleImputer(strategy='median')), ('scale', StandardScaler())], 'estimator__preprocessor__feat_engin_time_features__transform_input': None, 'estimator__preprocessor__feat_engin_time_features__verbose': False, 'estimator__preprocessor__feat_engin_time_features__imputer': SimpleImputer(strategy='median'), 'estimator__preprocessor__feat_engin_time_features__scale': StandardScaler(), 'estimator__preprocessor__feat_engin_time_features__imputer__add_indicator': False, 'estimator__preprocessor__feat_engin_time_features__imputer__copy': True, 'estimator__preprocessor__feat_engin_time_features__imputer__fill_value': None, 'estimator__preprocessor__feat_engin_time_features__imputer__keep_empty_features': False, 'estimator__preprocessor__feat_engin_time_features__imputer__missing_values': nan, 'estimator__preprocessor__feat_engin_time_features__imputer__strategy': 'median', 'estimator__preprocessor__feat_engin_time_features__scale__copy': True, 'estimator__preprocessor__feat_engin_time_features__scale__with_mean': True, 'estimator__preprocessor__feat_engin_time_features__scale__with_std': True, 'estimator__preprocessor__numeric_feature_pipeline__memory': None, 'estimator__preprocessor__numeric_feature_pipeline__steps': [('imputer', SimpleImputer(strategy='median')), ('scale', StandardScaler())], 'estimator__preprocessor__numeric_feature_pipeline__transform_input': None, 'estimator__preprocessor__numeric_feature_pipeline__verbose': False, 'estimator__preprocessor__numeric_feature_pipeline__imputer': SimpleImputer(strategy='median'), 'estimator__preprocessor__numeric_feature_pipeline__scale': StandardScaler(), 'estimator__preprocessor__numeric_feature_pipeline__imputer__add_indicator': False, 'estimator__preprocessor__numeric_feature_pipeline__imputer__copy': True, 'estimator__preprocessor__numeric_feature_pipeline__imputer__fill_value': None, 'estimator__preprocessor__numeric_feature_pipeline__imputer__keep_empty_features': False, 'estimator__preprocessor__numeric_feature_pipeline__imputer__missing_values': nan, 'estimator__preprocessor__numeric_feature_pipeline__imputer__strategy': 'median', 'estimator__preprocessor__numeric_feature_pipeline__scale__copy': True, 'estimator__preprocessor__numeric_feature_pipeline__scale__with_mean': True, 'estimator__preprocessor__numeric_feature_pipeline__scale__with_std': True, 'estimator__smote__k_neighbors': 7, 'estimator__smote__random_state': 42, 'estimator__smote__sampling_strategy': 0.3, 'estimator__classifier__bootstrap': True, 'estimator__classifier__ccp_alpha': 0.0, 'estimator__classifier__class_weight': None, 'estimator__classifier__criterion': 'gini', 'estimator__classifier__max_depth': 7, 'estimator__classifier__max_features': 'sqrt', 'estimator__classifier__max_leaf_nodes': None, 'estimator__classifier__max_samples': None, 'estimator__classifier__min_impurity_decrease': 0.0, 'estimator__classifier__min_samples_leaf': 300, 'estimator__classifier__min_samples_split': 500, 'estimator__classifier__min_weight_fraction_leaf': 0.0, 'estimator__classifier__monotonic_cst': None, 'estimator__classifier__n_estimators': 300, 'estimator__classifier__n_jobs': -1, 'estimator__classifier__oob_score': False, 'estimator__classifier__random_state': 42, 'estimator__classifier__verbose': 0, 'estimator__classifier__warm_start': False, 'estimator': Pipeline(steps=[('DT', DewTempSpread(new_col='TMP-DEW')),
                ('TC', DatetimeSinCosConverter()),
                ('preprocessor',
                 ColumnTransformer(transformers=[('feat_engin_temp_dew',
                                                  Pipeline(steps=[('imputer',
                                                                   SimpleImputer(strategy='median')),
                                                                  ('scale',
                                                                   StandardScaler())]),
                                                  ['TMP-DEW']),
                                                 ('feat_engin_time_features',
                                                  Pipeline(steps=[('imputer',
                                                                   SimpleImputer(strategy='median')...
                                                  ['CIG_cavok_code',
                                                   'VIS_variability_code',
                                                   'WND_type_code',
                                                   'WND_direction_angle_variable_wind_direction_flag'])],
                                   verbose_feature_names_out=False)),
                ('smote',
                 SMOTE(k_neighbors=7, random_state=42, sampling_strategy=0.3)),
                ('classifier',
                 RandomForestClassifier(max_depth=7, min_samples_leaf=300,
                                        min_samples_split=500, n_estimators=300,
                                        n_jobs=-1, random_state=42))]), 'method': 'isotonic', 'n_jobs': None}"
7,rf_model_7,0.2137883485716209,0.05110750614875756,0.31959549704254914,0.0837138508371385,0.4442970822281167,0.09401709401709402,0.15056179775280898,0.0582010582010582,0.9817291883631245,0.9276454517248512,0.0013526019055899068,0.002133057922423699,"{'cv': YearlyTemporalWindowSplit(end_year=2017, start_year=2001, val_window_size=2), 'ensemble': 'auto', 'estimator__memory': None, 'estimator__steps': [('DT', DewTempSpread(new_col='TMP-DEW')), ('TC', DatetimeSinCosConverter()), ('preprocessor', ColumnTransformer(transformers=[('feat_engin_temp_dew',
                                 Pipeline(steps=[('imputer',
                                                  SimpleImputer(strategy='median')),
                                                 ('scale', StandardScaler())]),
                                 ['TMP-DEW']),
                                ('feat_engin_time_features',
                                 Pipeline(steps=[('imputer',
                                                  SimpleImputer(strategy='median')),
                                                 ('scale', StandardScaler())]),
                                 ['sin_monthofyear', 'cos_monthofyear',
                                  'sin_hourofday', 'cos_hourofday']),
                                ('n...
                                                 ('scale', StandardScaler())]),
                                 ['WND_direction_angle', 'WND_speed_rate',
                                  'CIG_ceiling_height', 'VIS_distance',
                                  'TMP_air_temperature', 'DEW_dew_point',
                                  'SLP_sea_level_pressure']),
                                ('drop_features', 'drop', ['DATE']),
                                ('additional_drops', 'drop',
                                 ['CIG_cavok_code', 'VIS_variability_code',
                                  'WND_type_code',
                                  'WND_direction_angle_variable_wind_direction_flag'])],
                  verbose_feature_names_out=False)), ('smote', SMOTE(k_neighbors=7, random_state=42, sampling_strategy=0.3)), ('classifier', RandomForestClassifier(max_depth=7, min_samples_leaf=300, min_samples_split=500,
                       n_estimators=400, n_jobs=-1, random_state=42))], 'estimator__transform_input': None, 'estimator__verbose': False, 'estimator__DT': DewTempSpread(new_col='TMP-DEW'), 'estimator__TC': DatetimeSinCosConverter(), 'estimator__preprocessor': ColumnTransformer(transformers=[('feat_engin_temp_dew',
                                 Pipeline(steps=[('imputer',
                                                  SimpleImputer(strategy='median')),
                                                 ('scale', StandardScaler())]),
                                 ['TMP-DEW']),
                                ('feat_engin_time_features',
                                 Pipeline(steps=[('imputer',
                                                  SimpleImputer(strategy='median')),
                                                 ('scale', StandardScaler())]),
                                 ['sin_monthofyear', 'cos_monthofyear',
                                  'sin_hourofday', 'cos_hourofday']),
                                ('n...
                                                 ('scale', StandardScaler())]),
                                 ['WND_direction_angle', 'WND_speed_rate',
                                  'CIG_ceiling_height', 'VIS_distance',
                                  'TMP_air_temperature', 'DEW_dew_point',
                                  'SLP_sea_level_pressure']),
                                ('drop_features', 'drop', ['DATE']),
                                ('additional_drops', 'drop',
                                 ['CIG_cavok_code', 'VIS_variability_code',
                                  'WND_type_code',
                                  'WND_direction_angle_variable_wind_direction_flag'])],
                  verbose_feature_names_out=False), 'estimator__smote': SMOTE(k_neighbors=7, random_state=42, sampling_strategy=0.3), 'estimator__classifier': RandomForestClassifier(max_depth=7, min_samples_leaf=300, min_samples_split=500,
                       n_estimators=400, n_jobs=-1, random_state=42), 'estimator__DT__new_col': 'TMP-DEW', 'estimator__TC__column': 'DATE', 'estimator__TC__dayofyear': True, 'estimator__TC__hourofday': True, 'estimator__TC__monthofyear': True, 'estimator__preprocessor__force_int_remainder_cols': 'deprecated', 'estimator__preprocessor__n_jobs': None, 'estimator__preprocessor__remainder': 'drop', 'estimator__preprocessor__sparse_threshold': 0.3, 'estimator__preprocessor__transformer_weights': None, 'estimator__preprocessor__transformers': [('feat_engin_temp_dew', Pipeline(steps=[('imputer', SimpleImputer(strategy='median')),
                ('scale', StandardScaler())]), ['TMP-DEW']), ('feat_engin_time_features', Pipeline(steps=[('imputer', SimpleImputer(strategy='median')),
                ('scale', StandardScaler())]), ['sin_monthofyear', 'cos_monthofyear', 'sin_hourofday', 'cos_hourofday']), ('numeric_feature_pipeline', Pipeline(steps=[('imputer', SimpleImputer(strategy='median')),
                ('scale', StandardScaler())]), ['WND_direction_angle', 'WND_speed_rate', 'CIG_ceiling_height', 'VIS_distance', 'TMP_air_temperature', 'DEW_dew_point', 'SLP_sea_level_pressure']), ('drop_features', 'drop', ['DATE']), ('additional_drops', 'drop', ['CIG_cavok_code', 'VIS_variability_code', 'WND_type_code', 'WND_direction_angle_variable_wind_direction_flag'])], 'estimator__preprocessor__verbose': False, 'estimator__preprocessor__verbose_feature_names_out': False, 'estimator__preprocessor__feat_engin_temp_dew': Pipeline(steps=[('imputer', SimpleImputer(strategy='median')),
                ('scale', StandardScaler())]), 'estimator__preprocessor__feat_engin_time_features': Pipeline(steps=[('imputer', SimpleImputer(strategy='median')),
                ('scale', StandardScaler())]), 'estimator__preprocessor__numeric_feature_pipeline': Pipeline(steps=[('imputer', SimpleImputer(strategy='median')),
                ('scale', StandardScaler())]), 'estimator__preprocessor__drop_features': 'drop', 'estimator__preprocessor__additional_drops': 'drop', 'estimator__preprocessor__feat_engin_temp_dew__memory': None, 'estimator__preprocessor__feat_engin_temp_dew__steps': [('imputer', SimpleImputer(strategy='median')), ('scale', StandardScaler())], 'estimator__preprocessor__feat_engin_temp_dew__transform_input': None, 'estimator__preprocessor__feat_engin_temp_dew__verbose': False, 'estimator__preprocessor__feat_engin_temp_dew__imputer': SimpleImputer(strategy='median'), 'estimator__preprocessor__feat_engin_temp_dew__scale': StandardScaler(), 'estimator__preprocessor__feat_engin_temp_dew__imputer__add_indicator': False, 'estimator__preprocessor__feat_engin_temp_dew__imputer__copy': True, 'estimator__preprocessor__feat_engin_temp_dew__imputer__fill_value': None, 'estimator__preprocessor__feat_engin_temp_dew__imputer__keep_empty_features': False, 'estimator__preprocessor__feat_engin_temp_dew__imputer__missing_values': nan, 'estimator__preprocessor__feat_engin_temp_dew__imputer__strategy': 'median', 'estimator__preprocessor__feat_engin_temp_dew__scale__copy': True, 'estimator__preprocessor__feat_engin_temp_dew__scale__with_mean': True, 'estimator__preprocessor__feat_engin_temp_dew__scale__with_std': True, 'estimator__preprocessor__feat_engin_time_features__memory': None, 'estimator__preprocessor__feat_engin_time_features__steps': [('imputer', SimpleImputer(strategy='median')), ('scale', StandardScaler())], 'estimator__preprocessor__feat_engin_time_features__transform_input': None, 'estimator__preprocessor__feat_engin_time_features__verbose': False, 'estimator__preprocessor__feat_engin_time_features__imputer': SimpleImputer(strategy='median'), 'estimator__preprocessor__feat_engin_time_features__scale': StandardScaler(), 'estimator__preprocessor__feat_engin_time_features__imputer__add_indicator': False, 'estimator__preprocessor__feat_engin_time_features__imputer__copy': True, 'estimator__preprocessor__feat_engin_time_features__imputer__fill_value': None, 'estimator__preprocessor__feat_engin_time_features__imputer__keep_empty_features': False, 'estimator__preprocessor__feat_engin_time_features__imputer__missing_values': nan, 'estimator__preprocessor__feat_engin_time_features__imputer__strategy': 'median', 'estimator__preprocessor__feat_engin_time_features__scale__copy': True, 'estimator__preprocessor__feat_engin_time_features__scale__with_mean': True, 'estimator__preprocessor__feat_engin_time_features__scale__with_std': True, 'estimator__preprocessor__numeric_feature_pipeline__memory': None, 'estimator__preprocessor__numeric_feature_pipeline__steps': [('imputer', SimpleImputer(strategy='median')), ('scale', StandardScaler())], 'estimator__preprocessor__numeric_feature_pipeline__transform_input': None, 'estimator__preprocessor__numeric_feature_pipeline__verbose': False, 'estimator__preprocessor__numeric_feature_pipeline__imputer': SimpleImputer(strategy='median'), 'estimator__preprocessor__numeric_feature_pipeline__scale': StandardScaler(), 'estimator__preprocessor__numeric_feature_pipeline__imputer__add_indicator': False, 'estimator__preprocessor__numeric_feature_pipeline__imputer__copy': True, 'estimator__preprocessor__numeric_feature_pipeline__imputer__fill_value': None, 'estimator__preprocessor__numeric_feature_pipeline__imputer__keep_empty_features': False, 'estimator__preprocessor__numeric_feature_pipeline__imputer__missing_values': nan, 'estimator__preprocessor__numeric_feature_pipeline__imputer__strategy': 'median', 'estimator__preprocessor__numeric_feature_pipeline__scale__copy': True, 'estimator__preprocessor__numeric_feature_pipeline__scale__with_mean': True, 'estimator__preprocessor__numeric_feature_pipeline__scale__with_std': True, 'estimator__smote__k_neighbors': 7, 'estimator__smote__random_state': 42, 'estimator__smote__sampling_strategy': 0.3, 'estimator__classifier__bootstrap': True, 'estimator__classifier__ccp_alpha': 0.0, 'estimator__classifier__class_weight': None, 'estimator__classifier__criterion': 'gini', 'estimator__classifier__max_depth': 7, 'estimator__classifier__max_features': 'sqrt', 'estimator__classifier__max_leaf_nodes': None, 'estimator__classifier__max_samples': None, 'estimator__classifier__min_impurity_decrease': 0.0, 'estimator__classifier__min_samples_leaf': 300, 'estimator__classifier__min_samples_split': 500, 'estimator__classifier__min_weight_fraction_leaf': 0.0, 'estimator__classifier__monotonic_cst': None, 'estimator__classifier__n_estimators': 400, 'estimator__classifier__n_jobs': -1, 'estimator__classifier__oob_score': False, 'estimator__classifier__random_state': 42, 'estimator__classifier__verbose': 0, 'estimator__classifier__warm_start': False, 'estimator': Pipeline(steps=[('DT', DewTempSpread(new_col='TMP-DEW')),
                ('TC', DatetimeSinCosConverter()),
                ('preprocessor',
                 ColumnTransformer(transformers=[('feat_engin_temp_dew',
                                                  Pipeline(steps=[('imputer',
                                                                   SimpleImputer(strategy='median')),
                                                                  ('scale',
                                                                   StandardScaler())]),
                                                  ['TMP-DEW']),
                                                 ('feat_engin_time_features',
                                                  Pipeline(steps=[('imputer',
                                                                   SimpleImputer(strategy='median')...
                                                  ['CIG_cavok_code',
                                                   'VIS_variability_code',
                                                   'WND_type_code',
                                                   'WND_direction_angle_variable_wind_direction_flag'])],
                                   verbose_feature_names_out=False)),
                ('smote',
                 SMOTE(k_neighbors=7, random_state=42, sampling_strategy=0.3)),
                ('classifier',
                 RandomForestClassifier(max_depth=7, min_samples_leaf=300,
                                        min_samples_split=500, n_estimators=400,
                                        n_jobs=-1, random_state=42))]), 'method': 'isotonic', 'n_jobs': None}"
8,rf_model_8,0.21213369480946273,0.048859315737218384,0.31227630637079457,0.08633093525179857,0.46286472148541113,0.10256410256410256,0.13569206842923795,0.05286343612334802,0.98148559914975,0.926741864764721,0.0013543228133507663,0.0021344530719889063,"{'cv': YearlyTemporalWindowSplit(end_year=2017, start_year=2001, val_window_size=2), 'ensemble': 'auto', 'estimator__memory': None, 'estimator__steps': [('DT', DewTempSpread(new_col='TMP-DEW')), ('TC', DatetimeSinCosConverter()), ('preprocessor', ColumnTransformer(transformers=[('feat_engin_temp_dew',
                                 Pipeline(steps=[('imputer',
                                                  SimpleImputer(strategy='median')),
                                                 ('scale', StandardScaler())]),
                                 ['TMP-DEW']),
                                ('feat_engin_time_features',
                                 Pipeline(steps=[('imputer',
                                                  SimpleImputer(strategy='median')),
                                                 ('scale', StandardScaler())]),
                                 ['sin_monthofyear', 'cos_monthofyear',
                                  'sin_hourofday', 'cos_hourofday']),
                                ('n...
                                                 ('scale', StandardScaler())]),
                                 ['WND_direction_angle', 'WND_speed_rate',
                                  'CIG_ceiling_height', 'VIS_distance',
                                  'TMP_air_temperature', 'DEW_dew_point',
                                  'SLP_sea_level_pressure']),
                                ('drop_features', 'drop', ['DATE']),
                                ('additional_drops', 'drop',
                                 ['CIG_cavok_code', 'VIS_variability_code',
                                  'WND_type_code',
                                  'WND_direction_angle_variable_wind_direction_flag'])],
                  verbose_feature_names_out=False)), ('smote', SMOTE(k_neighbors=7, random_state=42, sampling_strategy=0.3)), ('classifier', RandomForestClassifier(max_depth=7, min_samples_leaf=300,
                       min_samples_split=1000, n_estimators=300, n_jobs=-1,
                       random_state=42))], 'estimator__transform_input': None, 'estimator__verbose': False, 'estimator__DT': DewTempSpread(new_col='TMP-DEW'), 'estimator__TC': DatetimeSinCosConverter(), 'estimator__preprocessor': ColumnTransformer(transformers=[('feat_engin_temp_dew',
                                 Pipeline(steps=[('imputer',
                                                  SimpleImputer(strategy='median')),
                                                 ('scale', StandardScaler())]),
                                 ['TMP-DEW']),
                                ('feat_engin_time_features',
                                 Pipeline(steps=[('imputer',
                                                  SimpleImputer(strategy='median')),
                                                 ('scale', StandardScaler())]),
                                 ['sin_monthofyear', 'cos_monthofyear',
                                  'sin_hourofday', 'cos_hourofday']),
                                ('n...
                                                 ('scale', StandardScaler())]),
                                 ['WND_direction_angle', 'WND_speed_rate',
                                  'CIG_ceiling_height', 'VIS_distance',
                                  'TMP_air_temperature', 'DEW_dew_point',
                                  'SLP_sea_level_pressure']),
                                ('drop_features', 'drop', ['DATE']),
                                ('additional_drops', 'drop',
                                 ['CIG_cavok_code', 'VIS_variability_code',
                                  'WND_type_code',
                                  'WND_direction_angle_variable_wind_direction_flag'])],
                  verbose_feature_names_out=False), 'estimator__smote': SMOTE(k_neighbors=7, random_state=42, sampling_strategy=0.3), 'estimator__classifier': RandomForestClassifier(max_depth=7, min_samples_leaf=300,
                       min_samples_split=1000, n_estimators=300, n_jobs=-1,
                       random_state=42), 'estimator__DT__new_col': 'TMP-DEW', 'estimator__TC__column': 'DATE', 'estimator__TC__dayofyear': True, 'estimator__TC__hourofday': True, 'estimator__TC__monthofyear': True, 'estimator__preprocessor__force_int_remainder_cols': 'deprecated', 'estimator__preprocessor__n_jobs': None, 'estimator__preprocessor__remainder': 'drop', 'estimator__preprocessor__sparse_threshold': 0.3, 'estimator__preprocessor__transformer_weights': None, 'estimator__preprocessor__transformers': [('feat_engin_temp_dew', Pipeline(steps=[('imputer', SimpleImputer(strategy='median')),
                ('scale', StandardScaler())]), ['TMP-DEW']), ('feat_engin_time_features', Pipeline(steps=[('imputer', SimpleImputer(strategy='median')),
                ('scale', StandardScaler())]), ['sin_monthofyear', 'cos_monthofyear', 'sin_hourofday', 'cos_hourofday']), ('numeric_feature_pipeline', Pipeline(steps=[('imputer', SimpleImputer(strategy='median')),
                ('scale', StandardScaler())]), ['WND_direction_angle', 'WND_speed_rate', 'CIG_ceiling_height', 'VIS_distance', 'TMP_air_temperature', 'DEW_dew_point', 'SLP_sea_level_pressure']), ('drop_features', 'drop', ['DATE']), ('additional_drops', 'drop', ['CIG_cavok_code', 'VIS_variability_code', 'WND_type_code', 'WND_direction_angle_variable_wind_direction_flag'])], 'estimator__preprocessor__verbose': False, 'estimator__preprocessor__verbose_feature_names_out': False, 'estimator__preprocessor__feat_engin_temp_dew': Pipeline(steps=[('imputer', SimpleImputer(strategy='median')),
                ('scale', StandardScaler())]), 'estimator__preprocessor__feat_engin_time_features': Pipeline(steps=[('imputer', SimpleImputer(strategy='median')),
                ('scale', StandardScaler())]), 'estimator__preprocessor__numeric_feature_pipeline': Pipeline(steps=[('imputer', SimpleImputer(strategy='median')),
                ('scale', StandardScaler())]), 'estimator__preprocessor__drop_features': 'drop', 'estimator__preprocessor__additional_drops': 'drop', 'estimator__preprocessor__feat_engin_temp_dew__memory': None, 'estimator__preprocessor__feat_engin_temp_dew__steps': [('imputer', SimpleImputer(strategy='median')), ('scale', StandardScaler())], 'estimator__preprocessor__feat_engin_temp_dew__transform_input': None, 'estimator__preprocessor__feat_engin_temp_dew__verbose': False, 'estimator__preprocessor__feat_engin_temp_dew__imputer': SimpleImputer(strategy='median'), 'estimator__preprocessor__feat_engin_temp_dew__scale': StandardScaler(), 'estimator__preprocessor__feat_engin_temp_dew__imputer__add_indicator': False, 'estimator__preprocessor__feat_engin_temp_dew__imputer__copy': True, 'estimator__preprocessor__feat_engin_temp_dew__imputer__fill_value': None, 'estimator__preprocessor__feat_engin_temp_dew__imputer__keep_empty_features': False, 'estimator__preprocessor__feat_engin_temp_dew__imputer__missing_values': nan, 'estimator__preprocessor__feat_engin_temp_dew__imputer__strategy': 'median', 'estimator__preprocessor__feat_engin_temp_dew__scale__copy': True, 'estimator__preprocessor__feat_engin_temp_dew__scale__with_mean': True, 'estimator__preprocessor__feat_engin_temp_dew__scale__with_std': True, 'estimator__preprocessor__feat_engin_time_features__memory': None, 'estimator__preprocessor__feat_engin_time_features__steps': [('imputer', SimpleImputer(strategy='median')), ('scale', StandardScaler())], 'estimator__preprocessor__feat_engin_time_features__transform_input': None, 'estimator__preprocessor__feat_engin_time_features__verbose': False, 'estimator__preprocessor__feat_engin_time_features__imputer': SimpleImputer(strategy='median'), 'estimator__preprocessor__feat_engin_time_features__scale': StandardScaler(), 'estimator__preprocessor__feat_engin_time_features__imputer__add_indicator': False, 'estimator__preprocessor__feat_engin_time_features__imputer__copy': True, 'estimator__preprocessor__feat_engin_time_features__imputer__fill_value': None, 'estimator__preprocessor__feat_engin_time_features__imputer__keep_empty_features': False, 'estimator__preprocessor__feat_engin_time_features__imputer__missing_values': nan, 'estimator__preprocessor__feat_engin_time_features__imputer__strategy': 'median', 'estimator__preprocessor__feat_engin_time_features__scale__copy': True, 'estimator__preprocessor__feat_engin_time_features__scale__with_mean': True, 'estimator__preprocessor__feat_engin_time_features__scale__with_std': True, 'estimator__preprocessor__numeric_feature_pipeline__memory': None, 'estimator__preprocessor__numeric_feature_pipeline__steps': [('imputer', SimpleImputer(strategy='median')), ('scale', StandardScaler())], 'estimator__preprocessor__numeric_feature_pipeline__transform_input': None, 'estimator__preprocessor__numeric_feature_pipeline__verbose': False, 'estimator__preprocessor__numeric_feature_pipeline__imputer': SimpleImputer(strategy='median'), 'estimator__preprocessor__numeric_feature_pipeline__scale': StandardScaler(), 'estimator__preprocessor__numeric_feature_pipeline__imputer__add_indicator': False, 'estimator__preprocessor__numeric_feature_pipeline__imputer__copy': True, 'estimator__preprocessor__numeric_feature_pipeline__imputer__fill_value': None, 'estimator__preprocessor__numeric_feature_pipeline__imputer__keep_empty_features': False, 'estimator__preprocessor__numeric_feature_pipeline__imputer__missing_values': nan, 'estimator__preprocessor__numeric_feature_pipeline__imputer__strategy': 'median', 'estimator__preprocessor__numeric_feature_pipeline__scale__copy': True, 'estimator__preprocessor__numeric_feature_pipeline__scale__with_mean': True, 'estimator__preprocessor__numeric_feature_pipeline__scale__with_std': True, 'estimator__smote__k_neighbors': 7, 'estimator__smote__random_state': 42, 'estimator__smote__sampling_strategy': 0.3, 'estimator__classifier__bootstrap': True, 'estimator__classifier__ccp_alpha': 0.0, 'estimator__classifier__class_weight': None, 'estimator__classifier__criterion': 'gini', 'estimator__classifier__max_depth': 7, 'estimator__classifier__max_features': 'sqrt', 'estimator__classifier__max_leaf_nodes': None, 'estimator__classifier__max_samples': None, 'estimator__classifier__min_impurity_decrease': 0.0, 'estimator__classifier__min_samples_leaf': 300, 'estimator__classifier__min_samples_split': 1000, 'estimator__classifier__min_weight_fraction_leaf': 0.0, 'estimator__classifier__monotonic_cst': None, 'estimator__classifier__n_estimators': 300, 'estimator__classifier__n_jobs': -1, 'estimator__classifier__oob_score': False, 'estimator__classifier__random_state': 42, 'estimator__classifier__verbose': 0, 'estimator__classifier__warm_start': False, 'estimator': Pipeline(steps=[('DT', DewTempSpread(new_col='TMP-DEW')),
                ('TC', DatetimeSinCosConverter()),
                ('preprocessor',
                 ColumnTransformer(transformers=[('feat_engin_temp_dew',
                                                  Pipeline(steps=[('imputer',
                                                                   SimpleImputer(strategy='median')),
                                                                  ('scale',
                                                                   StandardScaler())]),
                                                  ['TMP-DEW']),
                                                 ('feat_engin_time_features',
                                                  Pipeline(steps=[('imputer',
                                                                   SimpleImputer(strategy='median')...
                                                  ['CIG_cavok_code',
                                                   'VIS_variability_code',
                                                   'WND_type_code',
                                                   'WND_direction_angle_variable_wind_direction_flag'])],
                                   verbose_feature_names_out=False)),
                ('smote',
                 SMOTE(k_neighbors=7, random_state=42, sampling_strategy=0.3)),
                ('classifier',
                 RandomForestClassifier(max_depth=7, min_samples_leaf=300,
                                        min_samples_split=1000,
                                        n_estimators=300, n_jobs=-1,
                                        random_state=42))]), 'method': 'isotonic', 'n_jobs': None}"
9,rf_model_9,0.20964066921264404,0.051159380161036064,0.31054015779890753,0.0847457627118644,0.40716180371352784,0.09401709401709402,0.1593149974052932,0.06077348066298342,0.9814168349926728,0.9269003495923126,0.0013526587729942071,0.0021327755807771277,"{'cv': YearlyTemporalWindowSplit(end_year=2017, start_year=2001, val_window_size=2), 'ensemble': 'auto', 'estimator__memory': None, 'estimator__steps': [('DT', DewTempSpread(new_col='TMP-DEW')), ('TC', DatetimeSinCosConverter()), ('preprocessor', ColumnTransformer(transformers=[('feat_engin_temp_dew',
                                 Pipeline(steps=[('imputer',
                                                  SimpleImputer(strategy='median')),
                                                 ('scale', StandardScaler())]),
                                 ['TMP-DEW']),
                                ('feat_engin_time_features',
                                 Pipeline(steps=[('imputer',
                                                  SimpleImputer(strategy='median')),
                                                 ('scale', StandardScaler())]),
                                 ['sin_monthofyear', 'cos_monthofyear',
                                  'sin_hourofday', 'cos_hourofday']),
                                ('n...
                                                 ('scale', StandardScaler())]),
                                 ['WND_direction_angle', 'WND_speed_rate',
                                  'CIG_ceiling_height', 'VIS_distance',
                                  'TMP_air_temperature', 'DEW_dew_point',
                                  'SLP_sea_level_pressure']),
                                ('drop_features', 'drop', ['DATE']),
                                ('additional_drops', 'drop',
                                 ['CIG_cavok_code', 'VIS_variability_code',
                                  'WND_type_code',
                                  'WND_direction_angle_variable_wind_direction_flag'])],
                  verbose_feature_names_out=False)), ('smote', SMOTE(k_neighbors=7, random_state=42, sampling_strategy=0.3)), ('classifier', RandomForestClassifier(max_depth=7, min_samples_leaf=300,
                       min_samples_split=1000, n_estimators=400, n_jobs=-1,
                       random_state=42))], 'estimator__transform_input': None, 'estimator__verbose': False, 'estimator__DT': DewTempSpread(new_col='TMP-DEW'), 'estimator__TC': DatetimeSinCosConverter(), 'estimator__preprocessor': ColumnTransformer(transformers=[('feat_engin_temp_dew',
                                 Pipeline(steps=[('imputer',
                                                  SimpleImputer(strategy='median')),
                                                 ('scale', StandardScaler())]),
                                 ['TMP-DEW']),
                                ('feat_engin_time_features',
                                 Pipeline(steps=[('imputer',
                                                  SimpleImputer(strategy='median')),
                                                 ('scale', StandardScaler())]),
                                 ['sin_monthofyear', 'cos_monthofyear',
                                  'sin_hourofday', 'cos_hourofday']),
                                ('n...
                                                 ('scale', StandardScaler())]),
                                 ['WND_direction_angle', 'WND_speed_rate',
                                  'CIG_ceiling_height', 'VIS_distance',
                                  'TMP_air_temperature', 'DEW_dew_point',
                                  'SLP_sea_level_pressure']),
                                ('drop_features', 'drop', ['DATE']),
                                ('additional_drops', 'drop',
                                 ['CIG_cavok_code', 'VIS_variability_code',
                                  'WND_type_code',
                                  'WND_direction_angle_variable_wind_direction_flag'])],
                  verbose_feature_names_out=False), 'estimator__smote': SMOTE(k_neighbors=7, random_state=42, sampling_strategy=0.3), 'estimator__classifier': RandomForestClassifier(max_depth=7, min_samples_leaf=300,
                       min_samples_split=1000, n_estimators=400, n_jobs=-1,
                       random_state=42), 'estimator__DT__new_col': 'TMP-DEW', 'estimator__TC__column': 'DATE', 'estimator__TC__dayofyear': True, 'estimator__TC__hourofday': True, 'estimator__TC__monthofyear': True, 'estimator__preprocessor__force_int_remainder_cols': 'deprecated', 'estimator__preprocessor__n_jobs': None, 'estimator__preprocessor__remainder': 'drop', 'estimator__preprocessor__sparse_threshold': 0.3, 'estimator__preprocessor__transformer_weights': None, 'estimator__preprocessor__transformers': [('feat_engin_temp_dew', Pipeline(steps=[('imputer', SimpleImputer(strategy='median')),
                ('scale', StandardScaler())]), ['TMP-DEW']), ('feat_engin_time_features', Pipeline(steps=[('imputer', SimpleImputer(strategy='median')),
                ('scale', StandardScaler())]), ['sin_monthofyear', 'cos_monthofyear', 'sin_hourofday', 'cos_hourofday']), ('numeric_feature_pipeline', Pipeline(steps=[('imputer', SimpleImputer(strategy='median')),
                ('scale', StandardScaler())]), ['WND_direction_angle', 'WND_speed_rate', 'CIG_ceiling_height', 'VIS_distance', 'TMP_air_temperature', 'DEW_dew_point', 'SLP_sea_level_pressure']), ('drop_features', 'drop', ['DATE']), ('additional_drops', 'drop', ['CIG_cavok_code', 'VIS_variability_code', 'WND_type_code', 'WND_direction_angle_variable_wind_direction_flag'])], 'estimator__preprocessor__verbose': False, 'estimator__preprocessor__verbose_feature_names_out': False, 'estimator__preprocessor__feat_engin_temp_dew': Pipeline(steps=[('imputer', SimpleImputer(strategy='median')),
                ('scale', StandardScaler())]), 'estimator__preprocessor__feat_engin_time_features': Pipeline(steps=[('imputer', SimpleImputer(strategy='median')),
                ('scale', StandardScaler())]), 'estimator__preprocessor__numeric_feature_pipeline': Pipeline(steps=[('imputer', SimpleImputer(strategy='median')),
                ('scale', StandardScaler())]), 'estimator__preprocessor__drop_features': 'drop', 'estimator__preprocessor__additional_drops': 'drop', 'estimator__preprocessor__feat_engin_temp_dew__memory': None, 'estimator__preprocessor__feat_engin_temp_dew__steps': [('imputer', SimpleImputer(strategy='median')), ('scale', StandardScaler())], 'estimator__preprocessor__feat_engin_temp_dew__transform_input': None, 'estimator__preprocessor__feat_engin_temp_dew__verbose': False, 'estimator__preprocessor__feat_engin_temp_dew__imputer': SimpleImputer(strategy='median'), 'estimator__preprocessor__feat_engin_temp_dew__scale': StandardScaler(), 'estimator__preprocessor__feat_engin_temp_dew__imputer__add_indicator': False, 'estimator__preprocessor__feat_engin_temp_dew__imputer__copy': True, 'estimator__preprocessor__feat_engin_temp_dew__imputer__fill_value': None, 'estimator__preprocessor__feat_engin_temp_dew__imputer__keep_empty_features': False, 'estimator__preprocessor__feat_engin_temp_dew__imputer__missing_values': nan, 'estimator__preprocessor__feat_engin_temp_dew__imputer__strategy': 'median', 'estimator__preprocessor__feat_engin_temp_dew__scale__copy': True, 'estimator__preprocessor__feat_engin_temp_dew__scale__with_mean': True, 'estimator__preprocessor__feat_engin_temp_dew__scale__with_std': True, 'estimator__preprocessor__feat_engin_time_features__memory': None, 'estimator__preprocessor__feat_engin_time_features__steps': [('imputer', SimpleImputer(strategy='median')), ('scale', StandardScaler())], 'estimator__preprocessor__feat_engin_time_features__transform_input': None, 'estimator__preprocessor__feat_engin_time_features__verbose': False, 'estimator__preprocessor__feat_engin_time_features__imputer': SimpleImputer(strategy='median'), 'estimator__preprocessor__feat_engin_time_features__scale': StandardScaler(), 'estimator__preprocessor__feat_engin_time_features__imputer__add_indicator': False, 'estimator__preprocessor__feat_engin_time_features__imputer__copy': True, 'estimator__preprocessor__feat_engin_time_features__imputer__fill_value': None, 'estimator__preprocessor__feat_engin_time_features__imputer__keep_empty_features': False, 'estimator__preprocessor__feat_engin_time_features__imputer__missing_values': nan, 'estimator__preprocessor__feat_engin_time_features__imputer__strategy': 'median', 'estimator__preprocessor__feat_engin_time_features__scale__copy': True, 'estimator__preprocessor__feat_engin_time_features__scale__with_mean': True, 'estimator__preprocessor__feat_engin_time_features__scale__with_std': True, 'estimator__preprocessor__numeric_feature_pipeline__memory': None, 'estimator__preprocessor__numeric_feature_pipeline__steps': [('imputer', SimpleImputer(strategy='median')), ('scale', StandardScaler())], 'estimator__preprocessor__numeric_feature_pipeline__transform_input': None, 'estimator__preprocessor__numeric_feature_pipeline__verbose': False, 'estimator__preprocessor__numeric_feature_pipeline__imputer': SimpleImputer(strategy='median'), 'estimator__preprocessor__numeric_feature_pipeline__scale': StandardScaler(), 'estimator__preprocessor__numeric_feature_pipeline__imputer__add_indicator': False, 'estimator__preprocessor__numeric_feature_pipeline__imputer__copy': True, 'estimator__preprocessor__numeric_feature_pipeline__imputer__fill_value': None, 'estimator__preprocessor__numeric_feature_pipeline__imputer__keep_empty_features': False, 'estimator__preprocessor__numeric_feature_pipeline__imputer__missing_values': nan, 'estimator__preprocessor__numeric_feature_pipeline__imputer__strategy': 'median', 'estimator__preprocessor__numeric_feature_pipeline__scale__copy': True, 'estimator__preprocessor__numeric_feature_pipeline__scale__with_mean': True, 'estimator__preprocessor__numeric_feature_pipeline__scale__with_std': True, 'estimator__smote__k_neighbors': 7, 'estimator__smote__random_state': 42, 'estimator__smote__sampling_strategy': 0.3, 'estimator__classifier__bootstrap': True, 'estimator__classifier__ccp_alpha': 0.0, 'estimator__classifier__class_weight': None, 'estimator__classifier__criterion': 'gini', 'estimator__classifier__max_depth': 7, 'estimator__classifier__max_features': 'sqrt', 'estimator__classifier__max_leaf_nodes': None, 'estimator__classifier__max_samples': None, 'estimator__classifier__min_impurity_decrease': 0.0, 'estimator__classifier__min_samples_leaf': 300, 'estimator__classifier__min_samples_split': 1000, 'estimator__classifier__min_weight_fraction_leaf': 0.0, 'estimator__classifier__monotonic_cst': None, 'estimator__classifier__n_estimators': 400, 'estimator__classifier__n_jobs': -1, 'estimator__classifier__oob_score': False, 'estimator__classifier__random_state': 42, 'estimator__classifier__verbose': 0, 'estimator__classifier__warm_start': False, 'estimator': Pipeline(steps=[('DT', DewTempSpread(new_col='TMP-DEW')),
                ('TC', DatetimeSinCosConverter()),
                ('preprocessor',
                 ColumnTransformer(transformers=[('feat_engin_temp_dew',
                                                  Pipeline(steps=[('imputer',
                                                                   SimpleImputer(strategy='median')),
                                                                  ('scale',
                                                                   StandardScaler())]),
                                                  ['TMP-DEW']),
                                                 ('feat_engin_time_features',
                                                  Pipeline(steps=[('imputer',
                                                                   SimpleImputer(strategy='median')...
                                                  ['CIG_cavok_code',
                                                   'VIS_variability_code',
                                                   'WND_type_code',
                                                   'WND_direction_angle_variable_wind_direction_flag'])],
                                   verbose_feature_names_out=False)),
                ('smote',
                 SMOTE(k_neighbors=7, random_state=42, sampling_strategy=0.3)),
                ('classifier',
                 RandomForestClassifier(max_depth=7, min_samples_leaf=300,
                                        min_samples_split=1000,
                                        n_estimators=400, n_jobs=-1,
                                        random_state=42))]), 'method': 'isotonic', 'n_jobs': None}"
10,rf_model_10,0.203920443440384,0.05311892109559949,0.31012404961984796,0.08540372670807453,0.41114058355437666,0.09401709401709402,0.15640766902119072,0.0625,0.9810909480913732,0.9248978227727853,0.001357920346303313,0.0021348588896361494,"{'cv': YearlyTemporalWindowSplit(end_year=2017, start_year=2001, val_window_size=2), 'ensemble': 'auto', 'estimator__memory': None, 'estimator__steps': [('DT', DewTempSpread(new_col='TMP-DEW')), ('TC', DatetimeSinCosConverter()), ('preprocessor', ColumnTransformer(transformers=[('feat_engin_temp_dew',
                                 Pipeline(steps=[('imputer',
                                                  SimpleImputer(strategy='median')),
                                                 ('scale', StandardScaler())]),
                                 ['TMP-DEW']),
                                ('feat_engin_time_features',
                                 Pipeline(steps=[('imputer',
                                                  SimpleImputer(strategy='median')),
                                                 ('scale', StandardScaler())]),
                                 ['sin_monthofyear', 'cos_monthofyear',
                                  'sin_hourofday', 'cos_hourofday']),
                                ('n...
                                                 ('scale', StandardScaler())]),
                                 ['WND_direction_angle', 'WND_speed_rate',
                                  'CIG_ceiling_height', 'VIS_distance',
                                  'TMP_air_temperature', 'DEW_dew_point',
                                  'SLP_sea_level_pressure']),
                                ('drop_features', 'drop', ['DATE']),
                                ('additional_drops', 'drop',
                                 ['CIG_cavok_code', 'VIS_variability_code',
                                  'WND_type_code',
                                  'WND_direction_angle_variable_wind_direction_flag'])],
                  verbose_feature_names_out=False)), ('smote', SMOTE(k_neighbors=7, random_state=42, sampling_strategy=0.3)), ('classifier', RandomForestClassifier(max_depth=7, min_samples_leaf=300,
                       min_samples_split=1500, n_estimators=300, n_jobs=-1,
                       random_state=42))], 'estimator__transform_input': None, 'estimator__verbose': False, 'estimator__DT': DewTempSpread(new_col='TMP-DEW'), 'estimator__TC': DatetimeSinCosConverter(), 'estimator__preprocessor': ColumnTransformer(transformers=[('feat_engin_temp_dew',
                                 Pipeline(steps=[('imputer',
                                                  SimpleImputer(strategy='median')),
                                                 ('scale', StandardScaler())]),
                                 ['TMP-DEW']),
                                ('feat_engin_time_features',
                                 Pipeline(steps=[('imputer',
                                                  SimpleImputer(strategy='median')),
                                                 ('scale', StandardScaler())]),
                                 ['sin_monthofyear', 'cos_monthofyear',
                                  'sin_hourofday', 'cos_hourofday']),
                                ('n...
                                                 ('scale', StandardScaler())]),
                                 ['WND_direction_angle', 'WND_speed_rate',
                                  'CIG_ceiling_height', 'VIS_distance',
                                  'TMP_air_temperature', 'DEW_dew_point',
                                  'SLP_sea_level_pressure']),
                                ('drop_features', 'drop', ['DATE']),
                                ('additional_drops', 'drop',
                                 ['CIG_cavok_code', 'VIS_variability_code',
                                  'WND_type_code',
                                  'WND_direction_angle_variable_wind_direction_flag'])],
                  verbose_feature_names_out=False), 'estimator__smote': SMOTE(k_neighbors=7, random_state=42, sampling_strategy=0.3), 'estimator__classifier': RandomForestClassifier(max_depth=7, min_samples_leaf=300,
                       min_samples_split=1500, n_estimators=300, n_jobs=-1,
                       random_state=42), 'estimator__DT__new_col': 'TMP-DEW', 'estimator__TC__column': 'DATE', 'estimator__TC__dayofyear': True, 'estimator__TC__hourofday': True, 'estimator__TC__monthofyear': True, 'estimator__preprocessor__force_int_remainder_cols': 'deprecated', 'estimator__preprocessor__n_jobs': None, 'estimator__preprocessor__remainder': 'drop', 'estimator__preprocessor__sparse_threshold': 0.3, 'estimator__preprocessor__transformer_weights': None, 'estimator__preprocessor__transformers': [('feat_engin_temp_dew', Pipeline(steps=[('imputer', SimpleImputer(strategy='median')),
                ('scale', StandardScaler())]), ['TMP-DEW']), ('feat_engin_time_features', Pipeline(steps=[('imputer', SimpleImputer(strategy='median')),
                ('scale', StandardScaler())]), ['sin_monthofyear', 'cos_monthofyear', 'sin_hourofday', 'cos_hourofday']), ('numeric_feature_pipeline', Pipeline(steps=[('imputer', SimpleImputer(strategy='median')),
                ('scale', StandardScaler())]), ['WND_direction_angle', 'WND_speed_rate', 'CIG_ceiling_height', 'VIS_distance', 'TMP_air_temperature', 'DEW_dew_point', 'SLP_sea_level_pressure']), ('drop_features', 'drop', ['DATE']), ('additional_drops', 'drop', ['CIG_cavok_code', 'VIS_variability_code', 'WND_type_code', 'WND_direction_angle_variable_wind_direction_flag'])], 'estimator__preprocessor__verbose': False, 'estimator__preprocessor__verbose_feature_names_out': False, 'estimator__preprocessor__feat_engin_temp_dew': Pipeline(steps=[('imputer', SimpleImputer(strategy='median')),
                ('scale', StandardScaler())]), 'estimator__preprocessor__feat_engin_time_features': Pipeline(steps=[('imputer', SimpleImputer(strategy='median')),
                ('scale', StandardScaler())]), 'estimator__preprocessor__numeric_feature_pipeline': Pipeline(steps=[('imputer', SimpleImputer(strategy='median')),
                ('scale', StandardScaler())]), 'estimator__preprocessor__drop_features': 'drop', 'estimator__preprocessor__additional_drops': 'drop', 'estimator__preprocessor__feat_engin_temp_dew__memory': None, 'estimator__preprocessor__feat_engin_temp_dew__steps': [('imputer', SimpleImputer(strategy='median')), ('scale', StandardScaler())], 'estimator__preprocessor__feat_engin_temp_dew__transform_input': None, 'estimator__preprocessor__feat_engin_temp_dew__verbose': False, 'estimator__preprocessor__feat_engin_temp_dew__imputer': SimpleImputer(strategy='median'), 'estimator__preprocessor__feat_engin_temp_dew__scale': StandardScaler(), 'estimator__preprocessor__feat_engin_temp_dew__imputer__add_indicator': False, 'estimator__preprocessor__feat_engin_temp_dew__imputer__copy': True, 'estimator__preprocessor__feat_engin_temp_dew__imputer__fill_value': None, 'estimator__preprocessor__feat_engin_temp_dew__imputer__keep_empty_features': False, 'estimator__preprocessor__feat_engin_temp_dew__imputer__missing_values': nan, 'estimator__preprocessor__feat_engin_temp_dew__imputer__strategy': 'median', 'estimator__preprocessor__feat_engin_temp_dew__scale__copy': True, 'estimator__preprocessor__feat_engin_temp_dew__scale__with_mean': True, 'estimator__preprocessor__feat_engin_temp_dew__scale__with_std': True, 'estimator__preprocessor__feat_engin_time_features__memory': None, 'estimator__preprocessor__feat_engin_time_features__steps': [('imputer', SimpleImputer(strategy='median')), ('scale', StandardScaler())], 'estimator__preprocessor__feat_engin_time_features__transform_input': None, 'estimator__preprocessor__feat_engin_time_features__verbose': False, 'estimator__preprocessor__feat_engin_time_features__imputer': SimpleImputer(strategy='median'), 'estimator__preprocessor__feat_engin_time_features__scale': StandardScaler(), 'estimator__preprocessor__feat_engin_time_features__imputer__add_indicator': False, 'estimator__preprocessor__feat_engin_time_features__imputer__copy': True, 'estimator__preprocessor__feat_engin_time_features__imputer__fill_value': None, 'estimator__preprocessor__feat_engin_time_features__imputer__keep_empty_features': False, 'estimator__preprocessor__feat_engin_time_features__imputer__missing_values': nan, 'estimator__preprocessor__feat_engin_time_features__imputer__strategy': 'median', 'estimator__preprocessor__feat_engin_time_features__scale__copy': True, 'estimator__preprocessor__feat_engin_time_features__scale__with_mean': True, 'estimator__preprocessor__feat_engin_time_features__scale__with_std': True, 'estimator__preprocessor__numeric_feature_pipeline__memory': None, 'estimator__preprocessor__numeric_feature_pipeline__steps': [('imputer', SimpleImputer(strategy='median')), ('scale', StandardScaler())], 'estimator__preprocessor__numeric_feature_pipeline__transform_input': None, 'estimator__preprocessor__numeric_feature_pipeline__verbose': False, 'estimator__preprocessor__numeric_feature_pipeline__imputer': SimpleImputer(strategy='median'), 'estimator__preprocessor__numeric_feature_pipeline__scale': StandardScaler(), 'estimator__preprocessor__numeric_feature_pipeline__imputer__add_indicator': False, 'estimator__preprocessor__numeric_feature_pipeline__imputer__copy': True, 'estimator__preprocessor__numeric_feature_pipeline__imputer__fill_value': None, 'estimator__preprocessor__numeric_feature_pipeline__imputer__keep_empty_features': False, 'estimator__preprocessor__numeric_feature_pipeline__imputer__missing_values': nan, 'estimator__preprocessor__numeric_feature_pipeline__imputer__strategy': 'median', 'estimator__preprocessor__numeric_feature_pipeline__scale__copy': True, 'estimator__preprocessor__numeric_feature_pipeline__scale__with_mean': True, 'estimator__preprocessor__numeric_feature_pipeline__scale__with_std': True, 'estimator__smote__k_neighbors': 7, 'estimator__smote__random_state': 42, 'estimator__smote__sampling_strategy': 0.3, 'estimator__classifier__bootstrap': True, 'estimator__classifier__ccp_alpha': 0.0, 'estimator__classifier__class_weight': None, 'estimator__classifier__criterion': 'gini', 'estimator__classifier__max_depth': 7, 'estimator__classifier__max_features': 'sqrt', 'estimator__classifier__max_leaf_nodes': None, 'estimator__classifier__max_samples': None, 'estimator__classifier__min_impurity_decrease': 0.0, 'estimator__classifier__min_samples_leaf': 300, 'estimator__classifier__min_samples_split': 1500, 'estimator__classifier__min_weight_fraction_leaf': 0.0, 'estimator__classifier__monotonic_cst': None, 'estimator__classifier__n_estimators': 300, 'estimator__classifier__n_jobs': -1, 'estimator__classifier__oob_score': False, 'estimator__classifier__random_state': 42, 'estimator__classifier__verbose': 0, 'estimator__classifier__warm_start': False, 'estimator': Pipeline(steps=[('DT', DewTempSpread(new_col='TMP-DEW')),
                ('TC', DatetimeSinCosConverter()),
                ('preprocessor',
                 ColumnTransformer(transformers=[('feat_engin_temp_dew',
                                                  Pipeline(steps=[('imputer',
                                                                   SimpleImputer(strategy='median')),
                                                                  ('scale',
                                                                   StandardScaler())]),
                                                  ['TMP-DEW']),
                                                 ('feat_engin_time_features',
                                                  Pipeline(steps=[('imputer',
                                                                   SimpleImputer(strategy='median')...
                                                  ['CIG_cavok_code',
                                                   'VIS_variability_code',
                                                   'WND_type_code',
                                                   'WND_direction_angle_variable_wind_direction_flag'])],
                                   verbose_feature_names_out=False)),
                ('smote',
                 SMOTE(k_neighbors=7, random_state=42, sampling_strategy=0.3)),
                ('classifier',
                 RandomForestClassifier(max_depth=7, min_samples_leaf=300,
                                        min_samples_split=1500,
                                        n_estimators=300, n_jobs=-1,
                                        random_state=42))]), 'method': 'isotonic', 'n_jobs': None}"
11,rf_model_11,0.20266033186872268,0.054094040573122476,0.31006937145259617,0.0875796178343949,0.3912466843501326,0.09401709401709402,0.1694428489373923,0.06875,0.9810350681685773,0.9235373749677604,0.0013552059882957258,0.002131968348010933,"{'cv': YearlyTemporalWindowSplit(end_year=2017, start_year=2001, val_window_size=2), 'ensemble': 'auto', 'estimator__memory': None, 'estimator__steps': [('DT', DewTempSpread(new_col='TMP-DEW')), ('TC', DatetimeSinCosConverter()), ('preprocessor', ColumnTransformer(transformers=[('feat_engin_temp_dew',
                                 Pipeline(steps=[('imputer',
                                                  SimpleImputer(strategy='median')),
                                                 ('scale', StandardScaler())]),
                                 ['TMP-DEW']),
                                ('feat_engin_time_features',
                                 Pipeline(steps=[('imputer',
                                                  SimpleImputer(strategy='median')),
                                                 ('scale', StandardScaler())]),
                                 ['sin_monthofyear', 'cos_monthofyear',
                                  'sin_hourofday', 'cos_hourofday']),
                                ('n...
                                                 ('scale', StandardScaler())]),
                                 ['WND_direction_angle', 'WND_speed_rate',
                                  'CIG_ceiling_height', 'VIS_distance',
                                  'TMP_air_temperature', 'DEW_dew_point',
                                  'SLP_sea_level_pressure']),
                                ('drop_features', 'drop', ['DATE']),
                                ('additional_drops', 'drop',
                                 ['CIG_cavok_code', 'VIS_variability_code',
                                  'WND_type_code',
                                  'WND_direction_angle_variable_wind_direction_flag'])],
                  verbose_feature_names_out=False)), ('smote', SMOTE(k_neighbors=7, random_state=42, sampling_strategy=0.3)), ('classifier', RandomForestClassifier(max_depth=7, min_samples_leaf=300,
                       min_samples_split=1500, n_estimators=400, n_jobs=-1,
                       random_state=42))], 'estimator__transform_input': None, 'estimator__verbose': False, 'estimator__DT': DewTempSpread(new_col='TMP-DEW'), 'estimator__TC': DatetimeSinCosConverter(), 'estimator__preprocessor': ColumnTransformer(transformers=[('feat_engin_temp_dew',
                                 Pipeline(steps=[('imputer',
                                                  SimpleImputer(strategy='median')),
                                                 ('scale', StandardScaler())]),
                                 ['TMP-DEW']),
                                ('feat_engin_time_features',
                                 Pipeline(steps=[('imputer',
                                                  SimpleImputer(strategy='median')),
                                                 ('scale', StandardScaler())]),
                                 ['sin_monthofyear', 'cos_monthofyear',
                                  'sin_hourofday', 'cos_hourofday']),
                                ('n...
                                                 ('scale', StandardScaler())]),
                                 ['WND_direction_angle', 'WND_speed_rate',
                                  'CIG_ceiling_height', 'VIS_distance',
                                  'TMP_air_temperature', 'DEW_dew_point',
                                  'SLP_sea_level_pressure']),
                                ('drop_features', 'drop', ['DATE']),
                                ('additional_drops', 'drop',
                                 ['CIG_cavok_code', 'VIS_variability_code',
                                  'WND_type_code',
                                  'WND_direction_angle_variable_wind_direction_flag'])],
                  verbose_feature_names_out=False), 'estimator__smote': SMOTE(k_neighbors=7, random_state=42, sampling_strategy=0.3), 'estimator__classifier': RandomForestClassifier(max_depth=7, min_samples_leaf=300,
                       min_samples_split=1500, n_estimators=400, n_jobs=-1,
                       random_state=42), 'estimator__DT__new_col': 'TMP-DEW', 'estimator__TC__column': 'DATE', 'estimator__TC__dayofyear': True, 'estimator__TC__hourofday': True, 'estimator__TC__monthofyear': True, 'estimator__preprocessor__force_int_remainder_cols': 'deprecated', 'estimator__preprocessor__n_jobs': None, 'estimator__preprocessor__remainder': 'drop', 'estimator__preprocessor__sparse_threshold': 0.3, 'estimator__preprocessor__transformer_weights': None, 'estimator__preprocessor__transformers': [('feat_engin_temp_dew', Pipeline(steps=[('imputer', SimpleImputer(strategy='median')),
                ('scale', StandardScaler())]), ['TMP-DEW']), ('feat_engin_time_features', Pipeline(steps=[('imputer', SimpleImputer(strategy='median')),
                ('scale', StandardScaler())]), ['sin_monthofyear', 'cos_monthofyear', 'sin_hourofday', 'cos_hourofday']), ('numeric_feature_pipeline', Pipeline(steps=[('imputer', SimpleImputer(strategy='median')),
                ('scale', StandardScaler())]), ['WND_direction_angle', 'WND_speed_rate', 'CIG_ceiling_height', 'VIS_distance', 'TMP_air_temperature', 'DEW_dew_point', 'SLP_sea_level_pressure']), ('drop_features', 'drop', ['DATE']), ('additional_drops', 'drop', ['CIG_cavok_code', 'VIS_variability_code', 'WND_type_code', 'WND_direction_angle_variable_wind_direction_flag'])], 'estimator__preprocessor__verbose': False, 'estimator__preprocessor__verbose_feature_names_out': False, 'estimator__preprocessor__feat_engin_temp_dew': Pipeline(steps=[('imputer', SimpleImputer(strategy='median')),
                ('scale', StandardScaler())]), 'estimator__preprocessor__feat_engin_time_features': Pipeline(steps=[('imputer', SimpleImputer(strategy='median')),
                ('scale', StandardScaler())]), 'estimator__preprocessor__numeric_feature_pipeline': Pipeline(steps=[('imputer', SimpleImputer(strategy='median')),
                ('scale', StandardScaler())]), 'estimator__preprocessor__drop_features': 'drop', 'estimator__preprocessor__additional_drops': 'drop', 'estimator__preprocessor__feat_engin_temp_dew__memory': None, 'estimator__preprocessor__feat_engin_temp_dew__steps': [('imputer', SimpleImputer(strategy='median')), ('scale', StandardScaler())], 'estimator__preprocessor__feat_engin_temp_dew__transform_input': None, 'estimator__preprocessor__feat_engin_temp_dew__verbose': False, 'estimator__preprocessor__feat_engin_temp_dew__imputer': SimpleImputer(strategy='median'), 'estimator__preprocessor__feat_engin_temp_dew__scale': StandardScaler(), 'estimator__preprocessor__feat_engin_temp_dew__imputer__add_indicator': False, 'estimator__preprocessor__feat_engin_temp_dew__imputer__copy': True, 'estimator__preprocessor__feat_engin_temp_dew__imputer__fill_value': None, 'estimator__preprocessor__feat_engin_temp_dew__imputer__keep_empty_features': False, 'estimator__preprocessor__feat_engin_temp_dew__imputer__missing_values': nan, 'estimator__preprocessor__feat_engin_temp_dew__imputer__strategy': 'median', 'estimator__preprocessor__feat_engin_temp_dew__scale__copy': True, 'estimator__preprocessor__feat_engin_temp_dew__scale__with_mean': True, 'estimator__preprocessor__feat_engin_temp_dew__scale__with_std': True, 'estimator__preprocessor__feat_engin_time_features__memory': None, 'estimator__preprocessor__feat_engin_time_features__steps': [('imputer', SimpleImputer(strategy='median')), ('scale', StandardScaler())], 'estimator__preprocessor__feat_engin_time_features__transform_input': None, 'estimator__preprocessor__feat_engin_time_features__verbose': False, 'estimator__preprocessor__feat_engin_time_features__imputer': SimpleImputer(strategy='median'), 'estimator__preprocessor__feat_engin_time_features__scale': StandardScaler(), 'estimator__preprocessor__feat_engin_time_features__imputer__add_indicator': False, 'estimator__preprocessor__feat_engin_time_features__imputer__copy': True, 'estimator__preprocessor__feat_engin_time_features__imputer__fill_value': None, 'estimator__preprocessor__feat_engin_time_features__imputer__keep_empty_features': False, 'estimator__preprocessor__feat_engin_time_features__imputer__missing_values': nan, 'estimator__preprocessor__feat_engin_time_features__imputer__strategy': 'median', 'estimator__preprocessor__feat_engin_time_features__scale__copy': True, 'estimator__preprocessor__feat_engin_time_features__scale__with_mean': True, 'estimator__preprocessor__feat_engin_time_features__scale__with_std': True, 'estimator__preprocessor__numeric_feature_pipeline__memory': None, 'estimator__preprocessor__numeric_feature_pipeline__steps': [('imputer', SimpleImputer(strategy='median')), ('scale', StandardScaler())], 'estimator__preprocessor__numeric_feature_pipeline__transform_input': None, 'estimator__preprocessor__numeric_feature_pipeline__verbose': False, 'estimator__preprocessor__numeric_feature_pipeline__imputer': SimpleImputer(strategy='median'), 'estimator__preprocessor__numeric_feature_pipeline__scale': StandardScaler(), 'estimator__preprocessor__numeric_feature_pipeline__imputer__add_indicator': False, 'estimator__preprocessor__numeric_feature_pipeline__imputer__copy': True, 'estimator__preprocessor__numeric_feature_pipeline__imputer__fill_value': None, 'estimator__preprocessor__numeric_feature_pipeline__imputer__keep_empty_features': False, 'estimator__preprocessor__numeric_feature_pipeline__imputer__missing_values': nan, 'estimator__preprocessor__numeric_feature_pipeline__imputer__strategy': 'median', 'estimator__preprocessor__numeric_feature_pipeline__scale__copy': True, 'estimator__preprocessor__numeric_feature_pipeline__scale__with_mean': True, 'estimator__preprocessor__numeric_feature_pipeline__scale__with_std': True, 'estimator__smote__k_neighbors': 7, 'estimator__smote__random_state': 42, 'estimator__smote__sampling_strategy': 0.3, 'estimator__classifier__bootstrap': True, 'estimator__classifier__ccp_alpha': 0.0, 'estimator__classifier__class_weight': None, 'estimator__classifier__criterion': 'gini', 'estimator__classifier__max_depth': 7, 'estimator__classifier__max_features': 'sqrt', 'estimator__classifier__max_leaf_nodes': None, 'estimator__classifier__max_samples': None, 'estimator__classifier__min_impurity_decrease': 0.0, 'estimator__classifier__min_samples_leaf': 300, 'estimator__classifier__min_samples_split': 1500, 'estimator__classifier__min_weight_fraction_leaf': 0.0, 'estimator__classifier__monotonic_cst': None, 'estimator__classifier__n_estimators': 400, 'estimator__classifier__n_jobs': -1, 'estimator__classifier__oob_score': False, 'estimator__classifier__random_state': 42, 'estimator__classifier__verbose': 0, 'estimator__classifier__warm_start': False, 'estimator': Pipeline(steps=[('DT', DewTempSpread(new_col='TMP-DEW')),
                ('TC', DatetimeSinCosConverter()),
                ('preprocessor',
                 ColumnTransformer(transformers=[('feat_engin_temp_dew',
                                                  Pipeline(steps=[('imputer',
                                                                   SimpleImputer(strategy='median')),
                                                                  ('scale',
                                                                   StandardScaler())]),
                                                  ['TMP-DEW']),
                                                 ('feat_engin_time_features',
                                                  Pipeline(steps=[('imputer',
                                                                   SimpleImputer(strategy='median')...
                                                  ['CIG_cavok_code',
                                                   'VIS_variability_code',
                                                   'WND_type_code',
                                                   'WND_direction_angle_variable_wind_direction_flag'])],
                                   verbose_feature_names_out=False)),
                ('smote',
                 SMOTE(k_neighbors=7, random_state=42, sampling_strategy=0.3)),
                ('classifier',
                 RandomForestClassifier(max_depth=7, min_samples_leaf=300,
                                        min_samples_split=1500,
                                        n_estimators=400, n_jobs=-1,
                                        random_state=42))]), 'method': 'isotonic', 'n_jobs': None}"
