,Model,train_avg_precision,validation_avg_precision,train_F2,validation_F2,train_Recall,validation_Recall,train_Precision,validation_Precision,train_roc_auc,validation_roc_auc,train_brier_score,validation_brier_score,Parameters
0,rf_model_0,0.3845588064124769,0.046658306086846235,0.44407504155782473,0.08976660682226212,0.4960212201591512,0.08547008547008547,0.3129707112970711,0.11235955056179775,0.9877953732221858,0.8972102201486725,0.0012831299437933402,0.0021411428037711204,"{'cv': YearlyTemporalWindowSplit(end_year=2017, start_year=2001, val_window_size=2), 'ensemble': 'auto', 'estimator__memory': None, 'estimator__steps': [('DT', DewTempSpread(new_col='TMP-DEW')), ('TC', DatetimeSinCosConverter()), ('preprocessor', ColumnTransformer(transformers=[('feat_engin_temp_dew',
                                 Pipeline(steps=[('imputer',
                                                  SimpleImputer(strategy='median')),
                                                 ('scale', StandardScaler())]),
                                 ['TMP-DEW']),
                                ('feat_engin_time_features',
                                 Pipeline(steps=[('imputer',
                                                  SimpleImputer(strategy='median')),
                                                 ('scale', StandardScaler())]),
                                 ['sin_monthofyear', 'cos_monthofyear',
                                  'sin_hourofday', 'cos_hourofday']),
                                ('n...
                                                 ('scale', StandardScaler())]),
                                 ['WND_direction_angle', 'WND_speed_rate',
                                  'CIG_ceiling_height', 'VIS_distance',
                                  'TMP_air_temperature', 'DEW_dew_point',
                                  'SLP_sea_level_pressure']),
                                ('drop_features', 'drop', ['DATE']),
                                ('additional_drops', 'drop',
                                 ['CIG_cavok_code', 'VIS_variability_code',
                                  'WND_type_code',
                                  'WND_direction_angle_variable_wind_direction_flag'])],
                  verbose_feature_names_out=False)), ('smote', SMOTE(random_state=42, sampling_strategy=0.2)), ('classifier', RandomForestClassifier(max_depth=10, min_samples_leaf=20, min_samples_split=50,
                       n_jobs=-1, random_state=42))], 'estimator__transform_input': None, 'estimator__verbose': False, 'estimator__DT': DewTempSpread(new_col='TMP-DEW'), 'estimator__TC': DatetimeSinCosConverter(), 'estimator__preprocessor': ColumnTransformer(transformers=[('feat_engin_temp_dew',
                                 Pipeline(steps=[('imputer',
                                                  SimpleImputer(strategy='median')),
                                                 ('scale', StandardScaler())]),
                                 ['TMP-DEW']),
                                ('feat_engin_time_features',
                                 Pipeline(steps=[('imputer',
                                                  SimpleImputer(strategy='median')),
                                                 ('scale', StandardScaler())]),
                                 ['sin_monthofyear', 'cos_monthofyear',
                                  'sin_hourofday', 'cos_hourofday']),
                                ('n...
                                                 ('scale', StandardScaler())]),
                                 ['WND_direction_angle', 'WND_speed_rate',
                                  'CIG_ceiling_height', 'VIS_distance',
                                  'TMP_air_temperature', 'DEW_dew_point',
                                  'SLP_sea_level_pressure']),
                                ('drop_features', 'drop', ['DATE']),
                                ('additional_drops', 'drop',
                                 ['CIG_cavok_code', 'VIS_variability_code',
                                  'WND_type_code',
                                  'WND_direction_angle_variable_wind_direction_flag'])],
                  verbose_feature_names_out=False), 'estimator__smote': SMOTE(random_state=42, sampling_strategy=0.2), 'estimator__classifier': RandomForestClassifier(max_depth=10, min_samples_leaf=20, min_samples_split=50,
                       n_jobs=-1, random_state=42), 'estimator__DT__new_col': 'TMP-DEW', 'estimator__TC__column': 'DATE', 'estimator__TC__dayofyear': True, 'estimator__TC__hourofday': True, 'estimator__TC__monthofyear': True, 'estimator__preprocessor__force_int_remainder_cols': 'deprecated', 'estimator__preprocessor__n_jobs': None, 'estimator__preprocessor__remainder': 'drop', 'estimator__preprocessor__sparse_threshold': 0.3, 'estimator__preprocessor__transformer_weights': None, 'estimator__preprocessor__transformers': [('feat_engin_temp_dew', Pipeline(steps=[('imputer', SimpleImputer(strategy='median')),
                ('scale', StandardScaler())]), ['TMP-DEW']), ('feat_engin_time_features', Pipeline(steps=[('imputer', SimpleImputer(strategy='median')),
                ('scale', StandardScaler())]), ['sin_monthofyear', 'cos_monthofyear', 'sin_hourofday', 'cos_hourofday']), ('numeric_feature_pipeline', Pipeline(steps=[('imputer', SimpleImputer(strategy='median')),
                ('scale', StandardScaler())]), ['WND_direction_angle', 'WND_speed_rate', 'CIG_ceiling_height', 'VIS_distance', 'TMP_air_temperature', 'DEW_dew_point', 'SLP_sea_level_pressure']), ('drop_features', 'drop', ['DATE']), ('additional_drops', 'drop', ['CIG_cavok_code', 'VIS_variability_code', 'WND_type_code', 'WND_direction_angle_variable_wind_direction_flag'])], 'estimator__preprocessor__verbose': False, 'estimator__preprocessor__verbose_feature_names_out': False, 'estimator__preprocessor__feat_engin_temp_dew': Pipeline(steps=[('imputer', SimpleImputer(strategy='median')),
                ('scale', StandardScaler())]), 'estimator__preprocessor__feat_engin_time_features': Pipeline(steps=[('imputer', SimpleImputer(strategy='median')),
                ('scale', StandardScaler())]), 'estimator__preprocessor__numeric_feature_pipeline': Pipeline(steps=[('imputer', SimpleImputer(strategy='median')),
                ('scale', StandardScaler())]), 'estimator__preprocessor__drop_features': 'drop', 'estimator__preprocessor__additional_drops': 'drop', 'estimator__preprocessor__feat_engin_temp_dew__memory': None, 'estimator__preprocessor__feat_engin_temp_dew__steps': [('imputer', SimpleImputer(strategy='median')), ('scale', StandardScaler())], 'estimator__preprocessor__feat_engin_temp_dew__transform_input': None, 'estimator__preprocessor__feat_engin_temp_dew__verbose': False, 'estimator__preprocessor__feat_engin_temp_dew__imputer': SimpleImputer(strategy='median'), 'estimator__preprocessor__feat_engin_temp_dew__scale': StandardScaler(), 'estimator__preprocessor__feat_engin_temp_dew__imputer__add_indicator': False, 'estimator__preprocessor__feat_engin_temp_dew__imputer__copy': True, 'estimator__preprocessor__feat_engin_temp_dew__imputer__fill_value': None, 'estimator__preprocessor__feat_engin_temp_dew__imputer__keep_empty_features': False, 'estimator__preprocessor__feat_engin_temp_dew__imputer__missing_values': nan, 'estimator__preprocessor__feat_engin_temp_dew__imputer__strategy': 'median', 'estimator__preprocessor__feat_engin_temp_dew__scale__copy': True, 'estimator__preprocessor__feat_engin_temp_dew__scale__with_mean': True, 'estimator__preprocessor__feat_engin_temp_dew__scale__with_std': True, 'estimator__preprocessor__feat_engin_time_features__memory': None, 'estimator__preprocessor__feat_engin_time_features__steps': [('imputer', SimpleImputer(strategy='median')), ('scale', StandardScaler())], 'estimator__preprocessor__feat_engin_time_features__transform_input': None, 'estimator__preprocessor__feat_engin_time_features__verbose': False, 'estimator__preprocessor__feat_engin_time_features__imputer': SimpleImputer(strategy='median'), 'estimator__preprocessor__feat_engin_time_features__scale': StandardScaler(), 'estimator__preprocessor__feat_engin_time_features__imputer__add_indicator': False, 'estimator__preprocessor__feat_engin_time_features__imputer__copy': True, 'estimator__preprocessor__feat_engin_time_features__imputer__fill_value': None, 'estimator__preprocessor__feat_engin_time_features__imputer__keep_empty_features': False, 'estimator__preprocessor__feat_engin_time_features__imputer__missing_values': nan, 'estimator__preprocessor__feat_engin_time_features__imputer__strategy': 'median', 'estimator__preprocessor__feat_engin_time_features__scale__copy': True, 'estimator__preprocessor__feat_engin_time_features__scale__with_mean': True, 'estimator__preprocessor__feat_engin_time_features__scale__with_std': True, 'estimator__preprocessor__numeric_feature_pipeline__memory': None, 'estimator__preprocessor__numeric_feature_pipeline__steps': [('imputer', SimpleImputer(strategy='median')), ('scale', StandardScaler())], 'estimator__preprocessor__numeric_feature_pipeline__transform_input': None, 'estimator__preprocessor__numeric_feature_pipeline__verbose': False, 'estimator__preprocessor__numeric_feature_pipeline__imputer': SimpleImputer(strategy='median'), 'estimator__preprocessor__numeric_feature_pipeline__scale': StandardScaler(), 'estimator__preprocessor__numeric_feature_pipeline__imputer__add_indicator': False, 'estimator__preprocessor__numeric_feature_pipeline__imputer__copy': True, 'estimator__preprocessor__numeric_feature_pipeline__imputer__fill_value': None, 'estimator__preprocessor__numeric_feature_pipeline__imputer__keep_empty_features': False, 'estimator__preprocessor__numeric_feature_pipeline__imputer__missing_values': nan, 'estimator__preprocessor__numeric_feature_pipeline__imputer__strategy': 'median', 'estimator__preprocessor__numeric_feature_pipeline__scale__copy': True, 'estimator__preprocessor__numeric_feature_pipeline__scale__with_mean': True, 'estimator__preprocessor__numeric_feature_pipeline__scale__with_std': True, 'estimator__smote__k_neighbors': 5, 'estimator__smote__random_state': 42, 'estimator__smote__sampling_strategy': 0.2, 'estimator__classifier__bootstrap': True, 'estimator__classifier__ccp_alpha': 0.0, 'estimator__classifier__class_weight': None, 'estimator__classifier__criterion': 'gini', 'estimator__classifier__max_depth': 10, 'estimator__classifier__max_features': 'sqrt', 'estimator__classifier__max_leaf_nodes': None, 'estimator__classifier__max_samples': None, 'estimator__classifier__min_impurity_decrease': 0.0, 'estimator__classifier__min_samples_leaf': 20, 'estimator__classifier__min_samples_split': 50, 'estimator__classifier__min_weight_fraction_leaf': 0.0, 'estimator__classifier__monotonic_cst': None, 'estimator__classifier__n_estimators': 100, 'estimator__classifier__n_jobs': -1, 'estimator__classifier__oob_score': False, 'estimator__classifier__random_state': 42, 'estimator__classifier__verbose': 0, 'estimator__classifier__warm_start': False, 'estimator': Pipeline(steps=[('DT', DewTempSpread(new_col='TMP-DEW')),
                ('TC', DatetimeSinCosConverter()),
                ('preprocessor',
                 ColumnTransformer(transformers=[('feat_engin_temp_dew',
                                                  Pipeline(steps=[('imputer',
                                                                   SimpleImputer(strategy='median')),
                                                                  ('scale',
                                                                   StandardScaler())]),
                                                  ['TMP-DEW']),
                                                 ('feat_engin_time_features',
                                                  Pipeline(steps=[('imputer',
                                                                   SimpleImputer(strategy='median')...
                                                  ['DATE']),
                                                 ('additional_drops', 'drop',
                                                  ['CIG_cavok_code',
                                                   'VIS_variability_code',
                                                   'WND_type_code',
                                                   'WND_direction_angle_variable_wind_direction_flag'])],
                                   verbose_feature_names_out=False)),
                ('smote', SMOTE(random_state=42, sampling_strategy=0.2)),
                ('classifier',
                 RandomForestClassifier(max_depth=10, min_samples_leaf=20,
                                        min_samples_split=50, n_jobs=-1,
                                        random_state=42))]), 'method': 'isotonic', 'n_jobs': None}"
1,rf_model_1,0.34736295465100275,0.07100397148292764,0.4464470685726124,0.08237232289950576,0.5716180371352785,0.08547008547008547,0.23799006073992268,0.07194244604316546,0.9880560136413818,0.8981376676140643,0.0013145607676308504,0.0021309622538796544,"{'cv': YearlyTemporalWindowSplit(end_year=2017, start_year=2001, val_window_size=2), 'ensemble': 'auto', 'estimator__memory': None, 'estimator__steps': [('DT', DewTempSpread(new_col='TMP-DEW')), ('TC', DatetimeSinCosConverter()), ('preprocessor', ColumnTransformer(transformers=[('feat_engin_temp_dew',
                                 Pipeline(steps=[('imputer',
                                                  SimpleImputer(strategy='median')),
                                                 ('scale', StandardScaler())]),
                                 ['TMP-DEW']),
                                ('feat_engin_time_features',
                                 Pipeline(steps=[('imputer',
                                                  SimpleImputer(strategy='median')),
                                                 ('scale', StandardScaler())]),
                                 ['sin_monthofyear', 'cos_monthofyear',
                                  'sin_hourofday', 'cos_hourofday']),
                                ('n...
                                                 ('scale', StandardScaler())]),
                                 ['WND_direction_angle', 'WND_speed_rate',
                                  'CIG_ceiling_height', 'VIS_distance',
                                  'TMP_air_temperature', 'DEW_dew_point',
                                  'SLP_sea_level_pressure']),
                                ('drop_features', 'drop', ['DATE']),
                                ('additional_drops', 'drop',
                                 ['CIG_cavok_code', 'VIS_variability_code',
                                  'WND_type_code',
                                  'WND_direction_angle_variable_wind_direction_flag'])],
                  verbose_feature_names_out=False)), ('smote', SMOTE(random_state=42, sampling_strategy=0.3)), ('classifier', RandomForestClassifier(max_depth=10, min_samples_leaf=20, min_samples_split=50,
                       n_jobs=-1, random_state=42))], 'estimator__transform_input': None, 'estimator__verbose': False, 'estimator__DT': DewTempSpread(new_col='TMP-DEW'), 'estimator__TC': DatetimeSinCosConverter(), 'estimator__preprocessor': ColumnTransformer(transformers=[('feat_engin_temp_dew',
                                 Pipeline(steps=[('imputer',
                                                  SimpleImputer(strategy='median')),
                                                 ('scale', StandardScaler())]),
                                 ['TMP-DEW']),
                                ('feat_engin_time_features',
                                 Pipeline(steps=[('imputer',
                                                  SimpleImputer(strategy='median')),
                                                 ('scale', StandardScaler())]),
                                 ['sin_monthofyear', 'cos_monthofyear',
                                  'sin_hourofday', 'cos_hourofday']),
                                ('n...
                                                 ('scale', StandardScaler())]),
                                 ['WND_direction_angle', 'WND_speed_rate',
                                  'CIG_ceiling_height', 'VIS_distance',
                                  'TMP_air_temperature', 'DEW_dew_point',
                                  'SLP_sea_level_pressure']),
                                ('drop_features', 'drop', ['DATE']),
                                ('additional_drops', 'drop',
                                 ['CIG_cavok_code', 'VIS_variability_code',
                                  'WND_type_code',
                                  'WND_direction_angle_variable_wind_direction_flag'])],
                  verbose_feature_names_out=False), 'estimator__smote': SMOTE(random_state=42, sampling_strategy=0.3), 'estimator__classifier': RandomForestClassifier(max_depth=10, min_samples_leaf=20, min_samples_split=50,
                       n_jobs=-1, random_state=42), 'estimator__DT__new_col': 'TMP-DEW', 'estimator__TC__column': 'DATE', 'estimator__TC__dayofyear': True, 'estimator__TC__hourofday': True, 'estimator__TC__monthofyear': True, 'estimator__preprocessor__force_int_remainder_cols': 'deprecated', 'estimator__preprocessor__n_jobs': None, 'estimator__preprocessor__remainder': 'drop', 'estimator__preprocessor__sparse_threshold': 0.3, 'estimator__preprocessor__transformer_weights': None, 'estimator__preprocessor__transformers': [('feat_engin_temp_dew', Pipeline(steps=[('imputer', SimpleImputer(strategy='median')),
                ('scale', StandardScaler())]), ['TMP-DEW']), ('feat_engin_time_features', Pipeline(steps=[('imputer', SimpleImputer(strategy='median')),
                ('scale', StandardScaler())]), ['sin_monthofyear', 'cos_monthofyear', 'sin_hourofday', 'cos_hourofday']), ('numeric_feature_pipeline', Pipeline(steps=[('imputer', SimpleImputer(strategy='median')),
                ('scale', StandardScaler())]), ['WND_direction_angle', 'WND_speed_rate', 'CIG_ceiling_height', 'VIS_distance', 'TMP_air_temperature', 'DEW_dew_point', 'SLP_sea_level_pressure']), ('drop_features', 'drop', ['DATE']), ('additional_drops', 'drop', ['CIG_cavok_code', 'VIS_variability_code', 'WND_type_code', 'WND_direction_angle_variable_wind_direction_flag'])], 'estimator__preprocessor__verbose': False, 'estimator__preprocessor__verbose_feature_names_out': False, 'estimator__preprocessor__feat_engin_temp_dew': Pipeline(steps=[('imputer', SimpleImputer(strategy='median')),
                ('scale', StandardScaler())]), 'estimator__preprocessor__feat_engin_time_features': Pipeline(steps=[('imputer', SimpleImputer(strategy='median')),
                ('scale', StandardScaler())]), 'estimator__preprocessor__numeric_feature_pipeline': Pipeline(steps=[('imputer', SimpleImputer(strategy='median')),
                ('scale', StandardScaler())]), 'estimator__preprocessor__drop_features': 'drop', 'estimator__preprocessor__additional_drops': 'drop', 'estimator__preprocessor__feat_engin_temp_dew__memory': None, 'estimator__preprocessor__feat_engin_temp_dew__steps': [('imputer', SimpleImputer(strategy='median')), ('scale', StandardScaler())], 'estimator__preprocessor__feat_engin_temp_dew__transform_input': None, 'estimator__preprocessor__feat_engin_temp_dew__verbose': False, 'estimator__preprocessor__feat_engin_temp_dew__imputer': SimpleImputer(strategy='median'), 'estimator__preprocessor__feat_engin_temp_dew__scale': StandardScaler(), 'estimator__preprocessor__feat_engin_temp_dew__imputer__add_indicator': False, 'estimator__preprocessor__feat_engin_temp_dew__imputer__copy': True, 'estimator__preprocessor__feat_engin_temp_dew__imputer__fill_value': None, 'estimator__preprocessor__feat_engin_temp_dew__imputer__keep_empty_features': False, 'estimator__preprocessor__feat_engin_temp_dew__imputer__missing_values': nan, 'estimator__preprocessor__feat_engin_temp_dew__imputer__strategy': 'median', 'estimator__preprocessor__feat_engin_temp_dew__scale__copy': True, 'estimator__preprocessor__feat_engin_temp_dew__scale__with_mean': True, 'estimator__preprocessor__feat_engin_temp_dew__scale__with_std': True, 'estimator__preprocessor__feat_engin_time_features__memory': None, 'estimator__preprocessor__feat_engin_time_features__steps': [('imputer', SimpleImputer(strategy='median')), ('scale', StandardScaler())], 'estimator__preprocessor__feat_engin_time_features__transform_input': None, 'estimator__preprocessor__feat_engin_time_features__verbose': False, 'estimator__preprocessor__feat_engin_time_features__imputer': SimpleImputer(strategy='median'), 'estimator__preprocessor__feat_engin_time_features__scale': StandardScaler(), 'estimator__preprocessor__feat_engin_time_features__imputer__add_indicator': False, 'estimator__preprocessor__feat_engin_time_features__imputer__copy': True, 'estimator__preprocessor__feat_engin_time_features__imputer__fill_value': None, 'estimator__preprocessor__feat_engin_time_features__imputer__keep_empty_features': False, 'estimator__preprocessor__feat_engin_time_features__imputer__missing_values': nan, 'estimator__preprocessor__feat_engin_time_features__imputer__strategy': 'median', 'estimator__preprocessor__feat_engin_time_features__scale__copy': True, 'estimator__preprocessor__feat_engin_time_features__scale__with_mean': True, 'estimator__preprocessor__feat_engin_time_features__scale__with_std': True, 'estimator__preprocessor__numeric_feature_pipeline__memory': None, 'estimator__preprocessor__numeric_feature_pipeline__steps': [('imputer', SimpleImputer(strategy='median')), ('scale', StandardScaler())], 'estimator__preprocessor__numeric_feature_pipeline__transform_input': None, 'estimator__preprocessor__numeric_feature_pipeline__verbose': False, 'estimator__preprocessor__numeric_feature_pipeline__imputer': SimpleImputer(strategy='median'), 'estimator__preprocessor__numeric_feature_pipeline__scale': StandardScaler(), 'estimator__preprocessor__numeric_feature_pipeline__imputer__add_indicator': False, 'estimator__preprocessor__numeric_feature_pipeline__imputer__copy': True, 'estimator__preprocessor__numeric_feature_pipeline__imputer__fill_value': None, 'estimator__preprocessor__numeric_feature_pipeline__imputer__keep_empty_features': False, 'estimator__preprocessor__numeric_feature_pipeline__imputer__missing_values': nan, 'estimator__preprocessor__numeric_feature_pipeline__imputer__strategy': 'median', 'estimator__preprocessor__numeric_feature_pipeline__scale__copy': True, 'estimator__preprocessor__numeric_feature_pipeline__scale__with_mean': True, 'estimator__preprocessor__numeric_feature_pipeline__scale__with_std': True, 'estimator__smote__k_neighbors': 5, 'estimator__smote__random_state': 42, 'estimator__smote__sampling_strategy': 0.3, 'estimator__classifier__bootstrap': True, 'estimator__classifier__ccp_alpha': 0.0, 'estimator__classifier__class_weight': None, 'estimator__classifier__criterion': 'gini', 'estimator__classifier__max_depth': 10, 'estimator__classifier__max_features': 'sqrt', 'estimator__classifier__max_leaf_nodes': None, 'estimator__classifier__max_samples': None, 'estimator__classifier__min_impurity_decrease': 0.0, 'estimator__classifier__min_samples_leaf': 20, 'estimator__classifier__min_samples_split': 50, 'estimator__classifier__min_weight_fraction_leaf': 0.0, 'estimator__classifier__monotonic_cst': None, 'estimator__classifier__n_estimators': 100, 'estimator__classifier__n_jobs': -1, 'estimator__classifier__oob_score': False, 'estimator__classifier__random_state': 42, 'estimator__classifier__verbose': 0, 'estimator__classifier__warm_start': False, 'estimator': Pipeline(steps=[('DT', DewTempSpread(new_col='TMP-DEW')),
                ('TC', DatetimeSinCosConverter()),
                ('preprocessor',
                 ColumnTransformer(transformers=[('feat_engin_temp_dew',
                                                  Pipeline(steps=[('imputer',
                                                                   SimpleImputer(strategy='median')),
                                                                  ('scale',
                                                                   StandardScaler())]),
                                                  ['TMP-DEW']),
                                                 ('feat_engin_time_features',
                                                  Pipeline(steps=[('imputer',
                                                                   SimpleImputer(strategy='median')...
                                                  ['DATE']),
                                                 ('additional_drops', 'drop',
                                                  ['CIG_cavok_code',
                                                   'VIS_variability_code',
                                                   'WND_type_code',
                                                   'WND_direction_angle_variable_wind_direction_flag'])],
                                   verbose_feature_names_out=False)),
                ('smote', SMOTE(random_state=42, sampling_strategy=0.3)),
                ('classifier',
                 RandomForestClassifier(max_depth=10, min_samples_leaf=20,
                                        min_samples_split=50, n_jobs=-1,
                                        random_state=42))]), 'method': 'isotonic', 'n_jobs': None}"
2,rf_model_2,0.3124557685344326,0.05527014109878981,0.3936419884787711,0.08250825082508251,0.48938992042440316,0.08547008547008547,0.22082585278276481,0.07246376811594203,0.9869417333777601,0.8994776863577282,0.0013183703032459023,0.0021313686304537524,"{'cv': YearlyTemporalWindowSplit(end_year=2017, start_year=2001, val_window_size=2), 'ensemble': 'auto', 'estimator__memory': None, 'estimator__steps': [('DT', DewTempSpread(new_col='TMP-DEW')), ('TC', DatetimeSinCosConverter()), ('preprocessor', ColumnTransformer(transformers=[('feat_engin_temp_dew',
                                 Pipeline(steps=[('imputer',
                                                  SimpleImputer(strategy='median')),
                                                 ('scale', StandardScaler())]),
                                 ['TMP-DEW']),
                                ('feat_engin_time_features',
                                 Pipeline(steps=[('imputer',
                                                  SimpleImputer(strategy='median')),
                                                 ('scale', StandardScaler())]),
                                 ['sin_monthofyear', 'cos_monthofyear',
                                  'sin_hourofday', 'cos_hourofday']),
                                ('n...
                                                 ('scale', StandardScaler())]),
                                 ['WND_direction_angle', 'WND_speed_rate',
                                  'CIG_ceiling_height', 'VIS_distance',
                                  'TMP_air_temperature', 'DEW_dew_point',
                                  'SLP_sea_level_pressure']),
                                ('drop_features', 'drop', ['DATE']),
                                ('additional_drops', 'drop',
                                 ['CIG_cavok_code', 'VIS_variability_code',
                                  'WND_type_code',
                                  'WND_direction_angle_variable_wind_direction_flag'])],
                  verbose_feature_names_out=False)), ('smote', SMOTE(random_state=42, sampling_strategy=0.5)), ('classifier', RandomForestClassifier(max_depth=10, min_samples_leaf=20, min_samples_split=50,
                       n_jobs=-1, random_state=42))], 'estimator__transform_input': None, 'estimator__verbose': False, 'estimator__DT': DewTempSpread(new_col='TMP-DEW'), 'estimator__TC': DatetimeSinCosConverter(), 'estimator__preprocessor': ColumnTransformer(transformers=[('feat_engin_temp_dew',
                                 Pipeline(steps=[('imputer',
                                                  SimpleImputer(strategy='median')),
                                                 ('scale', StandardScaler())]),
                                 ['TMP-DEW']),
                                ('feat_engin_time_features',
                                 Pipeline(steps=[('imputer',
                                                  SimpleImputer(strategy='median')),
                                                 ('scale', StandardScaler())]),
                                 ['sin_monthofyear', 'cos_monthofyear',
                                  'sin_hourofday', 'cos_hourofday']),
                                ('n...
                                                 ('scale', StandardScaler())]),
                                 ['WND_direction_angle', 'WND_speed_rate',
                                  'CIG_ceiling_height', 'VIS_distance',
                                  'TMP_air_temperature', 'DEW_dew_point',
                                  'SLP_sea_level_pressure']),
                                ('drop_features', 'drop', ['DATE']),
                                ('additional_drops', 'drop',
                                 ['CIG_cavok_code', 'VIS_variability_code',
                                  'WND_type_code',
                                  'WND_direction_angle_variable_wind_direction_flag'])],
                  verbose_feature_names_out=False), 'estimator__smote': SMOTE(random_state=42, sampling_strategy=0.5), 'estimator__classifier': RandomForestClassifier(max_depth=10, min_samples_leaf=20, min_samples_split=50,
                       n_jobs=-1, random_state=42), 'estimator__DT__new_col': 'TMP-DEW', 'estimator__TC__column': 'DATE', 'estimator__TC__dayofyear': True, 'estimator__TC__hourofday': True, 'estimator__TC__monthofyear': True, 'estimator__preprocessor__force_int_remainder_cols': 'deprecated', 'estimator__preprocessor__n_jobs': None, 'estimator__preprocessor__remainder': 'drop', 'estimator__preprocessor__sparse_threshold': 0.3, 'estimator__preprocessor__transformer_weights': None, 'estimator__preprocessor__transformers': [('feat_engin_temp_dew', Pipeline(steps=[('imputer', SimpleImputer(strategy='median')),
                ('scale', StandardScaler())]), ['TMP-DEW']), ('feat_engin_time_features', Pipeline(steps=[('imputer', SimpleImputer(strategy='median')),
                ('scale', StandardScaler())]), ['sin_monthofyear', 'cos_monthofyear', 'sin_hourofday', 'cos_hourofday']), ('numeric_feature_pipeline', Pipeline(steps=[('imputer', SimpleImputer(strategy='median')),
                ('scale', StandardScaler())]), ['WND_direction_angle', 'WND_speed_rate', 'CIG_ceiling_height', 'VIS_distance', 'TMP_air_temperature', 'DEW_dew_point', 'SLP_sea_level_pressure']), ('drop_features', 'drop', ['DATE']), ('additional_drops', 'drop', ['CIG_cavok_code', 'VIS_variability_code', 'WND_type_code', 'WND_direction_angle_variable_wind_direction_flag'])], 'estimator__preprocessor__verbose': False, 'estimator__preprocessor__verbose_feature_names_out': False, 'estimator__preprocessor__feat_engin_temp_dew': Pipeline(steps=[('imputer', SimpleImputer(strategy='median')),
                ('scale', StandardScaler())]), 'estimator__preprocessor__feat_engin_time_features': Pipeline(steps=[('imputer', SimpleImputer(strategy='median')),
                ('scale', StandardScaler())]), 'estimator__preprocessor__numeric_feature_pipeline': Pipeline(steps=[('imputer', SimpleImputer(strategy='median')),
                ('scale', StandardScaler())]), 'estimator__preprocessor__drop_features': 'drop', 'estimator__preprocessor__additional_drops': 'drop', 'estimator__preprocessor__feat_engin_temp_dew__memory': None, 'estimator__preprocessor__feat_engin_temp_dew__steps': [('imputer', SimpleImputer(strategy='median')), ('scale', StandardScaler())], 'estimator__preprocessor__feat_engin_temp_dew__transform_input': None, 'estimator__preprocessor__feat_engin_temp_dew__verbose': False, 'estimator__preprocessor__feat_engin_temp_dew__imputer': SimpleImputer(strategy='median'), 'estimator__preprocessor__feat_engin_temp_dew__scale': StandardScaler(), 'estimator__preprocessor__feat_engin_temp_dew__imputer__add_indicator': False, 'estimator__preprocessor__feat_engin_temp_dew__imputer__copy': True, 'estimator__preprocessor__feat_engin_temp_dew__imputer__fill_value': None, 'estimator__preprocessor__feat_engin_temp_dew__imputer__keep_empty_features': False, 'estimator__preprocessor__feat_engin_temp_dew__imputer__missing_values': nan, 'estimator__preprocessor__feat_engin_temp_dew__imputer__strategy': 'median', 'estimator__preprocessor__feat_engin_temp_dew__scale__copy': True, 'estimator__preprocessor__feat_engin_temp_dew__scale__with_mean': True, 'estimator__preprocessor__feat_engin_temp_dew__scale__with_std': True, 'estimator__preprocessor__feat_engin_time_features__memory': None, 'estimator__preprocessor__feat_engin_time_features__steps': [('imputer', SimpleImputer(strategy='median')), ('scale', StandardScaler())], 'estimator__preprocessor__feat_engin_time_features__transform_input': None, 'estimator__preprocessor__feat_engin_time_features__verbose': False, 'estimator__preprocessor__feat_engin_time_features__imputer': SimpleImputer(strategy='median'), 'estimator__preprocessor__feat_engin_time_features__scale': StandardScaler(), 'estimator__preprocessor__feat_engin_time_features__imputer__add_indicator': False, 'estimator__preprocessor__feat_engin_time_features__imputer__copy': True, 'estimator__preprocessor__feat_engin_time_features__imputer__fill_value': None, 'estimator__preprocessor__feat_engin_time_features__imputer__keep_empty_features': False, 'estimator__preprocessor__feat_engin_time_features__imputer__missing_values': nan, 'estimator__preprocessor__feat_engin_time_features__imputer__strategy': 'median', 'estimator__preprocessor__feat_engin_time_features__scale__copy': True, 'estimator__preprocessor__feat_engin_time_features__scale__with_mean': True, 'estimator__preprocessor__feat_engin_time_features__scale__with_std': True, 'estimator__preprocessor__numeric_feature_pipeline__memory': None, 'estimator__preprocessor__numeric_feature_pipeline__steps': [('imputer', SimpleImputer(strategy='median')), ('scale', StandardScaler())], 'estimator__preprocessor__numeric_feature_pipeline__transform_input': None, 'estimator__preprocessor__numeric_feature_pipeline__verbose': False, 'estimator__preprocessor__numeric_feature_pipeline__imputer': SimpleImputer(strategy='median'), 'estimator__preprocessor__numeric_feature_pipeline__scale': StandardScaler(), 'estimator__preprocessor__numeric_feature_pipeline__imputer__add_indicator': False, 'estimator__preprocessor__numeric_feature_pipeline__imputer__copy': True, 'estimator__preprocessor__numeric_feature_pipeline__imputer__fill_value': None, 'estimator__preprocessor__numeric_feature_pipeline__imputer__keep_empty_features': False, 'estimator__preprocessor__numeric_feature_pipeline__imputer__missing_values': nan, 'estimator__preprocessor__numeric_feature_pipeline__imputer__strategy': 'median', 'estimator__preprocessor__numeric_feature_pipeline__scale__copy': True, 'estimator__preprocessor__numeric_feature_pipeline__scale__with_mean': True, 'estimator__preprocessor__numeric_feature_pipeline__scale__with_std': True, 'estimator__smote__k_neighbors': 5, 'estimator__smote__random_state': 42, 'estimator__smote__sampling_strategy': 0.5, 'estimator__classifier__bootstrap': True, 'estimator__classifier__ccp_alpha': 0.0, 'estimator__classifier__class_weight': None, 'estimator__classifier__criterion': 'gini', 'estimator__classifier__max_depth': 10, 'estimator__classifier__max_features': 'sqrt', 'estimator__classifier__max_leaf_nodes': None, 'estimator__classifier__max_samples': None, 'estimator__classifier__min_impurity_decrease': 0.0, 'estimator__classifier__min_samples_leaf': 20, 'estimator__classifier__min_samples_split': 50, 'estimator__classifier__min_weight_fraction_leaf': 0.0, 'estimator__classifier__monotonic_cst': None, 'estimator__classifier__n_estimators': 100, 'estimator__classifier__n_jobs': -1, 'estimator__classifier__oob_score': False, 'estimator__classifier__random_state': 42, 'estimator__classifier__verbose': 0, 'estimator__classifier__warm_start': False, 'estimator': Pipeline(steps=[('DT', DewTempSpread(new_col='TMP-DEW')),
                ('TC', DatetimeSinCosConverter()),
                ('preprocessor',
                 ColumnTransformer(transformers=[('feat_engin_temp_dew',
                                                  Pipeline(steps=[('imputer',
                                                                   SimpleImputer(strategy='median')),
                                                                  ('scale',
                                                                   StandardScaler())]),
                                                  ['TMP-DEW']),
                                                 ('feat_engin_time_features',
                                                  Pipeline(steps=[('imputer',
                                                                   SimpleImputer(strategy='median')...
                                                  ['DATE']),
                                                 ('additional_drops', 'drop',
                                                  ['CIG_cavok_code',
                                                   'VIS_variability_code',
                                                   'WND_type_code',
                                                   'WND_direction_angle_variable_wind_direction_flag'])],
                                   verbose_feature_names_out=False)),
                ('smote', SMOTE(random_state=42, sampling_strategy=0.5)),
                ('classifier',
                 RandomForestClassifier(max_depth=10, min_samples_leaf=20,
                                        min_samples_split=50, n_jobs=-1,
                                        random_state=42))]), 'method': 'isotonic', 'n_jobs': None}"
3,rf_model_3,0.38389159594349975,0.05329240024540151,0.4485083776052309,0.0873015873015873,0.5822281167108754,0.09401709401709402,0.23375931842385517,0.06790123456790123,0.9881084502062807,0.9148575775219038,0.0012878552865865582,0.002133695054849138,"{'cv': YearlyTemporalWindowSplit(end_year=2017, start_year=2001, val_window_size=2), 'ensemble': 'auto', 'estimator__memory': None, 'estimator__steps': [('DT', DewTempSpread(new_col='TMP-DEW')), ('TC', DatetimeSinCosConverter()), ('preprocessor', ColumnTransformer(transformers=[('feat_engin_temp_dew',
                                 Pipeline(steps=[('imputer',
                                                  SimpleImputer(strategy='median')),
                                                 ('scale', StandardScaler())]),
                                 ['TMP-DEW']),
                                ('feat_engin_time_features',
                                 Pipeline(steps=[('imputer',
                                                  SimpleImputer(strategy='median')),
                                                 ('scale', StandardScaler())]),
                                 ['sin_monthofyear', 'cos_monthofyear',
                                  'sin_hourofday', 'cos_hourofday']),
                                ('n...
                                                 ('scale', StandardScaler())]),
                                 ['WND_direction_angle', 'WND_speed_rate',
                                  'CIG_ceiling_height', 'VIS_distance',
                                  'TMP_air_temperature', 'DEW_dew_point',
                                  'SLP_sea_level_pressure']),
                                ('drop_features', 'drop', ['DATE']),
                                ('additional_drops', 'drop',
                                 ['CIG_cavok_code', 'VIS_variability_code',
                                  'WND_type_code',
                                  'WND_direction_angle_variable_wind_direction_flag'])],
                  verbose_feature_names_out=False)), ('smote', SMOTE(k_neighbors=7, random_state=42, sampling_strategy=0.2)), ('classifier', RandomForestClassifier(max_depth=10, min_samples_leaf=20, min_samples_split=50,
                       n_jobs=-1, random_state=42))], 'estimator__transform_input': None, 'estimator__verbose': False, 'estimator__DT': DewTempSpread(new_col='TMP-DEW'), 'estimator__TC': DatetimeSinCosConverter(), 'estimator__preprocessor': ColumnTransformer(transformers=[('feat_engin_temp_dew',
                                 Pipeline(steps=[('imputer',
                                                  SimpleImputer(strategy='median')),
                                                 ('scale', StandardScaler())]),
                                 ['TMP-DEW']),
                                ('feat_engin_time_features',
                                 Pipeline(steps=[('imputer',
                                                  SimpleImputer(strategy='median')),
                                                 ('scale', StandardScaler())]),
                                 ['sin_monthofyear', 'cos_monthofyear',
                                  'sin_hourofday', 'cos_hourofday']),
                                ('n...
                                                 ('scale', StandardScaler())]),
                                 ['WND_direction_angle', 'WND_speed_rate',
                                  'CIG_ceiling_height', 'VIS_distance',
                                  'TMP_air_temperature', 'DEW_dew_point',
                                  'SLP_sea_level_pressure']),
                                ('drop_features', 'drop', ['DATE']),
                                ('additional_drops', 'drop',
                                 ['CIG_cavok_code', 'VIS_variability_code',
                                  'WND_type_code',
                                  'WND_direction_angle_variable_wind_direction_flag'])],
                  verbose_feature_names_out=False), 'estimator__smote': SMOTE(k_neighbors=7, random_state=42, sampling_strategy=0.2), 'estimator__classifier': RandomForestClassifier(max_depth=10, min_samples_leaf=20, min_samples_split=50,
                       n_jobs=-1, random_state=42), 'estimator__DT__new_col': 'TMP-DEW', 'estimator__TC__column': 'DATE', 'estimator__TC__dayofyear': True, 'estimator__TC__hourofday': True, 'estimator__TC__monthofyear': True, 'estimator__preprocessor__force_int_remainder_cols': 'deprecated', 'estimator__preprocessor__n_jobs': None, 'estimator__preprocessor__remainder': 'drop', 'estimator__preprocessor__sparse_threshold': 0.3, 'estimator__preprocessor__transformer_weights': None, 'estimator__preprocessor__transformers': [('feat_engin_temp_dew', Pipeline(steps=[('imputer', SimpleImputer(strategy='median')),
                ('scale', StandardScaler())]), ['TMP-DEW']), ('feat_engin_time_features', Pipeline(steps=[('imputer', SimpleImputer(strategy='median')),
                ('scale', StandardScaler())]), ['sin_monthofyear', 'cos_monthofyear', 'sin_hourofday', 'cos_hourofday']), ('numeric_feature_pipeline', Pipeline(steps=[('imputer', SimpleImputer(strategy='median')),
                ('scale', StandardScaler())]), ['WND_direction_angle', 'WND_speed_rate', 'CIG_ceiling_height', 'VIS_distance', 'TMP_air_temperature', 'DEW_dew_point', 'SLP_sea_level_pressure']), ('drop_features', 'drop', ['DATE']), ('additional_drops', 'drop', ['CIG_cavok_code', 'VIS_variability_code', 'WND_type_code', 'WND_direction_angle_variable_wind_direction_flag'])], 'estimator__preprocessor__verbose': False, 'estimator__preprocessor__verbose_feature_names_out': False, 'estimator__preprocessor__feat_engin_temp_dew': Pipeline(steps=[('imputer', SimpleImputer(strategy='median')),
                ('scale', StandardScaler())]), 'estimator__preprocessor__feat_engin_time_features': Pipeline(steps=[('imputer', SimpleImputer(strategy='median')),
                ('scale', StandardScaler())]), 'estimator__preprocessor__numeric_feature_pipeline': Pipeline(steps=[('imputer', SimpleImputer(strategy='median')),
                ('scale', StandardScaler())]), 'estimator__preprocessor__drop_features': 'drop', 'estimator__preprocessor__additional_drops': 'drop', 'estimator__preprocessor__feat_engin_temp_dew__memory': None, 'estimator__preprocessor__feat_engin_temp_dew__steps': [('imputer', SimpleImputer(strategy='median')), ('scale', StandardScaler())], 'estimator__preprocessor__feat_engin_temp_dew__transform_input': None, 'estimator__preprocessor__feat_engin_temp_dew__verbose': False, 'estimator__preprocessor__feat_engin_temp_dew__imputer': SimpleImputer(strategy='median'), 'estimator__preprocessor__feat_engin_temp_dew__scale': StandardScaler(), 'estimator__preprocessor__feat_engin_temp_dew__imputer__add_indicator': False, 'estimator__preprocessor__feat_engin_temp_dew__imputer__copy': True, 'estimator__preprocessor__feat_engin_temp_dew__imputer__fill_value': None, 'estimator__preprocessor__feat_engin_temp_dew__imputer__keep_empty_features': False, 'estimator__preprocessor__feat_engin_temp_dew__imputer__missing_values': nan, 'estimator__preprocessor__feat_engin_temp_dew__imputer__strategy': 'median', 'estimator__preprocessor__feat_engin_temp_dew__scale__copy': True, 'estimator__preprocessor__feat_engin_temp_dew__scale__with_mean': True, 'estimator__preprocessor__feat_engin_temp_dew__scale__with_std': True, 'estimator__preprocessor__feat_engin_time_features__memory': None, 'estimator__preprocessor__feat_engin_time_features__steps': [('imputer', SimpleImputer(strategy='median')), ('scale', StandardScaler())], 'estimator__preprocessor__feat_engin_time_features__transform_input': None, 'estimator__preprocessor__feat_engin_time_features__verbose': False, 'estimator__preprocessor__feat_engin_time_features__imputer': SimpleImputer(strategy='median'), 'estimator__preprocessor__feat_engin_time_features__scale': StandardScaler(), 'estimator__preprocessor__feat_engin_time_features__imputer__add_indicator': False, 'estimator__preprocessor__feat_engin_time_features__imputer__copy': True, 'estimator__preprocessor__feat_engin_time_features__imputer__fill_value': None, 'estimator__preprocessor__feat_engin_time_features__imputer__keep_empty_features': False, 'estimator__preprocessor__feat_engin_time_features__imputer__missing_values': nan, 'estimator__preprocessor__feat_engin_time_features__imputer__strategy': 'median', 'estimator__preprocessor__feat_engin_time_features__scale__copy': True, 'estimator__preprocessor__feat_engin_time_features__scale__with_mean': True, 'estimator__preprocessor__feat_engin_time_features__scale__with_std': True, 'estimator__preprocessor__numeric_feature_pipeline__memory': None, 'estimator__preprocessor__numeric_feature_pipeline__steps': [('imputer', SimpleImputer(strategy='median')), ('scale', StandardScaler())], 'estimator__preprocessor__numeric_feature_pipeline__transform_input': None, 'estimator__preprocessor__numeric_feature_pipeline__verbose': False, 'estimator__preprocessor__numeric_feature_pipeline__imputer': SimpleImputer(strategy='median'), 'estimator__preprocessor__numeric_feature_pipeline__scale': StandardScaler(), 'estimator__preprocessor__numeric_feature_pipeline__imputer__add_indicator': False, 'estimator__preprocessor__numeric_feature_pipeline__imputer__copy': True, 'estimator__preprocessor__numeric_feature_pipeline__imputer__fill_value': None, 'estimator__preprocessor__numeric_feature_pipeline__imputer__keep_empty_features': False, 'estimator__preprocessor__numeric_feature_pipeline__imputer__missing_values': nan, 'estimator__preprocessor__numeric_feature_pipeline__imputer__strategy': 'median', 'estimator__preprocessor__numeric_feature_pipeline__scale__copy': True, 'estimator__preprocessor__numeric_feature_pipeline__scale__with_mean': True, 'estimator__preprocessor__numeric_feature_pipeline__scale__with_std': True, 'estimator__smote__k_neighbors': 7, 'estimator__smote__random_state': 42, 'estimator__smote__sampling_strategy': 0.2, 'estimator__classifier__bootstrap': True, 'estimator__classifier__ccp_alpha': 0.0, 'estimator__classifier__class_weight': None, 'estimator__classifier__criterion': 'gini', 'estimator__classifier__max_depth': 10, 'estimator__classifier__max_features': 'sqrt', 'estimator__classifier__max_leaf_nodes': None, 'estimator__classifier__max_samples': None, 'estimator__classifier__min_impurity_decrease': 0.0, 'estimator__classifier__min_samples_leaf': 20, 'estimator__classifier__min_samples_split': 50, 'estimator__classifier__min_weight_fraction_leaf': 0.0, 'estimator__classifier__monotonic_cst': None, 'estimator__classifier__n_estimators': 100, 'estimator__classifier__n_jobs': -1, 'estimator__classifier__oob_score': False, 'estimator__classifier__random_state': 42, 'estimator__classifier__verbose': 0, 'estimator__classifier__warm_start': False, 'estimator': Pipeline(steps=[('DT', DewTempSpread(new_col='TMP-DEW')),
                ('TC', DatetimeSinCosConverter()),
                ('preprocessor',
                 ColumnTransformer(transformers=[('feat_engin_temp_dew',
                                                  Pipeline(steps=[('imputer',
                                                                   SimpleImputer(strategy='median')),
                                                                  ('scale',
                                                                   StandardScaler())]),
                                                  ['TMP-DEW']),
                                                 ('feat_engin_time_features',
                                                  Pipeline(steps=[('imputer',
                                                                   SimpleImputer(strategy='median')...
                                                 ('additional_drops', 'drop',
                                                  ['CIG_cavok_code',
                                                   'VIS_variability_code',
                                                   'WND_type_code',
                                                   'WND_direction_angle_variable_wind_direction_flag'])],
                                   verbose_feature_names_out=False)),
                ('smote',
                 SMOTE(k_neighbors=7, random_state=42, sampling_strategy=0.2)),
                ('classifier',
                 RandomForestClassifier(max_depth=10, min_samples_leaf=20,
                                        min_samples_split=50, n_jobs=-1,
                                        random_state=42))]), 'method': 'isotonic', 'n_jobs': None}"
4,rf_model_4,0.35149271404566973,0.07978982096680604,0.42409638554216866,0.09140767824497258,0.46684350132625996,0.08547008547008547,0.31040564373897706,0.12658227848101267,0.9869395781825298,0.9094242452100236,0.0013075439151410964,0.00212945580608678,"{'cv': YearlyTemporalWindowSplit(end_year=2017, start_year=2001, val_window_size=2), 'ensemble': 'auto', 'estimator__memory': None, 'estimator__steps': [('DT', DewTempSpread(new_col='TMP-DEW')), ('TC', DatetimeSinCosConverter()), ('preprocessor', ColumnTransformer(transformers=[('feat_engin_temp_dew',
                                 Pipeline(steps=[('imputer',
                                                  SimpleImputer(strategy='median')),
                                                 ('scale', StandardScaler())]),
                                 ['TMP-DEW']),
                                ('feat_engin_time_features',
                                 Pipeline(steps=[('imputer',
                                                  SimpleImputer(strategy='median')),
                                                 ('scale', StandardScaler())]),
                                 ['sin_monthofyear', 'cos_monthofyear',
                                  'sin_hourofday', 'cos_hourofday']),
                                ('n...
                                                 ('scale', StandardScaler())]),
                                 ['WND_direction_angle', 'WND_speed_rate',
                                  'CIG_ceiling_height', 'VIS_distance',
                                  'TMP_air_temperature', 'DEW_dew_point',
                                  'SLP_sea_level_pressure']),
                                ('drop_features', 'drop', ['DATE']),
                                ('additional_drops', 'drop',
                                 ['CIG_cavok_code', 'VIS_variability_code',
                                  'WND_type_code',
                                  'WND_direction_angle_variable_wind_direction_flag'])],
                  verbose_feature_names_out=False)), ('smote', SMOTE(k_neighbors=7, random_state=42, sampling_strategy=0.3)), ('classifier', RandomForestClassifier(max_depth=10, min_samples_leaf=20, min_samples_split=50,
                       n_jobs=-1, random_state=42))], 'estimator__transform_input': None, 'estimator__verbose': False, 'estimator__DT': DewTempSpread(new_col='TMP-DEW'), 'estimator__TC': DatetimeSinCosConverter(), 'estimator__preprocessor': ColumnTransformer(transformers=[('feat_engin_temp_dew',
                                 Pipeline(steps=[('imputer',
                                                  SimpleImputer(strategy='median')),
                                                 ('scale', StandardScaler())]),
                                 ['TMP-DEW']),
                                ('feat_engin_time_features',
                                 Pipeline(steps=[('imputer',
                                                  SimpleImputer(strategy='median')),
                                                 ('scale', StandardScaler())]),
                                 ['sin_monthofyear', 'cos_monthofyear',
                                  'sin_hourofday', 'cos_hourofday']),
                                ('n...
                                                 ('scale', StandardScaler())]),
                                 ['WND_direction_angle', 'WND_speed_rate',
                                  'CIG_ceiling_height', 'VIS_distance',
                                  'TMP_air_temperature', 'DEW_dew_point',
                                  'SLP_sea_level_pressure']),
                                ('drop_features', 'drop', ['DATE']),
                                ('additional_drops', 'drop',
                                 ['CIG_cavok_code', 'VIS_variability_code',
                                  'WND_type_code',
                                  'WND_direction_angle_variable_wind_direction_flag'])],
                  verbose_feature_names_out=False), 'estimator__smote': SMOTE(k_neighbors=7, random_state=42, sampling_strategy=0.3), 'estimator__classifier': RandomForestClassifier(max_depth=10, min_samples_leaf=20, min_samples_split=50,
                       n_jobs=-1, random_state=42), 'estimator__DT__new_col': 'TMP-DEW', 'estimator__TC__column': 'DATE', 'estimator__TC__dayofyear': True, 'estimator__TC__hourofday': True, 'estimator__TC__monthofyear': True, 'estimator__preprocessor__force_int_remainder_cols': 'deprecated', 'estimator__preprocessor__n_jobs': None, 'estimator__preprocessor__remainder': 'drop', 'estimator__preprocessor__sparse_threshold': 0.3, 'estimator__preprocessor__transformer_weights': None, 'estimator__preprocessor__transformers': [('feat_engin_temp_dew', Pipeline(steps=[('imputer', SimpleImputer(strategy='median')),
                ('scale', StandardScaler())]), ['TMP-DEW']), ('feat_engin_time_features', Pipeline(steps=[('imputer', SimpleImputer(strategy='median')),
                ('scale', StandardScaler())]), ['sin_monthofyear', 'cos_monthofyear', 'sin_hourofday', 'cos_hourofday']), ('numeric_feature_pipeline', Pipeline(steps=[('imputer', SimpleImputer(strategy='median')),
                ('scale', StandardScaler())]), ['WND_direction_angle', 'WND_speed_rate', 'CIG_ceiling_height', 'VIS_distance', 'TMP_air_temperature', 'DEW_dew_point', 'SLP_sea_level_pressure']), ('drop_features', 'drop', ['DATE']), ('additional_drops', 'drop', ['CIG_cavok_code', 'VIS_variability_code', 'WND_type_code', 'WND_direction_angle_variable_wind_direction_flag'])], 'estimator__preprocessor__verbose': False, 'estimator__preprocessor__verbose_feature_names_out': False, 'estimator__preprocessor__feat_engin_temp_dew': Pipeline(steps=[('imputer', SimpleImputer(strategy='median')),
                ('scale', StandardScaler())]), 'estimator__preprocessor__feat_engin_time_features': Pipeline(steps=[('imputer', SimpleImputer(strategy='median')),
                ('scale', StandardScaler())]), 'estimator__preprocessor__numeric_feature_pipeline': Pipeline(steps=[('imputer', SimpleImputer(strategy='median')),
                ('scale', StandardScaler())]), 'estimator__preprocessor__drop_features': 'drop', 'estimator__preprocessor__additional_drops': 'drop', 'estimator__preprocessor__feat_engin_temp_dew__memory': None, 'estimator__preprocessor__feat_engin_temp_dew__steps': [('imputer', SimpleImputer(strategy='median')), ('scale', StandardScaler())], 'estimator__preprocessor__feat_engin_temp_dew__transform_input': None, 'estimator__preprocessor__feat_engin_temp_dew__verbose': False, 'estimator__preprocessor__feat_engin_temp_dew__imputer': SimpleImputer(strategy='median'), 'estimator__preprocessor__feat_engin_temp_dew__scale': StandardScaler(), 'estimator__preprocessor__feat_engin_temp_dew__imputer__add_indicator': False, 'estimator__preprocessor__feat_engin_temp_dew__imputer__copy': True, 'estimator__preprocessor__feat_engin_temp_dew__imputer__fill_value': None, 'estimator__preprocessor__feat_engin_temp_dew__imputer__keep_empty_features': False, 'estimator__preprocessor__feat_engin_temp_dew__imputer__missing_values': nan, 'estimator__preprocessor__feat_engin_temp_dew__imputer__strategy': 'median', 'estimator__preprocessor__feat_engin_temp_dew__scale__copy': True, 'estimator__preprocessor__feat_engin_temp_dew__scale__with_mean': True, 'estimator__preprocessor__feat_engin_temp_dew__scale__with_std': True, 'estimator__preprocessor__feat_engin_time_features__memory': None, 'estimator__preprocessor__feat_engin_time_features__steps': [('imputer', SimpleImputer(strategy='median')), ('scale', StandardScaler())], 'estimator__preprocessor__feat_engin_time_features__transform_input': None, 'estimator__preprocessor__feat_engin_time_features__verbose': False, 'estimator__preprocessor__feat_engin_time_features__imputer': SimpleImputer(strategy='median'), 'estimator__preprocessor__feat_engin_time_features__scale': StandardScaler(), 'estimator__preprocessor__feat_engin_time_features__imputer__add_indicator': False, 'estimator__preprocessor__feat_engin_time_features__imputer__copy': True, 'estimator__preprocessor__feat_engin_time_features__imputer__fill_value': None, 'estimator__preprocessor__feat_engin_time_features__imputer__keep_empty_features': False, 'estimator__preprocessor__feat_engin_time_features__imputer__missing_values': nan, 'estimator__preprocessor__feat_engin_time_features__imputer__strategy': 'median', 'estimator__preprocessor__feat_engin_time_features__scale__copy': True, 'estimator__preprocessor__feat_engin_time_features__scale__with_mean': True, 'estimator__preprocessor__feat_engin_time_features__scale__with_std': True, 'estimator__preprocessor__numeric_feature_pipeline__memory': None, 'estimator__preprocessor__numeric_feature_pipeline__steps': [('imputer', SimpleImputer(strategy='median')), ('scale', StandardScaler())], 'estimator__preprocessor__numeric_feature_pipeline__transform_input': None, 'estimator__preprocessor__numeric_feature_pipeline__verbose': False, 'estimator__preprocessor__numeric_feature_pipeline__imputer': SimpleImputer(strategy='median'), 'estimator__preprocessor__numeric_feature_pipeline__scale': StandardScaler(), 'estimator__preprocessor__numeric_feature_pipeline__imputer__add_indicator': False, 'estimator__preprocessor__numeric_feature_pipeline__imputer__copy': True, 'estimator__preprocessor__numeric_feature_pipeline__imputer__fill_value': None, 'estimator__preprocessor__numeric_feature_pipeline__imputer__keep_empty_features': False, 'estimator__preprocessor__numeric_feature_pipeline__imputer__missing_values': nan, 'estimator__preprocessor__numeric_feature_pipeline__imputer__strategy': 'median', 'estimator__preprocessor__numeric_feature_pipeline__scale__copy': True, 'estimator__preprocessor__numeric_feature_pipeline__scale__with_mean': True, 'estimator__preprocessor__numeric_feature_pipeline__scale__with_std': True, 'estimator__smote__k_neighbors': 7, 'estimator__smote__random_state': 42, 'estimator__smote__sampling_strategy': 0.3, 'estimator__classifier__bootstrap': True, 'estimator__classifier__ccp_alpha': 0.0, 'estimator__classifier__class_weight': None, 'estimator__classifier__criterion': 'gini', 'estimator__classifier__max_depth': 10, 'estimator__classifier__max_features': 'sqrt', 'estimator__classifier__max_leaf_nodes': None, 'estimator__classifier__max_samples': None, 'estimator__classifier__min_impurity_decrease': 0.0, 'estimator__classifier__min_samples_leaf': 20, 'estimator__classifier__min_samples_split': 50, 'estimator__classifier__min_weight_fraction_leaf': 0.0, 'estimator__classifier__monotonic_cst': None, 'estimator__classifier__n_estimators': 100, 'estimator__classifier__n_jobs': -1, 'estimator__classifier__oob_score': False, 'estimator__classifier__random_state': 42, 'estimator__classifier__verbose': 0, 'estimator__classifier__warm_start': False, 'estimator': Pipeline(steps=[('DT', DewTempSpread(new_col='TMP-DEW')),
                ('TC', DatetimeSinCosConverter()),
                ('preprocessor',
                 ColumnTransformer(transformers=[('feat_engin_temp_dew',
                                                  Pipeline(steps=[('imputer',
                                                                   SimpleImputer(strategy='median')),
                                                                  ('scale',
                                                                   StandardScaler())]),
                                                  ['TMP-DEW']),
                                                 ('feat_engin_time_features',
                                                  Pipeline(steps=[('imputer',
                                                                   SimpleImputer(strategy='median')...
                                                 ('additional_drops', 'drop',
                                                  ['CIG_cavok_code',
                                                   'VIS_variability_code',
                                                   'WND_type_code',
                                                   'WND_direction_angle_variable_wind_direction_flag'])],
                                   verbose_feature_names_out=False)),
                ('smote',
                 SMOTE(k_neighbors=7, random_state=42, sampling_strategy=0.3)),
                ('classifier',
                 RandomForestClassifier(max_depth=10, min_samples_leaf=20,
                                        min_samples_split=50, n_jobs=-1,
                                        random_state=42))]), 'method': 'isotonic', 'n_jobs': None}"
5,rf_model_5,0.3090276943170713,0.07010274412353812,0.42153846153846153,0.08103727714748785,0.5450928381962865,0.08547008547008547,0.22108660570199032,0.06711409395973154,0.9867742005216589,0.9105851904626927,0.001317446584158967,0.002126479657784023,"{'cv': YearlyTemporalWindowSplit(end_year=2017, start_year=2001, val_window_size=2), 'ensemble': 'auto', 'estimator__memory': None, 'estimator__steps': [('DT', DewTempSpread(new_col='TMP-DEW')), ('TC', DatetimeSinCosConverter()), ('preprocessor', ColumnTransformer(transformers=[('feat_engin_temp_dew',
                                 Pipeline(steps=[('imputer',
                                                  SimpleImputer(strategy='median')),
                                                 ('scale', StandardScaler())]),
                                 ['TMP-DEW']),
                                ('feat_engin_time_features',
                                 Pipeline(steps=[('imputer',
                                                  SimpleImputer(strategy='median')),
                                                 ('scale', StandardScaler())]),
                                 ['sin_monthofyear', 'cos_monthofyear',
                                  'sin_hourofday', 'cos_hourofday']),
                                ('n...
                                                 ('scale', StandardScaler())]),
                                 ['WND_direction_angle', 'WND_speed_rate',
                                  'CIG_ceiling_height', 'VIS_distance',
                                  'TMP_air_temperature', 'DEW_dew_point',
                                  'SLP_sea_level_pressure']),
                                ('drop_features', 'drop', ['DATE']),
                                ('additional_drops', 'drop',
                                 ['CIG_cavok_code', 'VIS_variability_code',
                                  'WND_type_code',
                                  'WND_direction_angle_variable_wind_direction_flag'])],
                  verbose_feature_names_out=False)), ('smote', SMOTE(k_neighbors=7, random_state=42, sampling_strategy=0.5)), ('classifier', RandomForestClassifier(max_depth=10, min_samples_leaf=20, min_samples_split=50,
                       n_jobs=-1, random_state=42))], 'estimator__transform_input': None, 'estimator__verbose': False, 'estimator__DT': DewTempSpread(new_col='TMP-DEW'), 'estimator__TC': DatetimeSinCosConverter(), 'estimator__preprocessor': ColumnTransformer(transformers=[('feat_engin_temp_dew',
                                 Pipeline(steps=[('imputer',
                                                  SimpleImputer(strategy='median')),
                                                 ('scale', StandardScaler())]),
                                 ['TMP-DEW']),
                                ('feat_engin_time_features',
                                 Pipeline(steps=[('imputer',
                                                  SimpleImputer(strategy='median')),
                                                 ('scale', StandardScaler())]),
                                 ['sin_monthofyear', 'cos_monthofyear',
                                  'sin_hourofday', 'cos_hourofday']),
                                ('n...
                                                 ('scale', StandardScaler())]),
                                 ['WND_direction_angle', 'WND_speed_rate',
                                  'CIG_ceiling_height', 'VIS_distance',
                                  'TMP_air_temperature', 'DEW_dew_point',
                                  'SLP_sea_level_pressure']),
                                ('drop_features', 'drop', ['DATE']),
                                ('additional_drops', 'drop',
                                 ['CIG_cavok_code', 'VIS_variability_code',
                                  'WND_type_code',
                                  'WND_direction_angle_variable_wind_direction_flag'])],
                  verbose_feature_names_out=False), 'estimator__smote': SMOTE(k_neighbors=7, random_state=42, sampling_strategy=0.5), 'estimator__classifier': RandomForestClassifier(max_depth=10, min_samples_leaf=20, min_samples_split=50,
                       n_jobs=-1, random_state=42), 'estimator__DT__new_col': 'TMP-DEW', 'estimator__TC__column': 'DATE', 'estimator__TC__dayofyear': True, 'estimator__TC__hourofday': True, 'estimator__TC__monthofyear': True, 'estimator__preprocessor__force_int_remainder_cols': 'deprecated', 'estimator__preprocessor__n_jobs': None, 'estimator__preprocessor__remainder': 'drop', 'estimator__preprocessor__sparse_threshold': 0.3, 'estimator__preprocessor__transformer_weights': None, 'estimator__preprocessor__transformers': [('feat_engin_temp_dew', Pipeline(steps=[('imputer', SimpleImputer(strategy='median')),
                ('scale', StandardScaler())]), ['TMP-DEW']), ('feat_engin_time_features', Pipeline(steps=[('imputer', SimpleImputer(strategy='median')),
                ('scale', StandardScaler())]), ['sin_monthofyear', 'cos_monthofyear', 'sin_hourofday', 'cos_hourofday']), ('numeric_feature_pipeline', Pipeline(steps=[('imputer', SimpleImputer(strategy='median')),
                ('scale', StandardScaler())]), ['WND_direction_angle', 'WND_speed_rate', 'CIG_ceiling_height', 'VIS_distance', 'TMP_air_temperature', 'DEW_dew_point', 'SLP_sea_level_pressure']), ('drop_features', 'drop', ['DATE']), ('additional_drops', 'drop', ['CIG_cavok_code', 'VIS_variability_code', 'WND_type_code', 'WND_direction_angle_variable_wind_direction_flag'])], 'estimator__preprocessor__verbose': False, 'estimator__preprocessor__verbose_feature_names_out': False, 'estimator__preprocessor__feat_engin_temp_dew': Pipeline(steps=[('imputer', SimpleImputer(strategy='median')),
                ('scale', StandardScaler())]), 'estimator__preprocessor__feat_engin_time_features': Pipeline(steps=[('imputer', SimpleImputer(strategy='median')),
                ('scale', StandardScaler())]), 'estimator__preprocessor__numeric_feature_pipeline': Pipeline(steps=[('imputer', SimpleImputer(strategy='median')),
                ('scale', StandardScaler())]), 'estimator__preprocessor__drop_features': 'drop', 'estimator__preprocessor__additional_drops': 'drop', 'estimator__preprocessor__feat_engin_temp_dew__memory': None, 'estimator__preprocessor__feat_engin_temp_dew__steps': [('imputer', SimpleImputer(strategy='median')), ('scale', StandardScaler())], 'estimator__preprocessor__feat_engin_temp_dew__transform_input': None, 'estimator__preprocessor__feat_engin_temp_dew__verbose': False, 'estimator__preprocessor__feat_engin_temp_dew__imputer': SimpleImputer(strategy='median'), 'estimator__preprocessor__feat_engin_temp_dew__scale': StandardScaler(), 'estimator__preprocessor__feat_engin_temp_dew__imputer__add_indicator': False, 'estimator__preprocessor__feat_engin_temp_dew__imputer__copy': True, 'estimator__preprocessor__feat_engin_temp_dew__imputer__fill_value': None, 'estimator__preprocessor__feat_engin_temp_dew__imputer__keep_empty_features': False, 'estimator__preprocessor__feat_engin_temp_dew__imputer__missing_values': nan, 'estimator__preprocessor__feat_engin_temp_dew__imputer__strategy': 'median', 'estimator__preprocessor__feat_engin_temp_dew__scale__copy': True, 'estimator__preprocessor__feat_engin_temp_dew__scale__with_mean': True, 'estimator__preprocessor__feat_engin_temp_dew__scale__with_std': True, 'estimator__preprocessor__feat_engin_time_features__memory': None, 'estimator__preprocessor__feat_engin_time_features__steps': [('imputer', SimpleImputer(strategy='median')), ('scale', StandardScaler())], 'estimator__preprocessor__feat_engin_time_features__transform_input': None, 'estimator__preprocessor__feat_engin_time_features__verbose': False, 'estimator__preprocessor__feat_engin_time_features__imputer': SimpleImputer(strategy='median'), 'estimator__preprocessor__feat_engin_time_features__scale': StandardScaler(), 'estimator__preprocessor__feat_engin_time_features__imputer__add_indicator': False, 'estimator__preprocessor__feat_engin_time_features__imputer__copy': True, 'estimator__preprocessor__feat_engin_time_features__imputer__fill_value': None, 'estimator__preprocessor__feat_engin_time_features__imputer__keep_empty_features': False, 'estimator__preprocessor__feat_engin_time_features__imputer__missing_values': nan, 'estimator__preprocessor__feat_engin_time_features__imputer__strategy': 'median', 'estimator__preprocessor__feat_engin_time_features__scale__copy': True, 'estimator__preprocessor__feat_engin_time_features__scale__with_mean': True, 'estimator__preprocessor__feat_engin_time_features__scale__with_std': True, 'estimator__preprocessor__numeric_feature_pipeline__memory': None, 'estimator__preprocessor__numeric_feature_pipeline__steps': [('imputer', SimpleImputer(strategy='median')), ('scale', StandardScaler())], 'estimator__preprocessor__numeric_feature_pipeline__transform_input': None, 'estimator__preprocessor__numeric_feature_pipeline__verbose': False, 'estimator__preprocessor__numeric_feature_pipeline__imputer': SimpleImputer(strategy='median'), 'estimator__preprocessor__numeric_feature_pipeline__scale': StandardScaler(), 'estimator__preprocessor__numeric_feature_pipeline__imputer__add_indicator': False, 'estimator__preprocessor__numeric_feature_pipeline__imputer__copy': True, 'estimator__preprocessor__numeric_feature_pipeline__imputer__fill_value': None, 'estimator__preprocessor__numeric_feature_pipeline__imputer__keep_empty_features': False, 'estimator__preprocessor__numeric_feature_pipeline__imputer__missing_values': nan, 'estimator__preprocessor__numeric_feature_pipeline__imputer__strategy': 'median', 'estimator__preprocessor__numeric_feature_pipeline__scale__copy': True, 'estimator__preprocessor__numeric_feature_pipeline__scale__with_mean': True, 'estimator__preprocessor__numeric_feature_pipeline__scale__with_std': True, 'estimator__smote__k_neighbors': 7, 'estimator__smote__random_state': 42, 'estimator__smote__sampling_strategy': 0.5, 'estimator__classifier__bootstrap': True, 'estimator__classifier__ccp_alpha': 0.0, 'estimator__classifier__class_weight': None, 'estimator__classifier__criterion': 'gini', 'estimator__classifier__max_depth': 10, 'estimator__classifier__max_features': 'sqrt', 'estimator__classifier__max_leaf_nodes': None, 'estimator__classifier__max_samples': None, 'estimator__classifier__min_impurity_decrease': 0.0, 'estimator__classifier__min_samples_leaf': 20, 'estimator__classifier__min_samples_split': 50, 'estimator__classifier__min_weight_fraction_leaf': 0.0, 'estimator__classifier__monotonic_cst': None, 'estimator__classifier__n_estimators': 100, 'estimator__classifier__n_jobs': -1, 'estimator__classifier__oob_score': False, 'estimator__classifier__random_state': 42, 'estimator__classifier__verbose': 0, 'estimator__classifier__warm_start': False, 'estimator': Pipeline(steps=[('DT', DewTempSpread(new_col='TMP-DEW')),
                ('TC', DatetimeSinCosConverter()),
                ('preprocessor',
                 ColumnTransformer(transformers=[('feat_engin_temp_dew',
                                                  Pipeline(steps=[('imputer',
                                                                   SimpleImputer(strategy='median')),
                                                                  ('scale',
                                                                   StandardScaler())]),
                                                  ['TMP-DEW']),
                                                 ('feat_engin_time_features',
                                                  Pipeline(steps=[('imputer',
                                                                   SimpleImputer(strategy='median')...
                                                 ('additional_drops', 'drop',
                                                  ['CIG_cavok_code',
                                                   'VIS_variability_code',
                                                   'WND_type_code',
                                                   'WND_direction_angle_variable_wind_direction_flag'])],
                                   verbose_feature_names_out=False)),
                ('smote',
                 SMOTE(k_neighbors=7, random_state=42, sampling_strategy=0.5)),
                ('classifier',
                 RandomForestClassifier(max_depth=10, min_samples_leaf=20,
                                        min_samples_split=50, n_jobs=-1,
                                        random_state=42))]), 'method': 'isotonic', 'n_jobs': None}"
6,rf_model_6,0.3723522741726044,0.06752110004509632,0.4431687715269805,0.08896797153024912,0.5119363395225465,0.08547008547008547,0.2882748319641524,0.10638297872340426,0.9878845198154621,0.911363888825048,0.001280169705406193,0.002124537964091096,"{'cv': YearlyTemporalWindowSplit(end_year=2017, start_year=2001, val_window_size=2), 'ensemble': 'auto', 'estimator__memory': None, 'estimator__steps': [('DT', DewTempSpread(new_col='TMP-DEW')), ('TC', DatetimeSinCosConverter()), ('preprocessor', ColumnTransformer(transformers=[('feat_engin_temp_dew',
                                 Pipeline(steps=[('imputer',
                                                  SimpleImputer(strategy='median')),
                                                 ('scale', StandardScaler())]),
                                 ['TMP-DEW']),
                                ('feat_engin_time_features',
                                 Pipeline(steps=[('imputer',
                                                  SimpleImputer(strategy='median')),
                                                 ('scale', StandardScaler())]),
                                 ['sin_monthofyear', 'cos_monthofyear',
                                  'sin_hourofday', 'cos_hourofday']),
                                ('n...
                                                 ('scale', StandardScaler())]),
                                 ['WND_direction_angle', 'WND_speed_rate',
                                  'CIG_ceiling_height', 'VIS_distance',
                                  'TMP_air_temperature', 'DEW_dew_point',
                                  'SLP_sea_level_pressure']),
                                ('drop_features', 'drop', ['DATE']),
                                ('additional_drops', 'drop',
                                 ['CIG_cavok_code', 'VIS_variability_code',
                                  'WND_type_code',
                                  'WND_direction_angle_variable_wind_direction_flag'])],
                  verbose_feature_names_out=False)), ('smote', SMOTE(k_neighbors=10, random_state=42, sampling_strategy=0.2)), ('classifier', RandomForestClassifier(max_depth=10, min_samples_leaf=20, min_samples_split=50,
                       n_jobs=-1, random_state=42))], 'estimator__transform_input': None, 'estimator__verbose': False, 'estimator__DT': DewTempSpread(new_col='TMP-DEW'), 'estimator__TC': DatetimeSinCosConverter(), 'estimator__preprocessor': ColumnTransformer(transformers=[('feat_engin_temp_dew',
                                 Pipeline(steps=[('imputer',
                                                  SimpleImputer(strategy='median')),
                                                 ('scale', StandardScaler())]),
                                 ['TMP-DEW']),
                                ('feat_engin_time_features',
                                 Pipeline(steps=[('imputer',
                                                  SimpleImputer(strategy='median')),
                                                 ('scale', StandardScaler())]),
                                 ['sin_monthofyear', 'cos_monthofyear',
                                  'sin_hourofday', 'cos_hourofday']),
                                ('n...
                                                 ('scale', StandardScaler())]),
                                 ['WND_direction_angle', 'WND_speed_rate',
                                  'CIG_ceiling_height', 'VIS_distance',
                                  'TMP_air_temperature', 'DEW_dew_point',
                                  'SLP_sea_level_pressure']),
                                ('drop_features', 'drop', ['DATE']),
                                ('additional_drops', 'drop',
                                 ['CIG_cavok_code', 'VIS_variability_code',
                                  'WND_type_code',
                                  'WND_direction_angle_variable_wind_direction_flag'])],
                  verbose_feature_names_out=False), 'estimator__smote': SMOTE(k_neighbors=10, random_state=42, sampling_strategy=0.2), 'estimator__classifier': RandomForestClassifier(max_depth=10, min_samples_leaf=20, min_samples_split=50,
                       n_jobs=-1, random_state=42), 'estimator__DT__new_col': 'TMP-DEW', 'estimator__TC__column': 'DATE', 'estimator__TC__dayofyear': True, 'estimator__TC__hourofday': True, 'estimator__TC__monthofyear': True, 'estimator__preprocessor__force_int_remainder_cols': 'deprecated', 'estimator__preprocessor__n_jobs': None, 'estimator__preprocessor__remainder': 'drop', 'estimator__preprocessor__sparse_threshold': 0.3, 'estimator__preprocessor__transformer_weights': None, 'estimator__preprocessor__transformers': [('feat_engin_temp_dew', Pipeline(steps=[('imputer', SimpleImputer(strategy='median')),
                ('scale', StandardScaler())]), ['TMP-DEW']), ('feat_engin_time_features', Pipeline(steps=[('imputer', SimpleImputer(strategy='median')),
                ('scale', StandardScaler())]), ['sin_monthofyear', 'cos_monthofyear', 'sin_hourofday', 'cos_hourofday']), ('numeric_feature_pipeline', Pipeline(steps=[('imputer', SimpleImputer(strategy='median')),
                ('scale', StandardScaler())]), ['WND_direction_angle', 'WND_speed_rate', 'CIG_ceiling_height', 'VIS_distance', 'TMP_air_temperature', 'DEW_dew_point', 'SLP_sea_level_pressure']), ('drop_features', 'drop', ['DATE']), ('additional_drops', 'drop', ['CIG_cavok_code', 'VIS_variability_code', 'WND_type_code', 'WND_direction_angle_variable_wind_direction_flag'])], 'estimator__preprocessor__verbose': False, 'estimator__preprocessor__verbose_feature_names_out': False, 'estimator__preprocessor__feat_engin_temp_dew': Pipeline(steps=[('imputer', SimpleImputer(strategy='median')),
                ('scale', StandardScaler())]), 'estimator__preprocessor__feat_engin_time_features': Pipeline(steps=[('imputer', SimpleImputer(strategy='median')),
                ('scale', StandardScaler())]), 'estimator__preprocessor__numeric_feature_pipeline': Pipeline(steps=[('imputer', SimpleImputer(strategy='median')),
                ('scale', StandardScaler())]), 'estimator__preprocessor__drop_features': 'drop', 'estimator__preprocessor__additional_drops': 'drop', 'estimator__preprocessor__feat_engin_temp_dew__memory': None, 'estimator__preprocessor__feat_engin_temp_dew__steps': [('imputer', SimpleImputer(strategy='median')), ('scale', StandardScaler())], 'estimator__preprocessor__feat_engin_temp_dew__transform_input': None, 'estimator__preprocessor__feat_engin_temp_dew__verbose': False, 'estimator__preprocessor__feat_engin_temp_dew__imputer': SimpleImputer(strategy='median'), 'estimator__preprocessor__feat_engin_temp_dew__scale': StandardScaler(), 'estimator__preprocessor__feat_engin_temp_dew__imputer__add_indicator': False, 'estimator__preprocessor__feat_engin_temp_dew__imputer__copy': True, 'estimator__preprocessor__feat_engin_temp_dew__imputer__fill_value': None, 'estimator__preprocessor__feat_engin_temp_dew__imputer__keep_empty_features': False, 'estimator__preprocessor__feat_engin_temp_dew__imputer__missing_values': nan, 'estimator__preprocessor__feat_engin_temp_dew__imputer__strategy': 'median', 'estimator__preprocessor__feat_engin_temp_dew__scale__copy': True, 'estimator__preprocessor__feat_engin_temp_dew__scale__with_mean': True, 'estimator__preprocessor__feat_engin_temp_dew__scale__with_std': True, 'estimator__preprocessor__feat_engin_time_features__memory': None, 'estimator__preprocessor__feat_engin_time_features__steps': [('imputer', SimpleImputer(strategy='median')), ('scale', StandardScaler())], 'estimator__preprocessor__feat_engin_time_features__transform_input': None, 'estimator__preprocessor__feat_engin_time_features__verbose': False, 'estimator__preprocessor__feat_engin_time_features__imputer': SimpleImputer(strategy='median'), 'estimator__preprocessor__feat_engin_time_features__scale': StandardScaler(), 'estimator__preprocessor__feat_engin_time_features__imputer__add_indicator': False, 'estimator__preprocessor__feat_engin_time_features__imputer__copy': True, 'estimator__preprocessor__feat_engin_time_features__imputer__fill_value': None, 'estimator__preprocessor__feat_engin_time_features__imputer__keep_empty_features': False, 'estimator__preprocessor__feat_engin_time_features__imputer__missing_values': nan, 'estimator__preprocessor__feat_engin_time_features__imputer__strategy': 'median', 'estimator__preprocessor__feat_engin_time_features__scale__copy': True, 'estimator__preprocessor__feat_engin_time_features__scale__with_mean': True, 'estimator__preprocessor__feat_engin_time_features__scale__with_std': True, 'estimator__preprocessor__numeric_feature_pipeline__memory': None, 'estimator__preprocessor__numeric_feature_pipeline__steps': [('imputer', SimpleImputer(strategy='median')), ('scale', StandardScaler())], 'estimator__preprocessor__numeric_feature_pipeline__transform_input': None, 'estimator__preprocessor__numeric_feature_pipeline__verbose': False, 'estimator__preprocessor__numeric_feature_pipeline__imputer': SimpleImputer(strategy='median'), 'estimator__preprocessor__numeric_feature_pipeline__scale': StandardScaler(), 'estimator__preprocessor__numeric_feature_pipeline__imputer__add_indicator': False, 'estimator__preprocessor__numeric_feature_pipeline__imputer__copy': True, 'estimator__preprocessor__numeric_feature_pipeline__imputer__fill_value': None, 'estimator__preprocessor__numeric_feature_pipeline__imputer__keep_empty_features': False, 'estimator__preprocessor__numeric_feature_pipeline__imputer__missing_values': nan, 'estimator__preprocessor__numeric_feature_pipeline__imputer__strategy': 'median', 'estimator__preprocessor__numeric_feature_pipeline__scale__copy': True, 'estimator__preprocessor__numeric_feature_pipeline__scale__with_mean': True, 'estimator__preprocessor__numeric_feature_pipeline__scale__with_std': True, 'estimator__smote__k_neighbors': 10, 'estimator__smote__random_state': 42, 'estimator__smote__sampling_strategy': 0.2, 'estimator__classifier__bootstrap': True, 'estimator__classifier__ccp_alpha': 0.0, 'estimator__classifier__class_weight': None, 'estimator__classifier__criterion': 'gini', 'estimator__classifier__max_depth': 10, 'estimator__classifier__max_features': 'sqrt', 'estimator__classifier__max_leaf_nodes': None, 'estimator__classifier__max_samples': None, 'estimator__classifier__min_impurity_decrease': 0.0, 'estimator__classifier__min_samples_leaf': 20, 'estimator__classifier__min_samples_split': 50, 'estimator__classifier__min_weight_fraction_leaf': 0.0, 'estimator__classifier__monotonic_cst': None, 'estimator__classifier__n_estimators': 100, 'estimator__classifier__n_jobs': -1, 'estimator__classifier__oob_score': False, 'estimator__classifier__random_state': 42, 'estimator__classifier__verbose': 0, 'estimator__classifier__warm_start': False, 'estimator': Pipeline(steps=[('DT', DewTempSpread(new_col='TMP-DEW')),
                ('TC', DatetimeSinCosConverter()),
                ('preprocessor',
                 ColumnTransformer(transformers=[('feat_engin_temp_dew',
                                                  Pipeline(steps=[('imputer',
                                                                   SimpleImputer(strategy='median')),
                                                                  ('scale',
                                                                   StandardScaler())]),
                                                  ['TMP-DEW']),
                                                 ('feat_engin_time_features',
                                                  Pipeline(steps=[('imputer',
                                                                   SimpleImputer(strategy='median')...
                                                 ('additional_drops', 'drop',
                                                  ['CIG_cavok_code',
                                                   'VIS_variability_code',
                                                   'WND_type_code',
                                                   'WND_direction_angle_variable_wind_direction_flag'])],
                                   verbose_feature_names_out=False)),
                ('smote',
                 SMOTE(k_neighbors=10, random_state=42, sampling_strategy=0.2)),
                ('classifier',
                 RandomForestClassifier(max_depth=10, min_samples_leaf=20,
                                        min_samples_split=50, n_jobs=-1,
                                        random_state=42))]), 'method': 'isotonic', 'n_jobs': None}"
7,rf_model_7,0.35488876006765513,0.061824422172809826,0.42105263157894735,0.09803921568627451,0.5305039787798409,0.10256410256410256,0.2306805074971165,0.08333333333333333,0.9878389869158659,0.9099882788260438,0.0013012946779779656,0.0021275448050193098,"{'cv': YearlyTemporalWindowSplit(end_year=2017, start_year=2001, val_window_size=2), 'ensemble': 'auto', 'estimator__memory': None, 'estimator__steps': [('DT', DewTempSpread(new_col='TMP-DEW')), ('TC', DatetimeSinCosConverter()), ('preprocessor', ColumnTransformer(transformers=[('feat_engin_temp_dew',
                                 Pipeline(steps=[('imputer',
                                                  SimpleImputer(strategy='median')),
                                                 ('scale', StandardScaler())]),
                                 ['TMP-DEW']),
                                ('feat_engin_time_features',
                                 Pipeline(steps=[('imputer',
                                                  SimpleImputer(strategy='median')),
                                                 ('scale', StandardScaler())]),
                                 ['sin_monthofyear', 'cos_monthofyear',
                                  'sin_hourofday', 'cos_hourofday']),
                                ('n...
                                                 ('scale', StandardScaler())]),
                                 ['WND_direction_angle', 'WND_speed_rate',
                                  'CIG_ceiling_height', 'VIS_distance',
                                  'TMP_air_temperature', 'DEW_dew_point',
                                  'SLP_sea_level_pressure']),
                                ('drop_features', 'drop', ['DATE']),
                                ('additional_drops', 'drop',
                                 ['CIG_cavok_code', 'VIS_variability_code',
                                  'WND_type_code',
                                  'WND_direction_angle_variable_wind_direction_flag'])],
                  verbose_feature_names_out=False)), ('smote', SMOTE(k_neighbors=10, random_state=42, sampling_strategy=0.3)), ('classifier', RandomForestClassifier(max_depth=10, min_samples_leaf=20, min_samples_split=50,
                       n_jobs=-1, random_state=42))], 'estimator__transform_input': None, 'estimator__verbose': False, 'estimator__DT': DewTempSpread(new_col='TMP-DEW'), 'estimator__TC': DatetimeSinCosConverter(), 'estimator__preprocessor': ColumnTransformer(transformers=[('feat_engin_temp_dew',
                                 Pipeline(steps=[('imputer',
                                                  SimpleImputer(strategy='median')),
                                                 ('scale', StandardScaler())]),
                                 ['TMP-DEW']),
                                ('feat_engin_time_features',
                                 Pipeline(steps=[('imputer',
                                                  SimpleImputer(strategy='median')),
                                                 ('scale', StandardScaler())]),
                                 ['sin_monthofyear', 'cos_monthofyear',
                                  'sin_hourofday', 'cos_hourofday']),
                                ('n...
                                                 ('scale', StandardScaler())]),
                                 ['WND_direction_angle', 'WND_speed_rate',
                                  'CIG_ceiling_height', 'VIS_distance',
                                  'TMP_air_temperature', 'DEW_dew_point',
                                  'SLP_sea_level_pressure']),
                                ('drop_features', 'drop', ['DATE']),
                                ('additional_drops', 'drop',
                                 ['CIG_cavok_code', 'VIS_variability_code',
                                  'WND_type_code',
                                  'WND_direction_angle_variable_wind_direction_flag'])],
                  verbose_feature_names_out=False), 'estimator__smote': SMOTE(k_neighbors=10, random_state=42, sampling_strategy=0.3), 'estimator__classifier': RandomForestClassifier(max_depth=10, min_samples_leaf=20, min_samples_split=50,
                       n_jobs=-1, random_state=42), 'estimator__DT__new_col': 'TMP-DEW', 'estimator__TC__column': 'DATE', 'estimator__TC__dayofyear': True, 'estimator__TC__hourofday': True, 'estimator__TC__monthofyear': True, 'estimator__preprocessor__force_int_remainder_cols': 'deprecated', 'estimator__preprocessor__n_jobs': None, 'estimator__preprocessor__remainder': 'drop', 'estimator__preprocessor__sparse_threshold': 0.3, 'estimator__preprocessor__transformer_weights': None, 'estimator__preprocessor__transformers': [('feat_engin_temp_dew', Pipeline(steps=[('imputer', SimpleImputer(strategy='median')),
                ('scale', StandardScaler())]), ['TMP-DEW']), ('feat_engin_time_features', Pipeline(steps=[('imputer', SimpleImputer(strategy='median')),
                ('scale', StandardScaler())]), ['sin_monthofyear', 'cos_monthofyear', 'sin_hourofday', 'cos_hourofday']), ('numeric_feature_pipeline', Pipeline(steps=[('imputer', SimpleImputer(strategy='median')),
                ('scale', StandardScaler())]), ['WND_direction_angle', 'WND_speed_rate', 'CIG_ceiling_height', 'VIS_distance', 'TMP_air_temperature', 'DEW_dew_point', 'SLP_sea_level_pressure']), ('drop_features', 'drop', ['DATE']), ('additional_drops', 'drop', ['CIG_cavok_code', 'VIS_variability_code', 'WND_type_code', 'WND_direction_angle_variable_wind_direction_flag'])], 'estimator__preprocessor__verbose': False, 'estimator__preprocessor__verbose_feature_names_out': False, 'estimator__preprocessor__feat_engin_temp_dew': Pipeline(steps=[('imputer', SimpleImputer(strategy='median')),
                ('scale', StandardScaler())]), 'estimator__preprocessor__feat_engin_time_features': Pipeline(steps=[('imputer', SimpleImputer(strategy='median')),
                ('scale', StandardScaler())]), 'estimator__preprocessor__numeric_feature_pipeline': Pipeline(steps=[('imputer', SimpleImputer(strategy='median')),
                ('scale', StandardScaler())]), 'estimator__preprocessor__drop_features': 'drop', 'estimator__preprocessor__additional_drops': 'drop', 'estimator__preprocessor__feat_engin_temp_dew__memory': None, 'estimator__preprocessor__feat_engin_temp_dew__steps': [('imputer', SimpleImputer(strategy='median')), ('scale', StandardScaler())], 'estimator__preprocessor__feat_engin_temp_dew__transform_input': None, 'estimator__preprocessor__feat_engin_temp_dew__verbose': False, 'estimator__preprocessor__feat_engin_temp_dew__imputer': SimpleImputer(strategy='median'), 'estimator__preprocessor__feat_engin_temp_dew__scale': StandardScaler(), 'estimator__preprocessor__feat_engin_temp_dew__imputer__add_indicator': False, 'estimator__preprocessor__feat_engin_temp_dew__imputer__copy': True, 'estimator__preprocessor__feat_engin_temp_dew__imputer__fill_value': None, 'estimator__preprocessor__feat_engin_temp_dew__imputer__keep_empty_features': False, 'estimator__preprocessor__feat_engin_temp_dew__imputer__missing_values': nan, 'estimator__preprocessor__feat_engin_temp_dew__imputer__strategy': 'median', 'estimator__preprocessor__feat_engin_temp_dew__scale__copy': True, 'estimator__preprocessor__feat_engin_temp_dew__scale__with_mean': True, 'estimator__preprocessor__feat_engin_temp_dew__scale__with_std': True, 'estimator__preprocessor__feat_engin_time_features__memory': None, 'estimator__preprocessor__feat_engin_time_features__steps': [('imputer', SimpleImputer(strategy='median')), ('scale', StandardScaler())], 'estimator__preprocessor__feat_engin_time_features__transform_input': None, 'estimator__preprocessor__feat_engin_time_features__verbose': False, 'estimator__preprocessor__feat_engin_time_features__imputer': SimpleImputer(strategy='median'), 'estimator__preprocessor__feat_engin_time_features__scale': StandardScaler(), 'estimator__preprocessor__feat_engin_time_features__imputer__add_indicator': False, 'estimator__preprocessor__feat_engin_time_features__imputer__copy': True, 'estimator__preprocessor__feat_engin_time_features__imputer__fill_value': None, 'estimator__preprocessor__feat_engin_time_features__imputer__keep_empty_features': False, 'estimator__preprocessor__feat_engin_time_features__imputer__missing_values': nan, 'estimator__preprocessor__feat_engin_time_features__imputer__strategy': 'median', 'estimator__preprocessor__feat_engin_time_features__scale__copy': True, 'estimator__preprocessor__feat_engin_time_features__scale__with_mean': True, 'estimator__preprocessor__feat_engin_time_features__scale__with_std': True, 'estimator__preprocessor__numeric_feature_pipeline__memory': None, 'estimator__preprocessor__numeric_feature_pipeline__steps': [('imputer', SimpleImputer(strategy='median')), ('scale', StandardScaler())], 'estimator__preprocessor__numeric_feature_pipeline__transform_input': None, 'estimator__preprocessor__numeric_feature_pipeline__verbose': False, 'estimator__preprocessor__numeric_feature_pipeline__imputer': SimpleImputer(strategy='median'), 'estimator__preprocessor__numeric_feature_pipeline__scale': StandardScaler(), 'estimator__preprocessor__numeric_feature_pipeline__imputer__add_indicator': False, 'estimator__preprocessor__numeric_feature_pipeline__imputer__copy': True, 'estimator__preprocessor__numeric_feature_pipeline__imputer__fill_value': None, 'estimator__preprocessor__numeric_feature_pipeline__imputer__keep_empty_features': False, 'estimator__preprocessor__numeric_feature_pipeline__imputer__missing_values': nan, 'estimator__preprocessor__numeric_feature_pipeline__imputer__strategy': 'median', 'estimator__preprocessor__numeric_feature_pipeline__scale__copy': True, 'estimator__preprocessor__numeric_feature_pipeline__scale__with_mean': True, 'estimator__preprocessor__numeric_feature_pipeline__scale__with_std': True, 'estimator__smote__k_neighbors': 10, 'estimator__smote__random_state': 42, 'estimator__smote__sampling_strategy': 0.3, 'estimator__classifier__bootstrap': True, 'estimator__classifier__ccp_alpha': 0.0, 'estimator__classifier__class_weight': None, 'estimator__classifier__criterion': 'gini', 'estimator__classifier__max_depth': 10, 'estimator__classifier__max_features': 'sqrt', 'estimator__classifier__max_leaf_nodes': None, 'estimator__classifier__max_samples': None, 'estimator__classifier__min_impurity_decrease': 0.0, 'estimator__classifier__min_samples_leaf': 20, 'estimator__classifier__min_samples_split': 50, 'estimator__classifier__min_weight_fraction_leaf': 0.0, 'estimator__classifier__monotonic_cst': None, 'estimator__classifier__n_estimators': 100, 'estimator__classifier__n_jobs': -1, 'estimator__classifier__oob_score': False, 'estimator__classifier__random_state': 42, 'estimator__classifier__verbose': 0, 'estimator__classifier__warm_start': False, 'estimator': Pipeline(steps=[('DT', DewTempSpread(new_col='TMP-DEW')),
                ('TC', DatetimeSinCosConverter()),
                ('preprocessor',
                 ColumnTransformer(transformers=[('feat_engin_temp_dew',
                                                  Pipeline(steps=[('imputer',
                                                                   SimpleImputer(strategy='median')),
                                                                  ('scale',
                                                                   StandardScaler())]),
                                                  ['TMP-DEW']),
                                                 ('feat_engin_time_features',
                                                  Pipeline(steps=[('imputer',
                                                                   SimpleImputer(strategy='median')...
                                                 ('additional_drops', 'drop',
                                                  ['CIG_cavok_code',
                                                   'VIS_variability_code',
                                                   'WND_type_code',
                                                   'WND_direction_angle_variable_wind_direction_flag'])],
                                   verbose_feature_names_out=False)),
                ('smote',
                 SMOTE(k_neighbors=10, random_state=42, sampling_strategy=0.3)),
                ('classifier',
                 RandomForestClassifier(max_depth=10, min_samples_leaf=20,
                                        min_samples_split=50, n_jobs=-1,
                                        random_state=42))]), 'method': 'isotonic', 'n_jobs': None}"
8,rf_model_8,0.292805803505684,0.058234446509160015,0.3988995873452545,0.08888888888888889,0.5384615384615384,0.10256410256410256,0.1958514230583695,0.057971014492753624,0.9865521619567806,0.8990252943700059,0.001317820655624469,0.002125467746866611,"{'cv': YearlyTemporalWindowSplit(end_year=2017, start_year=2001, val_window_size=2), 'ensemble': 'auto', 'estimator__memory': None, 'estimator__steps': [('DT', DewTempSpread(new_col='TMP-DEW')), ('TC', DatetimeSinCosConverter()), ('preprocessor', ColumnTransformer(transformers=[('feat_engin_temp_dew',
                                 Pipeline(steps=[('imputer',
                                                  SimpleImputer(strategy='median')),
                                                 ('scale', StandardScaler())]),
                                 ['TMP-DEW']),
                                ('feat_engin_time_features',
                                 Pipeline(steps=[('imputer',
                                                  SimpleImputer(strategy='median')),
                                                 ('scale', StandardScaler())]),
                                 ['sin_monthofyear', 'cos_monthofyear',
                                  'sin_hourofday', 'cos_hourofday']),
                                ('n...
                                                 ('scale', StandardScaler())]),
                                 ['WND_direction_angle', 'WND_speed_rate',
                                  'CIG_ceiling_height', 'VIS_distance',
                                  'TMP_air_temperature', 'DEW_dew_point',
                                  'SLP_sea_level_pressure']),
                                ('drop_features', 'drop', ['DATE']),
                                ('additional_drops', 'drop',
                                 ['CIG_cavok_code', 'VIS_variability_code',
                                  'WND_type_code',
                                  'WND_direction_angle_variable_wind_direction_flag'])],
                  verbose_feature_names_out=False)), ('smote', SMOTE(k_neighbors=10, random_state=42, sampling_strategy=0.5)), ('classifier', RandomForestClassifier(max_depth=10, min_samples_leaf=20, min_samples_split=50,
                       n_jobs=-1, random_state=42))], 'estimator__transform_input': None, 'estimator__verbose': False, 'estimator__DT': DewTempSpread(new_col='TMP-DEW'), 'estimator__TC': DatetimeSinCosConverter(), 'estimator__preprocessor': ColumnTransformer(transformers=[('feat_engin_temp_dew',
                                 Pipeline(steps=[('imputer',
                                                  SimpleImputer(strategy='median')),
                                                 ('scale', StandardScaler())]),
                                 ['TMP-DEW']),
                                ('feat_engin_time_features',
                                 Pipeline(steps=[('imputer',
                                                  SimpleImputer(strategy='median')),
                                                 ('scale', StandardScaler())]),
                                 ['sin_monthofyear', 'cos_monthofyear',
                                  'sin_hourofday', 'cos_hourofday']),
                                ('n...
                                                 ('scale', StandardScaler())]),
                                 ['WND_direction_angle', 'WND_speed_rate',
                                  'CIG_ceiling_height', 'VIS_distance',
                                  'TMP_air_temperature', 'DEW_dew_point',
                                  'SLP_sea_level_pressure']),
                                ('drop_features', 'drop', ['DATE']),
                                ('additional_drops', 'drop',
                                 ['CIG_cavok_code', 'VIS_variability_code',
                                  'WND_type_code',
                                  'WND_direction_angle_variable_wind_direction_flag'])],
                  verbose_feature_names_out=False), 'estimator__smote': SMOTE(k_neighbors=10, random_state=42, sampling_strategy=0.5), 'estimator__classifier': RandomForestClassifier(max_depth=10, min_samples_leaf=20, min_samples_split=50,
                       n_jobs=-1, random_state=42), 'estimator__DT__new_col': 'TMP-DEW', 'estimator__TC__column': 'DATE', 'estimator__TC__dayofyear': True, 'estimator__TC__hourofday': True, 'estimator__TC__monthofyear': True, 'estimator__preprocessor__force_int_remainder_cols': 'deprecated', 'estimator__preprocessor__n_jobs': None, 'estimator__preprocessor__remainder': 'drop', 'estimator__preprocessor__sparse_threshold': 0.3, 'estimator__preprocessor__transformer_weights': None, 'estimator__preprocessor__transformers': [('feat_engin_temp_dew', Pipeline(steps=[('imputer', SimpleImputer(strategy='median')),
                ('scale', StandardScaler())]), ['TMP-DEW']), ('feat_engin_time_features', Pipeline(steps=[('imputer', SimpleImputer(strategy='median')),
                ('scale', StandardScaler())]), ['sin_monthofyear', 'cos_monthofyear', 'sin_hourofday', 'cos_hourofday']), ('numeric_feature_pipeline', Pipeline(steps=[('imputer', SimpleImputer(strategy='median')),
                ('scale', StandardScaler())]), ['WND_direction_angle', 'WND_speed_rate', 'CIG_ceiling_height', 'VIS_distance', 'TMP_air_temperature', 'DEW_dew_point', 'SLP_sea_level_pressure']), ('drop_features', 'drop', ['DATE']), ('additional_drops', 'drop', ['CIG_cavok_code', 'VIS_variability_code', 'WND_type_code', 'WND_direction_angle_variable_wind_direction_flag'])], 'estimator__preprocessor__verbose': False, 'estimator__preprocessor__verbose_feature_names_out': False, 'estimator__preprocessor__feat_engin_temp_dew': Pipeline(steps=[('imputer', SimpleImputer(strategy='median')),
                ('scale', StandardScaler())]), 'estimator__preprocessor__feat_engin_time_features': Pipeline(steps=[('imputer', SimpleImputer(strategy='median')),
                ('scale', StandardScaler())]), 'estimator__preprocessor__numeric_feature_pipeline': Pipeline(steps=[('imputer', SimpleImputer(strategy='median')),
                ('scale', StandardScaler())]), 'estimator__preprocessor__drop_features': 'drop', 'estimator__preprocessor__additional_drops': 'drop', 'estimator__preprocessor__feat_engin_temp_dew__memory': None, 'estimator__preprocessor__feat_engin_temp_dew__steps': [('imputer', SimpleImputer(strategy='median')), ('scale', StandardScaler())], 'estimator__preprocessor__feat_engin_temp_dew__transform_input': None, 'estimator__preprocessor__feat_engin_temp_dew__verbose': False, 'estimator__preprocessor__feat_engin_temp_dew__imputer': SimpleImputer(strategy='median'), 'estimator__preprocessor__feat_engin_temp_dew__scale': StandardScaler(), 'estimator__preprocessor__feat_engin_temp_dew__imputer__add_indicator': False, 'estimator__preprocessor__feat_engin_temp_dew__imputer__copy': True, 'estimator__preprocessor__feat_engin_temp_dew__imputer__fill_value': None, 'estimator__preprocessor__feat_engin_temp_dew__imputer__keep_empty_features': False, 'estimator__preprocessor__feat_engin_temp_dew__imputer__missing_values': nan, 'estimator__preprocessor__feat_engin_temp_dew__imputer__strategy': 'median', 'estimator__preprocessor__feat_engin_temp_dew__scale__copy': True, 'estimator__preprocessor__feat_engin_temp_dew__scale__with_mean': True, 'estimator__preprocessor__feat_engin_temp_dew__scale__with_std': True, 'estimator__preprocessor__feat_engin_time_features__memory': None, 'estimator__preprocessor__feat_engin_time_features__steps': [('imputer', SimpleImputer(strategy='median')), ('scale', StandardScaler())], 'estimator__preprocessor__feat_engin_time_features__transform_input': None, 'estimator__preprocessor__feat_engin_time_features__verbose': False, 'estimator__preprocessor__feat_engin_time_features__imputer': SimpleImputer(strategy='median'), 'estimator__preprocessor__feat_engin_time_features__scale': StandardScaler(), 'estimator__preprocessor__feat_engin_time_features__imputer__add_indicator': False, 'estimator__preprocessor__feat_engin_time_features__imputer__copy': True, 'estimator__preprocessor__feat_engin_time_features__imputer__fill_value': None, 'estimator__preprocessor__feat_engin_time_features__imputer__keep_empty_features': False, 'estimator__preprocessor__feat_engin_time_features__imputer__missing_values': nan, 'estimator__preprocessor__feat_engin_time_features__imputer__strategy': 'median', 'estimator__preprocessor__feat_engin_time_features__scale__copy': True, 'estimator__preprocessor__feat_engin_time_features__scale__with_mean': True, 'estimator__preprocessor__feat_engin_time_features__scale__with_std': True, 'estimator__preprocessor__numeric_feature_pipeline__memory': None, 'estimator__preprocessor__numeric_feature_pipeline__steps': [('imputer', SimpleImputer(strategy='median')), ('scale', StandardScaler())], 'estimator__preprocessor__numeric_feature_pipeline__transform_input': None, 'estimator__preprocessor__numeric_feature_pipeline__verbose': False, 'estimator__preprocessor__numeric_feature_pipeline__imputer': SimpleImputer(strategy='median'), 'estimator__preprocessor__numeric_feature_pipeline__scale': StandardScaler(), 'estimator__preprocessor__numeric_feature_pipeline__imputer__add_indicator': False, 'estimator__preprocessor__numeric_feature_pipeline__imputer__copy': True, 'estimator__preprocessor__numeric_feature_pipeline__imputer__fill_value': None, 'estimator__preprocessor__numeric_feature_pipeline__imputer__keep_empty_features': False, 'estimator__preprocessor__numeric_feature_pipeline__imputer__missing_values': nan, 'estimator__preprocessor__numeric_feature_pipeline__imputer__strategy': 'median', 'estimator__preprocessor__numeric_feature_pipeline__scale__copy': True, 'estimator__preprocessor__numeric_feature_pipeline__scale__with_mean': True, 'estimator__preprocessor__numeric_feature_pipeline__scale__with_std': True, 'estimator__smote__k_neighbors': 10, 'estimator__smote__random_state': 42, 'estimator__smote__sampling_strategy': 0.5, 'estimator__classifier__bootstrap': True, 'estimator__classifier__ccp_alpha': 0.0, 'estimator__classifier__class_weight': None, 'estimator__classifier__criterion': 'gini', 'estimator__classifier__max_depth': 10, 'estimator__classifier__max_features': 'sqrt', 'estimator__classifier__max_leaf_nodes': None, 'estimator__classifier__max_samples': None, 'estimator__classifier__min_impurity_decrease': 0.0, 'estimator__classifier__min_samples_leaf': 20, 'estimator__classifier__min_samples_split': 50, 'estimator__classifier__min_weight_fraction_leaf': 0.0, 'estimator__classifier__monotonic_cst': None, 'estimator__classifier__n_estimators': 100, 'estimator__classifier__n_jobs': -1, 'estimator__classifier__oob_score': False, 'estimator__classifier__random_state': 42, 'estimator__classifier__verbose': 0, 'estimator__classifier__warm_start': False, 'estimator': Pipeline(steps=[('DT', DewTempSpread(new_col='TMP-DEW')),
                ('TC', DatetimeSinCosConverter()),
                ('preprocessor',
                 ColumnTransformer(transformers=[('feat_engin_temp_dew',
                                                  Pipeline(steps=[('imputer',
                                                                   SimpleImputer(strategy='median')),
                                                                  ('scale',
                                                                   StandardScaler())]),
                                                  ['TMP-DEW']),
                                                 ('feat_engin_time_features',
                                                  Pipeline(steps=[('imputer',
                                                                   SimpleImputer(strategy='median')...
                                                 ('additional_drops', 'drop',
                                                  ['CIG_cavok_code',
                                                   'VIS_variability_code',
                                                   'WND_type_code',
                                                   'WND_direction_angle_variable_wind_direction_flag'])],
                                   verbose_feature_names_out=False)),
                ('smote',
                 SMOTE(k_neighbors=10, random_state=42, sampling_strategy=0.5)),
                ('classifier',
                 RandomForestClassifier(max_depth=10, min_samples_leaf=20,
                                        min_samples_split=50, n_jobs=-1,
                                        random_state=42))]), 'method': 'isotonic', 'n_jobs': None}"
