,mean_fit_time,std_fit_time,mean_score_time,std_score_time,param_estimator__classifier__max_depth,param_estimator__classifier__max_features,param_estimator__classifier__min_samples_leaf,param_estimator__classifier__min_samples_split,param_estimator__classifier__n_estimators,param_estimator__smote__k_neighbors,param_estimator__smote__sampling_strategy,params,split0_test_score,split1_test_score,split2_test_score,split3_test_score,split4_test_score,split5_test_score,split6_test_score,split7_test_score,mean_test_score,std_test_score,rank_test_score
0,24.433608382940292,23.159838420716486,1.5788132548332214,1.2038678620767143,2,sqrt,10,30,50,7,0.3,"{'estimator__classifier__max_depth': 2, 'estimator__classifier__max_features': 'sqrt', 'estimator__classifier__min_samples_leaf': 10, 'estimator__classifier__min_samples_split': 30, 'estimator__classifier__n_estimators': 50, 'estimator__smote__k_neighbors': 7, 'estimator__smote__sampling_strategy': 0.3}",0.0011639292634459755,0.010864773820083298,0.0036092266580142196,0.043527086387783215,0.15483464938095362,0.0662327827305865,0.04471393323724573,0.031320634907609446,0.04453337704821526,0.04677355902529608,244
1,43.02278923988342,37.99480345767115,1.7073778212070465,0.9554280099546807,2,sqrt,10,30,100,7,0.3,"{'estimator__classifier__max_depth': 2, 'estimator__classifier__max_features': 'sqrt', 'estimator__classifier__min_samples_leaf': 10, 'estimator__classifier__min_samples_split': 30, 'estimator__classifier__n_estimators': 100, 'estimator__smote__k_neighbors': 7, 'estimator__smote__sampling_strategy': 0.3}",0.0012546095737731953,0.011480136922799838,0.0037908028935805926,0.042757345927675106,0.17760668065970875,0.057929049342198086,0.043248781522546235,0.051849082800856976,0.04873956120539234,0.05295075785278932,234
2,112.76234441995621,92.7382864683921,2.916577637195587,1.878061442089207,2,sqrt,10,30,300,7,0.3,"{'estimator__classifier__max_depth': 2, 'estimator__classifier__max_features': 'sqrt', 'estimator__classifier__min_samples_leaf': 10, 'estimator__classifier__min_samples_split': 30, 'estimator__classifier__n_estimators': 300, 'estimator__smote__k_neighbors': 7, 'estimator__smote__sampling_strategy': 0.3}",0.001369127371244661,0.012555720818819482,0.0038439585327140133,0.01904473029645147,0.24942912471736628,0.05628275802094823,0.052613764598706925,0.046394356461856065,0.05519169260226339,0.07621621923051937,217
3,148.21915364265442,122.35819365229929,3.629041939973831,2.0616272745292394,2,sqrt,10,30,400,7,0.3,"{'estimator__classifier__max_depth': 2, 'estimator__classifier__max_features': 'sqrt', 'estimator__classifier__min_samples_leaf': 10, 'estimator__classifier__min_samples_split': 30, 'estimator__classifier__n_estimators': 400, 'estimator__smote__k_neighbors': 7, 'estimator__smote__sampling_strategy': 0.3}",0.0013504573722262702,0.013113269866362114,0.0040883791472338255,0.015549656182775061,0.27164380968944324,0.061843601628536624,0.05525658528762255,0.0409169710352273,0.05797034127617837,0.08358400238164082,204
4,31.226942479610443,25.9881995159379,2.054205358028412,1.1753908626614922,2,sqrt,10,50,50,7,0.3,"{'estimator__classifier__max_depth': 2, 'estimator__classifier__max_features': 'sqrt', 'estimator__classifier__min_samples_leaf': 10, 'estimator__classifier__min_samples_split': 50, 'estimator__classifier__n_estimators': 50, 'estimator__smote__k_neighbors': 7, 'estimator__smote__sampling_strategy': 0.3}",0.0011639292634459755,0.010875328380396843,0.0036092622750715456,0.04352527108629406,0.15483464999858876,0.06624668681689067,0.04471393323724573,0.03132061479205982,0.04453620948124917,0.046773417861075056,242
5,53.00773474574089,43.5712584208723,2.133557468652725,0.9415673202026205,2,sqrt,10,50,100,7,0.3,"{'estimator__classifier__max_depth': 2, 'estimator__classifier__max_features': 'sqrt', 'estimator__classifier__min_samples_leaf': 10, 'estimator__classifier__min_samples_split': 50, 'estimator__classifier__n_estimators': 100, 'estimator__smote__k_neighbors': 7, 'estimator__smote__sampling_strategy': 0.3}",0.0012547693635594527,0.011496653736430683,0.00379046406761651,0.042755086465950894,0.1805258580789483,0.05792862606975789,0.04324874336145468,0.051826695084376824,0.0491033620285119,0.05383860430607561,228
6,117.47106593847275,88.28786382023436,2.658593237400055,0.994553550450725,2,sqrt,10,50,300,7,0.3,"{'estimator__classifier__max_depth': 2, 'estimator__classifier__max_features': 'sqrt', 'estimator__classifier__min_samples_leaf': 10, 'estimator__classifier__min_samples_split': 50, 'estimator__classifier__n_estimators': 300, 'estimator__smote__k_neighbors': 7, 'estimator__smote__sampling_strategy': 0.3}",0.0013691134989189298,0.012548918091692698,0.0038442432701673935,0.01904475078456813,0.24942912471736628,0.05628264323663975,0.052613764598706925,0.046394356461856065,0.05519086433248952,0.07621667077599036,219
7,140.45574516057968,109.26864610544622,3.413185268640518,1.5752957027681087,2,sqrt,10,50,400,7,0.3,"{'estimator__classifier__max_depth': 2, 'estimator__classifier__max_features': 'sqrt', 'estimator__classifier__min_samples_leaf': 10, 'estimator__classifier__min_samples_split': 50, 'estimator__classifier__n_estimators': 400, 'estimator__smote__k_neighbors': 7, 'estimator__smote__sampling_strategy': 0.3}",0.0013505312329362452,0.013105311938878773,0.004086786323083633,0.015549668463340176,0.27164394562341787,0.06211589844451528,0.05526761359655636,0.0409169710352273,0.05800459083224445,0.08358628203184093,196
8,29.42242470383644,22.052438303375745,2.0089698433876038,1.1043433608380728,2,sqrt,10,200,50,7,0.3,"{'estimator__classifier__max_depth': 2, 'estimator__classifier__max_features': 'sqrt', 'estimator__classifier__min_samples_leaf': 10, 'estimator__classifier__min_samples_split': 200, 'estimator__classifier__n_estimators': 50, 'estimator__smote__k_neighbors': 7, 'estimator__smote__sampling_strategy': 0.3}",0.0011631398831082355,0.010863254910346625,0.0036092266580142196,0.04352640587699157,0.15485034194498423,0.06623772651332806,0.044713936173332254,0.03131817823108997,0.0445352762738994,0.04677878826841838,243
9,44.33244287967682,34.60856261460115,1.936328411102295,1.053579146369872,2,sqrt,10,200,100,7,0.3,"{'estimator__classifier__max_depth': 2, 'estimator__classifier__max_features': 'sqrt', 'estimator__classifier__min_samples_leaf': 10, 'estimator__classifier__min_samples_split': 200, 'estimator__classifier__n_estimators': 100, 'estimator__smote__k_neighbors': 7, 'estimator__smote__sampling_strategy': 0.3}",0.001254609573773195,0.011479994555301446,0.0037912959857084364,0.04275509659763035,0.17788505581460362,0.057758363361685064,0.04324874336145468,0.051826695084376824,0.0487499817918167,0.05303163263441883,231
10,105.45233300328255,83.29413578882557,2.672376722097397,1.3662633413372143,2,sqrt,10,200,300,7,0.3,"{'estimator__classifier__max_depth': 2, 'estimator__classifier__max_features': 'sqrt', 'estimator__classifier__min_samples_leaf': 10, 'estimator__classifier__min_samples_split': 200, 'estimator__classifier__n_estimators': 300, 'estimator__smote__k_neighbors': 7, 'estimator__smote__sampling_strategy': 0.3}",0.0013691208718714545,0.01254901132879812,0.0038439585327140133,0.01904473029645147,0.24942921945595575,0.056279535171303956,0.05262383897277348,0.046394356461856065,0.05519172138646554,0.07621667091833939,216
11,136.75017616152763,106.41255652997097,3.5128151178359985,1.9151520138064682,2,sqrt,10,200,400,7,0.3,"{'estimator__classifier__max_depth': 2, 'estimator__classifier__max_features': 'sqrt', 'estimator__classifier__min_samples_leaf': 10, 'estimator__classifier__min_samples_split': 200, 'estimator__classifier__n_estimators': 400, 'estimator__smote__k_neighbors': 7, 'estimator__smote__sampling_strategy': 0.3}",0.0013504573722262702,0.013113274001244015,0.004086702253791933,0.015549687298409689,0.27164380968944324,0.061839230006600104,0.05525658528762255,0.0409169710352273,0.05796958961807063,0.08358410994574923,206
12,29.90784654021263,23.692775797961147,2.0452002584934235,1.1287443480256252,2,sqrt,10,500,50,7,0.3,"{'estimator__classifier__max_depth': 2, 'estimator__classifier__max_features': 'sqrt', 'estimator__classifier__min_samples_leaf': 10, 'estimator__classifier__min_samples_split': 500, 'estimator__classifier__n_estimators': 50, 'estimator__smote__k_neighbors': 7, 'estimator__smote__sampling_strategy': 0.3}",0.0011631398831082357,0.010889447232407753,0.0036092266580142196,0.04352805489459735,0.15483575107440722,0.06624723889469394,0.04470558154565699,0.03131802851253663,0.04453705858692779,0.046772679977179855,241
13,44.466857969760895,37.153832983122925,2.3216207921504974,0.8194837504733877,2,sqrt,10,500,100,7,0.3,"{'estimator__classifier__max_depth': 2, 'estimator__classifier__max_features': 'sqrt', 'estimator__classifier__min_samples_leaf': 10, 'estimator__classifier__min_samples_split': 500, 'estimator__classifier__n_estimators': 100, 'estimator__smote__k_neighbors': 7, 'estimator__smote__sampling_strategy': 0.3}",0.001254651758782141,0.011481755135250566,0.003790756931303074,0.042753978200932415,0.17761257660371574,0.05792306430201902,0.04324874336145468,0.05183488439333208,0.048737551335848714,0.05295222357085853,236
14,105.68992993235588,85.40712405012374,3.0042924284934998,1.5338662192798378,2,sqrt,10,500,300,7,0.3,"{'estimator__classifier__max_depth': 2, 'estimator__classifier__max_features': 'sqrt', 'estimator__classifier__min_samples_leaf': 10, 'estimator__classifier__min_samples_split': 500, 'estimator__classifier__n_estimators': 300, 'estimator__smote__k_neighbors': 7, 'estimator__smote__sampling_strategy': 0.3}",0.0013691134989189298,0.012555715763082384,0.0038439585327140133,0.019044756872440206,0.24942935595165913,0.055977223897742595,0.052613764598706925,0.046394356461856065,0.05515353069714003,0.07621581316175491,222
15,135.43125739693642,107.70176340024506,3.519508510828018,1.8671827156753946,2,sqrt,10,500,400,7,0.3,"{'estimator__classifier__max_depth': 2, 'estimator__classifier__max_features': 'sqrt', 'estimator__classifier__min_samples_leaf': 10, 'estimator__classifier__min_samples_split': 500, 'estimator__classifier__n_estimators': 400, 'estimator__smote__k_neighbors': 7, 'estimator__smote__sampling_strategy': 0.3}",0.0013504573722262702,0.01311333264019285,0.0040883574084182115,0.015549668463340176,0.27164394562341787,0.06183931877394971,0.05526761359655636,0.04083487357093089,0.05796094593112904,0.08358607136532374,207
16,29.153858482837677,23.01617719979603,1.9736918807029724,0.8640486782577409,2,sqrt,20,30,50,7,0.3,"{'estimator__classifier__max_depth': 2, 'estimator__classifier__max_features': 'sqrt', 'estimator__classifier__min_samples_leaf': 20, 'estimator__classifier__min_samples_split': 30, 'estimator__classifier__n_estimators': 50, 'estimator__smote__k_neighbors': 7, 'estimator__smote__sampling_strategy': 0.3}",0.0011631398831082355,0.010864684563826487,0.003599897912174004,0.043525312869041426,0.1548357464055005,0.06623715181770173,0.04460294335294999,0.03132061479205982,0.04451868644954527,0.04677522174908758,249
17,44.56353148818016,36.12216582738161,1.8995186686515808,1.088911907584552,2,sqrt,20,30,100,7,0.3,"{'estimator__classifier__max_depth': 2, 'estimator__classifier__max_features': 'sqrt', 'estimator__classifier__min_samples_leaf': 20, 'estimator__classifier__min_samples_split': 30, 'estimator__classifier__n_estimators': 100, 'estimator__smote__k_neighbors': 7, 'estimator__smote__sampling_strategy': 0.3}",0.001254609573773195,0.011480136922799837,0.0037908317697907773,0.04275661354614228,0.1776126383939313,0.057753646968911956,0.043248781522546235,0.05184107487831443,0.04871729169702625,0.052948745402076995,240
18,109.16632530093193,84.33753365979877,2.7807044088840485,1.597436675029496,2,sqrt,20,30,300,7,0.3,"{'estimator__classifier__max_depth': 2, 'estimator__classifier__max_features': 'sqrt', 'estimator__classifier__min_samples_leaf': 20, 'estimator__classifier__min_samples_split': 30, 'estimator__classifier__n_estimators': 300, 'estimator__smote__k_neighbors': 7, 'estimator__smote__sampling_strategy': 0.3}",0.0013691199982921363,0.012555809000187807,0.003843958532714013,0.01904483340611513,0.24942921945595575,0.0562830764696909,0.05261376459870694,0.046394356461856065,0.05519176724043984,0.07621623835259947,215
19,139.4101676940918,110.62229522792852,3.2113004624843597,1.7794010776745057,2,sqrt,20,30,400,7,0.3,"{'estimator__classifier__max_depth': 2, 'estimator__classifier__max_features': 'sqrt', 'estimator__classifier__min_samples_leaf': 20, 'estimator__classifier__min_samples_split': 30, 'estimator__classifier__n_estimators': 400, 'estimator__smote__k_neighbors': 7, 'estimator__smote__sampling_strategy': 0.3}",0.0013505312329362452,0.013113269866362113,0.0040883791472338255,0.015549573890192004,0.2716438096894433,0.061839242883450767,0.05525658528762255,0.04083487357093089,0.057959533196021464,0.08358607418942962,208
20,29.569493412971497,23.87967629060862,1.834983468055725,0.8831219684183594,2,sqrt,20,50,50,7,0.3,"{'estimator__classifier__max_depth': 2, 'estimator__classifier__max_features': 'sqrt', 'estimator__classifier__min_samples_leaf': 20, 'estimator__classifier__min_samples_split': 50, 'estimator__classifier__n_estimators': 50, 'estimator__smote__k_neighbors': 7, 'estimator__smote__sampling_strategy': 0.3}",0.0011631398831082357,0.010865879095954479,0.003599233393650691,0.043526194394448756,0.15483465466839794,0.0662429189179701,0.04470558154565699,0.03131802851253663,0.044531953801465476,0.046775324092538755,245
21,45.246435701847076,36.21887320593682,1.900171846151352,0.9859023297974963,2,sqrt,20,50,100,7,0.3,"{'estimator__classifier__max_depth': 2, 'estimator__classifier__max_features': 'sqrt', 'estimator__classifier__min_samples_leaf': 20, 'estimator__classifier__min_samples_split': 50, 'estimator__classifier__n_estimators': 100, 'estimator__smote__k_neighbors': 7, 'estimator__smote__sampling_strategy': 0.3}",0.001254727178550507,0.011489070227108024,0.0037908028935805926,0.04275723574559152,0.17760668065970875,0.057929024971507495,0.04324874336145468,0.051840940246346605,0.04873965316048102,0.05294990083277509,233
22,106.33059307932854,83.77124011321284,2.6329449713230133,1.0683573428517634,2,sqrt,20,50,300,7,0.3,"{'estimator__classifier__max_depth': 2, 'estimator__classifier__max_features': 'sqrt', 'estimator__classifier__min_samples_leaf': 20, 'estimator__classifier__min_samples_split': 50, 'estimator__classifier__n_estimators': 300, 'estimator__smote__k_neighbors': 7, 'estimator__smote__sampling_strategy': 0.3}",0.0013691208718714545,0.012548918091692696,0.0038443127782290575,0.01904494237248023,0.2581490710329501,0.05628387462282071,0.05262383897277348,0.046394356461856065,0.05628230440058422,0.07899824227181913,209
23,141.2655926346779,112.27373526162494,3.0311595499515533,1.4449832554099533,2,sqrt,20,50,400,7,0.3,"{'estimator__classifier__max_depth': 2, 'estimator__classifier__max_features': 'sqrt', 'estimator__classifier__min_samples_leaf': 20, 'estimator__classifier__min_samples_split': 50, 'estimator__classifier__n_estimators': 400, 'estimator__smote__k_neighbors': 7, 'estimator__smote__sampling_strategy': 0.3}",0.0013504573722262702,0.013105311938878771,0.004088295077942125,0.015549646862612126,0.27164394562341787,0.062085943083743364,0.05525658528762255,0.04083494103824561,0.057989390785586084,0.08358812954792086,199
24,30.225902050733566,22.660789688207462,1.8186726868152618,0.9790725911723561,2,sqrt,20,200,50,7,0.3,"{'estimator__classifier__max_depth': 2, 'estimator__classifier__max_features': 'sqrt', 'estimator__classifier__min_samples_leaf': 20, 'estimator__classifier__min_samples_split': 200, 'estimator__classifier__n_estimators': 50, 'estimator__smote__k_neighbors': 7, 'estimator__smote__sampling_strategy': 0.3}",0.0011631398831082355,0.010867359567461914,0.003599945840081213,0.04351788400139898,0.15483464938095362,0.066239147940949,0.04460294335294998,0.03072861837115569,0.04444421104225733,0.04679607219979794,255
25,43.74093681573868,34.590033987715586,1.9466530084609985,0.8961890677295177,2,sqrt,20,200,100,7,0.3,"{'estimator__classifier__max_depth': 2, 'estimator__classifier__max_features': 'sqrt', 'estimator__classifier__min_samples_leaf': 20, 'estimator__classifier__min_samples_split': 200, 'estimator__classifier__n_estimators': 100, 'estimator__smote__k_neighbors': 7, 'estimator__smote__sampling_strategy': 0.3}",0.0012547775126895712,0.011485817484674985,0.0037908028935805926,0.042756619168411156,0.18079228684387397,0.05792893328528256,0.043248781522546235,0.0518492174328248,0.049138404517985484,0.05392094386227898,227
26,106.02720633149147,84.43726557458278,2.352998286485672,1.2711898917270537,2,sqrt,20,200,300,7,0.3,"{'estimator__classifier__max_depth': 2, 'estimator__classifier__max_features': 'sqrt', 'estimator__classifier__min_samples_leaf': 20, 'estimator__classifier__min_samples_split': 200, 'estimator__classifier__n_estimators': 300, 'estimator__smote__k_neighbors': 7, 'estimator__smote__sampling_strategy': 0.3}",0.0013691134989189298,0.01255572081881948,0.0038439585327140133,0.019044749437650454,0.2581489762943607,0.056270667553035225,0.052613764598706925,0.046394356461856065,0.05628016339950773,0.07899784117512593,210
27,134.42822018265724,104.37617107550788,3.246135503053665,1.6889192796456167,2,sqrt,20,200,400,7,0.3,"{'estimator__classifier__max_depth': 2, 'estimator__classifier__max_features': 'sqrt', 'estimator__classifier__min_samples_leaf': 20, 'estimator__classifier__min_samples_split': 200, 'estimator__classifier__n_estimators': 400, 'estimator__smote__k_neighbors': 7, 'estimator__smote__sampling_strategy': 0.3}",0.0013505312329362452,0.013114511936034159,0.004086702253791933,0.015549817031705257,0.27164394562341787,0.062062792059544715,0.05525658528762255,0.04110032296002003,0.0580206510481341,0.08358072059072473,194
28,31.40593457221985,25.06775812392157,1.7358916103839874,0.879114628246934,2,sqrt,20,500,50,7,0.3,"{'estimator__classifier__max_depth': 2, 'estimator__classifier__max_features': 'sqrt', 'estimator__classifier__min_samples_leaf': 20, 'estimator__classifier__min_samples_split': 500, 'estimator__classifier__n_estimators': 50, 'estimator__smote__k_neighbors': 7, 'estimator__smote__sampling_strategy': 0.3}",0.0011631398831082357,0.010863910144415194,0.0036092266580142196,0.04352651354177729,0.15483692510904193,0.06623072880558162,0.04459459166136125,0.03132076451061316,0.044518225039239114,0.04677423591217813,251
29,44.013268887996674,32.81375789110506,2.003498286008835,1.0527983215169914,2,sqrt,20,500,100,7,0.3,"{'estimator__classifier__max_depth': 2, 'estimator__classifier__max_features': 'sqrt', 'estimator__classifier__min_samples_leaf': 20, 'estimator__classifier__min_samples_split': 500, 'estimator__classifier__n_estimators': 100, 'estimator__smote__k_neighbors': 7, 'estimator__smote__sampling_strategy': 0.3}",0.0012546177229033136,0.011481755135250567,0.0037902927153854148,0.042753117280413026,0.17760674271226806,0.05792312502322712,0.043248781522546235,0.051840916869124155,0.048737418622639736,0.05295055897370754,237
30,110.65350970625877,88.83329613367073,2.5209880769252777,0.8815158228845072,2,sqrt,20,500,300,7,0.3,"{'estimator__classifier__max_depth': 2, 'estimator__classifier__max_features': 'sqrt', 'estimator__classifier__min_samples_leaf': 20, 'estimator__classifier__min_samples_split': 500, 'estimator__classifier__n_estimators': 300, 'estimator__smote__k_neighbors': 7, 'estimator__smote__sampling_strategy': 0.3}",0.0013691199982921363,0.01254901132879812,0.0038439585327140133,0.019044926582655056,0.2581489762943607,0.05627019815686049,0.052613764598706925,0.046394356461856065,0.05627928899428043,0.07899829441372669,211
31,135.83595442771912,105.65055565561767,3.4013610780239105,1.7377909363977098,2,sqrt,20,500,400,7,0.3,"{'estimator__classifier__max_depth': 2, 'estimator__classifier__max_features': 'sqrt', 'estimator__classifier__min_samples_leaf': 20, 'estimator__classifier__min_samples_split': 500, 'estimator__classifier__n_estimators': 400, 'estimator__smote__k_neighbors': 7, 'estimator__smote__sampling_strategy': 0.3}",0.0013504573722262702,0.013114457431967225,0.0040882950779421254,0.015549781871557861,0.2716438096894433,0.06184356386139412,0.05526761359655636,0.0411002554927053,0.057994779299224065,0.08357922367574186,197
32,29.378397583961487,24.55196094181464,1.7275221943855286,0.8933458170358761,2,sqrt,100,30,50,7,0.3,"{'estimator__classifier__max_depth': 2, 'estimator__classifier__max_features': 'sqrt', 'estimator__classifier__min_samples_leaf': 100, 'estimator__classifier__min_samples_split': 30, 'estimator__classifier__n_estimators': 50, 'estimator__smote__k_neighbors': 7, 'estimator__smote__sampling_strategy': 0.3}",0.0011611819959810958,0.010891586211695014,0.0035981991543608417,0.04351904336139101,0.1546938231205894,0.06622929655034962,0.04470549519863413,0.0313180708289508,0.04451458705274399,0.04673106966581454,253
33,45.186829060316086,36.912230741880975,2.071309417486191,0.8931840128732181,2,sqrt,100,30,100,7,0.3,"{'estimator__classifier__max_depth': 2, 'estimator__classifier__max_features': 'sqrt', 'estimator__classifier__min_samples_leaf': 100, 'estimator__classifier__min_samples_split': 30, 'estimator__classifier__n_estimators': 100, 'estimator__smote__k_neighbors': 7, 'estimator__smote__sampling_strategy': 0.3}",0.0012535838685932034,0.011489978366438721,0.0037903165565163254,0.04275613630633573,0.17761265173792767,0.05791993887522422,0.04324916651959905,0.051849082800856976,0.048740106878936484,0.05295168999531365,232
34,104.00243756175041,82.1936788402082,2.8563334941864014,1.5719473549821994,2,sqrt,100,30,300,7,0.3,"{'estimator__classifier__max_depth': 2, 'estimator__classifier__max_features': 'sqrt', 'estimator__classifier__min_samples_leaf': 100, 'estimator__classifier__min_samples_split': 30, 'estimator__classifier__n_estimators': 300, 'estimator__smote__k_neighbors': 7, 'estimator__smote__sampling_strategy': 0.3}",0.0013690502385913037,0.0125560921869023,0.003843864999982646,0.019044481603883803,0.2494277546932189,0.05597191709238485,0.05262383897277348,0.04639433336657446,0.05515391664428897,0.0762152577151368,220
35,135.34572234749794,106.28292786958163,3.039991408586502,1.4641254813912874,2,sqrt,100,30,400,7,0.3,"{'estimator__classifier__max_depth': 2, 'estimator__classifier__max_features': 'sqrt', 'estimator__classifier__min_samples_leaf': 100, 'estimator__classifier__min_samples_split': 30, 'estimator__classifier__n_estimators': 400, 'estimator__smote__k_neighbors': 7, 'estimator__smote__sampling_strategy': 0.3}",0.0013505449283489164,0.01311241627509101,0.004086646388181812,0.015549382868030596,0.2716439207229106,0.06205673839825086,0.055256048215286166,0.04083485086186712,0.057986318582245885,0.08358761319141769,201
36,29.05743333697319,23.13111179140911,2.14456370472908,1.1218415540230102,2,sqrt,100,50,50,7,0.3,"{'estimator__classifier__max_depth': 2, 'estimator__classifier__max_features': 'sqrt', 'estimator__classifier__min_samples_leaf': 100, 'estimator__classifier__min_samples_split': 50, 'estimator__classifier__n_estimators': 50, 'estimator__smote__k_neighbors': 7, 'estimator__smote__sampling_strategy': 0.3}",0.0011612317728670035,0.010888962026087162,0.0035994057712023363,0.04352616808939068,0.15469382778769197,0.0662385944015625,0.04470549519863413,0.031323527693099346,0.04451715159256689,0.04673149784722447,252
37,45.76690116524696,36.17979087491755,1.9685693979263306,0.9169489187856295,2,sqrt,100,50,100,7,0.3,"{'estimator__classifier__max_depth': 2, 'estimator__classifier__max_features': 'sqrt', 'estimator__classifier__min_samples_leaf': 100, 'estimator__classifier__min_samples_split': 50, 'estimator__classifier__n_estimators': 100, 'estimator__smote__k_neighbors': 7, 'estimator__smote__sampling_strategy': 0.3}",0.0012535416799298949,0.011488098411419267,0.0037904014922766757,0.04275484822935451,0.18051979658623504,0.05792606221550274,0.04324916651959905,0.05184091686912417,0.04910285400043017,0.053837680234597896,229
38,107.51115587353706,83.50343629178245,2.7792502343654633,1.1016383395583367,2,sqrt,100,50,300,7,0.3,"{'estimator__classifier__max_depth': 2, 'estimator__classifier__max_features': 'sqrt', 'estimator__classifier__min_samples_leaf': 100, 'estimator__classifier__min_samples_split': 50, 'estimator__classifier__n_estimators': 300, 'estimator__smote__k_neighbors': 7, 'estimator__smote__sampling_strategy': 0.3}",0.0013690437377190778,0.012557369783980064,0.003843864999982647,0.019044381858917117,0.24942784943180832,0.05627824364563379,0.052613764598706925,0.04639433336657446,0.0551911064279153,0.0762157258535477,218
39,133.41669648885727,106.97717870404165,3.2978342473506927,1.6171170164558561,2,sqrt,100,50,400,7,0.3,"{'estimator__classifier__max_depth': 2, 'estimator__classifier__max_features': 'sqrt', 'estimator__classifier__min_samples_leaf': 100, 'estimator__classifier__min_samples_split': 50, 'estimator__classifier__n_estimators': 400, 'estimator__smote__k_neighbors': 7, 'estimator__smote__sampling_strategy': 0.3}",0.0013505449283489164,0.013119277411850731,0.004088257597871214,0.015549300382045479,0.271643784788936,0.061834922018559425,0.055256048215286166,0.040916948326163535,0.05796988545863269,0.08358356893213922,205
40,30.10847094655037,24.33740532132475,1.9739812910556793,1.0472172986591441,2,sqrt,100,200,50,7,0.3,"{'estimator__classifier__max_depth': 2, 'estimator__classifier__max_features': 'sqrt', 'estimator__classifier__min_samples_leaf': 100, 'estimator__classifier__min_samples_split': 200, 'estimator__classifier__n_estimators': 50, 'estimator__smote__k_neighbors': 7, 'estimator__smote__sampling_strategy': 0.3}",0.0011611819959810958,0.010889617817536326,0.003608623269809605,0.043525699995323304,0.15469491081093087,0.06623526542808512,0.04471384689022286,0.031317894225447326,0.04451838005416706,0.04673076604365876,250
41,44.33912342786789,33.55930105469538,1.9558298587799072,0.8738343851032987,2,sqrt,100,200,100,7,0.3,"{'estimator__classifier__max_depth': 2, 'estimator__classifier__max_features': 'sqrt', 'estimator__classifier__min_samples_leaf': 100, 'estimator__classifier__min_samples_split': 200, 'estimator__classifier__n_estimators': 100, 'estimator__smote__k_neighbors': 7, 'estimator__smote__sampling_strategy': 0.3}",0.0012535416799298949,0.011478999521891055,0.0037898597019902225,0.04275569125005228,0.17761265173792767,0.057925456028587674,0.0432492046798232,0.051840916869124155,0.04873829018366577,0.05295277425233105,235
42,105.71090519428253,84.53681783787917,2.8052187860012054,1.531824766344649,2,sqrt,100,200,300,7,0.3,"{'estimator__classifier__max_depth': 2, 'estimator__classifier__max_features': 'sqrt', 'estimator__classifier__min_samples_leaf': 100, 'estimator__classifier__min_samples_split': 200, 'estimator__classifier__n_estimators': 300, 'estimator__smote__k_neighbors': 7, 'estimator__smote__sampling_strategy': 0.3}",0.0013690363684234885,0.012556185419215181,0.003843934495966107,0.01904469833036864,0.25814760627021327,0.05597596739965165,0.05262383897277348,0.04639433336657446,0.056244450077898286,0.07899739018582466,212
43,130.57841828465462,103.38695517918603,3.311817616224289,1.8987030969995207,2,sqrt,100,200,400,7,0.3,"{'estimator__classifier__max_depth': 2, 'estimator__classifier__max_features': 'sqrt', 'estimator__classifier__min_samples_leaf': 100, 'estimator__classifier__min_samples_split': 200, 'estimator__classifier__n_estimators': 400, 'estimator__smote__k_neighbors': 7, 'estimator__smote__sampling_strategy': 0.3}",0.0013505449283489164,0.013119281546732635,0.004086668126997427,0.015549196488734372,0.271643784788936,0.06210712282448717,0.055256048215286166,0.04083485086186712,0.05799343722267373,0.08358742745608076,198
44,31.282564014196396,25.272421799743714,1.9784228205680847,0.9104887211757601,2,sqrt,100,500,50,7,0.3,"{'estimator__classifier__max_depth': 2, 'estimator__classifier__max_features': 'sqrt', 'estimator__classifier__min_samples_leaf': 100, 'estimator__classifier__min_samples_split': 500, 'estimator__classifier__n_estimators': 50, 'estimator__smote__k_neighbors': 7, 'estimator__smote__sampling_strategy': 0.3}",0.0011611819959810958,0.010905162726581466,0.003608641538202367,0.04352614232975938,0.15470722644844656,0.06623709255072745,0.04470554298873207,0.0313206113200129,0.044521450237305416,0.04673300043871712,248
45,46.122825771570206,37.636658578799576,2.218160182237625,1.120175766101269,2,sqrt,100,500,100,7,0.3,"{'estimator__classifier__max_depth': 2, 'estimator__classifier__max_features': 'sqrt', 'estimator__classifier__min_samples_leaf': 100, 'estimator__classifier__min_samples_split': 500, 'estimator__classifier__n_estimators': 100, 'estimator__smote__k_neighbors': 7, 'estimator__smote__sampling_strategy': 0.3}",0.0012535416799298949,0.011480760101840175,0.0037903165565163254,0.042753135759045074,0.1776127200589199,0.05775058338371328,0.04324916651959905,0.051849082800856976,0.048717413357552586,0.052948927540958896,239
46,105.67564994096756,83.2899255026218,2.5044384002685547,1.4450908291344091,2,sqrt,100,500,300,7,0.3,"{'estimator__classifier__max_depth': 2, 'estimator__classifier__max_features': 'sqrt', 'estimator__classifier__min_samples_leaf': 100, 'estimator__classifier__min_samples_split': 500, 'estimator__classifier__n_estimators': 300, 'estimator__smote__k_neighbors': 7, 'estimator__smote__sampling_strategy': 0.3}",0.0013690363684234885,0.012550572112590374,0.0038438649999826464,0.01904448627736038,0.24942752345892602,0.055976417927392046,0.05262383897277348,0.04639433336657446,0.05515375918550286,0.07621557671983376,221
47,135.72457072138786,105.49768193050528,3.4859341979026794,1.6226480976964197,2,sqrt,100,500,400,7,0.3,"{'estimator__classifier__max_depth': 2, 'estimator__classifier__max_features': 'sqrt', 'estimator__classifier__min_samples_leaf': 100, 'estimator__classifier__min_samples_split': 500, 'estimator__classifier__n_estimators': 400, 'estimator__smote__k_neighbors': 7, 'estimator__smote__sampling_strategy': 0.3}",0.0013504719175113167,0.013111232841067195,0.004086646388181812,0.015549205808897307,0.271643784788936,0.062058428282121283,0.05526707652421998,0.04110030025095626,0.0580208933502364,0.0835808687165339,193
48,28.644066214561462,22.382405570272642,1.7936998903751373,0.9299777670518917,2,sqrt,300,30,50,7,0.3,"{'estimator__classifier__max_depth': 2, 'estimator__classifier__max_features': 'sqrt', 'estimator__classifier__min_samples_leaf': 300, 'estimator__classifier__min_samples_split': 30, 'estimator__classifier__n_estimators': 50, 'estimator__smote__k_neighbors': 7, 'estimator__smote__sampling_strategy': 0.3}",0.0011782639333911425,0.010846286993060589,0.0036034567084311363,0.04352231684369981,0.15483086203725716,0.06622992085394114,0.04471946652353157,0.03131826995237721,0.04453110548071122,0.0467730095019157,246
49,43.59624594449997,33.856749860657025,1.970466524362564,0.973706823830997,2,sqrt,300,30,100,7,0.3,"{'estimator__classifier__max_depth': 2, 'estimator__classifier__max_features': 'sqrt', 'estimator__classifier__min_samples_leaf': 300, 'estimator__classifier__min_samples_split': 30, 'estimator__classifier__n_estimators': 100, 'estimator__smote__k_neighbors': 7, 'estimator__smote__sampling_strategy': 0.3}",0.001242904380805951,0.011462765335059445,0.003789249673252907,0.0427545925799195,0.1807959513134799,0.057996123884609736,0.04324922925525559,0.05184089709800515,0.04914146419004852,0.053926902166657346,226
50,107.26418453454971,86.66814800300337,2.6755024790763855,1.5872908360535365,2,sqrt,300,30,300,7,0.3,"{'estimator__classifier__max_depth': 2, 'estimator__classifier__max_features': 'sqrt', 'estimator__classifier__min_samples_leaf': 300, 'estimator__classifier__min_samples_split': 30, 'estimator__classifier__n_estimators': 300, 'estimator__smote__k_neighbors': 7, 'estimator__smote__sampling_strategy': 0.3}",0.0013556300455223771,0.01254598964347504,0.003843596270388424,0.018213866578566926,0.2581521026204705,0.05598057569861925,0.05281778452198487,0.04639441263258585,0.05616299475145166,0.07904903126353419,214
51,133.66539311408997,102.22735281691922,2.9139093458652496,1.2704720849838531,2,sqrt,300,30,400,7,0.3,"{'estimator__classifier__max_depth': 2, 'estimator__classifier__max_features': 'sqrt', 'estimator__classifier__min_samples_leaf': 300, 'estimator__classifier__min_samples_split': 30, 'estimator__classifier__n_estimators': 400, 'estimator__smote__k_neighbors': 7, 'estimator__smote__sampling_strategy': 0.3}",0.001349633521140835,0.01299732136024924,0.004085358553638291,0.015549564868040936,0.27164222321746184,0.062073700750505875,0.05525214974239086,0.041100411912010165,0.05800629549067976,0.08358833211993835,195
52,27.90669673681259,22.449369857278157,1.9651993215084076,1.0369629651336874,2,sqrt,300,50,50,7,0.3,"{'estimator__classifier__max_depth': 2, 'estimator__classifier__max_features': 'sqrt', 'estimator__classifier__min_samples_leaf': 300, 'estimator__classifier__min_samples_split': 50, 'estimator__classifier__n_estimators': 50, 'estimator__smote__k_neighbors': 7, 'estimator__smote__sampling_strategy': 0.3}",0.0011782639333911425,0.010830980490790563,0.0036035958332516155,0.04351340718256085,0.15483087112312113,0.0662271353078583,0.044719463591634846,0.031315054259378784,0.044527346465248405,0.046774351194036536,247
53,44.81432917714119,35.5235108106033,1.871087521314621,0.9687153130909297,2,sqrt,300,50,100,7,0.3,"{'estimator__classifier__max_depth': 2, 'estimator__classifier__max_features': 'sqrt', 'estimator__classifier__min_samples_leaf': 300, 'estimator__classifier__min_samples_split': 50, 'estimator__classifier__n_estimators': 100, 'estimator__smote__k_neighbors': 7, 'estimator__smote__sampling_strategy': 0.3}",0.001243797759791721,0.011471544701635847,0.003789249673252907,0.042752834765307085,0.1807959513134799,0.058007251520715994,0.043249229255255595,0.05182680994522564,0.04914208361683309,0.05392620293887781,225
54,108.06126198172569,84.93648578716456,2.662830203771591,1.283049271165212,2,sqrt,300,50,300,7,0.3,"{'estimator__classifier__max_depth': 2, 'estimator__classifier__max_features': 'sqrt', 'estimator__classifier__min_samples_leaf': 300, 'estimator__classifier__min_samples_split': 50, 'estimator__classifier__n_estimators': 300, 'estimator__smote__k_neighbors': 7, 'estimator__smote__sampling_strategy': 0.3}",0.0013556300455223771,0.012545989643475038,0.003843596270388424,0.018213866578566926,0.24943201980918323,0.05628356174746014,0.05280771014791832,0.04639441263258585,0.055109598359387536,0.07626801648625403,223
55,144.57330855727196,121.26981795598765,3.050093412399292,1.6514332806768877,2,sqrt,300,50,400,7,0.3,"{'estimator__classifier__max_depth': 2, 'estimator__classifier__max_features': 'sqrt', 'estimator__classifier__min_samples_leaf': 300, 'estimator__classifier__min_samples_split': 50, 'estimator__classifier__n_estimators': 400, 'estimator__smote__k_neighbors': 7, 'estimator__smote__sampling_strategy': 0.3}",0.001349633521140835,0.012992078727173676,0.004085296221378057,0.015549621624021933,0.2716420863457448,0.06207807466975473,0.05526317805132466,0.04083496252292102,0.05797436646043246,0.08359538123291149,203
56,31.7185600399971,25.448736446011686,1.945927381515503,0.8397086722673865,2,sqrt,300,200,50,7,0.3,"{'estimator__classifier__max_depth': 2, 'estimator__classifier__max_features': 'sqrt', 'estimator__classifier__min_samples_leaf': 300, 'estimator__classifier__min_samples_split': 200, 'estimator__classifier__n_estimators': 50, 'estimator__smote__k_neighbors': 7, 'estimator__smote__sampling_strategy': 0.3}",0.0011782639333911425,0.010830239462278752,0.0036034567084311363,0.04352358785576638,0.15483483251524402,0.0662309456200277,0.044608026322663315,0.030723038867363394,0.04444154891064573,0.046797041150552894,256
57,44.43570950627327,32.7153639378997,1.8898596465587616,0.9051537550676225,2,sqrt,300,200,100,7,0.3,"{'estimator__classifier__max_depth': 2, 'estimator__classifier__max_features': 'sqrt', 'estimator__classifier__min_samples_leaf': 300, 'estimator__classifier__min_samples_split': 200, 'estimator__classifier__n_estimators': 100, 'estimator__smote__k_neighbors': 7, 'estimator__smote__sampling_strategy': 0.3}",0.0012429043808059512,0.011462765335059447,0.003789295635530426,0.042754571556936474,0.17761624081551441,0.05782544960559635,0.04324922925525559,0.05184089709800515,0.04872266921033797,0.052954402623437244,238
58,116.05161532759666,97.15389927259231,2.5854691863059998,1.3743766288474164,2,sqrt,300,200,300,7,0.3,"{'estimator__classifier__max_depth': 2, 'estimator__classifier__max_features': 'sqrt', 'estimator__classifier__min_samples_leaf': 300, 'estimator__classifier__min_samples_split': 200, 'estimator__classifier__n_estimators': 300, 'estimator__smote__k_neighbors': 7, 'estimator__smote__sampling_strategy': 0.3}",0.0013556300455223771,0.012545989643475038,0.0038435962703884242,0.018213847437367946,0.24943225104347608,0.05627563572176274,0.05280771014791832,0.04639441263258585,0.0551086341178121,0.07626807608377366,224
59,146.86639311909676,109.63505607902466,3.5887446105480194,1.5624361438921446,2,sqrt,300,200,400,7,0.3,"{'estimator__classifier__max_depth': 2, 'estimator__classifier__max_features': 'sqrt', 'estimator__classifier__min_samples_leaf': 300, 'estimator__classifier__min_samples_split': 200, 'estimator__classifier__n_estimators': 400, 'estimator__smote__k_neighbors': 7, 'estimator__smote__sampling_strategy': 0.3}",0.001349633521140835,0.012990893089489745,0.004085296221378056,0.015549612303858998,0.27164222321746184,0.06212649974501897,0.05525214974239086,0.04083496252292102,0.05797890879545754,0.0835958488813305,202
60,32.466797918081284,22.145076707820245,2.1094705164432526,0.9311847114646233,2,sqrt,300,500,50,7,0.3,"{'estimator__classifier__max_depth': 2, 'estimator__classifier__max_features': 'sqrt', 'estimator__classifier__min_samples_leaf': 300, 'estimator__classifier__min_samples_split': 500, 'estimator__classifier__n_estimators': 50, 'estimator__smote__k_neighbors': 7, 'estimator__smote__sampling_strategy': 0.3}",0.0011782639333911425,0.010838660465405065,0.0036035065232831827,0.04352158415370811,0.15483086203725716,0.06623401173378489,0.044719463591634846,0.03072864578858652,0.04445687477838136,0.04679515057418149,254
61,46.3406997025013,35.56135420278068,1.8935686945915222,0.9944338892423914,2,sqrt,300,500,100,7,0.3,"{'estimator__classifier__max_depth': 2, 'estimator__classifier__max_features': 'sqrt', 'estimator__classifier__min_samples_leaf': 300, 'estimator__classifier__min_samples_split': 500, 'estimator__classifier__n_estimators': 100, 'estimator__smote__k_neighbors': 7, 'estimator__smote__sampling_strategy': 0.3}",0.0012429526678731221,0.01146274242381493,0.003789866152236884,0.04275380039371595,0.1778886582316502,0.057825908094679294,0.04324922925525559,0.05184089709800515,0.04875675678965389,0.05303725587397735,230
62,106.64126688241959,84.40001412863973,2.446278840303421,1.0570490415160867,2,sqrt,300,500,300,7,0.3,"{'estimator__classifier__max_depth': 2, 'estimator__classifier__max_features': 'sqrt', 'estimator__classifier__min_samples_leaf': 300, 'estimator__classifier__min_samples_split': 500, 'estimator__classifier__n_estimators': 300, 'estimator__smote__k_neighbors': 7, 'estimator__smote__sampling_strategy': 0.3}",0.0013556365426480267,0.01254598964347504,0.0038435962703884242,0.018213673661273137,0.2581519661247671,0.05627975704388473,0.05281778452198486,0.04639441263258585,0.05620035205512589,0.07904897432167712,213
63,143.69573360681534,116.0927640786195,2.5884937047958374,1.0387456361320522,2,sqrt,300,500,400,7,0.3,"{'estimator__classifier__max_depth': 2, 'estimator__classifier__max_features': 'sqrt', 'estimator__classifier__min_samples_leaf': 300, 'estimator__classifier__min_samples_split': 500, 'estimator__classifier__n_estimators': 400, 'estimator__smote__k_neighbors': 7, 'estimator__smote__sampling_strategy': 0.3}",0.001349705658235349,0.012990897224371646,0.004083785228300322,0.015549564868040936,0.27164222321746184,0.062104937191736265,0.05526317805132468,0.04091705998721744,0.05798766892833605,0.08359368898722311,200
64,47.958009749650955,39.414485883786206,1.952574461698532,0.8713980924509857,5,sqrt,10,30,50,7,0.3,"{'estimator__classifier__max_depth': 5, 'estimator__classifier__max_features': 'sqrt', 'estimator__classifier__min_samples_leaf': 10, 'estimator__classifier__min_samples_split': 30, 'estimator__classifier__n_estimators': 50, 'estimator__smote__k_neighbors': 7, 'estimator__smote__sampling_strategy': 0.3}",0.0008892383847466315,0.011602530752945709,0.003463827636473866,0.015408995131270635,0.18908193772231321,0.057838853011085885,0.09986982002288766,0.10231698359907168,0.060059023282599405,0.06231794750614539,190
65,78.56318598985672,68.96182668449202,1.8772870004177094,0.8911446436001773,5,sqrt,10,30,100,7,0.3,"{'estimator__classifier__max_depth': 5, 'estimator__classifier__max_features': 'sqrt', 'estimator__classifier__min_samples_leaf': 10, 'estimator__classifier__min_samples_split': 30, 'estimator__classifier__n_estimators': 100, 'estimator__smote__k_neighbors': 7, 'estimator__smote__sampling_strategy': 0.3}",0.000845377192387642,0.013285716772233473,0.0038750520235685485,0.02045479385883207,0.29458488428045937,0.06252485977654655,0.11289616061340246,0.06775267708977453,0.07202744020090057,0.091605542196061,96
66,196.17848500609398,167.69394675753995,3.080286055803299,1.7939410815506247,5,sqrt,10,30,300,7,0.3,"{'estimator__classifier__max_depth': 5, 'estimator__classifier__max_features': 'sqrt', 'estimator__classifier__min_samples_leaf': 10, 'estimator__classifier__min_samples_split': 30, 'estimator__classifier__n_estimators': 300, 'estimator__smote__k_neighbors': 7, 'estimator__smote__sampling_strategy': 0.3}",0.0008785077317027461,0.01618901963595024,0.004881970321059371,0.019929707011366784,0.29140449402588586,0.062301339964732076,0.14370583418367655,0.06684323825123348,0.07576676389070089,0.09265290354520057,53
67,261.13303193449974,223.17806937361826,3.9261041283607483,2.1122026728217875,5,sqrt,10,30,400,7,0.3,"{'estimator__classifier__max_depth': 5, 'estimator__classifier__max_features': 'sqrt', 'estimator__classifier__min_samples_leaf': 10, 'estimator__classifier__min_samples_split': 30, 'estimator__classifier__n_estimators': 400, 'estimator__smote__k_neighbors': 7, 'estimator__smote__sampling_strategy': 0.3}",0.0009341556349049523,0.01731099380495869,0.004938866871557256,0.022467833592045024,0.28233836343430596,0.06306887161367401,0.1336598912761998,0.07467600695017487,0.07492437289722757,0.08877960946677896,62
68,48.72338715195656,43.935309560166395,1.901756376028061,1.1418714236742247,5,sqrt,10,50,50,7,0.3,"{'estimator__classifier__max_depth': 5, 'estimator__classifier__max_features': 'sqrt', 'estimator__classifier__min_samples_leaf': 10, 'estimator__classifier__min_samples_split': 50, 'estimator__classifier__n_estimators': 50, 'estimator__smote__k_neighbors': 7, 'estimator__smote__sampling_strategy': 0.3}",0.0008933857525006035,0.011859310353718622,0.0034410118202678796,0.015485490371542088,0.19612250329043424,0.05483464824404312,0.10024959191905865,0.10008285495442153,0.060371099588248336,0.06400503741047384,188
69,81.08472916483879,69.80575209731381,2.013866573572159,1.0704927274016462,5,sqrt,10,50,100,7,0.3,"{'estimator__classifier__max_depth': 5, 'estimator__classifier__max_features': 'sqrt', 'estimator__classifier__min_samples_leaf': 10, 'estimator__classifier__min_samples_split': 50, 'estimator__classifier__n_estimators': 100, 'estimator__smote__k_neighbors': 7, 'estimator__smote__sampling_strategy': 0.3}",0.0008443343184081646,0.014431776683884139,0.0038776934987472915,0.01813064614635175,0.2959004430662518,0.062005572335473214,0.1115408353749712,0.06754115028968019,0.07178405646422097,0.09201499060046872,103
70,211.89376121759415,177.72439054091888,3.3280332386493683,1.7310383201043473,5,sqrt,10,50,300,7,0.3,"{'estimator__classifier__max_depth': 5, 'estimator__classifier__max_features': 'sqrt', 'estimator__classifier__min_samples_leaf': 10, 'estimator__classifier__min_samples_split': 50, 'estimator__classifier__n_estimators': 300, 'estimator__smote__k_neighbors': 7, 'estimator__smote__sampling_strategy': 0.3}",0.0009638798200662182,0.016453733893833766,0.004804109279849008,0.019290372503722862,0.2925646921510979,0.06199151785448985,0.14203665743488858,0.07923382206212094,0.07716734812500864,0.09281561925445894,30
71,269.45299929380417,223.54420948644727,4.087799459695816,2.6169291002443447,5,sqrt,10,50,400,7,0.3,"{'estimator__classifier__max_depth': 5, 'estimator__classifier__max_features': 'sqrt', 'estimator__classifier__min_samples_leaf': 10, 'estimator__classifier__min_samples_split': 50, 'estimator__classifier__n_estimators': 400, 'estimator__smote__k_neighbors': 7, 'estimator__smote__sampling_strategy': 0.3}",0.00102186686286495,0.016115191534174293,0.004692390710443316,0.021337866330471654,0.287031714604597,0.062435350710888855,0.12929682727408257,0.08458941751076336,0.07581507819228575,0.09007849031189864,48
72,49.09511253237724,40.26527377832143,1.964454472064972,0.967274572682005,5,sqrt,10,200,50,7,0.3,"{'estimator__classifier__max_depth': 5, 'estimator__classifier__max_features': 'sqrt', 'estimator__classifier__min_samples_leaf': 10, 'estimator__classifier__min_samples_split': 200, 'estimator__classifier__n_estimators': 50, 'estimator__smote__k_neighbors': 7, 'estimator__smote__sampling_strategy': 0.3}",0.0014097213204546965,0.011907888074017142,0.00338937593755808,0.014531204834503979,0.24463309336434425,0.05347070737634355,0.10250931063552464,0.08961963665080483,0.0651838672741939,0.07715183198565553,180
73,81.35239362716675,67.19576702213827,2.026843935251236,0.8970338509489307,5,sqrt,10,200,100,7,0.3,"{'estimator__classifier__max_depth': 5, 'estimator__classifier__max_features': 'sqrt', 'estimator__classifier__min_samples_leaf': 10, 'estimator__classifier__min_samples_split': 200, 'estimator__classifier__n_estimators': 100, 'estimator__smote__k_neighbors': 7, 'estimator__smote__sampling_strategy': 0.3}",0.0009056265787871382,0.014633587597527805,0.0036657493899527153,0.01601636300411072,0.3014721314371316,0.05922216647541616,0.12043813392943992,0.08956992956173589,0.07574046099676274,0.09454682147837923,54
74,197.75239691138268,165.86558253889052,2.9688991010189056,1.812452702548785,5,sqrt,10,200,300,7,0.3,"{'estimator__classifier__max_depth': 5, 'estimator__classifier__max_features': 'sqrt', 'estimator__classifier__min_samples_leaf': 10, 'estimator__classifier__min_samples_split': 200, 'estimator__classifier__n_estimators': 300, 'estimator__smote__k_neighbors': 7, 'estimator__smote__sampling_strategy': 0.3}",0.001675697836085571,0.016156540850956913,0.004402815808459723,0.021741051928980428,0.31809947281122464,0.06360899209807308,0.12764944759019833,0.08099873880122295,0.07929159471565021,0.09908783956489327,12
75,264.59394976496696,219.30810798257684,3.917434722185135,2.107131060173514,5,sqrt,10,200,400,7,0.3,"{'estimator__classifier__max_depth': 5, 'estimator__classifier__max_features': 'sqrt', 'estimator__classifier__min_samples_leaf': 10, 'estimator__classifier__min_samples_split': 200, 'estimator__classifier__n_estimators': 400, 'estimator__smote__k_neighbors': 7, 'estimator__smote__sampling_strategy': 0.3}",0.0016175726939642804,0.016400935538558044,0.004351540555727079,0.020751779640549722,0.2790012478106852,0.062357567800557255,0.12344875117934166,0.08442817284364029,0.07404469600787794,0.08729126281850957,69
76,51.29493671655655,44.130225452756484,1.8799457252025604,1.0315427966218393,5,sqrt,10,500,50,7,0.3,"{'estimator__classifier__max_depth': 5, 'estimator__classifier__max_features': 'sqrt', 'estimator__classifier__min_samples_leaf': 10, 'estimator__classifier__min_samples_split': 500, 'estimator__classifier__n_estimators': 50, 'estimator__smote__k_neighbors': 7, 'estimator__smote__sampling_strategy': 0.3}",0.0015085745253747753,0.014384207484226138,0.004047093801912451,0.012990858274675544,0.2619915299338878,0.05532589862859665,0.09221765239694307,0.08765362822142088,0.06626493040837966,0.08151208909030483,171
77,82.84698161482811,70.50211008362304,1.9812046587467194,0.8929306801968375,5,sqrt,10,500,100,7,0.3,"{'estimator__classifier__max_depth': 5, 'estimator__classifier__max_features': 'sqrt', 'estimator__classifier__min_samples_leaf': 10, 'estimator__classifier__min_samples_split': 500, 'estimator__classifier__n_estimators': 100, 'estimator__smote__k_neighbors': 7, 'estimator__smote__sampling_strategy': 0.3}",0.001254872349142691,0.014670370766153643,0.004076905450912719,0.02078208601348954,0.2868671743080982,0.06415960999174841,0.11339372005442601,0.07534757674223212,0.07256903945952542,0.08907848446317278,79
78,202.35533273220062,175.68851041828933,2.913414239883423,1.8553368036162086,5,sqrt,10,500,300,7,0.3,"{'estimator__classifier__max_depth': 5, 'estimator__classifier__max_features': 'sqrt', 'estimator__classifier__min_samples_leaf': 10, 'estimator__classifier__min_samples_split': 500, 'estimator__classifier__n_estimators': 300, 'estimator__smote__k_neighbors': 7, 'estimator__smote__sampling_strategy': 0.3}",0.0012345070931644988,0.015196864528619177,0.004442082912966446,0.018792146327193626,0.30329033581846304,0.06152476009335,0.15232905610974976,0.06515230586279777,0.07774525734328804,0.09712751505650134,23
79,264.57087251544,225.39994378106095,3.5189652740955353,2.1199808214267026,5,sqrt,10,500,400,7,0.3,"{'estimator__classifier__max_depth': 5, 'estimator__classifier__max_features': 'sqrt', 'estimator__classifier__min_samples_leaf': 10, 'estimator__classifier__min_samples_split': 500, 'estimator__classifier__n_estimators': 400, 'estimator__smote__k_neighbors': 7, 'estimator__smote__sampling_strategy': 0.3}",0.0012830098140042263,0.01659010282880184,0.004427365675918873,0.021085610103312846,0.2736687479781274,0.06454725887815504,0.13595450774536474,0.07008389665158288,0.07345506245940847,0.08662579403224757,72
80,52.0984491109848,44.026591338402845,1.8924607634544373,1.0333370782759936,5,sqrt,20,30,50,7,0.3,"{'estimator__classifier__max_depth': 5, 'estimator__classifier__max_features': 'sqrt', 'estimator__classifier__min_samples_leaf': 20, 'estimator__classifier__min_samples_split': 30, 'estimator__classifier__n_estimators': 50, 'estimator__smote__k_neighbors': 7, 'estimator__smote__sampling_strategy': 0.3}",0.0009629668642191116,0.012150683754259876,0.0034094701953277474,0.015763467788698672,0.20456610969324673,0.05343362742163624,0.09440902950472373,0.09520794161615972,0.05998791210478398,0.06547933243432526,191
81,85.63458088040352,75.08587451634045,2.1474322378635406,1.0709568497620325,5,sqrt,20,30,100,7,0.3,"{'estimator__classifier__max_depth': 5, 'estimator__classifier__max_features': 'sqrt', 'estimator__classifier__min_samples_leaf': 20, 'estimator__classifier__min_samples_split': 30, 'estimator__classifier__n_estimators': 100, 'estimator__smote__k_neighbors': 7, 'estimator__smote__sampling_strategy': 0.3}",0.0009095580080557859,0.013496784855352708,0.0036220885837932168,0.01889747915446883,0.29762221529091326,0.06486956144460924,0.11246757631095779,0.06539616941461823,0.07216017913284613,0.09260747192686575,86
82,206.81023356318474,177.97068365702708,3.2256258726119995,1.4994383043507673,5,sqrt,20,30,300,7,0.3,"{'estimator__classifier__max_depth': 5, 'estimator__classifier__max_features': 'sqrt', 'estimator__classifier__min_samples_leaf': 20, 'estimator__classifier__min_samples_split': 30, 'estimator__classifier__n_estimators': 300, 'estimator__smote__k_neighbors': 7, 'estimator__smote__sampling_strategy': 0.3}",0.0011590991450362933,0.016608122965699065,0.004763579299062938,0.020129340435445724,0.2976464787769765,0.06191237026211068,0.13172338965776062,0.07922848696204136,0.07664635843801663,0.09338262261251777,38
83,270.42238184809685,223.61210031520864,4.526606112718582,2.9150846933354053,5,sqrt,20,30,400,7,0.3,"{'estimator__classifier__max_depth': 5, 'estimator__classifier__max_features': 'sqrt', 'estimator__classifier__min_samples_leaf': 20, 'estimator__classifier__min_samples_split': 30, 'estimator__classifier__n_estimators': 400, 'estimator__smote__k_neighbors': 7, 'estimator__smote__sampling_strategy': 0.3}",0.0011540428645905028,0.015988255191466717,0.0045110407012944834,0.021510265329327653,0.29137804335271766,0.06337301095615083,0.12469791150282265,0.07390187855440745,0.07456430605659725,0.09095992982687154,65
84,49.0405253469944,42.72089373591525,2.065459758043289,1.1344423818615208,5,sqrt,20,50,50,7,0.3,"{'estimator__classifier__max_depth': 5, 'estimator__classifier__max_features': 'sqrt', 'estimator__classifier__min_samples_leaf': 20, 'estimator__classifier__min_samples_split': 50, 'estimator__classifier__n_estimators': 50, 'estimator__smote__k_neighbors': 7, 'estimator__smote__sampling_strategy': 0.3}",0.000962789032696696,0.01234364368043251,0.003420967521923223,0.01640499656016018,0.20728538486138828,0.05230764995371709,0.09417223184482533,0.09592841099233772,0.06035325930593513,0.06620798900918715,189
85,85.8519075512886,72.69174338139833,2.2078331112861633,0.9597848107782273,5,sqrt,20,50,100,7,0.3,"{'estimator__classifier__max_depth': 5, 'estimator__classifier__max_features': 'sqrt', 'estimator__classifier__min_samples_leaf': 20, 'estimator__classifier__min_samples_split': 50, 'estimator__classifier__n_estimators': 100, 'estimator__smote__k_neighbors': 7, 'estimator__smote__sampling_strategy': 0.3}",0.0009159887041350983,0.014165368971497932,0.003813996625263325,0.01779663996358167,0.30244297651428276,0.06258303348919907,0.11205185009548602,0.06520031846284342,0.07237127160328616,0.0940924045890856,81
86,204.01036670804024,176.77617295967266,2.9930602312088013,1.7267878276051016,5,sqrt,20,50,300,7,0.3,"{'estimator__classifier__max_depth': 5, 'estimator__classifier__max_features': 'sqrt', 'estimator__classifier__min_samples_leaf': 20, 'estimator__classifier__min_samples_split': 50, 'estimator__classifier__n_estimators': 300, 'estimator__smote__k_neighbors': 7, 'estimator__smote__sampling_strategy': 0.3}",0.0011547452529169712,0.016332226793061472,0.004770400463691895,0.019919636758956694,0.2962843239100107,0.06105818212152321,0.1335598012001405,0.0818494735620796,0.07686609875779762,0.09318697979712064,33
87,270.6445669233799,229.87810393136925,3.4136632084846497,1.543049934511006,5,sqrt,20,50,400,7,0.3,"{'estimator__classifier__max_depth': 5, 'estimator__classifier__max_features': 'sqrt', 'estimator__classifier__min_samples_leaf': 20, 'estimator__classifier__min_samples_split': 50, 'estimator__classifier__n_estimators': 400, 'estimator__smote__k_neighbors': 7, 'estimator__smote__sampling_strategy': 0.3}",0.0011529199564926933,0.015811620515811975,0.004554211056523136,0.021358890565201835,0.28965683568199013,0.06270685729982839,0.1249401813811966,0.07527796954882054,0.07443243575073318,0.09049643205029793,66
88,51.50569608807564,44.685617316011914,2.0614121854305267,1.0981267558835104,5,sqrt,20,200,50,7,0.3,"{'estimator__classifier__max_depth': 5, 'estimator__classifier__max_features': 'sqrt', 'estimator__classifier__min_samples_leaf': 20, 'estimator__classifier__min_samples_split': 200, 'estimator__classifier__n_estimators': 50, 'estimator__smote__k_neighbors': 7, 'estimator__smote__sampling_strategy': 0.3}",0.0014051231090738527,0.012145364852806465,0.003432587576660556,0.014157331771983906,0.23898424037587002,0.053266658961703045,0.09889167278375273,0.09474025048843496,0.0646279037400357,0.07554274579471264,181
89,82.91778519749641,69.87420699577832,2.257542610168457,1.1012351886758553,5,sqrt,20,200,100,7,0.3,"{'estimator__classifier__max_depth': 5, 'estimator__classifier__max_features': 'sqrt', 'estimator__classifier__min_samples_leaf': 20, 'estimator__classifier__min_samples_split': 200, 'estimator__classifier__n_estimators': 100, 'estimator__smote__k_neighbors': 7, 'estimator__smote__sampling_strategy': 0.3}",0.00155421997468971,0.01415092115528526,0.003744389422715866,0.016140764477438094,0.31531611906992424,0.05977320768877623,0.12001236898481799,0.07616953205454721,0.07585769035352433,0.09851646628777945,47
90,209.58630880713463,179.29899605323274,2.8771199584007263,1.6500102654621474,5,sqrt,20,200,300,7,0.3,"{'estimator__classifier__max_depth': 5, 'estimator__classifier__max_features': 'sqrt', 'estimator__classifier__min_samples_leaf': 20, 'estimator__classifier__min_samples_split': 200, 'estimator__classifier__n_estimators': 300, 'estimator__smote__k_neighbors': 7, 'estimator__smote__sampling_strategy': 0.3}",0.001613918688740949,0.015693113526124697,0.004596218579622261,0.023365261168250225,0.32180180912102035,0.06417999157795769,0.12084373160663495,0.08488284067150513,0.07962211061748203,0.09973858016616391,10
91,266.91960766911507,229.904257370367,3.461508423089981,1.8178481861271711,5,sqrt,20,200,400,7,0.3,"{'estimator__classifier__max_depth': 5, 'estimator__classifier__max_features': 'sqrt', 'estimator__classifier__min_samples_leaf': 20, 'estimator__classifier__min_samples_split': 200, 'estimator__classifier__n_estimators': 400, 'estimator__smote__k_neighbors': 7, 'estimator__smote__sampling_strategy': 0.3}",0.0016308902815906736,0.016383015985060145,0.004281786647821267,0.020841688216394497,0.2741733015277894,0.06303629018151832,0.12240376835811824,0.08373978502024768,0.07331131577731753,0.08578096216998962,74
92,50.71423104405403,41.81442116709054,1.9582842290401459,0.7662632195301898,5,sqrt,20,500,50,7,0.3,"{'estimator__classifier__max_depth': 5, 'estimator__classifier__max_features': 'sqrt', 'estimator__classifier__min_samples_leaf': 20, 'estimator__classifier__min_samples_split': 500, 'estimator__classifier__n_estimators': 50, 'estimator__smote__k_neighbors': 7, 'estimator__smote__sampling_strategy': 0.3}",0.0015066405320475168,0.014371838839857636,0.004033755306907842,0.013043684621812173,0.2680995014458021,0.051842114751608236,0.09132826666515635,0.08917442854348762,0.06667502883833493,0.08343308050355734,170
93,77.14925873279572,61.588457750657284,1.8397216796875,0.8673071281357911,5,sqrt,20,500,100,7,0.3,"{'estimator__classifier__max_depth': 5, 'estimator__classifier__max_features': 'sqrt', 'estimator__classifier__min_samples_leaf': 20, 'estimator__classifier__min_samples_split': 500, 'estimator__classifier__n_estimators': 100, 'estimator__smote__k_neighbors': 7, 'estimator__smote__sampling_strategy': 0.3}",0.0012773481878246209,0.014324858873942721,0.004101877539923225,0.02025735164362582,0.2925408383581795,0.06320346124107101,0.11379598633495898,0.0780518085278003,0.07344419133841577,0.09089695807950023,73
94,201.64854326844215,167.2554080323182,2.772194981575012,1.6550899021529382,5,sqrt,20,500,300,7,0.3,"{'estimator__classifier__max_depth': 5, 'estimator__classifier__max_features': 'sqrt', 'estimator__classifier__min_samples_leaf': 20, 'estimator__classifier__min_samples_split': 500, 'estimator__classifier__n_estimators': 300, 'estimator__smote__k_neighbors': 7, 'estimator__smote__sampling_strategy': 0.3}",0.001289110001954981,0.014855975795634278,0.004468155529486297,0.020478667094159516,0.30001464713521814,0.06236369420965341,0.15035379162236293,0.06510938071935662,0.07736667776347828,0.0958647435061421,24
95,272.43521440029144,229.3982903985684,3.3550126254558563,1.7044395321535977,5,sqrt,20,500,400,7,0.3,"{'estimator__classifier__max_depth': 5, 'estimator__classifier__max_features': 'sqrt', 'estimator__classifier__min_samples_leaf': 20, 'estimator__classifier__min_samples_split': 500, 'estimator__classifier__n_estimators': 400, 'estimator__smote__k_neighbors': 7, 'estimator__smote__sampling_strategy': 0.3}",0.0013033723705381623,0.014780461213056904,0.004383052099589917,0.020796961691670376,0.2909622943828734,0.06389891051261307,0.13563965353087948,0.07039596817940438,0.07527008424757821,0.0918170983372357,59
96,48.78455537557602,40.51423197631615,1.672782838344574,0.7629503582243939,5,sqrt,100,30,50,7,0.3,"{'estimator__classifier__max_depth': 5, 'estimator__classifier__max_features': 'sqrt', 'estimator__classifier__min_samples_leaf': 100, 'estimator__classifier__min_samples_split': 30, 'estimator__classifier__n_estimators': 50, 'estimator__smote__k_neighbors': 7, 'estimator__smote__sampling_strategy': 0.3}",0.00212242284239428,0.012464178889606728,0.0031640120020804754,0.01508495842280069,0.20316164438034376,0.05307490791110293,0.11082283892158803,0.0936300014879989,0.061690620607239476,0.06623013325878405,186
97,82.86692273616791,69.32094574724398,2.129548102617264,1.0503182541220195,5,sqrt,100,30,100,7,0.3,"{'estimator__classifier__max_depth': 5, 'estimator__classifier__max_features': 'sqrt', 'estimator__classifier__min_samples_leaf': 100, 'estimator__classifier__min_samples_split': 30, 'estimator__classifier__n_estimators': 100, 'estimator__smote__k_neighbors': 7, 'estimator__smote__sampling_strategy': 0.3}",0.001720899861880499,0.014955191431364881,0.0037626176407838225,0.019702948795518274,0.30259807316184023,0.06133938618603359,0.11505793584245275,0.09469301154977909,0.07672875805870663,0.09424951819479702,35
98,213.6280106306076,184.01620230580886,2.8147886395454407,1.0893234363141342,5,sqrt,100,30,300,7,0.3,"{'estimator__classifier__max_depth': 5, 'estimator__classifier__max_features': 'sqrt', 'estimator__classifier__min_samples_leaf': 100, 'estimator__classifier__min_samples_split': 30, 'estimator__classifier__n_estimators': 300, 'estimator__smote__k_neighbors': 7, 'estimator__smote__sampling_strategy': 0.3}",0.0021549451268913296,0.0156482579134394,0.00467935327146406,0.022897229536690204,0.2146005974929699,0.06589262071810366,0.11764243022193972,0.08038287735793258,0.06548728895492885,0.06817570441943892,177
99,265.86788776516914,226.686780449591,3.7296067476272583,1.8657478646032337,5,sqrt,100,30,400,7,0.3,"{'estimator__classifier__max_depth': 5, 'estimator__classifier__max_features': 'sqrt', 'estimator__classifier__min_samples_leaf': 100, 'estimator__classifier__min_samples_split': 30, 'estimator__classifier__n_estimators': 400, 'estimator__smote__k_neighbors': 7, 'estimator__smote__sampling_strategy': 0.3}",0.0023755487323472257,0.01620516685198188,0.004450459686388428,0.020673648946906015,0.24663275227474726,0.06492532213610812,0.11945568154460892,0.07658073361982352,0.06891241422411391,0.07738004499485412,138
100,49.9265333712101,42.140856284894355,1.6755111515522003,0.7141325261483336,5,sqrt,100,50,50,7,0.3,"{'estimator__classifier__max_depth': 5, 'estimator__classifier__max_features': 'sqrt', 'estimator__classifier__min_samples_leaf': 100, 'estimator__classifier__min_samples_split': 50, 'estimator__classifier__n_estimators': 50, 'estimator__smote__k_neighbors': 7, 'estimator__smote__sampling_strategy': 0.3}",0.00212242284239428,0.012464178889606728,0.0031640120020804754,0.015084984521542269,0.20316164438034376,0.05307490791110293,0.11082283892158803,0.0936300014879989,0.06169062386958218,0.06623013096309778,185
101,78.37141636013985,67.63251716245986,1.811904400587082,0.8735610057507038,5,sqrt,100,50,100,7,0.3,"{'estimator__classifier__max_depth': 5, 'estimator__classifier__max_features': 'sqrt', 'estimator__classifier__min_samples_leaf': 100, 'estimator__classifier__min_samples_split': 50, 'estimator__classifier__n_estimators': 100, 'estimator__smote__k_neighbors': 7, 'estimator__smote__sampling_strategy': 0.3}",0.001720899861880499,0.014955191431364881,0.003762617640783822,0.019702948795518278,0.30259807316184023,0.06133938618603359,0.11505793584245275,0.09469301154977909,0.07672875805870663,0.09424951819479702,35
102,202.26930525898933,170.99912975507326,2.931277573108673,1.214007576622425,5,sqrt,100,50,300,7,0.3,"{'estimator__classifier__max_depth': 5, 'estimator__classifier__max_features': 'sqrt', 'estimator__classifier__min_samples_leaf': 100, 'estimator__classifier__min_samples_split': 50, 'estimator__classifier__n_estimators': 300, 'estimator__smote__k_neighbors': 7, 'estimator__smote__sampling_strategy': 0.3}",0.0021549451268913296,0.0156482579134394,0.00467935327146406,0.022897228205168315,0.2145954668099118,0.06589262071810366,0.11764243022193972,0.08038287735793258,0.06548664745310635,0.0681743018069243,179
103,258.32278233766556,220.84513727246187,3.9759306013584137,2.0909779837084796,5,sqrt,100,50,400,7,0.3,"{'estimator__classifier__max_depth': 5, 'estimator__classifier__max_features': 'sqrt', 'estimator__classifier__min_samples_leaf': 100, 'estimator__classifier__min_samples_split': 50, 'estimator__classifier__n_estimators': 400, 'estimator__smote__k_neighbors': 7, 'estimator__smote__sampling_strategy': 0.3}",0.0023755487323472257,0.01620516685198188,0.004450459686388428,0.020673648946906018,0.2466327522747473,0.06492532213610812,0.11945568154460892,0.07658073361982352,0.06891241422411393,0.07738004499485412,137
104,49.88245686888695,43.91943661677,1.835631012916565,0.7814212025529378,5,sqrt,100,200,50,7,0.3,"{'estimator__classifier__max_depth': 5, 'estimator__classifier__max_features': 'sqrt', 'estimator__classifier__min_samples_leaf': 100, 'estimator__classifier__min_samples_split': 200, 'estimator__classifier__n_estimators': 50, 'estimator__smote__k_neighbors': 7, 'estimator__smote__sampling_strategy': 0.3}",0.00212242284239428,0.012464178889606728,0.0031640120020804754,0.01508495842280069,0.20316164438034376,0.05307490791110293,0.11082283892158803,0.0936300014879989,0.061690620607239476,0.06623013325878405,186
105,78.68712902069092,70.12102953237972,2.22854083776474,1.243773402929429,5,sqrt,100,200,100,7,0.3,"{'estimator__classifier__max_depth': 5, 'estimator__classifier__max_features': 'sqrt', 'estimator__classifier__min_samples_leaf': 100, 'estimator__classifier__min_samples_split': 200, 'estimator__classifier__n_estimators': 100, 'estimator__smote__k_neighbors': 7, 'estimator__smote__sampling_strategy': 0.3}",0.001720899861880499,0.014955191431364881,0.003762617640783822,0.019702948795518274,0.30259807316184023,0.06133938618603359,0.11505793584245275,0.09469301154977912,0.07672875805870664,0.09424951819479702,34
106,206.3816677927971,172.50012027559742,3.0092009902000427,1.5859489137142107,5,sqrt,100,200,300,7,0.3,"{'estimator__classifier__max_depth': 5, 'estimator__classifier__max_features': 'sqrt', 'estimator__classifier__min_samples_leaf': 100, 'estimator__classifier__min_samples_split': 200, 'estimator__classifier__n_estimators': 300, 'estimator__smote__k_neighbors': 7, 'estimator__smote__sampling_strategy': 0.3}",0.0021549451268913296,0.0156482579134394,0.00467935327146406,0.022897228205168315,0.2146005974929699,0.06589262071810366,0.11764243022193972,0.08038287735793258,0.06548728878848861,0.06817570452341583,178
107,268.6449267268181,229.34990280381754,3.7672446966171265,1.949791118552102,5,sqrt,100,200,400,7,0.3,"{'estimator__classifier__max_depth': 5, 'estimator__classifier__max_features': 'sqrt', 'estimator__classifier__min_samples_leaf': 100, 'estimator__classifier__min_samples_split': 200, 'estimator__classifier__n_estimators': 400, 'estimator__smote__k_neighbors': 7, 'estimator__smote__sampling_strategy': 0.3}",0.0023755487323472257,0.01620516685198188,0.004450459686388428,0.020673648946906015,0.24663275227474726,0.0649253221361081,0.11945568154460892,0.07658073361982352,0.06891241422411391,0.07738004499485412,138
108,50.38673457503319,44.60391631723735,1.6586484014987946,0.7715923855777309,5,sqrt,100,500,50,7,0.3,"{'estimator__classifier__max_depth': 5, 'estimator__classifier__max_features': 'sqrt', 'estimator__classifier__min_samples_leaf': 100, 'estimator__classifier__min_samples_split': 500, 'estimator__classifier__n_estimators': 50, 'estimator__smote__k_neighbors': 7, 'estimator__smote__sampling_strategy': 0.3}",0.0015641589658695167,0.014076898192927845,0.003821784637597071,0.014003751147493596,0.27047758721607723,0.05470563285047877,0.09525609907847518,0.08183873767074971,0.0669680812199586,0.0840056994857715,162
109,83.2548054754734,70.44236713055294,1.94902703166008,0.7988398225978267,5,sqrt,100,500,100,7,0.3,"{'estimator__classifier__max_depth': 5, 'estimator__classifier__max_features': 'sqrt', 'estimator__classifier__min_samples_leaf': 100, 'estimator__classifier__min_samples_split': 500, 'estimator__classifier__n_estimators': 100, 'estimator__smote__k_neighbors': 7, 'estimator__smote__sampling_strategy': 0.3}",0.0013508195997622677,0.01600477584932197,0.003922673490085552,0.021156364573694186,0.2881968047303527,0.06388287722935412,0.11312769020867826,0.07149647556379522,0.07239231015563055,0.08933352163759119,80
110,208.07103684544563,174.67072311243174,3.21013805270195,1.906064537640222,5,sqrt,100,500,300,7,0.3,"{'estimator__classifier__max_depth': 5, 'estimator__classifier__max_features': 'sqrt', 'estimator__classifier__min_samples_leaf': 100, 'estimator__classifier__min_samples_split': 500, 'estimator__classifier__n_estimators': 300, 'estimator__smote__k_neighbors': 7, 'estimator__smote__sampling_strategy': 0.3}",0.002004131632538558,0.015404181208953602,0.00429215993061144,0.02069893917242282,0.1679910298823603,0.06558709948960594,0.13333960282572369,0.06256938903135008,0.058985816646695804,0.058170647026770744,192
111,271.85659235715866,235.5589115052926,3.5765186548233032,1.9941864433686765,5,sqrt,100,500,400,7,0.3,"{'estimator__classifier__max_depth': 5, 'estimator__classifier__max_features': 'sqrt', 'estimator__classifier__min_samples_leaf': 100, 'estimator__classifier__min_samples_split': 500, 'estimator__classifier__n_estimators': 400, 'estimator__smote__k_neighbors': 7, 'estimator__smote__sampling_strategy': 0.3}",0.0018678928461910058,0.016509770097198007,0.004321388164773256,0.022581551310355864,0.21575355099345106,0.068575572583112,0.13981343709337948,0.0670972773466387,0.06706505505438742,0.07082102023110566,161
112,49.54875600337982,43.32239564468672,2.0713383555412292,1.080743137437971,5,sqrt,300,30,50,7,0.3,"{'estimator__classifier__max_depth': 5, 'estimator__classifier__max_features': 'sqrt', 'estimator__classifier__min_samples_leaf': 300, 'estimator__classifier__min_samples_split': 30, 'estimator__classifier__n_estimators': 50, 'estimator__smote__k_neighbors': 7, 'estimator__smote__sampling_strategy': 0.3}",0.0012434380536914898,0.016736007185732576,0.004275947496473342,0.01565001193341308,0.2697026037268418,0.059512920258969655,0.09547891610904659,0.07968296476357883,0.06778535119096842,0.08331633724562959,150
113,78.95783057808876,68.88073246356535,1.993750125169754,0.8371626681338835,5,sqrt,300,30,100,7,0.3,"{'estimator__classifier__max_depth': 5, 'estimator__classifier__max_features': 'sqrt', 'estimator__classifier__min_samples_leaf': 300, 'estimator__classifier__min_samples_split': 30, 'estimator__classifier__n_estimators': 100, 'estimator__smote__k_neighbors': 7, 'estimator__smote__sampling_strategy': 0.3}",0.0012865360840629506,0.016074012410319374,0.003928100850273234,0.026316012488042932,0.27999991127537405,0.06342255687181517,0.11503403589377521,0.07030257301806066,0.07204546736146546,0.08663230403717316,93
114,201.27315723896027,175.11634694977008,3.241450756788254,1.580138099291991,5,sqrt,300,30,300,7,0.3,"{'estimator__classifier__max_depth': 5, 'estimator__classifier__max_features': 'sqrt', 'estimator__classifier__min_samples_leaf': 300, 'estimator__classifier__min_samples_split': 30, 'estimator__classifier__n_estimators': 300, 'estimator__smote__k_neighbors': 7, 'estimator__smote__sampling_strategy': 0.3}",0.0023271460840493473,0.015907777293050027,0.005058582042151892,0.02253798006483103,0.30063329787114673,0.06685493821592646,0.13239525154343254,0.06061591568172926,0.07579136109953967,0.09413430157515343,49
115,269.41716849803925,224.59933750564983,3.9494607150554657,2.5075670798467913,5,sqrt,300,30,400,7,0.3,"{'estimator__classifier__max_depth': 5, 'estimator__classifier__max_features': 'sqrt', 'estimator__classifier__min_samples_leaf': 300, 'estimator__classifier__min_samples_split': 30, 'estimator__classifier__n_estimators': 400, 'estimator__smote__k_neighbors': 7, 'estimator__smote__sampling_strategy': 0.3}",0.0025406101952333685,0.015813354480581042,0.005020675337706351,0.022742124147645034,0.33683540371396437,0.06515599679717107,0.13878748947313954,0.06446893261196619,0.08142057334467588,0.10540757431373565,1
116,51.11487081646919,42.54119782305399,2.163983404636383,1.3047756189269677,5,sqrt,300,50,50,7,0.3,"{'estimator__classifier__max_depth': 5, 'estimator__classifier__max_features': 'sqrt', 'estimator__classifier__min_samples_leaf': 300, 'estimator__classifier__min_samples_split': 50, 'estimator__classifier__n_estimators': 50, 'estimator__smote__k_neighbors': 7, 'estimator__smote__sampling_strategy': 0.3}",0.0012434380536914898,0.016736007185732576,0.004275947496473342,0.01565001193341308,0.2697026037268418,0.059512920258969655,0.09547891610904659,0.07968296476357883,0.06778535119096842,0.08331633724562959,150
117,79.84988787770271,67.08670464344375,1.800422728061676,0.8625890545928286,5,sqrt,300,50,100,7,0.3,"{'estimator__classifier__max_depth': 5, 'estimator__classifier__max_features': 'sqrt', 'estimator__classifier__min_samples_leaf': 300, 'estimator__classifier__min_samples_split': 50, 'estimator__classifier__n_estimators': 100, 'estimator__smote__k_neighbors': 7, 'estimator__smote__sampling_strategy': 0.3}",0.0012865360840629506,0.016074012410319374,0.003928100850273234,0.026316012488042932,0.27999991127537405,0.06342255687181517,0.11503403589377521,0.07030257301806066,0.07204546736146546,0.08663230403717316,93
118,206.9856251180172,175.61479524860434,2.7675344347953796,1.9003892565693474,5,sqrt,300,50,300,7,0.3,"{'estimator__classifier__max_depth': 5, 'estimator__classifier__max_features': 'sqrt', 'estimator__classifier__min_samples_leaf': 300, 'estimator__classifier__min_samples_split': 50, 'estimator__classifier__n_estimators': 300, 'estimator__smote__k_neighbors': 7, 'estimator__smote__sampling_strategy': 0.3}",0.0023271460840493473,0.015907777293050027,0.005058582042151892,0.02253798006483103,0.3006332978711467,0.06685493821592646,0.13239525154343254,0.06061591568172926,0.07579136109953967,0.0941343015751534,49
119,265.0878810286522,229.73126923890655,3.413152724504471,1.4925152933206824,5,sqrt,300,50,400,7,0.3,"{'estimator__classifier__max_depth': 5, 'estimator__classifier__max_features': 'sqrt', 'estimator__classifier__min_samples_leaf': 300, 'estimator__classifier__min_samples_split': 50, 'estimator__classifier__n_estimators': 400, 'estimator__smote__k_neighbors': 7, 'estimator__smote__sampling_strategy': 0.3}",0.0025406101952333685,0.015813354480581042,0.005020675337706351,0.022742124147645034,0.33683540371396437,0.06515599679717107,0.13878748947313954,0.06446893261196619,0.08142057334467588,0.10540757431373565,1
120,48.07286286354065,40.81195954052975,2.037069171667099,1.0291526732097336,5,sqrt,300,200,50,7,0.3,"{'estimator__classifier__max_depth': 5, 'estimator__classifier__max_features': 'sqrt', 'estimator__classifier__min_samples_leaf': 300, 'estimator__classifier__min_samples_split': 200, 'estimator__classifier__n_estimators': 50, 'estimator__smote__k_neighbors': 7, 'estimator__smote__sampling_strategy': 0.3}",0.0012434380536914898,0.016736007185732576,0.004275947496473342,0.015650027786770142,0.2697026037268418,0.059512920258969655,0.09547891610904659,0.07968296476357883,0.06778535317263805,0.08331633600559661,149
121,74.30765941739082,63.92992081038811,2.1116359531879425,0.9030378421871519,5,sqrt,300,200,100,7,0.3,"{'estimator__classifier__max_depth': 5, 'estimator__classifier__max_features': 'sqrt', 'estimator__classifier__min_samples_leaf': 300, 'estimator__classifier__min_samples_split': 200, 'estimator__classifier__n_estimators': 100, 'estimator__smote__k_neighbors': 7, 'estimator__smote__sampling_strategy': 0.3}",0.0012865360840629506,0.016074012410319374,0.003928100850273234,0.026316012488042932,0.27999991127537405,0.06342255687181517,0.11503403589377521,0.07030257301806066,0.07204546736146546,0.08663230403717316,93
122,207.75123211741447,171.2531926219869,2.8340962529182434,1.3341380487517434,5,sqrt,300,200,300,7,0.3,"{'estimator__classifier__max_depth': 5, 'estimator__classifier__max_features': 'sqrt', 'estimator__classifier__min_samples_leaf': 300, 'estimator__classifier__min_samples_split': 200, 'estimator__classifier__n_estimators': 300, 'estimator__smote__k_neighbors': 7, 'estimator__smote__sampling_strategy': 0.3}",0.0023271460840493473,0.015907777293050027,0.005058582042151892,0.02253798006483103,0.30063329787114673,0.06685493821592646,0.13239525154343254,0.06061591568172926,0.07579136109953967,0.09413430157515343,49
123,263.4723068475723,216.84448927321327,3.8362622261047363,2.2532655304121385,5,sqrt,300,200,400,7,0.3,"{'estimator__classifier__max_depth': 5, 'estimator__classifier__max_features': 'sqrt', 'estimator__classifier__min_samples_leaf': 300, 'estimator__classifier__min_samples_split': 200, 'estimator__classifier__n_estimators': 400, 'estimator__smote__k_neighbors': 7, 'estimator__smote__sampling_strategy': 0.3}",0.0025406101952333685,0.015813354480581042,0.005020675337706351,0.022742124147645034,0.33683540371396437,0.06515599679717107,0.13878748947313954,0.06446893261196619,0.08142057334467588,0.10540757431373565,1
124,50.633853167295456,40.47076174280054,1.7414541244506836,0.9256430490580916,5,sqrt,300,500,50,7,0.3,"{'estimator__classifier__max_depth': 5, 'estimator__classifier__max_features': 'sqrt', 'estimator__classifier__min_samples_leaf': 300, 'estimator__classifier__min_samples_split': 500, 'estimator__classifier__n_estimators': 50, 'estimator__smote__k_neighbors': 7, 'estimator__smote__sampling_strategy': 0.3}",0.0012434380536914898,0.016736007185732576,0.004275947496473342,0.015650536897902516,0.2697026037268418,0.059512920258969655,0.09547891610904659,0.07968296476357883,0.0677854168115296,0.08331629618362298,148
125,81.13013869524002,68.43630173031892,1.814535766839981,0.8621115120711584,5,sqrt,300,500,100,7,0.3,"{'estimator__classifier__max_depth': 5, 'estimator__classifier__max_features': 'sqrt', 'estimator__classifier__min_samples_leaf': 300, 'estimator__classifier__min_samples_split': 500, 'estimator__classifier__n_estimators': 100, 'estimator__smote__k_neighbors': 7, 'estimator__smote__sampling_strategy': 0.3}",0.0012865360840629506,0.0160740350664102,0.003928100850273234,0.026316012488042932,0.27999991127537405,0.06342255687181517,0.11503403589377521,0.07030257301806066,0.0720454701934768,0.08663230220746573,92
126,207.30877125263214,178.3510565110933,3.2916364073753357,1.9347580426776834,5,sqrt,300,500,300,7,0.3,"{'estimator__classifier__max_depth': 5, 'estimator__classifier__max_features': 'sqrt', 'estimator__classifier__min_samples_leaf': 300, 'estimator__classifier__min_samples_split': 500, 'estimator__classifier__n_estimators': 300, 'estimator__smote__k_neighbors': 7, 'estimator__smote__sampling_strategy': 0.3}",0.0023271460840493473,0.015907777293050027,0.005058582042151892,0.02253798006483103,0.3006332978711467,0.06685493821592646,0.13239525154343254,0.06061591568172926,0.07579136109953967,0.0941343015751534,49
127,266.7499599456787,220.20352046318908,4.101089924573898,2.175206432185577,5,sqrt,300,500,400,7,0.3,"{'estimator__classifier__max_depth': 5, 'estimator__classifier__max_features': 'sqrt', 'estimator__classifier__min_samples_leaf': 300, 'estimator__classifier__min_samples_split': 500, 'estimator__classifier__n_estimators': 400, 'estimator__smote__k_neighbors': 7, 'estimator__smote__sampling_strategy': 0.3}",0.0025406101952333685,0.015813354480581042,0.005020675337706351,0.022742124147645034,0.33683540371396437,0.06515599679717107,0.13878748947313954,0.06446893261196619,0.08142057334467588,0.10540757431373565,1
128,57.049860060214996,48.86737277630389,1.659365862607956,0.7639875815063969,7,sqrt,10,30,50,7,0.3,"{'estimator__classifier__max_depth': 7, 'estimator__classifier__max_features': 'sqrt', 'estimator__classifier__min_samples_leaf': 10, 'estimator__classifier__min_samples_split': 30, 'estimator__classifier__n_estimators': 50, 'estimator__smote__k_neighbors': 7, 'estimator__smote__sampling_strategy': 0.3}",0.000983436438136092,0.01694314218322969,0.00386037608271668,0.015147872992246653,0.26894305118646794,0.05328933269057763,0.1114122200902419,0.056973337484920214,0.0659440961435671,0.08409233687896549,174
129,100.71715274453163,87.80874120310474,2.423330008983612,1.7004158580704203,7,sqrt,10,30,100,7,0.3,"{'estimator__classifier__max_depth': 7, 'estimator__classifier__max_features': 'sqrt', 'estimator__classifier__min_samples_leaf': 10, 'estimator__classifier__min_samples_split': 30, 'estimator__classifier__n_estimators': 100, 'estimator__smote__k_neighbors': 7, 'estimator__smote__sampling_strategy': 0.3}",0.001219187250589238,0.01500760621508465,0.0035730934517702964,0.017959068190854622,0.3003333072330308,0.05310909651432795,0.1178389768166641,0.0581396905851022,0.07089750328217799,0.09396627164867083,118
130,261.11116287112236,223.7801212447259,2.855253517627716,1.4975317060797775,7,sqrt,10,30,300,7,0.3,"{'estimator__classifier__max_depth': 7, 'estimator__classifier__max_features': 'sqrt', 'estimator__classifier__min_samples_leaf': 10, 'estimator__classifier__min_samples_split': 30, 'estimator__classifier__n_estimators': 300, 'estimator__smote__k_neighbors': 7, 'estimator__smote__sampling_strategy': 0.3}",0.0012443481483020667,0.01526053023181032,0.004133874663629073,0.01843679285266995,0.3151305827361122,0.05777231080741752,0.12928582467278368,0.053256767055047644,0.07431512889597156,0.09912464447805475,67
131,330.624872893095,287.2192262173596,4.030807584524155,2.4290687875060923,7,sqrt,10,30,400,7,0.3,"{'estimator__classifier__max_depth': 7, 'estimator__classifier__max_features': 'sqrt', 'estimator__classifier__min_samples_leaf': 10, 'estimator__classifier__min_samples_split': 30, 'estimator__classifier__n_estimators': 400, 'estimator__smote__k_neighbors': 7, 'estimator__smote__sampling_strategy': 0.3}",0.0018779075257916067,0.016570307588884885,0.0036849168496441245,0.018362639912311927,0.3131293587526861,0.060076353704322336,0.1406259024753758,0.060923797446325895,0.07690639803191784,0.09903195914111741,32
132,57.51972609758377,49.65755017942367,1.8075421750545502,0.999758695771111,7,sqrt,10,50,50,7,0.3,"{'estimator__classifier__max_depth': 7, 'estimator__classifier__max_features': 'sqrt', 'estimator__classifier__min_samples_leaf': 10, 'estimator__classifier__min_samples_split': 50, 'estimator__classifier__n_estimators': 50, 'estimator__smote__k_neighbors': 7, 'estimator__smote__sampling_strategy': 0.3}",0.0010354134626329543,0.016304928828331657,0.0033305955533865605,0.015087484887546666,0.27796272294051527,0.050772712200344086,0.111996568277491,0.06999316648921845,0.06831044907993333,0.08693282358658984,144
133,99.01323217153549,85.88102242371563,1.9201098084449768,1.0502244700598151,7,sqrt,10,50,100,7,0.3,"{'estimator__classifier__max_depth': 7, 'estimator__classifier__max_features': 'sqrt', 'estimator__classifier__min_samples_leaf': 10, 'estimator__classifier__min_samples_split': 50, 'estimator__classifier__n_estimators': 100, 'estimator__smote__k_neighbors': 7, 'estimator__smote__sampling_strategy': 0.3}",0.0009710467292446737,0.014849775818987356,0.003655046771097167,0.01871398807083036,0.2932046282656674,0.05110175203932934,0.12719166568198997,0.06326134149117242,0.07161865560853983,0.09240619370797117,105
134,252.9402393102646,219.37706288825817,3.609280228614807,1.976012830843136,7,sqrt,10,50,300,7,0.3,"{'estimator__classifier__max_depth': 7, 'estimator__classifier__max_features': 'sqrt', 'estimator__classifier__min_samples_leaf': 10, 'estimator__classifier__min_samples_split': 50, 'estimator__classifier__n_estimators': 300, 'estimator__smote__k_neighbors': 7, 'estimator__smote__sampling_strategy': 0.3}",0.001161499256355846,0.016585542398472847,0.0038674490027357173,0.019861355920202405,0.2909752852185331,0.061136713212745344,0.12828432261539333,0.07883174289539345,0.07508798881497901,0.09127967793477115,60
135,329.4376798570156,275.0614265538613,4.198356062173843,2.6435679334925033,7,sqrt,10,50,400,7,0.3,"{'estimator__classifier__max_depth': 7, 'estimator__classifier__max_features': 'sqrt', 'estimator__classifier__min_samples_leaf': 10, 'estimator__classifier__min_samples_split': 50, 'estimator__classifier__n_estimators': 400, 'estimator__smote__k_neighbors': 7, 'estimator__smote__sampling_strategy': 0.3}",0.0013308710040396351,0.016106808450539047,0.0034456301409151037,0.019986252452204364,0.30590133164536554,0.058728129456487,0.13889742445215542,0.07134169583566005,0.07696726792967076,0.09662271372831871,31
136,58.025294691324234,50.462142932367655,1.9952891767024994,0.998080721785148,7,sqrt,10,200,50,7,0.3,"{'estimator__classifier__max_depth': 7, 'estimator__classifier__max_features': 'sqrt', 'estimator__classifier__min_samples_leaf': 10, 'estimator__classifier__min_samples_split': 200, 'estimator__classifier__n_estimators': 50, 'estimator__smote__k_neighbors': 7, 'estimator__smote__sampling_strategy': 0.3}",0.0018715175971741823,0.017174554819876828,0.007198982409496582,0.017401524447771665,0.28287551612517564,0.050094257269693784,0.12066393438236424,0.07446562469216318,0.07146823896796452,0.08833483133698723,111
137,98.91777029633522,84.38464342660103,2.0602668821811676,0.9405023265365625,7,sqrt,10,200,100,7,0.3,"{'estimator__classifier__max_depth': 7, 'estimator__classifier__max_features': 'sqrt', 'estimator__classifier__min_samples_leaf': 10, 'estimator__classifier__min_samples_split': 200, 'estimator__classifier__n_estimators': 100, 'estimator__smote__k_neighbors': 7, 'estimator__smote__sampling_strategy': 0.3}",0.0018788126915591395,0.012883062125892932,0.003464659199609023,0.0187130843561557,0.29334863889955926,0.057323595212596494,0.150438334211619,0.07254604292614916,0.0763245287028926,0.09431480293380601,44
138,259.4190686047077,223.83172473403533,3.1130331158638,1.6828525996653627,7,sqrt,10,200,300,7,0.3,"{'estimator__classifier__max_depth': 7, 'estimator__classifier__max_features': 'sqrt', 'estimator__classifier__min_samples_leaf': 10, 'estimator__classifier__min_samples_split': 200, 'estimator__classifier__n_estimators': 300, 'estimator__smote__k_neighbors': 7, 'estimator__smote__sampling_strategy': 0.3}",0.0019127548094782373,0.014785978108500308,0.004122783717729911,0.020504909679569548,0.32586789786342,0.05754238044991459,0.13356777861891922,0.06503854890940629,0.07791787901961728,0.10226286118015421,22
139,329.4382450580597,280.9047525633379,3.997253507375717,2.3457171639251175,7,sqrt,10,200,400,7,0.3,"{'estimator__classifier__max_depth': 7, 'estimator__classifier__max_features': 'sqrt', 'estimator__classifier__min_samples_leaf': 10, 'estimator__classifier__min_samples_split': 200, 'estimator__classifier__n_estimators': 400, 'estimator__smote__k_neighbors': 7, 'estimator__smote__sampling_strategy': 0.3}",0.0017192374421528983,0.014934768747793873,0.003877225803936085,0.024166206657756227,0.3135908581437678,0.06010282586812507,0.13715714326863845,0.053133274166348075,0.07608519251231481,0.09880548575606367,46
140,58.239772230386734,50.983465543046314,1.7752886712551117,0.9291062616207828,7,sqrt,10,500,50,7,0.3,"{'estimator__classifier__max_depth': 7, 'estimator__classifier__max_features': 'sqrt', 'estimator__classifier__min_samples_leaf': 10, 'estimator__classifier__min_samples_split': 500, 'estimator__classifier__n_estimators': 50, 'estimator__smote__k_neighbors': 7, 'estimator__smote__sampling_strategy': 0.3}",0.0013406645828566827,0.014712599205369175,0.0038296785825301946,0.01864507683201284,0.32729539663643786,0.05080541856269516,0.11055411186662044,0.06601555068147223,0.07414981211874933,0.10178331026264892,68
141,101.59316930174828,88.0592717791694,2.058882713317871,1.089265921366983,7,sqrt,10,500,100,7,0.3,"{'estimator__classifier__max_depth': 7, 'estimator__classifier__max_features': 'sqrt', 'estimator__classifier__min_samples_leaf': 10, 'estimator__classifier__min_samples_split': 500, 'estimator__classifier__n_estimators': 100, 'estimator__smote__k_neighbors': 7, 'estimator__smote__sampling_strategy': 0.3}",0.001314883232278662,0.01448412157803411,0.003953130765484542,0.01816499226825366,0.3095709587687208,0.05577146668515338,0.12478730820460646,0.06870017964068069,0.07459338014290154,0.09700512613672838,64
142,250.98295909166336,222.07687185222244,2.7461049258708954,1.3346598533077871,7,sqrt,10,500,300,7,0.3,"{'estimator__classifier__max_depth': 7, 'estimator__classifier__max_features': 'sqrt', 'estimator__classifier__min_samples_leaf': 10, 'estimator__classifier__min_samples_split': 500, 'estimator__classifier__n_estimators': 300, 'estimator__smote__k_neighbors': 7, 'estimator__smote__sampling_strategy': 0.3}",0.0013449160054726105,0.01615544502079673,0.004523083106057618,0.01940274873811616,0.3358161732385811,0.06127058600975636,0.12514488918507885,0.0648878972804224,0.07856821732303523,0.1046866057435877,19
143,337.1425858438015,296.48913367295035,4.107302308082581,2.5848409601642057,7,sqrt,10,500,400,7,0.3,"{'estimator__classifier__max_depth': 7, 'estimator__classifier__max_features': 'sqrt', 'estimator__classifier__min_samples_leaf': 10, 'estimator__classifier__min_samples_split': 500, 'estimator__classifier__n_estimators': 400, 'estimator__smote__k_neighbors': 7, 'estimator__smote__sampling_strategy': 0.3}",0.001432317285769092,0.01652715160988846,0.00457859791313689,0.020896257594269694,0.33585126574757546,0.06096715447693407,0.12385950892430807,0.06307296259952669,0.07839815201892605,0.10451979279357418,20
144,59.03165444731712,51.01460432163111,1.995295763015747,1.134379682177983,7,sqrt,20,30,50,7,0.3,"{'estimator__classifier__max_depth': 7, 'estimator__classifier__max_features': 'sqrt', 'estimator__classifier__min_samples_leaf': 20, 'estimator__classifier__min_samples_split': 30, 'estimator__classifier__n_estimators': 50, 'estimator__smote__k_neighbors': 7, 'estimator__smote__sampling_strategy': 0.3}",0.0010225567909105861,0.016820062551325815,0.0032712172511094114,0.015774505610687474,0.3267198733668856,0.05066112704972157,0.12745030387969122,0.07671886177803494,0.07730481353479583,0.10257741686730745,25
145,98.21168369054794,86.07514237516169,2.147743910551071,0.9136918158450943,7,sqrt,20,30,100,7,0.3,"{'estimator__classifier__max_depth': 7, 'estimator__classifier__max_features': 'sqrt', 'estimator__classifier__min_samples_leaf': 20, 'estimator__classifier__min_samples_split': 30, 'estimator__classifier__n_estimators': 100, 'estimator__smote__k_neighbors': 7, 'estimator__smote__sampling_strategy': 0.3}",0.0014043882011414888,0.015274798130984174,0.0038460214301201056,0.0169267975995419,0.32248830004011125,0.054925824072737627,0.13899730331086185,0.08207979216976687,0.07949290311940815,0.10189241837246757,11
146,249.4771538078785,218.56853605960563,2.731999784708023,1.529066523847425,7,sqrt,20,30,300,7,0.3,"{'estimator__classifier__max_depth': 7, 'estimator__classifier__max_features': 'sqrt', 'estimator__classifier__min_samples_leaf': 20, 'estimator__classifier__min_samples_split': 30, 'estimator__classifier__n_estimators': 300, 'estimator__smote__k_neighbors': 7, 'estimator__smote__sampling_strategy': 0.3}",0.0016966660228804322,0.018690219767033535,0.0037775692753997405,0.020131326786518553,0.295011163352178,0.0553609546184986,0.1345361668601902,0.06796423910079927,0.07464603822293729,0.09287830407848756,63
147,336.89996713399887,294.4515043786479,4.372081369161606,2.345704310680508,7,sqrt,20,30,400,7,0.3,"{'estimator__classifier__max_depth': 7, 'estimator__classifier__max_features': 'sqrt', 'estimator__classifier__min_samples_leaf': 20, 'estimator__classifier__min_samples_split': 30, 'estimator__classifier__n_estimators': 400, 'estimator__smote__k_neighbors': 7, 'estimator__smote__sampling_strategy': 0.3}",0.0018131115805072975,0.01768589560163209,0.003940887768156554,0.019657234064836077,0.3062998981601894,0.05716244798189783,0.13473648079042455,0.07138623831653189,0.07658527428302198,0.09626309597742351,39
148,58.8212488591671,49.05201261645268,1.8772763311862946,0.8199013445711388,7,sqrt,20,50,50,7,0.3,"{'estimator__classifier__max_depth': 7, 'estimator__classifier__max_features': 'sqrt', 'estimator__classifier__min_samples_leaf': 20, 'estimator__classifier__min_samples_split': 50, 'estimator__classifier__n_estimators': 50, 'estimator__smote__k_neighbors': 7, 'estimator__smote__sampling_strategy': 0.3}",0.0010946084630262642,0.016809795285944847,0.003337148907626545,0.019128369872627112,0.29435898746660455,0.05172529441862262,0.11268600140713028,0.06386984810696346,0.07037625674106822,0.09160954533669827,121
149,95.34381717443466,84.09947178729529,2.0036919713020325,1.0793661727856398,7,sqrt,20,50,100,7,0.3,"{'estimator__classifier__max_depth': 7, 'estimator__classifier__max_features': 'sqrt', 'estimator__classifier__min_samples_leaf': 20, 'estimator__classifier__min_samples_split': 50, 'estimator__classifier__n_estimators': 100, 'estimator__smote__k_neighbors': 7, 'estimator__smote__sampling_strategy': 0.3}",0.0012414866017514173,0.014223385088331743,0.003604882987086309,0.018771675552768884,0.30489278164077543,0.054318891837736014,0.1227433831243625,0.06117572917345031,0.07262152700078284,0.09558810447252673,78
150,258.52022859454155,220.61071104779123,3.2286665737628937,1.8834922465011568,7,sqrt,20,50,300,7,0.3,"{'estimator__classifier__max_depth': 7, 'estimator__classifier__max_features': 'sqrt', 'estimator__classifier__min_samples_leaf': 20, 'estimator__classifier__min_samples_split': 50, 'estimator__classifier__n_estimators': 300, 'estimator__smote__k_neighbors': 7, 'estimator__smote__sampling_strategy': 0.3}",0.0017933121849229886,0.017790693356714984,0.00388166821047519,0.019061666407107634,0.2981597700849356,0.05709520290829256,0.13219179636126402,0.07031024280740088,0.07503554404013923,0.09369684374280855,61
151,331.43432664871216,292.9746199226423,3.80340039730072,1.798788481530155,7,sqrt,20,50,400,7,0.3,"{'estimator__classifier__max_depth': 7, 'estimator__classifier__max_features': 'sqrt', 'estimator__classifier__min_samples_leaf': 20, 'estimator__classifier__min_samples_split': 50, 'estimator__classifier__n_estimators': 400, 'estimator__smote__k_neighbors': 7, 'estimator__smote__sampling_strategy': 0.3}",0.0018469235817425455,0.017078167805870514,0.0038019046207123605,0.02021674088578026,0.29179826080264465,0.057683715970178316,0.13699787930841828,0.06070580749501397,0.07376617505879511,0.09227263100784114,70
152,63.664501160383224,56.123492728050344,1.9898962080478668,1.279120568166049,7,sqrt,20,200,50,7,0.3,"{'estimator__classifier__max_depth': 7, 'estimator__classifier__max_features': 'sqrt', 'estimator__classifier__min_samples_leaf': 20, 'estimator__classifier__min_samples_split': 200, 'estimator__classifier__n_estimators': 50, 'estimator__smote__k_neighbors': 7, 'estimator__smote__sampling_strategy': 0.3}",0.0019526832650469336,0.01626781709336801,0.0034389273003892456,0.019017498111073942,0.29247448022766903,0.04719312719145761,0.1266898292824318,0.053052057807764584,0.07001080253490015,0.09223827367710288,127
153,99.48461875319481,86.08198719877085,2.243603676557541,1.0413510742759025,7,sqrt,20,200,100,7,0.3,"{'estimator__classifier__max_depth': 7, 'estimator__classifier__max_features': 'sqrt', 'estimator__classifier__min_samples_leaf': 20, 'estimator__classifier__min_samples_split': 200, 'estimator__classifier__n_estimators': 100, 'estimator__smote__k_neighbors': 7, 'estimator__smote__sampling_strategy': 0.3}",0.0018541599350360525,0.012893791508881819,0.003781563717079074,0.020604063263722966,0.32379402495079723,0.05383665454612009,0.1472434419200801,0.06216090109586001,0.07827107511719716,0.10300679018620734,21
154,256.6805220246315,227.43830885779678,3.3261080980300903,1.8982605181165513,7,sqrt,20,200,300,7,0.3,"{'estimator__classifier__max_depth': 7, 'estimator__classifier__max_features': 'sqrt', 'estimator__classifier__min_samples_leaf': 20, 'estimator__classifier__min_samples_split': 200, 'estimator__classifier__n_estimators': 300, 'estimator__smote__k_neighbors': 7, 'estimator__smote__sampling_strategy': 0.3}",0.001858149657594935,0.01422376952782016,0.004412787547472217,0.023457914644572517,0.3295538734486523,0.05975529032469619,0.12334288388416688,0.05303272254066344,0.07620467394695482,0.10278660116595041,45
155,335.5855379998684,288.40107444855806,4.679701745510101,3.332076899958971,7,sqrt,20,200,400,7,0.3,"{'estimator__classifier__max_depth': 7, 'estimator__classifier__max_features': 'sqrt', 'estimator__classifier__min_samples_leaf': 20, 'estimator__classifier__min_samples_split': 200, 'estimator__classifier__n_estimators': 400, 'estimator__smote__k_neighbors': 7, 'estimator__smote__sampling_strategy': 0.3}",0.0017129955354388163,0.015425894459898875,0.004046958257352006,0.023666521436299263,0.3069994350634805,0.05897137664767747,0.13540738374709127,0.06713243509525707,0.07667037503031192,0.09640980450101008,37
156,62.32170778512955,51.87366105544994,1.9851213097572327,0.8731435539444775,7,sqrt,20,500,50,7,0.3,"{'estimator__classifier__max_depth': 7, 'estimator__classifier__max_features': 'sqrt', 'estimator__classifier__min_samples_leaf': 20, 'estimator__classifier__min_samples_split': 500, 'estimator__classifier__n_estimators': 50, 'estimator__smote__k_neighbors': 7, 'estimator__smote__sampling_strategy': 0.3}",0.0013161795881553623,0.014988037451269542,0.004106264610521048,0.01821730966815174,0.3469793632062799,0.04797126580409435,0.11437985112985284,0.064122947528379,0.07651015237333797,0.1081868185273233,40
157,91.49134507775307,77.32662769857616,2.0904259085655212,0.9903885006572137,7,sqrt,20,500,100,7,0.3,"{'estimator__classifier__max_depth': 7, 'estimator__classifier__max_features': 'sqrt', 'estimator__classifier__min_samples_leaf': 20, 'estimator__classifier__min_samples_split': 500, 'estimator__classifier__n_estimators': 100, 'estimator__smote__k_neighbors': 7, 'estimator__smote__sampling_strategy': 0.3}",0.0012820045167254864,0.015374519288714568,0.003945891335177699,0.01918960379464558,0.31887651683379176,0.05647812627646056,0.12040408236792091,0.06732883112392493,0.07535994694217017,0.09943036746467172,58
158,255.5946163535118,217.56695450652003,3.466677188873291,1.98620730768021,7,sqrt,20,500,300,7,0.3,"{'estimator__classifier__max_depth': 7, 'estimator__classifier__max_features': 'sqrt', 'estimator__classifier__min_samples_leaf': 20, 'estimator__classifier__min_samples_split': 500, 'estimator__classifier__n_estimators': 300, 'estimator__smote__k_neighbors': 7, 'estimator__smote__sampling_strategy': 0.3}",0.001563429162842977,0.015995764115925012,0.004590124971755129,0.02104388628148747,0.3379870817538724,0.06079783234834359,0.12399009723599386,0.06500670842378882,0.07887186553675114,0.10517076233140323,17
159,324.71145099401474,268.0989282147971,3.755946010351181,1.8812717175876994,7,sqrt,20,500,400,7,0.3,"{'estimator__classifier__max_depth': 7, 'estimator__classifier__max_features': 'sqrt', 'estimator__classifier__min_samples_leaf': 20, 'estimator__classifier__min_samples_split': 500, 'estimator__classifier__n_estimators': 400, 'estimator__smote__k_neighbors': 7, 'estimator__smote__sampling_strategy': 0.3}",0.001613667794938459,0.0159862197832224,0.004542916586104534,0.02234717800595768,0.3300723903439175,0.06091030912483302,0.13257278769762745,0.06292247685475001,0.07887099327391887,0.10320232538502865,18
160,60.36214280128479,49.181761797905565,2.0002657771110535,0.9897842834920489,7,sqrt,100,30,50,7,0.3,"{'estimator__classifier__max_depth': 7, 'estimator__classifier__max_features': 'sqrt', 'estimator__classifier__min_samples_leaf': 100, 'estimator__classifier__min_samples_split': 30, 'estimator__classifier__n_estimators': 50, 'estimator__smote__k_neighbors': 7, 'estimator__smote__sampling_strategy': 0.3}",0.0017803611778395851,0.018295025565410412,0.00423782781648852,0.021385651843043817,0.30814047097190217,0.05247295050235216,0.10986219299667811,0.058737228566322235,0.07186396368000462,0.09534245682289723,99
161,96.37477034330368,82.37614356860077,2.049300044775009,0.9327517402280372,7,sqrt,100,30,100,7,0.3,"{'estimator__classifier__max_depth': 7, 'estimator__classifier__max_features': 'sqrt', 'estimator__classifier__min_samples_leaf': 100, 'estimator__classifier__min_samples_split': 30, 'estimator__classifier__n_estimators': 100, 'estimator__smote__k_neighbors': 7, 'estimator__smote__sampling_strategy': 0.3}",0.002078042081518746,0.013494651656715484,0.004014460126755454,0.022966850861084482,0.3122003430232998,0.05286571044253364,0.1375044661860937,0.07239500811191549,0.0771899415612396,0.09840990316661437,26
162,261.7103906273842,223.07402032964572,3.3919758796691895,1.6838187672104443,7,sqrt,100,30,300,7,0.3,"{'estimator__classifier__max_depth': 7, 'estimator__classifier__max_features': 'sqrt', 'estimator__classifier__min_samples_leaf': 100, 'estimator__classifier__min_samples_split': 30, 'estimator__classifier__n_estimators': 300, 'estimator__smote__k_neighbors': 7, 'estimator__smote__sampling_strategy': 0.3}",0.002245749310416697,0.01627229619764635,0.004619187414045649,0.02292730575031295,0.3124798756475775,0.05923711445494246,0.1321661801391475,0.06166209132827983,0.07645122503029611,0.09777610385403733,41
163,344.9858396947384,292.88833636748353,4.433310776948929,2.564167584249608,7,sqrt,100,30,400,7,0.3,"{'estimator__classifier__max_depth': 7, 'estimator__classifier__max_features': 'sqrt', 'estimator__classifier__min_samples_leaf': 100, 'estimator__classifier__min_samples_split': 30, 'estimator__classifier__n_estimators': 400, 'estimator__smote__k_neighbors': 7, 'estimator__smote__sampling_strategy': 0.3}",0.002441316876933858,0.01727324793465669,0.004589376322639578,0.02512602734464542,0.3106557443647856,0.06006807308536845,0.13640204302339637,0.049015557783479796,0.07569642334198823,0.09762192623209368,55
164,60.9109243452549,50.67908854428599,2.1893763840198517,1.1192086320413988,7,sqrt,100,50,50,7,0.3,"{'estimator__classifier__max_depth': 7, 'estimator__classifier__max_features': 'sqrt', 'estimator__classifier__min_samples_leaf': 100, 'estimator__classifier__min_samples_split': 50, 'estimator__classifier__n_estimators': 50, 'estimator__smote__k_neighbors': 7, 'estimator__smote__sampling_strategy': 0.3}",0.0017803611778395851,0.018295025565410412,0.00423782781648852,0.021385655311780605,0.30814047097190217,0.05247295050235216,0.10986219299667811,0.058737228566322235,0.07186396411359673,0.09534245659333532,98
165,97.77912843227386,84.84993770345909,1.9616240859031677,0.8867257390024481,7,sqrt,100,50,100,7,0.3,"{'estimator__classifier__max_depth': 7, 'estimator__classifier__max_features': 'sqrt', 'estimator__classifier__min_samples_leaf': 100, 'estimator__classifier__min_samples_split': 50, 'estimator__classifier__n_estimators': 100, 'estimator__smote__k_neighbors': 7, 'estimator__smote__sampling_strategy': 0.3}",0.002078042081518746,0.013494651656715484,0.004014460126755454,0.022966850861084482,0.3122003430232998,0.05286571044253364,0.13750446618609366,0.07239500811191549,0.0771899415612396,0.09840990316661437,26
166,258.63107764720917,226.45973442070698,3.1627824306488037,1.9400087668532993,7,sqrt,100,50,300,7,0.3,"{'estimator__classifier__max_depth': 7, 'estimator__classifier__max_features': 'sqrt', 'estimator__classifier__min_samples_leaf': 100, 'estimator__classifier__min_samples_split': 50, 'estimator__classifier__n_estimators': 300, 'estimator__smote__k_neighbors': 7, 'estimator__smote__sampling_strategy': 0.3}",0.002245749310416697,0.01627229619764635,0.004619187414045649,0.02292730575031295,0.3124798756475775,0.05923711445494246,0.1321661801391475,0.06166209132827983,0.07645122503029611,0.09777610385403733,41
167,324.98412439227104,291.49791246632356,4.372489959001541,2.418061259881301,7,sqrt,100,50,400,7,0.3,"{'estimator__classifier__max_depth': 7, 'estimator__classifier__max_features': 'sqrt', 'estimator__classifier__min_samples_leaf': 100, 'estimator__classifier__min_samples_split': 50, 'estimator__classifier__n_estimators': 400, 'estimator__smote__k_neighbors': 7, 'estimator__smote__sampling_strategy': 0.3}",0.002441316876933858,0.01727324793465669,0.004589376322639578,0.02512602734464542,0.3106557443647856,0.06006807308536845,0.13640204302339637,0.049015557783479796,0.07569642334198823,0.09762192623209368,55
168,58.44372397661209,48.62751019113442,1.7959414720535278,0.7563759574004935,7,sqrt,100,200,50,7,0.3,"{'estimator__classifier__max_depth': 7, 'estimator__classifier__max_features': 'sqrt', 'estimator__classifier__min_samples_leaf': 100, 'estimator__classifier__min_samples_split': 200, 'estimator__classifier__n_estimators': 50, 'estimator__smote__k_neighbors': 7, 'estimator__smote__sampling_strategy': 0.3}",0.0017803611778395851,0.018295025565410412,0.00423782781648852,0.021385651843043817,0.30814047097190217,0.05247721492265342,0.10986219299667811,0.058737228566322235,0.07186449673254228,0.09534234841956367,97
169,101.66615977883339,87.46591189112137,1.9243867099285126,0.9634065694299971,7,sqrt,100,200,100,7,0.3,"{'estimator__classifier__max_depth': 7, 'estimator__classifier__max_features': 'sqrt', 'estimator__classifier__min_samples_leaf': 100, 'estimator__classifier__min_samples_split': 200, 'estimator__classifier__n_estimators': 100, 'estimator__smote__k_neighbors': 7, 'estimator__smote__sampling_strategy': 0.3}",0.002078042081518746,0.013494651656715484,0.004014460126755454,0.022966850861084482,0.3122003430232998,0.05286571044253364,0.1375044661860937,0.07239500811191549,0.0771899415612396,0.09840990316661437,26
170,258.0041974782944,222.01307393786092,2.844213902950287,1.5308292321419634,7,sqrt,100,200,300,7,0.3,"{'estimator__classifier__max_depth': 7, 'estimator__classifier__max_features': 'sqrt', 'estimator__classifier__min_samples_leaf': 100, 'estimator__classifier__min_samples_split': 200, 'estimator__classifier__n_estimators': 300, 'estimator__smote__k_neighbors': 7, 'estimator__smote__sampling_strategy': 0.3}",0.002245749310416697,0.01627229619764635,0.004619187414045649,0.02292730575031295,0.3124798756475775,0.05923711445494246,0.1321661801391475,0.06166209132827983,0.07645122503029611,0.09777610385403733,41
171,323.46683940291405,292.4033331409217,3.761401653289795,2.5657384110781174,7,sqrt,100,200,400,7,0.3,"{'estimator__classifier__max_depth': 7, 'estimator__classifier__max_features': 'sqrt', 'estimator__classifier__min_samples_leaf': 100, 'estimator__classifier__min_samples_split': 200, 'estimator__classifier__n_estimators': 400, 'estimator__smote__k_neighbors': 7, 'estimator__smote__sampling_strategy': 0.3}",0.002441316876933858,0.01727324793465669,0.004589376322639578,0.02512602734464542,0.3106557443647856,0.06006807308536845,0.13640204302339637,0.049015557783479796,0.07569642334198823,0.09762192623209368,55
172,57.53084099292755,49.60800050887211,1.9323895871639252,1.1901357267186519,7,sqrt,100,500,50,7,0.3,"{'estimator__classifier__max_depth': 7, 'estimator__classifier__max_features': 'sqrt', 'estimator__classifier__min_samples_leaf': 100, 'estimator__classifier__min_samples_split': 500, 'estimator__classifier__n_estimators': 50, 'estimator__smote__k_neighbors': 7, 'estimator__smote__sampling_strategy': 0.3}",0.0013810767314980765,0.015356940936802649,0.003892857522809018,0.0181298125125191,0.31216134683877145,0.05357344069421751,0.13572769267255252,0.047452635247495906,0.07345947539458328,0.09899482966643194,71
173,96.25470608472824,83.34747312703753,2.1576417982578278,0.9988681023474728,7,sqrt,100,500,100,7,0.3,"{'estimator__classifier__max_depth': 7, 'estimator__classifier__max_features': 'sqrt', 'estimator__classifier__min_samples_leaf': 100, 'estimator__classifier__min_samples_split': 500, 'estimator__classifier__n_estimators': 100, 'estimator__smote__k_neighbors': 7, 'estimator__smote__sampling_strategy': 0.3}",0.0012914854012316826,0.013006938873665788,0.0036461317404369365,0.020796659217388106,0.29455241116316544,0.05618998339447002,0.13316844234381298,0.05396105773147477,0.07207663873320572,0.09328744277751397,91
174,256.387136310339,217.08343026861735,3.308824807405472,2.191352526883496,7,sqrt,100,500,300,7,0.3,"{'estimator__classifier__max_depth': 7, 'estimator__classifier__max_features': 'sqrt', 'estimator__classifier__min_samples_leaf': 100, 'estimator__classifier__min_samples_split': 500, 'estimator__classifier__n_estimators': 300, 'estimator__smote__k_neighbors': 7, 'estimator__smote__sampling_strategy': 0.3}",0.0019760116412826266,0.016611145395803172,0.004545868952089322,0.02324952093076426,0.31981402858706137,0.05970859453457398,0.13333312097061317,0.05812026748377673,0.07716981981199558,0.1001258002373823,29
175,324.7953148782253,277.6923198750293,4.247108697891235,2.649466526007536,7,sqrt,100,500,400,7,0.3,"{'estimator__classifier__max_depth': 7, 'estimator__classifier__max_features': 'sqrt', 'estimator__classifier__min_samples_leaf': 100, 'estimator__classifier__min_samples_split': 500, 'estimator__classifier__n_estimators': 400, 'estimator__smote__k_neighbors': 7, 'estimator__smote__sampling_strategy': 0.3}",0.0020349410412439876,0.015887163379443594,0.004705290033829752,0.023030619290853135,0.34748843814596864,0.059680600409524734,0.12936731308067106,0.057154320378536606,0.07991858572000894,0.10841226644078879,9
176,56.76303732395172,49.24057724191787,2.0996881127357483,1.034594288952644,7,sqrt,300,30,50,7,0.3,"{'estimator__classifier__max_depth': 7, 'estimator__classifier__max_features': 'sqrt', 'estimator__classifier__min_samples_leaf': 300, 'estimator__classifier__min_samples_split': 30, 'estimator__classifier__n_estimators': 50, 'estimator__smote__k_neighbors': 7, 'estimator__smote__sampling_strategy': 0.3}",0.001668306044513083,0.01635735701427495,0.004817182501401337,0.01834731193369989,0.2812551864904675,0.0492201541379924,0.13292657596034976,0.07248121412457527,0.07213416102590926,0.0890600797772008,87
177,100.05346465110779,87.99368930387098,1.9114348590373993,0.9846911575677073,7,sqrt,300,30,100,7,0.3,"{'estimator__classifier__max_depth': 7, 'estimator__classifier__max_features': 'sqrt', 'estimator__classifier__min_samples_leaf': 300, 'estimator__classifier__min_samples_split': 30, 'estimator__classifier__n_estimators': 100, 'estimator__smote__k_neighbors': 7, 'estimator__smote__sampling_strategy': 0.3}",0.001459416333921068,0.01570713342137151,0.00418859590697371,0.02357152661551983,0.28166242313198586,0.06230882696088327,0.11931983384982942,0.06991361361530792,0.07226642122947408,0.08759549551846896,82
178,252.59394749999046,220.05124077312055,3.1725158989429474,1.6536489766696456,7,sqrt,300,30,300,7,0.3,"{'estimator__classifier__max_depth': 7, 'estimator__classifier__max_features': 'sqrt', 'estimator__classifier__min_samples_leaf': 300, 'estimator__classifier__min_samples_split': 30, 'estimator__classifier__n_estimators': 300, 'estimator__smote__k_neighbors': 7, 'estimator__smote__sampling_strategy': 0.3}",0.002456306110689239,0.017780569626986913,0.004421859967463125,0.02420466583648875,0.3247779111892666,0.0640980407569161,0.1391184586221927,0.0647715838939738,0.08020367450049715,0.10161515610234476,5
179,329.7325164079666,296.3362315227431,3.624486893415451,1.913781007354151,7,sqrt,300,30,400,7,0.3,"{'estimator__classifier__max_depth': 7, 'estimator__classifier__max_features': 'sqrt', 'estimator__classifier__min_samples_leaf': 300, 'estimator__classifier__min_samples_split': 30, 'estimator__classifier__n_estimators': 400, 'estimator__smote__k_neighbors': 7, 'estimator__smote__sampling_strategy': 0.3}",0.0025916324413242336,0.018051092512464062,0.004273869585975734,0.02558815925472947,0.3177218376133345,0.06304494258046797,0.14132319245390623,0.061380982721142424,0.07924696364541808,0.09964099873124997,14
180,59.59556293487549,51.795143637560486,1.7770551145076752,0.7458057384330209,7,sqrt,300,50,50,7,0.3,"{'estimator__classifier__max_depth': 7, 'estimator__classifier__max_features': 'sqrt', 'estimator__classifier__min_samples_leaf': 300, 'estimator__classifier__min_samples_split': 50, 'estimator__classifier__n_estimators': 50, 'estimator__smote__k_neighbors': 7, 'estimator__smote__sampling_strategy': 0.3}",0.001668306044513083,0.016357341204551297,0.004817182501401337,0.01834731193369989,0.2812551864904675,0.0492201541379924,0.13292657596034976,0.07248121412457527,0.07213415904969381,0.08906008101487087,89
181,95.1847705245018,81.13016208896627,1.9565408825874329,0.9456110563721433,7,sqrt,300,50,100,7,0.3,"{'estimator__classifier__max_depth': 7, 'estimator__classifier__max_features': 'sqrt', 'estimator__classifier__min_samples_leaf': 300, 'estimator__classifier__min_samples_split': 50, 'estimator__classifier__n_estimators': 100, 'estimator__smote__k_neighbors': 7, 'estimator__smote__sampling_strategy': 0.3}",0.001459416333921068,0.01570713342137151,0.00418859590697371,0.02357152661551983,0.28166242313198586,0.06230882696088327,0.11931983384982942,0.06991361361530792,0.07226642122947408,0.08759549551846896,82
182,254.94208952784538,217.6237399990553,3.1084074079990387,1.867994377753039,7,sqrt,300,50,300,7,0.3,"{'estimator__classifier__max_depth': 7, 'estimator__classifier__max_features': 'sqrt', 'estimator__classifier__min_samples_leaf': 300, 'estimator__classifier__min_samples_split': 50, 'estimator__classifier__n_estimators': 300, 'estimator__smote__k_neighbors': 7, 'estimator__smote__sampling_strategy': 0.3}",0.002456306110689239,0.017780569626986913,0.004421859967463125,0.02420466583648875,0.3247779111892666,0.0640980407569161,0.1391184586221927,0.0647715838939738,0.08020367450049715,0.10161515610234476,5
183,325.8990724682808,274.33224404582444,3.7601464092731476,2.2942043848741345,7,sqrt,300,50,400,7,0.3,"{'estimator__classifier__max_depth': 7, 'estimator__classifier__max_features': 'sqrt', 'estimator__classifier__min_samples_leaf': 300, 'estimator__classifier__min_samples_split': 50, 'estimator__classifier__n_estimators': 400, 'estimator__smote__k_neighbors': 7, 'estimator__smote__sampling_strategy': 0.3}",0.0025916324413242336,0.018051095976871687,0.004273869585975734,0.02558815925472947,0.31772183761333445,0.06304494258046797,0.14132319245390623,0.061380982721142424,0.07924696407846903,0.09964099846528583,13
184,57.54196888208389,51.718765073614236,1.7480506896972656,0.9555877424688956,7,sqrt,300,200,50,7,0.3,"{'estimator__classifier__max_depth': 7, 'estimator__classifier__max_features': 'sqrt', 'estimator__classifier__min_samples_leaf': 300, 'estimator__classifier__min_samples_split': 200, 'estimator__classifier__n_estimators': 50, 'estimator__smote__k_neighbors': 7, 'estimator__smote__sampling_strategy': 0.3}",0.001668306044513083,0.01635735701427495,0.004817182501401338,0.01834731193369989,0.2812551864904675,0.0492201541379924,0.13292657596034976,0.07248121412457527,0.07213416102590926,0.0890600797772008,87
185,99.3160597383976,82.20876144900285,2.3010825514793396,1.2210860224417437,7,sqrt,300,200,100,7,0.3,"{'estimator__classifier__max_depth': 7, 'estimator__classifier__max_features': 'sqrt', 'estimator__classifier__min_samples_leaf': 300, 'estimator__classifier__min_samples_split': 200, 'estimator__classifier__n_estimators': 100, 'estimator__smote__k_neighbors': 7, 'estimator__smote__sampling_strategy': 0.3}",0.001459416333921068,0.01570713342137151,0.00418859590697371,0.02357152661551983,0.28166242313198586,0.06230882696088327,0.11931983384982942,0.06991361361530792,0.07226642122947408,0.08759549551846896,82
186,250.06087532639503,211.31503645099366,3.3977161645889282,2.155481572172249,7,sqrt,300,200,300,7,0.3,"{'estimator__classifier__max_depth': 7, 'estimator__classifier__max_features': 'sqrt', 'estimator__classifier__min_samples_leaf': 300, 'estimator__classifier__min_samples_split': 200, 'estimator__classifier__n_estimators': 300, 'estimator__smote__k_neighbors': 7, 'estimator__smote__sampling_strategy': 0.3}",0.002456306110689239,0.017780569626986913,0.004421859967463125,0.02420466583648875,0.3247779111892666,0.0640980407569161,0.1391184586221927,0.0647715838939738,0.08020367450049715,0.10161515610234476,5
187,343.7218361198902,300.3941747035155,4.167614996433258,2.7029119270568662,7,sqrt,300,200,400,7,0.3,"{'estimator__classifier__max_depth': 7, 'estimator__classifier__max_features': 'sqrt', 'estimator__classifier__min_samples_leaf': 300, 'estimator__classifier__min_samples_split': 200, 'estimator__classifier__n_estimators': 400, 'estimator__smote__k_neighbors': 7, 'estimator__smote__sampling_strategy': 0.3}",0.0025916324413242336,0.018051092512464062,0.004273869585975734,0.02558815925472947,0.31772183761333445,0.06304494258046797,0.14132319245390623,0.061380982721142424,0.07924696364541807,0.09964099873124997,15
188,59.93380132317543,50.328293712727884,1.9322870373725891,0.934177358323553,7,sqrt,300,500,50,7,0.3,"{'estimator__classifier__max_depth': 7, 'estimator__classifier__max_features': 'sqrt', 'estimator__classifier__min_samples_leaf': 300, 'estimator__classifier__min_samples_split': 500, 'estimator__classifier__n_estimators': 50, 'estimator__smote__k_neighbors': 7, 'estimator__smote__sampling_strategy': 0.3}",0.001668306044513083,0.016357341204551297,0.004817182501401337,0.01834731193369989,0.2812551864904675,0.0492201541379924,0.13292657596034976,0.07248121412457527,0.07213415904969381,0.08906008101487087,89
189,95.0702772140503,80.76628639761549,1.863960474729538,0.8700397144394787,7,sqrt,300,500,100,7,0.3,"{'estimator__classifier__max_depth': 7, 'estimator__classifier__max_features': 'sqrt', 'estimator__classifier__min_samples_leaf': 300, 'estimator__classifier__min_samples_split': 500, 'estimator__classifier__n_estimators': 100, 'estimator__smote__k_neighbors': 7, 'estimator__smote__sampling_strategy': 0.3}",0.001459416333921068,0.01570713342137151,0.00418859590697371,0.02357152661551983,0.28166242313198586,0.06230882696088327,0.11931983384982942,0.06991361361530792,0.07226642122947408,0.08759549551846896,82
190,254.5840208530426,214.16599384651528,3.466361105442047,2.0727335655735017,7,sqrt,300,500,300,7,0.3,"{'estimator__classifier__max_depth': 7, 'estimator__classifier__max_features': 'sqrt', 'estimator__classifier__min_samples_leaf': 300, 'estimator__classifier__min_samples_split': 500, 'estimator__classifier__n_estimators': 300, 'estimator__smote__k_neighbors': 7, 'estimator__smote__sampling_strategy': 0.3}",0.002456306110689239,0.017780569626986913,0.004421859967463125,0.02420466583648875,0.3247779111892666,0.0640980407569161,0.1391184586221927,0.0647715838939738,0.08020367450049715,0.10161515610234476,5
191,337.2352323830128,301.674988666508,3.192694514989853,1.569061754652553,7,sqrt,300,500,400,7,0.3,"{'estimator__classifier__max_depth': 7, 'estimator__classifier__max_features': 'sqrt', 'estimator__classifier__min_samples_leaf': 300, 'estimator__classifier__min_samples_split': 500, 'estimator__classifier__n_estimators': 400, 'estimator__smote__k_neighbors': 7, 'estimator__smote__sampling_strategy': 0.3}",0.0025916324413242336,0.018051092512464062,0.004273869585975734,0.02558815925472947,0.31772183761333445,0.06304494258046797,0.14132319245390623,0.061380982721142424,0.07924696364541807,0.09964099873124997,15
192,66.39659669995308,57.74008947946922,1.8167728781700134,0.835184207467819,10,sqrt,10,30,50,7,0.3,"{'estimator__classifier__max_depth': 10, 'estimator__classifier__max_features': 'sqrt', 'estimator__classifier__min_samples_leaf': 10, 'estimator__classifier__min_samples_split': 30, 'estimator__classifier__n_estimators': 50, 'estimator__smote__k_neighbors': 7, 'estimator__smote__sampling_strategy': 0.3}",0.0011469242801896303,0.009896537705860247,0.0024660583929429097,0.014788264999268374,0.23082120409479423,0.04942940241076288,0.1271474863893643,0.05839173130421994,0.06176095119717531,0.07508868260231416,184
193,121.8161786198616,106.87299168762328,1.9171388745307922,0.8985527305982284,10,sqrt,10,30,100,7,0.3,"{'estimator__classifier__max_depth': 10, 'estimator__classifier__max_features': 'sqrt', 'estimator__classifier__min_samples_leaf': 10, 'estimator__classifier__min_samples_split': 30, 'estimator__classifier__n_estimators': 100, 'estimator__smote__k_neighbors': 7, 'estimator__smote__sampling_strategy': 0.3}",0.0013042716923730656,0.012260619017686703,0.0026493931984779826,0.0158645731401263,0.28990550485918914,0.05007560179662725,0.11927743278483921,0.03821590361417029,0.06619416251293625,0.09192233105046886,172
194,291.61419585347176,247.78724247597202,2.953297406435013,1.347066299410892,10,sqrt,10,30,300,7,0.3,"{'estimator__classifier__max_depth': 10, 'estimator__classifier__max_features': 'sqrt', 'estimator__classifier__min_samples_leaf': 10, 'estimator__classifier__min_samples_split': 30, 'estimator__classifier__n_estimators': 300, 'estimator__smote__k_neighbors': 7, 'estimator__smote__sampling_strategy': 0.3}",0.002408648610086414,0.012690056103688702,0.0033946147485743837,0.02160187396455702,0.27114654483855355,0.050173414406700735,0.11981643991867896,0.05863892879691708,0.0674838151734696,0.08517981314073629,153
195,397.15761667490005,354.57596510130054,3.9501467049121857,2.40888801633596,10,sqrt,10,30,400,7,0.3,"{'estimator__classifier__max_depth': 10, 'estimator__classifier__max_features': 'sqrt', 'estimator__classifier__min_samples_leaf': 10, 'estimator__classifier__min_samples_split': 30, 'estimator__classifier__n_estimators': 400, 'estimator__smote__k_neighbors': 7, 'estimator__smote__sampling_strategy': 0.3}",0.0024749834101184367,0.01296886482569927,0.0033777580331165046,0.01986542475942441,0.2796157405377566,0.049923171937596475,0.11869547257717161,0.06011944539141837,0.06838010768403771,0.08771680049325228,143
196,63.27813160419464,50.85642745008401,1.6903822124004364,0.8473973072310946,10,sqrt,10,50,50,7,0.3,"{'estimator__classifier__max_depth': 10, 'estimator__classifier__max_features': 'sqrt', 'estimator__classifier__min_samples_leaf': 10, 'estimator__classifier__min_samples_split': 50, 'estimator__classifier__n_estimators': 50, 'estimator__smote__k_neighbors': 7, 'estimator__smote__sampling_strategy': 0.3}",0.0015620708235300049,0.012420629410120041,0.002575446539496699,0.01368555570804923,0.28838715217350386,0.04820216238854778,0.12103056824417073,0.04633746316364539,0.06677513105638297,0.09149142813603146,169
197,115.3624849319458,102.33265752794388,2.0490957498550415,1.1446789883008133,10,sqrt,10,50,100,7,0.3,"{'estimator__classifier__max_depth': 10, 'estimator__classifier__max_features': 'sqrt', 'estimator__classifier__min_samples_leaf': 10, 'estimator__classifier__min_samples_split': 50, 'estimator__classifier__n_estimators': 100, 'estimator__smote__k_neighbors': 7, 'estimator__smote__sampling_strategy': 0.3}",0.0013910799095538065,0.012279130534547714,0.0027357174147999027,0.016033381007541276,0.27674808907483306,0.05494218093031641,0.13233355125948865,0.05443953379121822,0.06886283299028736,0.08843396346075444,141
198,316.278385668993,284.166211115692,3.590619742870331,1.872505797364571,10,sqrt,10,50,300,7,0.3,"{'estimator__classifier__max_depth': 10, 'estimator__classifier__max_features': 'sqrt', 'estimator__classifier__min_samples_leaf': 10, 'estimator__classifier__min_samples_split': 50, 'estimator__classifier__n_estimators': 300, 'estimator__smote__k_neighbors': 7, 'estimator__smote__sampling_strategy': 0.3}",0.002134978774494781,0.012551125445538592,0.0034378186377743802,0.019711746450475236,0.30247003427812125,0.05058722840067755,0.12286468683215024,0.05969206023726329,0.0716812098820619,0.09497562599647813,104
199,407.32523223757744,340.2124052787384,4.065825551748276,1.8540718710537318,10,sqrt,10,50,400,7,0.3,"{'estimator__classifier__max_depth': 10, 'estimator__classifier__max_features': 'sqrt', 'estimator__classifier__min_samples_leaf': 10, 'estimator__classifier__min_samples_split': 50, 'estimator__classifier__n_estimators': 400, 'estimator__smote__k_neighbors': 7, 'estimator__smote__sampling_strategy': 0.3}",0.002510174459552574,0.012416777470040415,0.0030654155499129547,0.0200280476840437,0.29846805151473244,0.04985991652878808,0.11689355137015801,0.05873335807491471,0.07024691158151786,0.09339222857463554,122
200,69.0517920255661,61.188700015008635,2.0480807721614838,1.0391792626993122,10,sqrt,10,200,50,7,0.3,"{'estimator__classifier__max_depth': 10, 'estimator__classifier__max_features': 'sqrt', 'estimator__classifier__min_samples_leaf': 10, 'estimator__classifier__min_samples_split': 200, 'estimator__classifier__n_estimators': 50, 'estimator__smote__k_neighbors': 7, 'estimator__smote__sampling_strategy': 0.3}",0.0017668121071587246,0.017467466004796397,0.003240843358475953,0.014891837600452701,0.28712074143307015,0.04938965644901928,0.12846353504901,0.05626431360089002,0.06982565070035915,0.09088574081512334,132
201,116.44850143790245,100.13281381770602,2.0282051265239716,0.9003319356446623,10,sqrt,10,200,100,7,0.3,"{'estimator__classifier__max_depth': 10, 'estimator__classifier__max_features': 'sqrt', 'estimator__classifier__min_samples_leaf': 10, 'estimator__classifier__min_samples_split': 200, 'estimator__classifier__n_estimators': 100, 'estimator__smote__k_neighbors': 7, 'estimator__smote__sampling_strategy': 0.3}",0.0016171448800396447,0.015457821285385675,0.0028956002206991004,0.017655414539420492,0.2787665769403753,0.047058910556375726,0.11684844486801169,0.0593596815332269,0.06745744935294182,0.08750719550101238,154
202,306.5680412352085,265.9048600506537,3.3685282766819,1.8967175654041122,10,sqrt,10,200,300,7,0.3,"{'estimator__classifier__max_depth': 10, 'estimator__classifier__max_features': 'sqrt', 'estimator__classifier__min_samples_leaf': 10, 'estimator__classifier__min_samples_split': 200, 'estimator__classifier__n_estimators': 300, 'estimator__smote__k_neighbors': 7, 'estimator__smote__sampling_strategy': 0.3}",0.0020097678817426346,0.01525437612171555,0.003934456663950805,0.017544431799099917,0.2945451469649553,0.050428823694371044,0.11709866937906754,0.05915724570990971,0.06999661477685155,0.09211093956649455,128
203,414.82588616013527,360.9940022753928,3.6412214934825897,2.1392808857031054,10,sqrt,10,200,400,7,0.3,"{'estimator__classifier__max_depth': 10, 'estimator__classifier__max_features': 'sqrt', 'estimator__classifier__min_samples_leaf': 10, 'estimator__classifier__min_samples_split': 200, 'estimator__classifier__n_estimators': 400, 'estimator__smote__k_neighbors': 7, 'estimator__smote__sampling_strategy': 0.3}",0.0018204141286019175,0.015698905492422106,0.00423371813718299,0.017872770318741044,0.2900446515985942,0.04668907999593678,0.11790837232748205,0.06031105113402668,0.06932237039162348,0.09082123843112629,134
204,68.44917953014374,58.08319772039449,2.1551369428634644,1.1205386720327353,10,sqrt,10,500,50,7,0.3,"{'estimator__classifier__max_depth': 10, 'estimator__classifier__max_features': 'sqrt', 'estimator__classifier__min_samples_leaf': 10, 'estimator__classifier__min_samples_split': 500, 'estimator__classifier__n_estimators': 50, 'estimator__smote__k_neighbors': 7, 'estimator__smote__sampling_strategy': 0.3}",0.0011051120375535858,0.014219640587398006,0.0040219757887614066,0.015325008820110574,0.28884320919612133,0.050395767473744094,0.10736002392139699,0.05569284301673297,0.06712044760522737,0.0901465585307441,160
205,118.83324432373047,100.2255341079732,2.1400740146636963,0.9780220790914271,10,sqrt,10,500,100,7,0.3,"{'estimator__classifier__max_depth': 10, 'estimator__classifier__max_features': 'sqrt', 'estimator__classifier__min_samples_leaf': 10, 'estimator__classifier__min_samples_split': 500, 'estimator__classifier__n_estimators': 100, 'estimator__smote__k_neighbors': 7, 'estimator__smote__sampling_strategy': 0.3}",0.0011528415798525379,0.015184567370100942,0.0031579183179084157,0.01726327104061213,0.29872808733965317,0.052696784773845824,0.12045011260376011,0.05710733436428463,0.07071761467375222,0.09375296225949903,119
206,306.980985224247,262.55619603077264,3.2761711478233337,1.6235140047705754,10,sqrt,10,500,300,7,0.3,"{'estimator__classifier__max_depth': 10, 'estimator__classifier__max_features': 'sqrt', 'estimator__classifier__min_samples_leaf': 10, 'estimator__classifier__min_samples_split': 500, 'estimator__classifier__n_estimators': 300, 'estimator__smote__k_neighbors': 7, 'estimator__smote__sampling_strategy': 0.3}",0.0013152465510765108,0.015555480398275286,0.0038362542063719463,0.01941853092491456,0.2938532864028041,0.05088746993116131,0.1229205871092166,0.06300803718780366,0.071349361588953,0.09214690706392235,112
207,408.30420741438866,353.49872351991127,4.289173066616058,2.2330907192858254,10,sqrt,10,500,400,7,0.3,"{'estimator__classifier__max_depth': 10, 'estimator__classifier__max_features': 'sqrt', 'estimator__classifier__min_samples_leaf': 10, 'estimator__classifier__min_samples_split': 500, 'estimator__classifier__n_estimators': 400, 'estimator__smote__k_neighbors': 7, 'estimator__smote__sampling_strategy': 0.3}",0.0015645544684252013,0.016036554079984933,0.004391495124579164,0.020478153392851278,0.3037808673704161,0.04756824531327828,0.11930779546954703,0.058677464861162924,0.07147564126003061,0.09490196838701333,110
208,69.73405921459198,57.849640302348554,2.0337242782115936,1.0019337963718855,10,sqrt,20,30,50,7,0.3,"{'estimator__classifier__max_depth': 10, 'estimator__classifier__max_features': 'sqrt', 'estimator__classifier__min_samples_leaf': 20, 'estimator__classifier__min_samples_split': 30, 'estimator__classifier__n_estimators': 50, 'estimator__smote__k_neighbors': 7, 'estimator__smote__sampling_strategy': 0.3}",0.002127052404737384,0.012598921104989084,0.0031090491713658703,0.014835605955112246,0.2722623779145088,0.045806366155226916,0.13360023361375112,0.04230318632680019,0.06583034908081145,0.08774077392950926,176
209,115.71818989515305,101.30710161227462,1.89370858669281,0.8691825741689749,10,sqrt,20,30,100,7,0.3,"{'estimator__classifier__max_depth': 10, 'estimator__classifier__max_features': 'sqrt', 'estimator__classifier__min_samples_leaf': 20, 'estimator__classifier__min_samples_split': 30, 'estimator__classifier__n_estimators': 100, 'estimator__smote__k_neighbors': 7, 'estimator__smote__sampling_strategy': 0.3}",0.001609314964584228,0.01434040540409166,0.0030975674025127413,0.017558569902831583,0.30246257005969657,0.04726222982452657,0.12463189825788094,0.044935911265409044,0.06948730838519167,0.09563466817100347,133
210,306.2116020321846,266.43115710782894,2.894606113433838,1.747537519847989,10,sqrt,20,30,300,7,0.3,"{'estimator__classifier__max_depth': 10, 'estimator__classifier__max_features': 'sqrt', 'estimator__classifier__min_samples_leaf': 20, 'estimator__classifier__min_samples_split': 30, 'estimator__classifier__n_estimators': 300, 'estimator__smote__k_neighbors': 7, 'estimator__smote__sampling_strategy': 0.3}",0.002039543549553194,0.013214721320994945,0.0033630890119424554,0.02150648867205142,0.26869629459136096,0.05026164875892903,0.11205772295876354,0.057643276722020055,0.06609784819820196,0.08389341185231172,173
211,401.4814245402813,348.59781853616124,4.001653790473938,3.0783025563055344,10,sqrt,20,30,400,7,0.3,"{'estimator__classifier__max_depth': 10, 'estimator__classifier__max_features': 'sqrt', 'estimator__classifier__min_samples_leaf': 20, 'estimator__classifier__min_samples_split': 30, 'estimator__classifier__n_estimators': 400, 'estimator__smote__k_neighbors': 7, 'estimator__smote__sampling_strategy': 0.3}",0.0021095175150323666,0.013996811500760773,0.0036869392490283,0.021881151027529723,0.2719033852253528,0.05009218254185847,0.1234252685552034,0.05937721952005702,0.06830905939185286,0.08555980882716106,145
212,64.6334417462349,60.172144003638095,1.8911927044391632,0.926610821571993,10,sqrt,20,50,50,7,0.3,"{'estimator__classifier__max_depth': 10, 'estimator__classifier__max_features': 'sqrt', 'estimator__classifier__min_samples_leaf': 20, 'estimator__classifier__min_samples_split': 50, 'estimator__classifier__n_estimators': 50, 'estimator__smote__k_neighbors': 7, 'estimator__smote__sampling_strategy': 0.3}",0.00202441319776873,0.01162434209474139,0.0034922409173966914,0.014486390291016803,0.2628632077560189,0.05359698150432681,0.10890352678536395,0.054155282357829314,0.06389329811305783,0.08251130350580221,182
213,113.604621976614,95.59770966045319,2.053062081336975,0.8624826014422644,10,sqrt,20,50,100,7,0.3,"{'estimator__classifier__max_depth': 10, 'estimator__classifier__max_features': 'sqrt', 'estimator__classifier__min_samples_leaf': 20, 'estimator__classifier__min_samples_split': 50, 'estimator__classifier__n_estimators': 100, 'estimator__smote__k_neighbors': 7, 'estimator__smote__sampling_strategy': 0.3}",0.001381299958074737,0.01280449227352198,0.0035247565147285506,0.018258127826539728,0.2678478441375245,0.055761451650017266,0.11119805216139161,0.03991624285034655,0.06383653342151811,0.08420283732227694,183
214,307.02337861061096,265.034621324359,3.1467881202697754,1.5161668774194115,10,sqrt,20,50,300,7,0.3,"{'estimator__classifier__max_depth': 10, 'estimator__classifier__max_features': 'sqrt', 'estimator__classifier__min_samples_leaf': 20, 'estimator__classifier__min_samples_split': 50, 'estimator__classifier__n_estimators': 300, 'estimator__smote__k_neighbors': 7, 'estimator__smote__sampling_strategy': 0.3}",0.0020397106199435693,0.012651953017481076,0.0038369737569339387,0.02377515575095346,0.2811911957599666,0.050851521225256546,0.10997039182162871,0.06078628103219362,0.0681378978730447,0.08735334319852428,147
215,405.8943960368633,367.1337586564264,4.620319306850433,2.3364500400304133,10,sqrt,20,50,400,7,0.3,"{'estimator__classifier__max_depth': 10, 'estimator__classifier__max_features': 'sqrt', 'estimator__classifier__min_samples_leaf': 20, 'estimator__classifier__min_samples_split': 50, 'estimator__classifier__n_estimators': 400, 'estimator__smote__k_neighbors': 7, 'estimator__smote__sampling_strategy': 0.3}",0.0022172916415351507,0.012288601226871835,0.0037161599061315337,0.02470897655561436,0.27044702551162786,0.051170531171738254,0.12671795445616257,0.058257657994292444,0.06869052480799676,0.08532626753163805,142
216,72.30714437365532,63.89265024582203,1.8525402545928955,1.0326281332978662,10,sqrt,20,200,50,7,0.3,"{'estimator__classifier__max_depth': 10, 'estimator__classifier__max_features': 'sqrt', 'estimator__classifier__min_samples_leaf': 20, 'estimator__classifier__min_samples_split': 200, 'estimator__classifier__n_estimators': 50, 'estimator__smote__k_neighbors': 7, 'estimator__smote__sampling_strategy': 0.3}",0.001620745463579138,0.014810663809835627,0.0034882096720727862,0.016079163439481025,0.2984461808279621,0.04580374027132811,0.13033129116315142,0.058610698846492074,0.07114883668673778,0.09459452873722084,117
217,119.31154823303223,102.89437833874389,2.073388487100601,0.8542570323089659,10,sqrt,20,200,100,7,0.3,"{'estimator__classifier__max_depth': 10, 'estimator__classifier__max_features': 'sqrt', 'estimator__classifier__min_samples_leaf': 20, 'estimator__classifier__min_samples_split': 200, 'estimator__classifier__n_estimators': 100, 'estimator__smote__k_neighbors': 7, 'estimator__smote__sampling_strategy': 0.3}",0.001647151166195111,0.013790702756686354,0.00357436671498315,0.01574962903956068,0.309903716981817,0.051071889765016414,0.128041596062182,0.03990229809185967,0.07046016882228756,0.09834387107017725,120
218,301.9310519993305,256.321048312103,3.1010382175445557,1.6575562869814613,10,sqrt,20,200,300,7,0.3,"{'estimator__classifier__max_depth': 10, 'estimator__classifier__max_features': 'sqrt', 'estimator__classifier__min_samples_leaf': 20, 'estimator__classifier__min_samples_split': 200, 'estimator__classifier__n_estimators': 300, 'estimator__smote__k_neighbors': 7, 'estimator__smote__sampling_strategy': 0.3}",0.0018986289034947236,0.015357343792204013,0.0038518855735170344,0.01672961713287367,0.28217981878555304,0.04690846282880823,0.11339500770403096,0.05518399273971204,0.06693809468252422,0.08833038590700229,163
219,384.8041601777077,346.3797553819201,3.4446201026439667,1.6982617270459777,10,sqrt,20,200,400,7,0.3,"{'estimator__classifier__max_depth': 10, 'estimator__classifier__max_features': 'sqrt', 'estimator__classifier__min_samples_leaf': 20, 'estimator__classifier__min_samples_split': 200, 'estimator__classifier__n_estimators': 400, 'estimator__smote__k_neighbors': 7, 'estimator__smote__sampling_strategy': 0.3}",0.001677088262035803,0.0166861729484043,0.0038815527649501895,0.01833660953180439,0.283110302623214,0.048351808578840055,0.10943941739156102,0.04542458645442253,0.06586344231940403,0.08835886656004888,175
220,66.19256070256233,60.765785286490896,2.1032087802886963,1.1113209224360923,10,sqrt,20,500,50,7,0.3,"{'estimator__classifier__max_depth': 10, 'estimator__classifier__max_features': 'sqrt', 'estimator__classifier__min_samples_leaf': 20, 'estimator__classifier__min_samples_split': 500, 'estimator__classifier__n_estimators': 50, 'estimator__smote__k_neighbors': 7, 'estimator__smote__sampling_strategy': 0.3}",0.0013471103902171267,0.014144563027969091,0.003793635657119608,0.017292555203426187,0.30028615872649467,0.05109424766757739,0.11014746491620316,0.05416386942796915,0.06903370062712205,0.09370077439295982,136
221,124.4706839621067,108.82286998294367,2.143472522497177,1.0958622163684217,10,sqrt,20,500,100,7,0.3,"{'estimator__classifier__max_depth': 10, 'estimator__classifier__max_features': 'sqrt', 'estimator__classifier__min_samples_leaf': 20, 'estimator__classifier__min_samples_split': 500, 'estimator__classifier__n_estimators': 100, 'estimator__smote__k_neighbors': 7, 'estimator__smote__sampling_strategy': 0.3}",0.0011934295721633243,0.016981605326038124,0.003270254868932481,0.019262965444431086,0.2894655842060072,0.05394774791778728,0.12312419991603671,0.05342682118442235,0.0700840760544773,0.09089280199698067,126
222,301.83897292613983,259.2525600835415,2.9188632667064667,1.8248611596718207,10,sqrt,20,500,300,7,0.3,"{'estimator__classifier__max_depth': 10, 'estimator__classifier__max_features': 'sqrt', 'estimator__classifier__min_samples_leaf': 20, 'estimator__classifier__min_samples_split': 500, 'estimator__classifier__n_estimators': 300, 'estimator__smote__k_neighbors': 7, 'estimator__smote__sampling_strategy': 0.3}",0.0012286949231347733,0.01523176647186953,0.004039968591486616,0.019154419726044952,0.2732383604208425,0.04963762239627477,0.12605508895817874,0.05749674245301711,0.06826033299260613,0.0863566739370979,146
223,406.57511311769485,356.6711454864523,4.38393360376358,2.944625017216882,10,sqrt,20,500,400,7,0.3,"{'estimator__classifier__max_depth': 10, 'estimator__classifier__max_features': 'sqrt', 'estimator__classifier__min_samples_leaf': 20, 'estimator__classifier__min_samples_split': 500, 'estimator__classifier__n_estimators': 400, 'estimator__smote__k_neighbors': 7, 'estimator__smote__sampling_strategy': 0.3}",0.0015645336925440875,0.016128666920990367,0.003993607027684452,0.02028843117710638,0.2676673957210608,0.04754095086430008,0.1228882667226093,0.057823947811272064,0.06723697499219594,0.08431694397478649,159
224,63.90039199590683,55.17093306034358,1.7759283483028412,0.818507570342705,10,sqrt,100,30,50,7,0.3,"{'estimator__classifier__max_depth': 10, 'estimator__classifier__max_features': 'sqrt', 'estimator__classifier__min_samples_leaf': 100, 'estimator__classifier__min_samples_split': 30, 'estimator__classifier__n_estimators': 50, 'estimator__smote__k_neighbors': 7, 'estimator__smote__sampling_strategy': 0.3}",0.0013160494333536452,0.013799670732647755,0.0034328652392642007,0.014000234414033055,0.2902150533868215,0.04966278471968053,0.135801311110945,0.05099486326736036,0.06990285403801327,0.09289935655192835,129
225,112.7026652097702,102.48048491755787,2.040981560945511,0.9663672992647653,10,sqrt,100,30,100,7,0.3,"{'estimator__classifier__max_depth': 10, 'estimator__classifier__max_features': 'sqrt', 'estimator__classifier__min_samples_leaf': 100, 'estimator__classifier__min_samples_split': 30, 'estimator__classifier__n_estimators': 100, 'estimator__smote__k_neighbors': 7, 'estimator__smote__sampling_strategy': 0.3}",0.001722180755491854,0.01505472685667314,0.0036742551024982165,0.01808321160140764,0.2748179419427571,0.05029433865587434,0.1397013759983245,0.05761626163133452,0.07012053656804516,0.08812315670811126,124
226,301.00637701153755,256.9911301835431,3.4796948730945587,2.104611090758584,10,sqrt,100,30,300,7,0.3,"{'estimator__classifier__max_depth': 10, 'estimator__classifier__max_features': 'sqrt', 'estimator__classifier__min_samples_leaf': 100, 'estimator__classifier__min_samples_split': 30, 'estimator__classifier__n_estimators': 300, 'estimator__smote__k_neighbors': 7, 'estimator__smote__sampling_strategy': 0.3}",0.0023490453169341587,0.015408663140738469,0.004610607990715373,0.017478071121056267,0.29976463385008384,0.05441624630256041,0.11994286948148254,0.06074052791458566,0.07183883313976959,0.09366083042987042,100
227,410.06819504499435,367.72826125220035,3.7455855011940002,2.225807127955677,10,sqrt,100,30,400,7,0.3,"{'estimator__classifier__max_depth': 10, 'estimator__classifier__max_features': 'sqrt', 'estimator__classifier__min_samples_leaf': 100, 'estimator__classifier__min_samples_split': 30, 'estimator__classifier__n_estimators': 400, 'estimator__smote__k_neighbors': 7, 'estimator__smote__sampling_strategy': 0.3}",0.002624421168054865,0.015391992737752639,0.004266694162111328,0.017737037418936466,0.29462394097228684,0.05296424125980354,0.13531539059211853,0.05979284784267103,0.0728395707692169,0.09329101020069719,75
228,66.30086410045624,57.933432280913564,2.01012721657753,1.1779656343556717,10,sqrt,100,50,50,7,0.3,"{'estimator__classifier__max_depth': 10, 'estimator__classifier__max_features': 'sqrt', 'estimator__classifier__min_samples_leaf': 100, 'estimator__classifier__min_samples_split': 50, 'estimator__classifier__n_estimators': 50, 'estimator__smote__k_neighbors': 7, 'estimator__smote__sampling_strategy': 0.3}",0.0013160494333536452,0.013799670732647755,0.0034328652392642007,0.014000234414033055,0.2902150533868215,0.04966278471968053,0.135801311110945,0.05099486326736036,0.06990285403801327,0.09289935655192835,129
229,113.67437049746513,99.0587078162727,1.9415897727012634,0.8816740628297347,10,sqrt,100,50,100,7,0.3,"{'estimator__classifier__max_depth': 10, 'estimator__classifier__max_features': 'sqrt', 'estimator__classifier__min_samples_leaf': 100, 'estimator__classifier__min_samples_split': 50, 'estimator__classifier__n_estimators': 100, 'estimator__smote__k_neighbors': 7, 'estimator__smote__sampling_strategy': 0.3}",0.001722180755491854,0.01505472685667314,0.0036742551024982165,0.01808321160140764,0.2748179419427571,0.05029433865587434,0.1397013759983245,0.05761626163133452,0.07012053656804516,0.08812315670811126,124
230,298.6160687804222,266.34740329201094,3.044860154390335,1.6464012023550476,10,sqrt,100,50,300,7,0.3,"{'estimator__classifier__max_depth': 10, 'estimator__classifier__max_features': 'sqrt', 'estimator__classifier__min_samples_leaf': 100, 'estimator__classifier__min_samples_split': 50, 'estimator__classifier__n_estimators': 300, 'estimator__smote__k_neighbors': 7, 'estimator__smote__sampling_strategy': 0.3}",0.0023490453169341587,0.015408663140738469,0.004610607990715373,0.017478071121056267,0.29976463385008384,0.05441624630256041,0.11994286948148254,0.06074052791458566,0.07183883313976959,0.09366083042987042,100
231,374.3954138457775,319.37461372199874,3.946448028087616,2.2808417937771015,10,sqrt,100,50,400,7,0.3,"{'estimator__classifier__max_depth': 10, 'estimator__classifier__max_features': 'sqrt', 'estimator__classifier__min_samples_leaf': 100, 'estimator__classifier__min_samples_split': 50, 'estimator__classifier__n_estimators': 400, 'estimator__smote__k_neighbors': 7, 'estimator__smote__sampling_strategy': 0.3}",0.002624421168054865,0.015391992737752639,0.004266694162111328,0.017737037418936466,0.29462394097228684,0.05296424125980354,0.13531539059211853,0.05979284784267103,0.0728395707692169,0.09329101020069719,75
232,69.49295875430107,61.50531119374999,1.9536697566509247,0.8965294044683743,10,sqrt,100,200,50,7,0.3,"{'estimator__classifier__max_depth': 10, 'estimator__classifier__max_features': 'sqrt', 'estimator__classifier__min_samples_leaf': 100, 'estimator__classifier__min_samples_split': 200, 'estimator__classifier__n_estimators': 50, 'estimator__smote__k_neighbors': 7, 'estimator__smote__sampling_strategy': 0.3}",0.0013160494333536452,0.013799670732647755,0.0034328652392642007,0.014000234414033055,0.2902150533868215,0.04966278471968053,0.135801311110945,0.05099486326736036,0.06990285403801327,0.09289935655192835,129
233,113.90484362840652,96.01903621264272,2.061812072992325,0.9242619633734451,10,sqrt,100,200,100,7,0.3,"{'estimator__classifier__max_depth': 10, 'estimator__classifier__max_features': 'sqrt', 'estimator__classifier__min_samples_leaf': 100, 'estimator__classifier__min_samples_split': 200, 'estimator__classifier__n_estimators': 100, 'estimator__smote__k_neighbors': 7, 'estimator__smote__sampling_strategy': 0.3}",0.001722180755491854,0.01505472685667314,0.0036742551024982165,0.01808321160140764,0.2748179419427571,0.05029433865587434,0.1397013759983245,0.05761626163133453,0.07012053656804518,0.08812315670811127,123
234,307.7559712231159,268.60265077767104,3.291191577911377,1.4279731743517974,10,sqrt,100,200,300,7,0.3,"{'estimator__classifier__max_depth': 10, 'estimator__classifier__max_features': 'sqrt', 'estimator__classifier__min_samples_leaf': 100, 'estimator__classifier__min_samples_split': 200, 'estimator__classifier__n_estimators': 300, 'estimator__smote__k_neighbors': 7, 'estimator__smote__sampling_strategy': 0.3}",0.0023490453169341587,0.015408663140738469,0.004610607990715373,0.017478071121056267,0.29976463385008384,0.05441624630256041,0.11994286948148254,0.06074052791458566,0.07183883313976959,0.09366083042987042,100
235,401.905720859766,342.38846323589127,3.210042268037796,1.6890094117048253,10,sqrt,100,200,400,7,0.3,"{'estimator__classifier__max_depth': 10, 'estimator__classifier__max_features': 'sqrt', 'estimator__classifier__min_samples_leaf': 100, 'estimator__classifier__min_samples_split': 200, 'estimator__classifier__n_estimators': 400, 'estimator__smote__k_neighbors': 7, 'estimator__smote__sampling_strategy': 0.3}",0.002624421168054865,0.015391992737752639,0.004266694162111328,0.017737037418936466,0.29462394097228684,0.05296424125980354,0.13531539059211853,0.05979284784267103,0.0728395707692169,0.09329101020069719,75
236,67.67231377959251,58.78263429726964,1.7715059518814087,0.8981611840948707,10,sqrt,100,500,50,7,0.3,"{'estimator__classifier__max_depth': 10, 'estimator__classifier__max_features': 'sqrt', 'estimator__classifier__min_samples_leaf': 100, 'estimator__classifier__min_samples_split': 500, 'estimator__classifier__n_estimators': 50, 'estimator__smote__k_neighbors': 7, 'estimator__smote__sampling_strategy': 0.3}",0.0015205790279955729,0.013204207960545673,0.0031230059062873137,0.015540180934652236,0.28425927797272404,0.045425257004934175,0.11013122860044258,0.06126679505064731,0.0668088165572786,0.08907150826436097,168
237,114.21631661057472,102.1401580725155,1.9680963456630707,0.8118903216981738,10,sqrt,100,500,100,7,0.3,"{'estimator__classifier__max_depth': 10, 'estimator__classifier__max_features': 'sqrt', 'estimator__classifier__min_samples_leaf': 100, 'estimator__classifier__min_samples_split': 500, 'estimator__classifier__n_estimators': 100, 'estimator__smote__k_neighbors': 7, 'estimator__smote__sampling_strategy': 0.3}",0.0013201911857434107,0.013309042509275948,0.0031364277442618364,0.015996928412505884,0.2820581354514105,0.0453538322771487,0.11491264640669516,0.0644807193141265,0.06757099041264598,0.0886667523625334,152
238,294.88052502274513,271.03103198500423,2.9372894167900085,1.6338002969597603,10,sqrt,100,500,300,7,0.3,"{'estimator__classifier__max_depth': 10, 'estimator__classifier__max_features': 'sqrt', 'estimator__classifier__min_samples_leaf': 100, 'estimator__classifier__min_samples_split': 500, 'estimator__classifier__n_estimators': 300, 'estimator__smote__k_neighbors': 7, 'estimator__smote__sampling_strategy': 0.3}",0.0019996273702047613,0.014795197107766892,0.004052956206453618,0.01664022215427732,0.2840381134994992,0.04905575750255678,0.12235504453101248,0.05828828197192408,0.0689031500429619,0.08943395966411316,140
239,405.59156915545464,354.20365630680266,4.140822649002075,2.9296169044160214,10,sqrt,100,500,400,7,0.3,"{'estimator__classifier__max_depth': 10, 'estimator__classifier__max_features': 'sqrt', 'estimator__classifier__min_samples_leaf': 100, 'estimator__classifier__min_samples_split': 500, 'estimator__classifier__n_estimators': 400, 'estimator__smote__k_neighbors': 7, 'estimator__smote__sampling_strategy': 0.3}",0.0021275486722469703,0.014035355444217155,0.003894895462193804,0.017471088776669603,0.2845963367861117,0.04903317508840916,0.12238403613472147,0.05883574759209608,0.06904727299458324,0.08959669652271234,135
240,63.44221004843712,57.791288740182445,1.7296881973743439,0.8401897142521491,10,sqrt,300,30,50,7,0.3,"{'estimator__classifier__max_depth': 10, 'estimator__classifier__max_features': 'sqrt', 'estimator__classifier__min_samples_leaf': 300, 'estimator__classifier__min_samples_split': 30, 'estimator__classifier__n_estimators': 50, 'estimator__smote__k_neighbors': 7, 'estimator__smote__sampling_strategy': 0.3}",0.0015038467669458346,0.015285754256108116,0.0037480972569712587,0.01901863811212581,0.25323017938323056,0.05165115771183601,0.14697897773102084,0.04812252553138201,0.06744239709370256,0.08286722849143799,156
241,113.99613410234451,102.87417375390906,1.9144903421401978,1.0271440185323994,10,sqrt,300,30,100,7,0.3,"{'estimator__classifier__max_depth': 10, 'estimator__classifier__max_features': 'sqrt', 'estimator__classifier__min_samples_leaf': 300, 'estimator__classifier__min_samples_split': 30, 'estimator__classifier__n_estimators': 100, 'estimator__smote__k_neighbors': 7, 'estimator__smote__sampling_strategy': 0.3}",0.0020496648968059607,0.014827974664552046,0.0039020883403472198,0.023227237005596865,0.2727888586408411,0.04466175751239526,0.13354918962501974,0.0400896640985337,0.06688705434801148,0.08720577509262405,164
242,304.1313506066799,269.1238051700108,4.261250585317612,2.7712261989805365,10,sqrt,300,30,300,7,0.3,"{'estimator__classifier__max_depth': 10, 'estimator__classifier__max_features': 'sqrt', 'estimator__classifier__min_samples_leaf': 300, 'estimator__classifier__min_samples_split': 30, 'estimator__classifier__n_estimators': 300, 'estimator__smote__k_neighbors': 7, 'estimator__smote__sampling_strategy': 0.3}",0.0025146225156776145,0.014943119082285388,0.004592531641512696,0.018916172263047336,0.2837606328225932,0.055913708761330436,0.13085333851014272,0.058366902795142964,0.07123262854896655,0.08957647933664005,113
243,384.8365977704525,325.74052271659406,5.1017065942287445,2.8349534904597,10,sqrt,300,30,400,7,0.3,"{'estimator__classifier__max_depth': 10, 'estimator__classifier__max_features': 'sqrt', 'estimator__classifier__min_samples_leaf': 300, 'estimator__classifier__min_samples_split': 30, 'estimator__classifier__n_estimators': 400, 'estimator__smote__k_neighbors': 7, 'estimator__smote__sampling_strategy': 0.3}",0.002591627653579947,0.015578664212428494,0.004697512979812429,0.01915209282448337,0.2880227925465567,0.05658332873853433,0.1303383118108004,0.05543110888732688,0.07154942995669032,0.09076287695066391,106
244,65.4275666475296,58.49797949074016,1.8786796033382416,1.3070305604130095,10,sqrt,300,50,50,7,0.3,"{'estimator__classifier__max_depth': 10, 'estimator__classifier__max_features': 'sqrt', 'estimator__classifier__min_samples_leaf': 300, 'estimator__classifier__min_samples_split': 50, 'estimator__classifier__n_estimators': 50, 'estimator__smote__k_neighbors': 7, 'estimator__smote__sampling_strategy': 0.3}",0.0015038467669458346,0.015287263941190827,0.0037480972569712582,0.01901863811212581,0.25323017938323056,0.05165115771183601,0.14697897773102084,0.04812252553138201,0.0674425858043379,0.0828671097183621,155
245,111.94806754589081,97.72742205026049,1.83560311794281,0.9670016885790623,10,sqrt,300,50,100,7,0.3,"{'estimator__classifier__max_depth': 10, 'estimator__classifier__max_features': 'sqrt', 'estimator__classifier__min_samples_leaf': 300, 'estimator__classifier__min_samples_split': 50, 'estimator__classifier__n_estimators': 100, 'estimator__smote__k_neighbors': 7, 'estimator__smote__sampling_strategy': 0.3}",0.0020496648968059607,0.014827974664552046,0.0039020883403472198,0.023227237005596865,0.2727888586408411,0.04466175751239526,0.13354918962501974,0.0400896640985337,0.06688705434801148,0.08720577509262405,164
246,292.6485008597374,254.02259656804966,3.4963585138320923,2.083049954949767,10,sqrt,300,50,300,7,0.3,"{'estimator__classifier__max_depth': 10, 'estimator__classifier__max_features': 'sqrt', 'estimator__classifier__min_samples_leaf': 300, 'estimator__classifier__min_samples_split': 50, 'estimator__classifier__n_estimators': 300, 'estimator__smote__k_neighbors': 7, 'estimator__smote__sampling_strategy': 0.3}",0.0025146225156776145,0.014943119082285388,0.004592531641512696,0.018916172263047336,0.2837606328225932,0.055913708761330436,0.13085333851014272,0.058366902795142964,0.07123262854896655,0.08957647933664005,113
247,390.55206710100174,339.40801887005,3.9276415407657623,2.1875402774492017,10,sqrt,300,50,400,7,0.3,"{'estimator__classifier__max_depth': 10, 'estimator__classifier__max_features': 'sqrt', 'estimator__classifier__min_samples_leaf': 300, 'estimator__classifier__min_samples_split': 50, 'estimator__classifier__n_estimators': 400, 'estimator__smote__k_neighbors': 7, 'estimator__smote__sampling_strategy': 0.3}",0.002591627653579947,0.015578664212428494,0.004697512979812429,0.01915209282448337,0.2880227925465567,0.05658332873853433,0.1303383118108004,0.05543110888732688,0.07154942995669032,0.09076287695066391,106
248,63.89497488737106,54.81445450096263,1.849383383989334,0.8632636703020121,10,sqrt,300,200,50,7,0.3,"{'estimator__classifier__max_depth': 10, 'estimator__classifier__max_features': 'sqrt', 'estimator__classifier__min_samples_leaf': 300, 'estimator__classifier__min_samples_split': 200, 'estimator__classifier__n_estimators': 50, 'estimator__smote__k_neighbors': 7, 'estimator__smote__sampling_strategy': 0.3}",0.0015038467669458346,0.015285754256108116,0.0037480972569712582,0.01901863811212581,0.25323017938323056,0.05165115771183601,0.14697897773102084,0.04812252553138201,0.06744239709370256,0.08286722849143799,156
249,112.30660876631737,100.94351825805197,2.1361850202083588,1.2673310157305866,10,sqrt,300,200,100,7,0.3,"{'estimator__classifier__max_depth': 10, 'estimator__classifier__max_features': 'sqrt', 'estimator__classifier__min_samples_leaf': 300, 'estimator__classifier__min_samples_split': 200, 'estimator__classifier__n_estimators': 100, 'estimator__smote__k_neighbors': 7, 'estimator__smote__sampling_strategy': 0.3}",0.0020496648968059607,0.014827974664552046,0.0039020883403472198,0.023227237005596865,0.2727888586408411,0.04466175751239526,0.13354918962501974,0.0400896640985337,0.06688705434801148,0.08720577509262405,164
250,306.97898522019386,278.595117847112,3.1848665475845337,1.6539244988418598,10,sqrt,300,200,300,7,0.3,"{'estimator__classifier__max_depth': 10, 'estimator__classifier__max_features': 'sqrt', 'estimator__classifier__min_samples_leaf': 300, 'estimator__classifier__min_samples_split': 200, 'estimator__classifier__n_estimators': 300, 'estimator__smote__k_neighbors': 7, 'estimator__smote__sampling_strategy': 0.3}",0.0025146225156776145,0.014943119082285388,0.004592531641512697,0.018916172263047336,0.2837606328225932,0.055913708761330436,0.13085333851014272,0.058366902795142964,0.07123262854896655,0.08957647933664005,113
251,403.61228385567665,351.54739111203793,3.9042434990406036,2.0351207460164864,10,sqrt,300,200,400,7,0.3,"{'estimator__classifier__max_depth': 10, 'estimator__classifier__max_features': 'sqrt', 'estimator__classifier__min_samples_leaf': 300, 'estimator__classifier__min_samples_split': 200, 'estimator__classifier__n_estimators': 400, 'estimator__smote__k_neighbors': 7, 'estimator__smote__sampling_strategy': 0.3}",0.002591627653579947,0.015578664212428494,0.004697512979812429,0.01915209282448337,0.2880227925465567,0.05658332873853433,0.1303383118108004,0.05543110888732688,0.07154942995669032,0.09076287695066391,106
252,72.6370815038681,65.40601015376612,2.1502699851989746,1.433693819023521,10,sqrt,300,500,50,7,0.3,"{'estimator__classifier__max_depth': 10, 'estimator__classifier__max_features': 'sqrt', 'estimator__classifier__min_samples_leaf': 300, 'estimator__classifier__min_samples_split': 500, 'estimator__classifier__n_estimators': 50, 'estimator__smote__k_neighbors': 7, 'estimator__smote__sampling_strategy': 0.3}",0.0015038467669458346,0.015285754256108114,0.0037480972569712587,0.01901863811212581,0.25323017938323056,0.05165115771183601,0.14697897773102084,0.04812252553138201,0.06744239709370256,0.08286722849143799,156
253,118.44942465424538,99.87720885586202,2.0490456223487854,1.0149950144026603,10,sqrt,300,500,100,7,0.3,"{'estimator__classifier__max_depth': 10, 'estimator__classifier__max_features': 'sqrt', 'estimator__classifier__min_samples_leaf': 300, 'estimator__classifier__min_samples_split': 500, 'estimator__classifier__n_estimators': 100, 'estimator__smote__k_neighbors': 7, 'estimator__smote__sampling_strategy': 0.3}",0.0020496648968059607,0.014827974664552046,0.0039020883403472198,0.023227237005596865,0.2727888586408411,0.04466175751239526,0.13354918962501974,0.0400896640985337,0.06688705434801148,0.08720577509262405,164
254,268.0810416638851,209.61642921513908,2.7876813113689423,1.1451674651097445,10,sqrt,300,500,300,7,0.3,"{'estimator__classifier__max_depth': 10, 'estimator__classifier__max_features': 'sqrt', 'estimator__classifier__min_samples_leaf': 300, 'estimator__classifier__min_samples_split': 500, 'estimator__classifier__n_estimators': 300, 'estimator__smote__k_neighbors': 7, 'estimator__smote__sampling_strategy': 0.3}",0.0025146225156776145,0.014943119082285388,0.004592531641512696,0.018916172263047336,0.2837606328225932,0.055913708761330436,0.13085333851014272,0.058366902795142964,0.07123262854896655,0.08957647933664005,113
255,260.63532343506813,169.8549926362986,2.4037275910377502,1.0192664589992195,10,sqrt,300,500,400,7,0.3,"{'estimator__classifier__max_depth': 10, 'estimator__classifier__max_features': 'sqrt', 'estimator__classifier__min_samples_leaf': 300, 'estimator__classifier__min_samples_split': 500, 'estimator__classifier__n_estimators': 400, 'estimator__smote__k_neighbors': 7, 'estimator__smote__sampling_strategy': 0.3}",0.002591627653579947,0.015578664212428494,0.004697512979812429,0.01915209282448337,0.2880227925465567,0.05658332873853433,0.1303383118108004,0.05543110888732688,0.07154942995669032,0.09076287695066391,106
