TORNADO_BEGIN_DATE_TIME,TORNADO_END_DATE_TIME,TORNADO_BEGIN_LAT,TORNADO_BEGIN_LON,TORNADO_END_LAT,TORNADO_END_LON
2000-02-24 20:29:00,2000-02-24 20:41:00,,,,
2000-02-24 20:41:00,2000-02-24 20:49:00,,,,
2000-03-26 18:45:00,2000-03-26 18:51:00,34.85,-94.63333,34.81667,-94.6
2000-03-26 19:55:00,2000-03-26 19:55:00,34.2,-95.41667,34.2,-95.41667
2000-03-15 17:43:00,2000-03-15 17:44:00,36.85,-97.95,36.85,-97.95
2000-03-15 16:52:00,2000-03-15 16:56:00,36.81667,-98.18333,36.8,-98.15
2000-03-26 17:00:00,2000-03-26 17:00:00,35.36667,-95.26667,35.36667,-95.26667
2000-03-26 18:43:00,2000-03-26 18:43:00,34.71667,-95.85,34.71667,-95.85
2000-03-26 17:23:00,2000-03-26 17:23:00,35.3,-96.5,35.3,-96.5
2000-03-26 18:55:00,2000-03-26 18:56:00,34.53333,-95.68333,34.53333,-95.68333
2000-03-07 22:37:00,2000-03-07 22:37:00,36.5,-95.68333,36.5,-95.68333
2000-02-25 07:37:00,2000-02-25 07:37:00,36.15,-95.95,36.15,-95.95
2000-03-07 17:15:00,2000-03-07 17:19:00,35.15,-99.1,35.15,-99.06667
2000-03-07 22:25:00,2000-03-07 22:27:00,36.5,-95.88333,36.5,-95.88333
2000-03-26 16:40:00,2000-03-26 16:40:00,35.95,-95.8,35.95,-95.8
2000-03-26 16:44:00,2000-03-26 16:44:00,35.35,-95.41667,35.35,-95.41667
2000-03-07 22:10:00,2000-03-07 22:10:00,36.31667,-96.0,36.31667,-96.0
2000-03-07 22:10:00,2000-03-07 22:10:00,36.31667,-96.0,36.31667,-96.0
2000-04-23 14:08:00,2000-04-23 14:35:00,34.03333,-94.98333,34.0,-94.63333
2000-04-23 14:11:00,2000-04-23 14:25:00,34.33333,-95.65,34.31667,-95.5
2000-04-23 14:37:00,2000-04-23 14:52:00,34.3,-95.36667,34.28333,-95.21667
2000-04-23 14:25:00,2000-04-23 14:25:00,34.95,-94.9,34.95,-94.9
2000-05-24 22:34:00,2000-05-24 22:34:00,35.75,-96.23333,35.75,-96.23333
2000-05-25 22:25:00,2000-05-25 22:42:00,36.56667,-98.61667,36.66667,-98.55
2000-05-25 22:53:00,2000-05-26 23:07:00,36.58333,-98.36667,36.65,-98.3
2000-05-24 19:24:00,2000-05-24 19:24:00,36.58333,-94.75,36.58333,-94.75
2000-05-25 23:55:00,2000-05-25 23:56:00,36.3,-97.9,36.3,-97.9
2000-05-24 19:42:00,2000-05-24 19:42:00,36.36667,-95.31667,36.36667,-95.31667
2000-05-24 19:57:00,2000-05-24 19:57:00,36.25,-95.1,36.25,-95.1
2000-04-23 13:22:00,2000-04-23 13:26:00,34.86667,-95.53333,34.86667,-95.5
2000-04-23 14:58:00,2000-04-23 15:43:00,33.88333,-94.8,33.93333,-94.55
2000-05-25 23:00:00,2000-05-25 23:14:00,36.21667,-98.65,36.23333,-98.46667
2000-05-26 18:57:00,2000-05-26 19:03:00,35.31667,-98.45,35.28333,-98.41667
2000-05-26 18:12:00,2000-05-26 18:28:00,35.31667,-98.66667,35.33333,-98.63333
2000-05-26 18:28:00,2000-05-26 18:28:00,35.3,-98.6,35.3,-98.6
2000-05-26 18:47:00,2000-05-26 18:47:00,35.3,-98.53333,35.3,-98.53333
2000-06-13 22:56:00,2000-06-13 22:56:00,36.65,-99.08333,36.65,-99.08333
2000-06-04 19:43:00,2000-06-04 19:43:00,36.4,-96.05,36.4,-96.05
2000-06-04 19:25:00,2000-06-04 19:25:00,36.5,-95.91667,36.5,-95.91667
2000-10-22 18:14:00,2000-10-22 18:22:00,35.43333,-97.5,35.48333,-97.51667
2000-10-22 18:02:00,2000-10-22 18:07:00,35.38333,-97.53333,35.4,-97.5
2000-10-21 16:41:00,2000-10-21 16:55:00,34.31667,-98.31667,34.36667,-98.31667
2000-10-22 16:58:00,2000-10-22 17:04:00,34.68333,-96.55,34.71667,-96.55
2000-10-22 18:00:00,2000-10-22 18:00:00,34.81667,-96.51667,34.81667,-96.51667
2000-10-22 16:36:00,2000-10-22 16:36:00,35.53333,-98.08333,35.53333,-98.08333
2000-10-22 15:14:00,2000-10-22 15:26:00,35.25,-98.25,35.35,-98.23333
2001-04-11 04:25:00,2001-04-11 04:34:00,34.5,-96.16667,34.6,-96.1
2001-04-11 03:47:00,2001-04-11 03:47:00,34.08333,-96.55,34.08333,-96.55
2001-04-11 04:34:00,2001-04-11 04:40:00,34.6,-95.96667,34.66667,-96.05
2001-04-11 02:58:00,2001-04-11 03:04:00,33.73333,-97.15,33.78333,-97.1
2001-04-11 04:06:00,2001-04-11 04:10:00,34.36667,-96.38333,34.4,-96.35
2001-04-11 02:00:00,2001-04-11 02:06:00,35.16667,-96.83333,35.23333,-96.85
2001-04-11 03:40:00,2001-04-11 03:49:00,34.56667,-96.56667,34.61667,-96.5
2001-04-11 03:45:00,2001-04-11 04:06:00,34.16667,-96.6,34.33333,-96.4
2001-04-11 03:49:00,2001-04-11 03:56:00,34.63333,-96.5,34.66667,-96.45
2001-04-11 03:56:00,2001-04-11 04:03:00,34.66667,-96.46667,34.73333,-96.41667
2001-04-11 06:26:00,2001-04-11 06:31:00,35.3,-95.13333,35.35,-95.05
2001-04-10 23:00:00,2001-04-10 23:15:00,36.55,-100.58333,36.61667,-100.48333
2001-04-10 23:10:00,2001-04-10 23:20:00,36.7,-100.55,36.73333,-100.51667
2001-04-10 22:40:00,2001-04-10 23:10:00,36.51667,-100.68333,36.68333,-100.51667
2001-05-20 15:50:00,2001-05-20 15:56:00,35.26667,-95.96667,35.26667,-95.88333
2001-05-20 17:30:00,2001-05-20 17:30:00,35.21667,-95.38333,35.21667,-95.38333
2001-05-20 17:30:00,2001-05-20 17:30:00,36.65,-96.33333,36.65,-96.33333
2001-05-30 20:10:00,2001-05-30 20:10:00,34.71667,-95.9,34.71667,-95.9
2001-05-30 20:30:00,2001-05-30 20:30:00,34.68333,-95.3,34.68333,-95.3
2001-05-19 13:23:00,2001-05-19 13:25:00,34.65,-99.4,34.65,-99.4
2001-05-06 16:30:00,2001-05-06 16:31:00,35.6,-98.11667,35.6,-98.11667
2001-05-20 17:54:00,2001-05-20 17:54:00,35.23333,-95.15,35.23333,-95.15
2001-05-20 17:58:00,2001-05-20 17:58:00,34.98333,-95.76667,34.98333,-95.76667
2001-05-20 18:30:00,2001-05-20 18:30:00,35.18333,-95.05,35.18333,-95.05
2001-05-20 18:37:00,2001-05-20 18:37:00,34.98333,-95.4,34.98333,-95.4
2001-05-20 19:50:00,2001-05-20 19:52:00,34.81667,-94.98333,34.81667,-94.96667
2001-05-30 18:56:00,2001-05-30 18:56:00,34.83333,-95.56667,34.83333,-95.56667
2001-05-20 18:55:00,2001-05-20 18:55:00,35.23333,-94.66667,35.23333,-94.66667
2001-05-20 15:20:00,2001-05-20 15:50:00,35.2,-96.11667,35.25,-95.98333
2001-05-20 18:40:00,2001-05-20 18:41:00,34.66667,-96.26667,34.66667,-96.26667
2001-05-04 18:05:00,2001-05-04 18:06:00,34.75,-98.16667,34.75,-98.16667
2001-05-04 18:20:00,2001-05-04 18:24:00,34.68333,-97.98333,34.68333,-97.98333
2001-05-05 19:11:00,2001-05-05 19:11:00,35.33333,-98.98333,35.33333,-98.98333
2001-05-05 19:15:00,2001-05-05 19:19:00,35.35,-98.95,35.35,-98.95
2001-05-20 17:51:00,2001-05-20 17:51:00,34.66667,-96.66667,34.66667,-96.66667
2001-05-20 18:15:00,2001-05-20 18:15:00,34.63333,-96.46667,34.63333,-96.46667
2001-05-06 14:58:00,2001-05-06 15:04:00,35.56667,-97.48333,35.56667,-97.48333
2001-05-06 16:04:00,2001-05-06 16:13:00,34.0,-97.05,34.0,-97.05
2001-05-04 15:05:00,2001-05-04 15:06:00,34.53333,-98.25,34.53333,-98.25
2001-05-27 22:03:00,2001-05-27 22:13:00,35.9,-98.96667,35.9,-98.96667
2001-06-05 18:34:00,2001-06-05 18:34:00,36.36667,-99.43333,36.36667,-99.43333
2001-09-17 15:53:00,2001-09-17 15:54:00,36.58333,-102.7,36.58333,-102.7
2001-09-08 14:33:00,2001-09-08 14:34:00,34.58333,-96.0,34.58333,-96.0
2001-09-19 18:30:00,2001-09-19 18:32:00,36.73333,-100.56667,36.73333,-100.56667
2001-09-18 00:20:00,2001-09-18 00:21:00,36.38333,-98.26667,36.38333,-98.25
2001-09-07 14:25:00,2001-09-07 14:28:00,36.55,-98.26667,36.55,-98.23333
2001-09-20 17:20:00,2001-09-20 17:23:00,36.91667,-99.11667,36.91667,-99.11667
2001-10-09 15:30:00,2001-10-09 15:32:00,35.61667,-99.51667,35.61667,-99.51667
2001-10-09 18:05:00,2001-10-09 18:10:00,35.25,-97.6,35.25,-97.6
2001-10-09 16:15:00,2001-10-09 16:16:00,35.65,-98.9,35.65,-98.9
2001-10-09 16:36:00,2001-10-09 16:49:00,35.28333,-97.93333,35.28333,-97.93333
2001-10-09 14:17:00,2001-10-09 14:18:00,35.6,-99.51667,35.6,-99.51667
2001-10-09 16:49:00,2001-10-09 17:10:00,35.33333,-98.16667,35.33333,-98.16667
2001-10-09 17:28:00,2001-10-09 17:28:00,35.48333,-97.53333,35.48333,-97.53333
2001-10-09 13:42:00,2001-10-09 13:52:00,35.26667,-99.93333,35.26667,-99.93333
2001-10-09 16:32:00,2001-10-09 16:36:00,35.33333,-98.13333,35.33333,-98.13333
2001-10-09 13:50:00,2001-10-09 13:50:00,35.3,-99.75,35.3,-99.75
2001-10-09 16:57:00,2001-10-09 16:58:00,35.31667,-97.96667,35.31667,-97.96667
2001-10-09 13:42:00,2001-10-09 13:42:00,35.26667,-98.26667,35.28333,-98.25
2001-10-09 15:32:00,2001-10-09 15:40:00,35.01667,-99.1,35.01667,-99.1
2001-10-09 17:57:00,2001-10-09 17:58:00,35.25,-97.6,35.25,-97.6
2001-10-09 16:08:00,2001-10-09 16:21:00,35.06667,-98.88333,35.06667,-98.88333
2001-10-09 13:39:00,2001-10-09 13:40:00,35.25,-98.26667,35.25,-98.23333
2001-10-09 14:12:00,2001-10-09 14:17:00,35.53333,-99.18333,35.53333,-99.18333
2001-10-09 15:40:00,2001-10-09 15:56:00,35.01667,-99.1,35.01667,-99.1
2001-10-09 16:42:00,2001-10-09 16:42:00,35.38333,-97.93333,35.38333,-97.93333
2001-10-09 17:18:00,2001-10-09 17:22:00,35.31667,-97.95,35.31667,-97.95
2001-10-09 15:52:00,2001-10-09 15:53:00,35.01667,-99.1,35.01667,-99.1
2001-10-09 18:20:00,2001-10-09 18:24:00,35.48333,-97.53333,35.48333,-97.53333
2001-10-09 18:15:00,2001-10-09 18:19:00,35.33333,-97.5,35.33333,-97.5
2002-05-08 19:49:00,2002-05-08 19:57:00,36.61667,-97.55,36.7,-97.46667
2002-05-24 17:27:00,2002-05-24 17:29:00,35.31667,-99.13333,35.31667,-99.13333
2002-04-11 21:52:00,2002-04-11 21:55:00,36.61667,-97.48333,36.56667,-97.45
2002-04-11 21:55:00,2002-04-11 21:59:00,36.58333,-97.43333,36.56667,-97.41667
2002-04-11 21:52:00,2002-04-11 21:52:00,36.61667,-97.45,36.61667,-97.45
2002-05-05 21:10:00,2002-05-05 21:14:00,36.11667,-98.83333,36.15,-98.85
2002-04-16 19:18:00,2002-04-16 19:28:00,34.38333,-96.16667,34.4,-96.13333
2002-04-17 23:32:00,2002-04-18 00:05:00,36.48333,-98.75,36.6,-98.48333
2002-04-17 22:41:00,2002-04-17 22:47:00,36.16667,-99.08333,36.2,-99.06667
2002-05-16 23:05:00,2002-05-16 23:07:00,35.28333,-99.98333,35.28333,-99.98333
2002-04-18 00:05:00,2002-04-18 00:28:00,36.58333,-98.51667,36.78333,-98.41667
2002-05-05 18:58:00,2002-05-05 19:00:00,35.96667,-99.96667,35.98333,-99.95
2002-04-17 21:15:00,2002-04-17 21:16:00,35.51667,-99.36667,35.51667,-99.36667
2002-04-18 00:39:00,2002-04-18 00:40:00,36.7,-98.35,36.71667,-98.33333
2002-04-17 22:33:00,2002-04-17 22:41:00,36.1,-99.08333,36.15,-99.06667
2002-04-16 20:15:00,2002-04-16 20:15:00,34.45,-95.73333,34.45,-95.73333
2002-06-12 18:30:00,2002-06-12 18:35:00,36.53333,-99.85,36.53333,-99.86667
2002-05-16 18:00:00,2002-05-16 18:02:00,36.66667,-101.63333,36.66667,-101.63333
2002-05-16 18:40:00,2002-05-16 18:43:00,36.63333,-101.78333,36.63333,-101.78333
2002-04-17 23:27:00,2002-04-17 23:32:00,36.43333,-98.73333,36.5,-98.66667
2002-06-15 17:03:00,2002-06-15 17:09:00,36.83333,-101.0,36.83333,-101.0
2002-09-18 18:29:00,2002-09-18 18:30:00,36.85,-97.35,36.85,-97.35
2002-09-18 17:16:00,2002-09-18 17:19:00,36.66667,-98.06667,36.68333,-98.05
2003-03-17 15:17:00,2003-03-17 15:17:00,35.01667,-99.1,35.01667,-99.1
2003-03-17 15:05:00,2003-03-17 15:17:00,35.55,-99.81667,35.55,-99.81667
2003-03-17 18:03:00,2003-03-17 18:03:00,35.01667,-99.1,35.01667,-99.1
2003-03-17 14:57:00,2003-03-17 15:03:00,35.03333,-98.66667,35.03333,-98.66667
2003-04-15 17:00:00,2003-04-15 17:12:00,35.65,-96.95,35.65,-96.95
2003-04-15 17:41:00,2003-04-15 17:43:00,34.03333,-97.63333,34.03333,-97.63333
2003-04-23 16:16:00,2003-04-23 16:19:00,37.0,-98.03333,37.0,-98.03333
2003-04-19 17:05:00,2003-04-19 17:26:00,36.25,-96.28333,36.25,-96.28333
2003-04-19 17:26:00,2003-04-19 17:30:00,35.05,-95.78333,35.05,-95.78333
2003-04-15 22:41:00,2003-04-15 22:45:00,35.83333,-99.53333,35.83333,-99.53333
2003-04-19 16:57:00,2003-04-19 17:05:00,36.51667,-96.76667,36.51667,-96.76667
2003-05-01 18:30:00,2003-05-01 18:45:00,34.43333,-94.98333,34.38333,-94.95
2003-05-01 19:15:00,2003-05-01 19:45:00,34.08333,-94.8,33.95,-94.63333
2003-04-15 18:53:00,2003-04-15 18:59:00,35.33333,-97.5,35.33333,-97.5
2003-04-15 22:56:00,2003-04-15 23:00:00,,,,
2003-04-15 18:29:00,2003-04-15 18:30:00,35.55,-99.91667,35.61667,-99.75
2003-04-15 18:30:00,2003-04-15 18:36:00,35.75,-99.5,35.76667,-99.48333
2003-05-14 19:10:00,2003-05-14 19:45:00,33.98333,-95.08333,33.73333,-94.73333
2003-04-19 15:40:00,2003-04-19 15:40:00,36.9,-97.06667,36.9,-97.06667
2003-04-15 17:48:00,2003-04-15 17:48:00,35.53333,-99.11667,35.53333,-99.11667
2003-04-15 17:55:00,2003-04-15 17:58:00,35.25,-97.6,35.25,-97.6
2003-05-16 04:41:00,2003-05-16 04:45:00,35.86667,-95.23333,35.86667,-95.23333
2003-05-15 15:12:00,2003-05-15 15:13:00,36.73333,-102.53333,36.73333,-102.53333
2003-05-15 15:25:00,2003-05-15 15:35:00,36.73333,-102.9,36.76667,-102.83333
2003-05-08 17:46:00,2003-05-08 18:56:00,36.58333,-96.71667,36.88333,-96.13333
2003-05-16 12:40:00,2003-05-16 12:49:00,35.41667,-96.01667,35.45,-95.98333
2003-05-16 13:08:00,2003-05-16 13:09:00,35.53333,-95.83333,35.53333,-95.81667
2003-05-15 19:45:00,2003-05-15 19:47:00,36.95,-101.06667,36.96667,-101.05
2003-05-15 17:46:00,2003-05-15 17:47:00,36.65,-101.78333,36.65,-101.78333
2003-05-01 16:55:00,2003-05-01 17:00:00,36.31667,-95.11667,36.31667,-95.11667
2003-05-01 17:00:00,2003-05-01 17:01:00,35.95,-95.13333,35.95,-95.13333
2003-05-08 00:08:00,2003-05-08 00:12:00,34.45,-97.86667,34.51667,-97.85
2003-05-15 20:00:00,2003-05-15 20:02:00,36.81667,-100.56667,36.83333,-100.56667
2003-05-08 00:17:00,2003-05-08 00:17:00,34.45,-97.71667,34.45,-97.71667
2003-05-15 18:20:00,2003-05-15 18:22:00,36.75,-101.56667,36.75,-101.56667
2003-05-15 18:35:00,2003-05-15 18:36:00,36.68333,-101.48333,36.68333,-101.48333
2003-05-01 17:51:00,2003-05-01 17:52:00,35.9,-95.38333,35.9,-95.38333
2003-05-01 17:14:00,2003-05-01 17:15:00,35.93333,-95.15,35.93333,-95.15
2003-05-06 16:11:00,2003-05-06 16:11:00,36.88333,-94.88333,36.88333,-94.88333
2003-05-08 05:04:00,2003-05-08 05:12:00,34.75,-95.76667,34.75,-95.76667
2003-05-09 23:25:00,2003-05-09 23:31:00,35.8,-96.51667,35.81667,-96.48333
2003-05-16 14:50:00,2003-05-16 14:52:00,35.21667,-94.8,35.21667,-94.8
2003-05-01 18:33:00,2003-05-01 18:34:00,35.28333,-94.5,35.28333,-94.5
2003-05-16 14:22:00,2003-05-16 14:26:00,35.28333,-95.13333,35.28333,-95.08333
2003-05-16 14:43:00,2003-05-16 14:50:00,35.23333,-94.86667,35.21667,-94.81667
2003-05-15 18:45:00,2003-05-15 18:46:00,36.75,-101.35,36.75,-101.35
2003-05-15 19:33:00,2003-05-15 19:36:00,36.6,-101.73333,36.61667,-101.71667
2003-05-16 13:15:00,2003-05-16 13:15:00,35.36667,-95.78333,35.36667,-95.78333
2003-05-01 17:04:00,2003-05-01 17:09:00,35.91667,-95.03333,35.91667,-95.03333
2003-05-01 17:46:00,2003-05-01 17:48:00,36.26667,-94.96667,36.26667,-94.96667
2003-05-08 01:54:00,2003-05-08 02:08:00,35.2,-99.5,35.2,-99.5
2003-05-16 12:30:00,2003-05-16 12:30:00,,,,
2003-05-04 16:24:00,2003-05-04 16:30:00,34.83333,-95.53333,34.83333,-95.53333
2003-05-15 22:03:00,2003-05-15 22:17:00,36.53333,-98.35,36.53333,-98.35
2003-05-08 16:04:00,2003-05-08 16:08:00,35.31667,-97.56667,35.31667,-97.53333
2003-05-09 20:00:00,2003-05-09 20:02:00,35.88333,-98.31667,35.88333,-98.31667
2003-05-09 22:49:00,2003-05-09 23:12:00,35.35,-98.68333,35.35,-98.68333
2003-05-09 22:06:00,2003-05-09 22:15:00,36.7,-97.08333,36.7,-97.08333
2003-05-15 15:45:00,2003-05-15 15:46:00,36.6,-102.11667,36.6,-102.11667
2003-05-16 12:08:00,2003-05-16 12:08:00,35.78333,-97.11667,35.78333,-97.11667
2003-05-16 02:53:00,2003-05-16 02:58:00,36.11667,-98.61667,36.11667,-98.61667
2003-05-08 01:23:00,2003-05-08 01:33:00,34.38333,-99.01667,34.38333,-99.01667
2003-05-16 13:20:00,2003-05-16 13:20:00,,,,
2003-05-04 16:55:00,2003-05-04 17:05:00,36.41667,-94.91667,36.41667,-94.91667
2003-05-16 12:11:00,2003-05-16 12:17:00,35.9,-97.86667,35.9,-97.86667
2003-05-16 12:15:00,2003-05-16 12:15:00,35.91667,-96.75,35.91667,-96.75
2003-05-08 16:10:00,2003-05-08 16:15:00,35.33333,-97.53333,35.36667,-97.48333
2003-05-08 16:15:00,2003-05-08 16:38:00,35.4,-97.48333,35.46667,-97.25
2003-05-09 20:53:00,2003-05-09 20:54:00,35.3,-98.78333,35.3,-98.78333
2003-05-09 19:50:00,2003-05-09 19:50:00,36.23333,-97.45,36.23333,-97.45
2003-05-09 20:17:00,2003-05-09 20:20:00,35.61667,-97.53333,35.61667,-97.53333
2003-05-09 20:20:00,2003-05-09 20:20:00,36.11667,-98.08333,36.11667,-98.08333
2003-05-09 21:10:00,2003-05-09 21:14:00,35.38333,-98.63333,35.38333,-98.63333
2003-05-08 16:00:00,2003-05-08 16:00:00,35.3,-97.61667,35.3,-97.61667
2003-05-16 12:20:00,2003-05-16 12:20:00,35.98333,-96.86667,35.98333,-96.86667
2003-05-08 17:08:00,2003-05-08 17:10:00,36.46667,-97.18333,36.46667,-97.16667
2003-05-04 17:58:00,2003-05-04 18:00:00,36.48333,-94.85,36.48333,-94.85
2003-05-16 13:09:00,2003-05-16 13:10:00,35.55,-95.81667,35.55,-95.81667
2003-05-09 22:15:00,2003-05-09 22:24:00,36.7,-97.08333,36.7,-97.08333
2003-05-09 21:29:00,2003-05-09 22:06:00,36.9,-97.06667,36.9,-97.06667
2003-05-09 21:18:00,2003-05-09 21:18:00,35.7,-98.38333,35.7,-98.38333
2003-05-16 13:10:00,2003-05-16 13:10:00,,,,
2003-05-16 12:05:00,2003-05-16 12:11:00,35.85,-97.11667,35.85,-97.11667
2003-05-08 00:32:00,2003-05-08 00:43:00,34.5,-99.16667,34.5,-99.16667
2003-04-19 18:25:00,2003-04-19 18:27:00,35.25,-95.13333,35.25,-95.13333
2003-04-19 19:11:00,2003-04-19 19:11:00,35.38333,-94.45,35.38333,-94.45
2003-04-19 16:04:00,2003-04-19 16:04:00,35.11667,-95.21667,35.11667,-95.21667
2003-04-19 14:55:00,2003-04-19 15:00:00,36.56667,-96.7,36.56667,-96.7
2004-04-21 18:26:00,2004-04-21 18:28:00,35.03333,-97.33333,35.03333,-97.33333
2004-04-21 18:28:00,2004-04-21 18:31:00,35.03333,-97.4,35.03333,-97.4
2004-04-22 17:21:00,2004-04-22 17:21:00,35.18333,-96.63333,35.18333,-96.63333
2004-04-23 13:59:00,2004-04-23 14:00:00,34.21667,-98.7,34.21667,-98.7
2004-05-24 18:29:00,2004-05-24 18:31:00,35.33333,-99.01667,35.33333,-99.01667
2004-05-24 18:58:00,2004-05-24 18:58:00,35.25,-98.85,35.25,-98.85
2004-05-24 17:21:00,2004-05-24 17:21:00,35.26667,-98.93333,35.26667,-98.93333
2004-05-24 17:27:00,2004-05-24 17:27:00,35.3,-98.81667,35.3,-98.81667
2004-04-22 16:58:00,2004-04-22 17:00:00,35.76667,-95.73333,35.76667,-95.73333
2004-04-22 17:02:00,2004-04-22 17:07:00,35.76667,-95.71667,35.78333,-95.68333
2004-04-22 14:53:00,2004-04-22 14:57:00,36.06667,-95.75,36.06667,-95.71667
2004-04-22 15:01:00,2004-04-22 15:16:00,36.08333,-95.68333,36.1,-95.61667
2004-04-22 15:55:00,2004-04-22 16:10:00,36.11667,-95.35,36.15,-95.23333
2004-04-22 16:38:00,2004-04-22 16:47:00,35.95,-95.56667,35.95,-95.55
2004-04-20 18:08:00,2004-04-20 18:08:00,36.08333,-96.5,36.08333,-96.5
2004-03-04 17:27:00,2004-03-04 17:27:00,35.43333,-94.61667,35.45,-94.6
2004-04-21 17:29:00,2004-04-21 17:32:00,36.21667,-96.43333,36.21667,-96.41667
2004-04-06 18:10:00,2004-04-06 18:12:00,34.25,-98.78333,34.25,-98.78333
2004-03-27 12:43:00,2004-03-27 12:48:00,35.83333,-97.9,35.83333,-97.9
2004-03-27 13:20:00,2004-03-27 13:20:00,36.23333,-99.08333,36.23333,-99.08333
2004-03-27 13:33:00,2004-03-27 13:42:00,35.85,-97.93333,35.85,-97.93333
2004-03-27 13:54:00,2004-03-27 13:54:00,36.45,-98.8,36.45,-98.8
2004-03-27 14:02:00,2004-03-27 14:03:00,36.53333,-98.31667,36.53333,-98.31667
2004-03-27 14:27:00,2004-03-27 14:27:00,36.43333,-98.28333,36.43333,-98.28333
2004-03-27 14:55:00,2004-03-27 14:55:00,36.53333,-98.15,36.53333,-98.15
2004-03-27 15:00:00,2004-03-27 15:02:00,36.43333,-98.28333,36.43333,-98.28333
2004-03-27 15:30:00,2004-03-27 15:31:00,36.11667,-97.21667,36.11667,-97.21667
2004-03-27 15:54:00,2004-03-27 15:54:00,36.18333,-97.06667,36.18333,-97.06667
2004-03-27 18:54:00,2004-03-27 18:54:00,36.25,-96.93333,36.25,-96.93333
2004-05-13 15:04:00,2004-05-13 15:10:00,36.08333,-95.1,36.08333,-95.1
2004-05-29 22:18:00,2004-05-29 22:33:00,35.83333,-96.6,35.86667,-96.46667
2004-05-29 22:33:00,2004-05-29 22:44:00,35.86667,-96.46667,35.88333,-96.41667
2004-05-26 18:40:00,2004-05-26 18:43:00,36.46667,-96.98333,36.46667,-96.96667
2004-05-26 19:59:00,2004-05-26 20:01:00,36.3,-96.28333,36.31667,-96.28333
2004-05-29 23:12:00,2004-05-29 23:26:00,35.95,-96.28333,35.98333,-96.18333
2004-06-09 17:24:00,2004-06-09 17:34:00,35.7,-96.96667,35.73333,-96.9
2004-06-09 17:53:00,2004-06-09 17:58:00,35.88333,-96.86667,35.9,-96.86667
2004-05-29 23:33:00,2004-05-29 23:34:00,35.96667,-96.13333,35.96667,-96.13333
2004-05-30 00:42:00,2004-05-30 00:50:00,35.95,-95.43333,35.96667,-95.38333
2004-05-30 00:51:00,2004-05-30 01:05:00,36.11667,-95.21667,36.13333,-95.23333
2004-05-29 19:22:00,2004-05-29 19:22:00,35.63333,-98.03333,35.63333,-98.03333
2004-05-29 19:04:00,2004-05-29 19:14:00,35.63333,-98.11667,35.61667,-98.05
2004-05-29 19:14:00,2004-05-29 19:20:00,35.65,-98.08333,35.63333,-98.05
2004-05-29 19:45:00,2004-05-29 19:47:00,35.68333,-97.56667,35.68333,-97.56667
2004-05-29 20:04:00,2004-05-29 20:10:00,35.68333,-97.2,35.68333,-97.2
2004-05-29 18:17:00,2004-05-29 18:38:00,35.98333,-96.76667,35.98333,-96.76667
2004-05-24 18:21:00,2004-05-24 18:24:00,35.28333,-99.08333,35.28333,-99.08333
2004-05-24 18:27:00,2004-05-24 18:31:00,34.96667,-99.38333,34.96667,-99.38333
2004-05-24 18:32:00,2004-05-24 18:33:00,35.3,-98.98333,35.3,-98.98333
2004-05-26 18:37:00,2004-05-26 18:40:00,36.4,-97.08333,36.45,-97.03333
2004-05-29 21:01:00,2004-05-29 21:03:00,35.76667,-97.21667,35.76667,-97.21667
2004-05-29 17:29:00,2004-05-29 17:40:00,35.7,-98.8,35.66667,-98.7
2004-05-29 21:17:00,2004-05-29 21:25:00,35.78333,-97.18333,35.83333,-97.15
2004-05-29 19:11:00,2004-05-29 19:15:00,35.73333,-98.16667,35.73333,-98.16667
2004-05-29 18:38:00,2004-05-29 19:11:00,35.66667,-98.31667,35.71667,-98.18333
2004-05-29 21:27:00,2004-05-29 21:32:00,35.8,-97.06667,35.8,-97.03333
2004-06-15 17:17:00,2004-06-15 17:26:00,36.61667,-102.63333,36.61667,-102.63333
2004-06-09 16:35:00,2004-06-09 16:35:00,35.33333,-97.35,35.33333,-97.35
2004-11-10 18:15:00,2004-11-10 18:15:00,35.91667,-96.76667,35.91667,-96.76667
2004-11-10 16:36:00,2004-11-10 16:38:00,35.5,-97.35,35.51667,-97.33333
2004-11-10 16:43:00,2004-11-10 16:50:00,35.53333,-97.3,35.56667,-97.23333
2004-10-06 14:38:00,2004-10-06 14:39:00,34.35,-98.41667,34.35,-98.41667
2004-11-10 17:00:00,2004-11-10 17:03:00,35.61667,-97.2,35.63333,-97.18333
2004-11-10 17:40:00,2004-11-10 17:47:00,35.73333,-96.93333,35.75,-96.88333
2004-11-10 18:05:00,2004-11-10 18:05:00,35.85,-96.78333,35.85,-96.78333
2005-03-21 15:45:00,2005-03-21 15:46:00,36.9,-98.1,36.9,-98.1
2005-03-21 15:45:00,2005-03-21 15:45:00,35.08333,-96.3,35.08333,-96.3
2005-03-21 16:12:00,2005-03-21 16:22:00,35.45,-96.16667,35.5,-96.11667
2005-03-21 18:45:00,2005-03-21 18:47:00,35.26667,-95.38333,35.28333,-95.38333
2005-03-21 15:59:00,2005-03-21 16:01:00,35.48333,-96.23333,35.5,-96.21667
2005-03-21 16:06:00,2005-03-21 16:07:00,35.51667,-96.2,35.51667,-96.2
2005-03-21 15:16:00,2005-03-21 15:24:00,36.88333,-98.23333,36.9,-98.23333
2005-03-21 15:18:00,2005-03-21 15:18:00,35.33333,-96.46667,35.33333,-96.46667
2005-04-25 19:50:00,2005-04-25 19:55:00,34.25,-96.56667,34.26667,-96.51667
2005-04-10 19:30:00,2005-04-10 19:44:00,35.38333,-97.23333,35.45,-97.21667
2005-04-21 18:48:00,2005-04-21 18:48:00,36.11667,-95.53333,36.11667,-95.53333
2005-04-21 19:30:00,2005-04-21 19:30:00,35.93333,-95.38333,35.93333,-95.38333
2005-04-05 18:08:00,2005-04-05 18:16:00,35.43333,-94.88333,35.5,-94.83333
2005-04-05 17:35:00,2005-04-05 17:40:00,34.95,-95.11667,34.96667,-95.1
2005-04-05 17:42:00,2005-04-05 17:50:00,35.0,-95.08333,35.0,-95.01667
2005-06-04 17:07:00,2005-06-04 17:13:00,34.61667,-97.86667,34.61667,-97.86667
2005-06-04 17:45:00,2005-06-04 17:45:00,34.9,-96.25,34.9,-96.25
2005-06-04 17:53:00,2005-06-04 17:53:00,34.21667,-97.25,34.21667,-97.25
2005-06-03 22:30:00,2005-06-03 22:30:00,36.95,-96.81667,36.95,-96.81667
2005-06-01 13:45:00,2005-06-01 13:47:00,35.91667,-95.3,35.91667,-95.3
2005-06-04 18:13:00,2005-06-04 18:14:00,36.61667,-96.96667,36.61667,-96.96667
2005-06-04 18:05:00,2005-06-04 18:05:00,34.21667,-97.25,34.21667,-97.25
2005-06-09 19:06:00,2005-06-09 19:08:00,36.95,-100.6,36.95,-100.6
2005-06-05 18:36:00,2005-06-05 18:39:00,34.7,-99.03333,34.68333,-99.03333
2005-06-05 18:25:00,2005-06-05 18:26:00,34.7,-98.98333,34.7,-98.98333
2005-10-19 16:47:00,2005-10-19 17:02:00,36.66667,-99.41667,36.66667,-99.31667
2005-09-30 20:15:00,2005-09-30 20:23:00,34.7,-98.68333,34.73333,-98.63333
2005-10-19 17:02:00,2005-10-19 17:08:00,36.68333,-99.33333,36.71667,-99.2
2006-03-30 14:18:00,2006-03-30 14:19:00,33.91667,-97.45,33.91667,-97.45
2006-03-20 16:18:00,2006-03-20 16:18:00,34.73333,-98.55,34.73333,-98.55
2006-03-20 17:53:00,2006-03-20 17:54:00,35.65,-97.8,35.65,-97.8
2006-03-11 00:12:00,2006-03-11 00:14:00,35.15,-94.68333,35.15,-94.68333
2006-03-20 18:10:00,2006-03-20 18:10:00,35.71667,-97.98333,35.71667,-97.98333
2006-03-12 21:37:00,2006-03-12 21:44:00,35.5,-94.91667,35.5,-94.91667
2006-03-12 21:09:00,2006-03-12 21:18:00,35.91667,-94.61667,35.91667,-94.61667
2006-03-12 21:18:00,2006-03-12 21:42:00,35.41667,-95.01667,35.41667,-95.01667
2006-04-24 18:23:00,2006-04-24 18:38:00,35.53333,-98.06667,35.51667,-98.01667
2006-04-24 18:30:00,2006-04-24 18:42:00,34.25,-95.98333,34.25,-95.98333
2006-04-24 19:23:00,2006-04-24 19:38:00,34.11667,-98.5,34.11667,-98.4
2006-04-28 17:02:00,2006-04-28 17:02:00,34.95,-99.5,34.95,-99.5
2006-05-10 00:40:00,2006-05-10 00:40:00,35.81667,-96.03333,35.81667,-96.03333
2006-05-09 19:01:00,2006-05-09 19:02:00,34.45,-96.01667,34.45,-96.01667
2006-05-09 17:59:00,2006-05-09 17:59:00,34.46667,-96.33333,34.46667,-96.33333
2006-05-09 19:04:00,2006-05-09 19:04:00,34.45,-96.03333,34.45,-96.03333
2006-04-06 18:05:00,2006-04-06 18:08:00,36.96667,-95.23333,36.96667,-95.15
2006-04-06 18:18:00,2006-04-06 18:18:00,35.26667,-95.38333,35.26667,-95.38333
2006-06-21 17:46:00,2006-06-21 17:56:00,36.76667,-101.06667,36.78333,-101.03333
2006-06-21 17:24:00,2006-06-21 17:31:00,36.9,-101.0,36.9,-101.0
2006-06-21 17:27:00,2006-06-21 17:35:00,36.86667,-100.91667,36.86667,-100.91667
2006-06-21 17:27:00,2006-06-21 17:35:00,36.86667,-100.91667,36.86667,-100.91667
2006-04-01 23:16:00,2006-04-01 23:16:00,36.18333,-95.9,36.2,-95.88333
2006-04-06 14:49:00,2006-04-06 14:49:00,36.48333,-96.6,36.48333,-96.6
2006-06-18 19:30:00,2006-06-18 19:32:00,36.55,-100.03333,36.55,-100.03333
2006-09-21 19:25:00,2006-09-21 19:25:00,34.28333,-95.76667,34.28333,-95.76667
2006-09-21 19:28:00,2006-09-21 19:29:00,34.28333,-95.68333,34.28333,-95.66667
2006-09-21 19:10:00,2006-09-21 19:23:00,34.25,-96.01667,34.26667,-95.75
2007-06-19 20:38:00,2007-06-19 20:45:00,36.8834,-101.0131,36.8589,-100.9866
2007-07-09 15:15:00,2007-07-09 15:17:00,35.5,-95.2467,35.5,-95.2467
2007-05-31 18:42:00,2007-05-31 18:42:00,36.8668,-101.9346,36.8668,-101.9346
2007-05-31 18:49:00,2007-05-31 18:49:00,36.8277,-101.8166,36.8277,-101.8166
2007-05-31 19:24:00,2007-05-31 19:25:00,36.7077,-101.5633,36.7077,-101.5633
2007-05-08 22:43:00,2007-05-08 22:50:00,35.4966,-97.953,35.5155,-97.97
2007-05-04 17:45:00,2007-05-04 17:45:00,36.1577,-99.6873,36.1577,-99.6873
2007-05-04 17:21:00,2007-05-04 17:45:00,36.0891,-99.8206,36.1466,-99.8196
2007-03-29 15:05:00,2007-03-29 15:25:00,35.5,-97.7145,35.6306,-97.6925
2007-03-29 15:27:00,2007-03-29 15:30:00,36.6032,-98.0155,36.6166,-98.0224
2007-03-29 15:20:00,2007-03-29 15:27:00,36.57,-98.034,36.6058,-98.0246
2007-04-23 17:14:00,2007-04-23 17:14:00,36.7231,-99.6753,36.7231,-99.6753
2007-04-24 14:27:00,2007-04-24 14:35:00,36.7032,-96.4299,36.7313,-96.4065
2007-04-23 17:51:00,2007-04-23 17:51:00,36.7609,-99.849,36.7609,-99.849
2007-05-31 17:55:00,2007-05-31 17:55:00,36.8601,-102.2293,36.8601,-102.2293
2007-05-31 18:11:00,2007-05-31 18:12:00,36.9087,-102.0351,36.9087,-102.0351
2007-05-31 19:06:00,2007-05-31 19:17:00,36.8091,-101.7536,36.7984,-101.6594
2007-03-28 19:04:00,2007-03-28 19:21:00,36.728,-100.4051,36.82,-100.3755
2007-03-23 16:11:00,2007-03-23 16:14:00,36.7193,-101.1183,36.7389,-101.1133
2007-05-05 19:16:00,2007-05-05 19:19:00,35.8878,-99.8,35.9023,-99.8
2007-06-13 17:42:00,2007-06-13 17:44:00,36.35,-98.5697,36.35,-98.5697
2007-06-13 19:06:00,2007-06-13 19:06:00,35.9189,-98.613,35.9189,-98.613
2007-06-13 17:31:00,2007-06-13 17:33:00,36.35,-98.5697,36.35,-98.5697
2007-06-13 17:34:00,2007-06-13 17:36:00,36.35,-98.5697,36.35,-98.5697
2007-05-07 01:32:00,2007-05-07 01:33:00,35.5093,-97.4776,35.5219,-97.4611
2007-05-05 19:04:00,2007-05-05 19:12:00,35.3935,-99.87,35.4296,-99.87
2007-05-05 19:32:00,2007-05-05 19:51:00,35.5047,-99.8388,35.62,-99.8212
2007-05-05 19:56:00,2007-05-05 20:07:00,36.1147,-99.751,36.1504,-99.7447
2007-05-05 19:39:00,2007-05-05 19:39:00,35.9964,-99.7016,35.9964,-99.7016
2007-05-05 20:05:00,2007-05-05 20:28:00,35.7187,-99.7956,35.8056,-99.7515
2007-05-05 20:34:00,2007-05-05 20:36:00,35.8401,-99.6893,35.8508,-99.6838
2007-05-05 19:12:00,2007-05-05 19:26:00,35.42,-99.92,35.4923,-99.92
2007-05-07 02:15:00,2007-05-07 02:15:00,35.3689,-97.0828,35.3689,-97.0828
2007-05-05 19:19:00,2007-05-05 19:33:00,35.8987,-99.77,35.9421,-99.77
2007-05-05 20:36:00,2007-05-05 20:58:00,35.8895,-99.7737,35.9429,-99.7463
2007-05-05 21:50:00,2007-05-05 21:51:00,36.1202,-99.4811,36.17,-99.4509
2007-05-05 18:40:00,2007-05-05 18:42:00,35.6887,-99.8049,35.6887,-99.8049
2007-05-06 20:38:00,2007-05-06 20:38:00,35.35,-96.6446,35.35,-96.6446
2007-05-05 19:03:00,2007-05-05 19:03:00,35.8402,-99.7874,35.8402,-99.7874
2007-05-08 23:08:00,2007-05-08 23:08:00,35.6223,-97.8322,35.6223,-97.8322
2007-05-05 21:51:00,2007-05-05 21:55:00,36.15,-99.3895,36.1638,-99.3414
2007-05-05 21:55:00,2007-05-05 22:30:00,36.1716,-99.33,36.3132,-99.2306
2007-05-08 22:26:00,2007-05-08 22:30:00,35.38,-97.9726,35.4188,-97.9777
2007-05-08 19:15:00,2007-05-08 19:15:00,34.83,-98.4028,34.83,-98.4028
2007-05-08 21:54:00,2007-05-08 21:58:00,35.2924,-97.9638,35.32,-97.9761
2007-05-06 20:23:00,2007-05-06 20:23:00,35.2411,-96.6473,35.2411,-96.6473
2007-05-08 23:21:00,2007-05-08 23:21:00,35.6901,-97.7704,35.6901,-97.7704
2007-03-28 18:28:00,2007-03-28 18:54:00,36.5178,-100.3927,36.62,-100.3939
2007-08-19 01:00:00,2007-08-19 01:05:00,35.3394,-98.1022,35.3754,-98.1069
2007-08-18 16:10:00,2007-08-18 16:20:00,35.1664,-98.9123,35.2199,-98.9394
2007-08-18 15:46:00,2007-08-18 15:57:00,34.9896,-99.0103,35.0813,-99.0251
2007-08-18 19:44:00,2007-08-18 19:48:00,34.9536,-98.0134,34.98,-98.039
2007-08-19 01:05:00,2007-08-19 01:06:00,35.38,-98.0896,35.38,-98.0896
2007-08-19 01:32:00,2007-08-19 01:38:00,35.3145,-97.9136,35.3851,-97.93
2007-08-19 01:38:00,2007-08-19 01:41:00,35.3666,-97.9232,35.3945,-97.93
2007-05-31 18:58:00,2007-05-31 19:00:00,36.8129,-101.6459,36.818,-101.6522
2007-03-29 14:05:00,2007-03-29 14:10:00,36.1016,-98.3572,36.12,-98.3353
2007-10-17 16:14:00,2007-10-17 16:14:00,34.0507,-95.233,34.0507,-95.233
2008-03-27 17:32:00,2008-03-27 17:32:00,35.55,-95.65,35.55,-95.65
2008-03-27 17:32:00,2008-03-27 17:34:00,35.5519,-95.6484,35.546,-95.6341
2008-03-31 18:31:00,2008-03-31 18:41:00,34.1561,-95.047,34.1806,-94.9661
2008-01-07 20:08:00,2008-01-07 20:08:00,36.0791,-94.6207,36.0791,-94.6207
2008-01-07 23:38:00,2008-01-07 23:38:00,35.8905,-95.4947,35.8905,-95.4947
2008-01-07 23:54:00,2008-01-07 23:58:00,35.9063,-95.3105,35.9339,-95.2764
2008-04-09 18:10:00,2008-04-09 18:10:00,34.0445,-95.7,34.0445,-95.7
2008-04-09 20:03:00,2008-04-09 20:03:00,35.1398,-94.9825,35.1398,-94.9825
2008-04-09 21:07:00,2008-04-09 21:07:00,35.28,-94.4823,35.28,-94.4823
2008-04-10 04:15:00,2008-04-10 04:17:00,35.7535,-94.8075,35.7813,-94.77
2008-04-10 04:26:00,2008-04-10 04:28:00,35.7895,-94.5393,35.8287,-94.5049
2008-04-09 19:26:00,2008-04-09 19:29:00,34.3817,-95.0368,34.3851,-95.0196
2008-04-09 19:42:00,2008-04-09 19:44:00,34.2127,-94.813,34.2197,-94.7984
2008-06-05 22:35:00,2008-06-05 22:41:00,35.7889,-96.1425,35.8129,-96.1123
2008-06-06 14:47:00,2008-06-06 14:47:00,35.8721,-95.15,35.8721,-95.15
2008-11-05 20:12:00,2008-11-05 20:12:00,36.2744,-96.3883,36.2744,-96.3883
2008-05-10 18:05:00,2008-05-10 18:06:00,34.443,-94.707,34.441,-94.701
2008-06-15 17:37:00,2008-06-15 17:58:00,36.63,-100.66,36.5866,-100.68
2008-05-31 18:07:00,2008-05-31 18:07:00,36.6845,-96.33,36.6845,-96.33
2008-05-07 18:28:00,2008-05-07 18:29:00,36.0592,-95.8125,36.0619,-95.8097
2008-05-24 14:45:00,2008-05-24 14:48:00,36.1734,-97.7825,36.1734,-97.7825
2008-05-24 15:10:00,2008-05-24 15:15:00,36.176,-97.7363,36.1776,-97.718
2008-05-24 17:06:00,2008-05-24 17:09:00,36.165,-97.4,36.173,-97.395
2008-05-24 15:21:00,2008-05-24 16:18:00,36.219,-97.667,36.178,-97.497
2008-05-24 16:17:00,2008-05-24 16:22:00,36.188,-97.494,36.174,-97.494
2008-05-24 13:45:00,2008-05-24 13:56:00,36.137,-98.037,36.152,-97.982
2008-05-24 17:03:00,2008-05-24 17:06:00,36.158,-97.405,36.165,-97.4
2008-05-24 14:07:00,2008-05-24 14:16:00,36.174,-97.961,36.188,-97.933
2008-05-24 16:53:00,2008-05-24 16:58:00,36.19,-97.4667,36.1729,-97.4774
2008-05-24 13:27:00,2008-05-24 13:39:00,36.123,-98.103,36.124,-98.067
2008-12-08 23:36:00,2008-12-08 23:37:00,36.0968,-95.745,36.1044,-95.7397
2008-04-23 16:25:00,2008-04-23 16:26:00,36.6519,-96.068,36.6519,-96.068
2008-04-10 03:56:00,2008-04-10 03:57:00,35.5802,-94.9292,35.5936,-94.9224
2008-03-31 04:46:00,2008-03-31 04:54:00,36.4467,-96.4138,36.4532,-96.3003
2008-03-31 06:25:00,2008-03-31 06:25:00,36.5245,-95.9366,36.5245,-95.9366
2008-03-31 12:44:00,2008-03-31 12:48:00,36.8,-94.6686,36.8183,-94.6184
2008-03-31 18:10:00,2008-03-31 18:10:00,34.0916,-95.4565,34.0916,-95.4565
2008-03-13 21:36:00,2008-03-13 21:36:00,34.2614,-95.3457,34.2614,-95.3457
2008-03-31 00:23:00,2008-03-31 00:23:00,35.65,-97.6403,35.65,-97.6403
2008-03-31 00:39:00,2008-03-31 00:45:00,35.65,-97.5512,35.6834,-97.497
2008-01-07 22:28:00,2008-01-07 22:30:00,36.0505,-94.9753,36.0647,-94.95
2008-03-30 21:22:00,2008-03-30 21:22:00,35.33,-98.201,35.33,-98.201
2008-03-30 20:44:00,2008-03-30 20:46:00,35.23,-98.4313,35.23,-98.4313
2008-03-02 16:46:00,2008-03-02 16:49:00,35.9879,-98.59,35.9879,-98.59
2008-03-31 08:20:00,2008-03-31 08:20:00,36.3702,-97.2488,36.3702,-97.2488
2008-05-01 19:37:00,2008-05-01 20:12:00,36.4497,-96.638,36.6257,-96.4633
2008-05-01 20:06:00,2008-05-01 20:17:00,36.5779,-96.4448,36.67,-96.4292
2008-05-02 00:45:00,2008-05-02 00:51:00,35.8155,-96.38,35.8674,-96.2687
2008-05-02 02:03:00,2008-05-02 02:03:00,36.3,-95.4098,36.3,-95.4098
2008-05-02 02:03:00,2008-05-02 02:04:00,36.3106,-95.4428,36.315,-95.4356
2008-05-01 19:25:00,2008-05-01 19:35:00,36.4012,-96.734,36.4395,-96.7139
2008-05-02 02:04:00,2008-05-02 02:15:00,36.315,-95.4356,36.3897,-95.3149
2008-05-10 16:42:00,2008-05-10 16:55:00,34.7686,-95.6048,34.7591,-95.5143
2008-05-07 16:22:00,2008-05-07 16:26:00,35.6369,-97.5841,35.6101,-97.5296
2008-05-10 17:30:00,2008-05-10 17:32:00,34.4225,-95.4288,34.4066,-95.4109
2008-05-10 16:48:00,2008-05-10 16:50:00,36.95,-94.6985,36.9504,-94.67
2008-05-24 17:02:00,2008-05-24 17:07:00,36.15,-97.4338,36.1279,-97.4462
2008-05-10 16:03:00,2008-05-10 16:21:00,34.9022,-96.0152,34.93,-95.8477
2008-05-10 17:05:00,2008-05-10 17:10:00,34.5707,-95.7027,34.5649,-95.6669
2008-05-10 16:21:00,2008-05-10 16:21:00,35.0766,-95.67,35.0766,-95.67
2008-05-10 16:34:00,2008-05-10 16:44:00,35.0326,-95.4574,34.9814,-95.3949
2008-05-10 17:10:00,2008-05-10 17:14:00,34.5661,-95.6719,34.5685,-95.6392
2008-05-23 19:03:00,2008-05-23 19:15:00,36.6663,-99.5591,36.7331,-99.5246
2008-05-10 16:19:00,2008-05-10 16:19:00,35.4607,-95.4823,35.4607,-95.4823
2008-05-10 16:25:00,2008-05-10 16:27:00,34.9147,-95.7887,34.9198,-95.7825
2008-05-23 19:58:00,2008-05-23 20:04:00,36.9503,-99.6923,36.9964,-99.63
2008-05-10 16:25:00,2008-05-10 16:25:00,36.3409,-95.2692,36.3409,-95.2692
2008-05-10 16:25:00,2008-05-10 16:54:00,36.9924,-95.0345,36.9278,-94.6186
2008-05-07 16:02:00,2008-05-07 16:09:00,35.5183,-97.6646,35.5255,-97.6036
2008-05-10 16:20:00,2008-05-10 16:25:00,36.9982,-95.1415,36.9924,-95.0345
2008-05-10 17:35:00,2008-05-10 17:35:00,34.6188,-95.0378,34.6188,-95.0378
2008-05-07 15:56:00,2008-05-07 15:57:00,34.8023,-97.1786,34.8023,-97.1786
2008-05-07 15:57:00,2008-05-07 16:02:00,35.5,-97.7222,35.5,-97.66
2008-05-01 18:29:00,2008-05-01 18:29:00,35.5002,-97.2826,35.5002,-97.2826
2008-05-01 19:18:00,2008-05-01 19:18:00,36.3402,-96.7873,36.3402,-96.7873
2008-05-07 16:21:00,2008-05-07 16:25:00,35.1449,-97.4737,35.15,-97.4446
2008-05-07 16:25:00,2008-05-07 16:31:00,35.1539,-97.4309,35.1617,-97.39
2008-05-10 16:55:00,2008-05-10 17:15:00,34.7591,-95.5143,34.7,-95.2971
2008-06-18 20:00:00,2008-06-18 20:15:00,36.6814,-100.8965,36.5187,-100.82
2008-06-19 17:30:00,2008-06-19 17:31:00,36.6279,-102.78,36.6269,-102.7754
2008-09-11 19:35:00,2008-09-11 19:36:00,35.5501,-98.9496,35.5501,-98.9496
2008-09-12 02:05:00,2008-09-12 02:05:00,36.68,-97.292,36.68,-97.292
2008-05-07 17:40:00,2008-05-07 17:45:00,35.6507,-96.1228,35.6878,-96.0665
2008-05-23 19:59:00,2008-05-23 20:08:00,36.9475,-99.12,36.9905,-99.0265
2008-05-01 18:42:00,2008-05-01 18:42:00,36.2411,-96.8968,36.2411,-96.8968
2009-08-26 17:10:00,2009-08-26 17:21:00,35.7898,-98.159,35.7898,-98.159
2009-04-09 17:03:00,2009-04-09 17:08:00,36.6312,-95.0933,36.6744,-95.0767
2009-04-09 17:42:00,2009-04-09 17:54:00,34.5011,-95.119,34.5429,-94.9937
2009-04-09 17:55:00,2009-04-09 18:03:00,34.9879,-94.8267,35.0458,-94.7162
2009-04-09 18:26:00,2009-04-09 18:34:00,34.6192,-94.5619,34.6471,-94.4573
2009-03-24 00:29:00,2009-03-24 00:38:00,36.2649,-96.8,36.3156,-96.7569
2009-10-29 10:17:00,2009-10-29 10:17:00,35.3245,-96.1464,35.3245,-96.1464
2009-10-29 13:14:00,2009-10-29 13:14:00,34.5109,-95.5003,34.5109,-95.5003
2009-04-26 15:36:00,2009-04-26 15:50:00,35.8821,-99.7449,35.9547,-99.6237
2009-04-09 19:01:00,2009-04-09 19:03:00,34.01,-94.48,34.0102,-94.4754
2009-02-10 15:03:00,2009-02-10 15:05:00,35.7254,-97.4823,35.7308,-97.4734
2009-02-10 14:53:00,2009-02-10 15:03:00,35.6631,-97.5309,35.7254,-97.4823
2009-02-10 15:24:00,2009-02-10 15:26:00,35.861,-97.2846,35.8709,-97.2771
2009-02-10 14:36:00,2009-02-10 14:37:00,35.5553,-97.6397,35.5602,-97.6296
2009-02-10 16:35:00,2009-02-10 16:37:00,36.2899,-96.8206,36.3228,-96.8
2009-02-10 18:48:00,2009-02-10 18:53:00,33.952,-97.589,33.962,-97.561
2009-02-10 15:39:00,2009-02-10 15:59:00,35.953,-97.183,36.07,-97.105
2009-02-10 18:53:00,2009-02-10 19:09:00,33.962,-97.561,34.071,-97.397
2009-04-29 09:11:00,2009-04-29 09:18:00,34.7935,-97.0309,34.855,-96.9743
2009-04-18 19:05:00,2009-04-18 19:05:00,35.9354,-97.3101,35.9354,-97.3101
2009-04-26 16:28:00,2009-04-26 16:28:00,36.1932,-99.34,36.1932,-99.34
2009-04-26 15:34:00,2009-04-26 15:36:00,35.8716,-99.7751,35.8821,-99.7449
2009-04-29 10:40:00,2009-04-29 10:42:00,35.1716,-96.2995,35.1923,-96.302
2009-04-25 23:50:00,2009-04-26 00:08:00,36.5188,-98.0202,36.5889,-97.9759
2009-04-09 17:18:00,2009-04-09 17:24:00,34.8278,-95.3096,34.857,-95.2433
2009-04-25 21:42:00,2009-04-25 21:46:00,36.5161,-97.7879,36.5337,-97.7854
2009-04-26 00:39:00,2009-04-26 00:50:00,36.5479,-97.8666,36.5534,-97.8442
2009-04-29 09:18:00,2009-04-29 09:20:00,34.8551,-96.9736,34.8714,-96.9612
2009-04-26 15:25:00,2009-04-26 15:31:00,35.7986,-99.8369,35.8307,-99.7892
2009-04-25 21:10:00,2009-04-25 21:15:00,36.4319,-97.8801,36.4511,-97.8686
2009-05-13 20:26:00,2009-05-13 20:40:00,35.1638,-98.2432,35.0599,-98.22
2009-05-13 21:41:00,2009-05-13 21:47:00,35.368,-97.378,35.361,-97.377
2009-05-13 17:54:00,2009-05-13 18:05:00,36.6797,-97.45,36.6797,-97.45
2009-05-13 18:20:00,2009-05-13 18:31:00,36.514,-97.454,36.5,-97.373
2009-06-10 17:00:00,2009-06-10 17:00:00,35.249,-95.38,35.249,-95.38
2009-06-10 17:11:00,2009-06-10 17:11:00,35.12,-95.23,35.12,-95.23
2009-06-12 21:23:00,2009-06-12 21:39:00,35.213,-97.4,35.206,-97.366
2009-02-10 19:09:00,2009-02-10 19:43:00,34.071,-97.397,34.26,-97.113
2009-04-29 10:27:00,2009-04-29 10:31:00,35.172,-96.5344,35.1977,-96.5523
2010-05-31 18:58:00,2010-05-31 19:00:00,36.9326,-102.3907,36.9412,-102.361
2010-06-13 14:52:00,2010-06-13 14:58:00,36.53,-100.55,36.556,-100.4638
2010-06-13 15:17:00,2010-06-13 15:22:00,36.62,-100.3216,36.6316,-100.2681
2010-06-13 15:22:00,2010-06-13 15:27:00,36.62,-100.3003,36.6288,-100.2564
2010-03-08 17:20:00,2010-03-08 17:47:00,35.5635,-99.4618,35.6288,-99.377
2010-12-31 06:05:00,2010-12-31 06:08:00,35.9977,-94.5655,36.0176,-94.5374
2010-04-22 16:51:00,2010-04-22 16:52:00,36.5,-100.82,36.501,-100.8161
2010-03-08 17:47:00,2010-03-08 18:00:00,35.6288,-99.377,35.6579,-99.3379
2010-03-08 18:16:00,2010-03-08 18:18:00,35.7413,-99.19,35.7413,-99.19
2010-05-23 20:35:00,2010-05-23 20:47:00,36.5576,-103.0024,36.5767,-102.8969
2010-05-23 19:30:00,2010-05-23 19:35:00,36.5301,-102.8998,36.5422,-102.866
2010-05-18 18:44:00,2010-05-18 18:46:00,36.8335,-101.6716,36.8354,-101.6619
2010-05-10 16:12:00,2010-05-10 16:25:00,36.589,-96.904,36.6551,-96.72
2010-05-10 16:33:00,2010-05-10 16:33:00,36.7,-96.6117,36.7,-96.6117
2010-05-10 16:41:00,2010-05-10 16:42:00,36.7419,-96.5674,36.7554,-96.5532
2010-05-10 16:45:00,2010-05-10 16:46:00,36.6854,-96.3491,36.7062,-96.33
2010-05-10 17:35:00,2010-05-10 17:47:00,35.342,-96.441,35.3975,-96.3807
2010-05-13 03:45:00,2010-05-13 03:47:00,35.9403,-96.0619,35.952,-96.0295
2010-05-13 03:47:00,2010-05-13 03:59:00,35.952,-96.0295,36.0241,-95.8316
2010-05-13 03:52:00,2010-05-13 03:58:00,35.5942,-95.9394,35.6258,-95.841
2010-05-13 04:04:00,2010-05-13 04:08:00,35.9991,-95.7132,36.022,-95.6255
2010-05-13 04:09:00,2010-05-13 04:12:00,36.1647,-95.6895,36.1761,-95.6379
2010-05-19 18:09:00,2010-05-19 18:09:00,35.7889,-96.467,35.7889,-96.467
2010-05-19 18:37:00,2010-05-19 18:53:00,35.8545,-96.3242,35.9012,-96.2552
2010-05-19 19:46:00,2010-05-19 19:56:00,35.5775,-96.5336,35.6014,-96.3942
2010-05-19 19:12:00,2010-05-19 19:17:00,35.5205,-96.7803,35.5127,-96.7573
2010-05-19 19:40:00,2010-05-19 19:53:00,34.59,-97.1734,34.6258,-96.97
2010-05-19 00:22:00,2010-05-19 00:22:00,35.896,-99.757,35.896,-99.757
2010-05-19 02:15:00,2010-05-19 02:15:00,36.435,-99.621,36.435,-99.621
2010-05-10 17:25:00,2010-05-10 17:26:00,34.188,-97.205,34.194,-97.198
2010-05-10 16:20:00,2010-05-10 16:22:00,34.665,-97.781,34.681,-97.743
2010-05-19 20:05:00,2010-05-19 20:17:00,35.3603,-96.333,35.4192,-96.1709
2010-05-10 18:16:00,2010-05-10 18:17:00,35.4028,-95.8673,35.424,-95.8459
2010-05-10 18:17:00,2010-05-10 18:35:00,35.4898,-96.4835,35.5715,-96.2296
2010-05-10 18:23:00,2010-05-10 18:41:00,35.441,-95.814,35.5279,-95.6248
2010-05-10 18:28:00,2010-05-10 18:30:00,35.4239,-95.7757,35.4354,-95.7349
2010-05-13 05:07:00,2010-05-13 05:13:00,36.6701,-94.7875,36.6949,-94.6873
2010-05-10 18:31:00,2010-05-10 18:32:00,35.4362,-95.7177,35.4417,-95.7077
2010-05-10 18:32:00,2010-05-10 18:32:00,35.4519,-95.7008,35.4519,-95.7008
2010-05-10 19:11:00,2010-05-10 19:20:00,35.5864,-95.1276,35.6163,-94.9739
2010-05-10 19:27:00,2010-05-10 19:31:00,35.5535,-94.8769,35.5758,-94.8115
2010-05-10 18:56:00,2010-05-10 18:58:00,35.5293,-95.3438,35.5357,-95.3145
2010-05-10 18:33:00,2010-05-10 18:40:00,35.4634,-95.6807,35.493,-95.5733
2010-05-10 18:35:00,2010-05-10 18:36:00,35.497,-95.7354,35.5089,-95.7175
2010-05-10 18:46:00,2010-05-10 18:56:00,35.5026,-95.4784,35.5448,-95.3733
2010-05-19 14:24:00,2010-05-19 14:30:00,35.9235,-99.3774,35.9558,-99.313
2010-05-19 15:41:00,2010-05-19 15:48:00,36.1202,-97.9127,36.1202,-97.9127
2010-05-19 16:08:00,2010-05-19 16:08:00,36.11,-97.7209,36.11,-97.7209
2010-05-19 16:24:00,2010-05-19 16:27:00,36.1065,-97.5926,36.1191,-97.5693
2010-05-19 17:04:00,2010-05-19 17:05:00,36.1295,-97.3547,36.1295,-97.3547
2010-05-19 19:31:00,2010-05-19 19:40:00,34.5778,-97.2676,34.59,-97.1734
2010-05-19 16:33:00,2010-05-19 17:00:00,35.97,-98.1379,35.9269,-97.8958
2010-05-13 04:05:00,2010-05-13 04:12:00,36.2224,-95.7481,36.2552,-95.6443
2010-05-10 16:39:00,2010-05-10 16:50:00,35.118,-97.274,35.248,-97.142
2010-05-10 16:50:00,2010-05-10 16:59:00,35.248,-97.142,35.271,-97.052
2010-05-10 16:56:00,2010-05-10 17:11:00,35.246,-96.984,35.283,-96.777
2010-05-19 17:03:00,2010-05-19 17:36:00,36.12,-97.3288,36.1477,-97.1428
2010-05-10 17:54:00,2010-05-10 17:56:00,33.956,-97.037,33.946,-97.004
2010-05-10 18:08:00,2010-05-10 18:09:00,33.951,-96.888,33.949,-96.876
2010-05-10 18:15:00,2010-05-10 18:16:00,33.919,-96.871,33.92,-96.86
2010-05-10 16:48:00,2010-05-10 17:02:00,35.34,-97.108,35.365,-96.997
2010-05-10 17:52:00,2010-05-10 17:54:00,35.02,-97.213,35.022,-97.179
2010-05-10 19:05:00,2010-05-10 19:09:00,34.362,-96.879,34.356,-96.818
2010-05-13 03:19:00,2010-05-13 03:36:00,35.7347,-96.5499,35.8257,-96.211
2010-05-10 17:11:00,2010-05-10 17:35:00,35.283,-96.777,35.342,-96.441
2010-05-10 19:42:00,2010-05-10 19:45:00,34.254,-96.432,34.241,-96.408
2010-05-10 19:45:00,2010-05-10 19:45:00,34.24,-96.404,34.24,-96.404
2010-05-10 19:06:00,2010-05-10 19:11:00,35.5722,-95.1987,35.5864,-95.1276
2010-05-13 03:43:00,2010-05-13 03:48:00,35.9972,-96.1317,36.046,-96.0297
2010-05-13 03:48:00,2010-05-13 04:04:00,36.046,-96.0297,36.1479,-95.7691
2010-05-11 19:27:00,2010-05-11 19:27:00,36.188,-99.561,36.188,-99.561
2010-05-24 19:48:00,2010-05-24 19:48:00,36.379,-99.53,36.379,-99.53
2010-05-12 19:21:00,2010-05-12 19:26:00,35.414,-98.962,35.466,-98.931
2010-05-10 14:33:00,2010-05-10 14:33:00,36.793,-98.062,36.793,-98.062
2010-05-10 16:22:00,2010-05-10 16:27:00,34.681,-97.743,34.712,-97.688
2010-05-10 16:36:00,2010-05-10 16:43:00,34.882,-97.424,34.922,-97.361
2010-05-10 16:37:00,2010-05-10 16:38:00,34.893,-97.433,34.898,-97.42
2010-05-10 16:05:00,2010-05-10 16:14:00,34.2257,-98.1122,34.259,-98.0389
2010-05-10 16:44:00,2010-05-10 16:46:00,34.1102,-97.7454,34.1185,-97.7212
2010-05-10 15:19:00,2010-05-10 15:30:00,36.956,-97.462,37.0,-97.345
2010-05-10 14:38:00,2010-05-10 15:19:00,36.808,-98.031,36.956,-97.462
2010-05-10 15:46:00,2010-05-10 15:54:00,35.726,-97.743,35.796,-97.674
2010-05-10 15:54:00,2010-05-10 15:54:00,35.8,-97.669,35.8,-97.669
2010-05-10 16:20:00,2010-05-10 16:35:00,35.289,-97.504,35.377,-97.305
2010-05-10 15:03:00,2010-05-10 15:04:00,36.836,-97.771,36.838,-97.766
2010-05-10 15:15:00,2010-05-10 15:22:00,36.919,-97.528,36.941,-97.462
2010-05-10 15:22:00,2010-05-10 15:23:00,36.941,-97.462,36.948,-97.444
2010-05-10 15:17:00,2010-05-10 15:26:00,36.955,-97.435,36.976,-97.317
2010-05-10 15:21:00,2010-05-10 15:22:00,36.9,-97.449,36.904,-97.437
2010-05-10 14:39:00,2010-05-10 14:39:00,36.808,-98.031,36.808,-98.031
2010-05-10 17:45:00,2010-05-10 18:10:00,35.3395,-96.3089,35.4596,-96.1359
2010-05-10 16:22:00,2010-05-10 16:27:00,35.312,-97.48,35.351,-97.438
2010-05-10 16:27:00,2010-05-10 16:27:00,35.306,-97.421,35.306,-97.421
2010-05-10 16:32:00,2010-05-10 16:51:00,35.1808,-97.4273,35.249,-97.142
2010-05-10 16:51:00,2010-05-10 16:59:00,35.249,-97.142,35.255,-97.049
2010-05-10 16:34:00,2010-05-10 16:40:00,35.1703,-97.4498,35.194,-97.357
2010-05-10 18:03:00,2010-05-10 18:04:00,35.3982,-96.0558,35.4004,-96.0461
2010-05-10 18:04:00,2010-05-10 18:22:00,35.3833,-96.0266,35.4895,-95.8923
2010-05-10 18:25:00,2010-05-10 18:25:00,35.4303,-95.7911,35.4303,-95.7911
2010-05-13 04:17:00,2010-05-13 04:21:00,36.1413,-95.5111,36.1679,-95.4397
2010-05-10 16:35:00,2010-05-10 16:51:00,35.377,-97.305,35.47,-97.155
2010-05-13 04:21:00,2010-05-13 04:26:00,36.1679,-95.4397,36.1944,-95.37
2010-05-13 04:37:00,2010-05-13 04:41:00,35.93,-95.1321,35.9761,-95.0931
2010-05-13 04:51:00,2010-05-13 04:55:00,36.03,-94.9053,36.03,-94.8337
2010-05-13 05:05:00,2010-05-13 05:07:00,36.6613,-94.8252,36.6701,-94.7875
2010-05-12 19:26:00,2010-05-12 19:35:00,35.466,-98.931,35.538,-98.861
2010-05-10 15:53:00,2010-05-10 15:54:00,36.479,-97.173,36.482,-97.164
2010-05-10 16:00:00,2010-05-10 16:12:00,36.539,-97.07,36.589,-96.904
2010-05-10 16:02:00,2010-05-10 16:03:00,36.507,-97.09,36.499,-97.066
2010-05-10 16:13:00,2010-05-10 16:13:00,35.604,-97.543,35.604,-97.543
2010-05-10 16:50:00,2010-05-10 16:54:00,34.324,-97.635,34.335,-97.599
2010-05-10 17:04:00,2010-05-10 17:10:00,34.18,-97.512,34.188,-97.434
2010-05-10 17:22:00,2010-05-10 17:34:00,34.245,-97.319,34.279,-97.245
2010-05-31 19:51:00,2010-05-31 19:53:00,36.82,-101.97,36.8363,-101.947
2010-07-03 16:45:00,2010-07-03 16:46:00,35.537,-98.406,35.537,-98.406
2010-09-08 19:15:00,2010-09-08 19:15:00,33.8532,-97.12,33.8532,-97.12
2010-09-08 13:05:00,2010-09-08 13:05:00,33.86,-96.5,33.86,-96.5
2010-09-08 18:00:00,2010-09-08 18:00:00,34.2209,-97.3095,34.2209,-97.3095
2010-06-13 15:41:00,2010-06-13 15:46:00,36.6588,-100.2367,36.6686,-100.1878
2010-05-10 15:46:00,2010-05-10 15:46:00,35.723,-97.745,35.723,-97.745
2010-05-10 15:46:00,2010-05-10 15:52:00,35.439,-97.911,35.484,-97.865
2010-05-10 18:30:00,2010-05-10 18:31:00,35.4239,-95.7364,35.4363,-95.7258
2010-05-12 17:20:00,2010-05-12 17:25:00,34.9716,-99.9474,34.9936,-99.9073
2011-04-14 19:04:00,2011-04-14 19:10:00,34.4298,-95.8903,34.4467,-95.7787
2011-05-24 21:44:00,2011-05-24 22:02:00,34.8256,-94.7248,34.9673,-94.6047
2011-05-24 19:56:00,2011-05-24 20:00:00,35.8377,-95.6423,35.8554,-95.6023
2011-05-22 19:19:00,2011-05-22 19:27:00,36.1618,-94.7352,36.1894,-94.7072
2011-05-22 17:33:00,2011-05-22 17:48:00,36.553,-94.9733,36.5505,-94.8549
2011-05-22 17:42:00,2011-05-22 17:48:00,36.0584,-95.3841,36.0681,-95.3228
2011-05-20 08:37:00,2011-05-20 08:38:00,36.0982,-95.1415,36.1125,-95.1216
2011-05-23 16:52:00,2011-05-23 16:52:00,36.5722,-96.6938,36.5722,-96.6938
2011-05-24 17:49:00,2011-05-24 18:14:00,36.465,-96.576,36.6759,-96.4231
2011-05-22 18:50:00,2011-05-22 18:50:00,36.0979,-94.8874,36.0979,-94.8874
2011-05-22 19:29:00,2011-05-22 19:30:00,36.2182,-94.8433,36.2217,-94.8257
2011-05-22 19:14:00,2011-05-22 19:19:00,36.1389,-94.7574,36.1618,-94.7352
2011-04-14 17:25:00,2011-04-14 17:25:00,34.1731,-96.5835,34.1731,-96.5835
2011-05-24 20:48:00,2011-05-24 20:59:00,36.2264,-94.9542,36.2693,-94.8406
2011-05-24 20:50:00,2011-05-24 20:55:00,35.0021,-95.2106,35.0238,-95.1758
2011-05-24 21:14:00,2011-05-24 21:16:00,34.6942,-95.0378,34.7041,-95.0144
2011-05-22 19:30:00,2011-05-22 19:37:00,36.1704,-94.6639,36.2,-94.6269
2011-05-22 19:36:00,2011-05-22 19:40:00,36.1845,-94.6387,36.1981,-94.6132
2011-11-07 15:38:00,2011-11-07 15:38:00,34.66,-98.904,34.66,-98.904
2011-11-07 15:52:00,2011-11-07 15:53:00,34.726,-98.836,34.736,-98.826
2011-11-07 15:15:00,2011-11-07 15:26:00,34.526,-99.019,34.5945,-98.961
2011-11-07 16:51:00,2011-11-07 17:17:00,35.042,-98.523,35.213,-98.447
2011-11-07 16:16:00,2011-11-07 16:18:00,34.855,-98.697,34.876,-98.692
2011-11-07 16:40:00,2011-11-07 16:48:00,34.9974,-98.5441,35.0364,-98.524
2011-11-08 13:45:00,2011-11-08 14:02:00,33.9511,-95.1416,34.0146,-95.0663
2011-04-14 22:02:00,2011-04-14 22:05:00,34.16,-95.05,34.16,-94.97
2011-04-14 22:37:00,2011-04-14 22:38:00,34.17,-94.732,34.166,-94.711
2011-04-14 21:33:00,2011-04-14 21:36:00,34.4545,-94.6623,34.4619,-94.6338
2011-02-27 18:21:00,2011-02-27 18:23:00,36.9901,-96.6708,36.999,-96.6292
2011-04-14 15:12:00,2011-04-14 15:13:00,36.7033,-96.706,36.7084,-96.6997
2011-04-14 16:39:00,2011-04-14 16:39:00,36.6,-95.998,36.6,-95.998
2011-04-14 16:00:00,2011-04-14 16:03:00,36.4523,-96.3937,36.4622,-96.38
2011-04-14 16:44:00,2011-04-14 16:44:00,36.629,-95.98,36.629,-95.98
2011-04-14 16:38:00,2011-04-14 16:38:00,35.5665,-96.4272,35.5665,-96.4272
2011-04-14 19:10:00,2011-04-14 19:11:00,34.4467,-95.7787,34.4498,-95.7619
2011-04-14 17:05:00,2011-04-14 17:12:00,35.588,-96.267,35.6245,-96.1924
2011-04-14 20:03:00,2011-04-14 20:12:00,34.5537,-95.672,34.5941,-95.5835
2011-04-14 18:47:00,2011-04-14 18:48:00,36.3735,-94.8743,36.3786,-94.8668
2011-04-26 16:46:00,2011-04-26 16:46:00,35.3606,-94.5074,35.3606,-94.5074
2011-04-14 17:12:00,2011-04-14 17:26:00,35.6245,-96.1924,35.71,-96.1458
2011-04-14 17:11:00,2011-04-14 17:12:00,36.7645,-95.8126,36.767,-95.8099
2011-04-14 17:12:00,2011-04-14 17:14:00,36.767,-95.8099,36.7818,-95.7935
2011-04-14 17:33:00,2011-04-14 17:33:00,35.4854,-96.3612,35.4854,-96.3612
2011-04-14 18:14:00,2011-04-14 18:25:00,34.8108,-95.664,34.8788,-95.6135
2011-04-14 19:12:00,2011-04-14 19:12:00,34.4402,-95.7424,34.4402,-95.7424
2011-04-14 19:12:00,2011-04-14 19:15:00,34.4419,-95.7417,34.4575,-95.6927
2011-04-14 19:18:00,2011-04-14 19:22:00,35.9862,-95.4067,36.0041,-95.383
2011-04-24 16:05:00,2011-04-24 16:06:00,35.0142,-95.9263,35.0121,-95.9238
2011-04-24 18:03:00,2011-04-24 18:03:00,34.9698,-94.5075,34.9698,-94.5075
2011-04-14 19:28:00,2011-04-14 19:36:00,34.7298,-95.1245,34.7553,-95.0599
2011-04-14 19:36:00,2011-04-14 19:37:00,34.7553,-95.0599,34.7588,-95.0517
2011-04-14 19:35:00,2011-04-14 19:47:00,34.5092,-95.5091,34.5741,-95.4145
2011-04-14 19:50:00,2011-04-14 19:51:00,34.6365,-95.4727,34.6437,-95.4618
2011-04-14 20:12:00,2011-04-14 20:16:00,34.5941,-95.5835,34.6245,-95.5169
2011-04-14 20:08:00,2011-04-14 20:22:00,34.685,-95.3778,34.7431,-95.3018
2011-04-14 20:23:00,2011-04-14 20:37:00,34.9285,-94.708,35.0082,-94.6362
2011-04-14 20:35:00,2011-04-14 20:37:00,34.9399,-94.6715,34.961,-94.6636
2011-05-22 17:52:00,2011-05-22 18:26:00,36.4812,-94.8951,36.5579,-94.6179
2011-04-14 18:21:00,2011-04-14 18:28:00,34.3366,-96.2186,34.3467,-96.1566
2011-04-14 19:46:00,2011-04-14 19:51:00,34.5254,-95.8314,34.5328,-95.7611
2011-04-14 19:59:00,2011-04-14 20:00:00,34.5134,-95.7228,34.5164,-95.715
2011-04-14 17:03:00,2011-04-14 17:15:00,34.1301,-96.7901,34.161,-96.657
2011-04-14 18:20:00,2011-04-14 18:50:00,34.2923,-96.2509,34.47,-96.0149
2011-04-22 18:45:00,2011-04-22 18:48:00,34.8645,-97.0663,34.8645,-97.0663
2011-04-14 16:24:00,2011-04-14 16:25:00,34.6166,-96.5468,34.6211,-96.53
2011-04-22 19:02:00,2011-04-22 19:05:00,34.8409,-97.0099,34.8409,-97.0099
2011-04-14 19:58:00,2011-04-14 20:03:00,34.5284,-95.74,34.5622,-95.6751
2011-04-25 13:02:00,2011-04-25 13:12:00,33.9714,-94.7912,34.0406,-94.6544
2011-04-25 16:18:00,2011-04-25 16:21:00,34.0454,-94.5812,34.0549,-94.5388
2011-04-14 15:42:00,2011-04-14 15:42:00,35.7767,-96.6737,35.7767,-96.6737
2011-04-14 17:15:00,2011-04-14 17:25:00,34.161,-96.657,34.1999,-96.5701
2011-05-11 17:11:00,2011-05-11 17:12:00,36.1595,-95.159,36.1631,-95.1524
2011-05-11 17:47:00,2011-05-11 17:50:00,36.6094,-94.9196,36.6284,-94.9067
2011-05-24 19:42:00,2011-05-24 19:56:00,35.7631,-95.7423,35.8377,-95.6423
2011-05-22 18:27:00,2011-05-22 18:35:00,36.0714,-95.0628,36.074,-95.0097
2011-05-24 20:13:00,2011-05-24 20:20:00,35.942,-95.3754,35.9533,-95.2978
2011-05-24 22:37:00,2011-05-24 22:40:00,35.44,-94.4595,35.4493,-94.441
2011-05-24 17:44:00,2011-05-24 17:47:00,36.4103,-96.5812,36.4429,-96.551
2011-05-22 19:44:00,2011-05-22 19:45:00,36.1975,-94.5859,36.2032,-94.5796
2011-04-22 18:59:00,2011-04-22 18:59:00,34.87,-97.0324,34.87,-97.0324
2011-04-19 16:58:00,2011-04-19 16:58:00,34.5345,-95.03,34.5345,-95.03
2011-04-19 17:07:00,2011-04-19 17:11:00,34.532,-94.9631,34.5389,-94.9375
2011-04-19 17:11:00,2011-04-19 17:15:00,34.5389,-94.9375,34.5542,-94.9074
2011-04-19 17:45:00,2011-04-19 17:45:00,34.5823,-94.5823,34.5823,-94.5823
2011-04-19 17:48:00,2011-04-19 17:52:00,34.5734,-94.5407,34.587,-94.4909
2011-04-22 18:19:00,2011-04-22 18:20:00,35.4877,-96.0814,35.4864,-96.0736
2011-04-22 17:03:00,2011-04-22 17:04:00,35.6057,-96.4385,35.6041,-96.4325
2011-04-22 18:18:00,2011-04-22 18:19:00,36.0134,-94.932,36.0142,-94.913
2011-04-22 19:14:00,2011-04-22 19:14:00,35.3549,-95.6265,35.3549,-95.6265
2011-11-07 14:59:00,2011-11-07 14:59:00,34.4566,-99.14,34.4566,-99.14
2011-11-07 16:19:00,2011-11-07 16:22:00,34.883,-98.675,34.887,-98.651
2011-11-07 16:24:00,2011-11-07 16:26:00,34.907,-98.642,34.907,-98.642
2011-11-07 22:47:00,2011-11-07 22:49:00,35.1707,-97.6225,35.1802,-97.5966
2011-11-07 14:39:00,2011-11-07 14:43:00,34.34,-99.21,34.357,-99.194
2011-11-07 14:43:00,2011-11-07 15:13:00,34.357,-99.194,34.542,-99.115
2011-11-07 15:26:00,2011-11-07 15:27:00,34.5945,-98.961,34.596,-98.959
2011-06-18 18:29:00,2011-06-18 18:29:00,36.9614,-96.5458,36.9614,-96.5458
2011-06-11 19:30:00,2011-06-11 19:30:00,36.3568,-99.88,36.3568,-99.88
2011-06-18 20:13:00,2011-06-18 20:13:00,36.8957,-95.8727,36.8957,-95.8727
2011-06-18 19:10:00,2011-06-18 19:20:00,36.9345,-96.2705,36.9303,-96.2183
2011-06-11 18:11:00,2011-06-11 18:25:00,36.9806,-101.0535,36.9759,-101.0159
2011-09-17 16:46:00,2011-09-17 16:49:00,36.82,-97.932,36.808,-97.909
2011-05-24 14:21:00,2011-05-24 14:34:00,36.064,-98.634,36.165,-98.578
2011-05-24 16:45:00,2011-05-24 16:46:00,35.242,-97.628,35.243,-97.619
2011-05-24 17:02:00,2011-05-24 17:03:00,35.109,-97.451,35.116,-97.447
2011-06-11 18:50:00,2011-06-11 18:52:00,36.77,-100.82,36.7695,-100.8183
2011-05-24 14:50:00,2011-05-24 15:55:00,35.444,-98.287,35.725,-97.697
2011-05-21 19:18:00,2011-05-21 19:20:00,34.7805,-96.8949,34.7805,-96.8949
2011-05-21 19:29:00,2011-05-21 19:33:00,34.7867,-96.8565,34.7867,-96.8565
2011-05-21 19:41:00,2011-05-21 19:47:00,34.8009,-96.8202,34.7977,-96.7614
2011-05-23 15:26:00,2011-05-23 15:28:00,36.1445,-98.3439,36.1462,-98.3388
2011-05-21 18:00:00,2011-05-21 18:00:00,34.5211,-97.0025,34.5211,-97.0025
2011-05-21 18:40:00,2011-05-21 18:53:00,34.5631,-96.8064,34.6291,-96.7202
2011-05-21 18:39:00,2011-05-21 18:40:00,34.56,-96.8336,34.56,-96.8249
2011-05-19 15:50:00,2011-05-19 15:50:00,34.8845,-98.87,34.8845,-98.87
2011-05-19 17:40:00,2011-05-19 17:40:00,34.89,-98.4129,34.89,-98.4129
2011-05-19 17:09:00,2011-05-19 17:09:00,35.0795,-98.415,35.0795,-98.415
2011-09-17 16:49:00,2011-09-17 16:49:00,36.815,-97.887,36.815,-97.887
2011-09-17 16:55:00,2011-09-17 16:55:00,36.784,-97.897,36.784,-97.897
2011-08-10 02:32:00,2011-08-10 02:34:00,36.1393,-95.138,36.154,-95.1184
2011-08-10 02:34:00,2011-08-10 02:35:00,36.154,-95.1184,36.1616,-95.1082
2011-08-10 02:35:00,2011-08-10 02:39:00,36.1616,-95.1082,36.1879,-95.0731
2011-05-24 16:26:00,2011-05-24 16:35:00,34.88,-97.732,34.939,-97.67
2011-05-24 16:38:00,2011-05-24 16:53:00,35.189,-97.67,35.305,-97.589
2011-05-24 16:50:00,2011-05-24 17:05:00,36.034,-97.163,36.108,-97.013
2011-05-24 14:31:00,2011-05-24 14:46:00,35.35,-98.441,35.413,-98.311
2011-05-24 16:35:00,2011-05-24 17:05:00,34.939,-97.67,35.141,-97.491
2011-05-24 18:30:00,2011-05-24 18:45:00,34.252,-96.76,34.274,-96.67
2011-05-24 14:20:00,2011-05-24 14:21:00,36.059,-98.644,36.064,-98.634
2011-05-24 14:47:00,2011-05-24 14:51:00,36.236,-98.507,36.244,-98.5
2011-05-24 14:34:00,2011-05-24 14:44:00,36.165,-98.578,36.235,-98.583
2011-05-24 15:37:00,2011-05-24 15:39:00,35.622,-97.856,35.618,-97.837
2011-05-24 17:36:00,2011-05-24 17:39:00,35.373,-97.131,35.387,-97.108
2011-05-24 15:59:00,2011-05-24 16:35:00,35.747,-97.674,35.921,-97.356
2011-05-24 16:06:00,2011-05-24 16:38:00,35.008,-97.961,35.189,-97.67
2011-05-24 16:53:00,2011-05-24 17:02:00,35.305,-97.589,35.311,-97.571
2011-05-24 15:55:00,2011-05-24 15:59:00,35.725,-97.697,35.747,-97.674
2011-05-22 19:13:00,2011-05-22 19:25:00,36.2291,-94.9451,36.2321,-94.8609
2011-06-18 19:09:00,2011-06-18 19:09:00,36.9231,-96.2885,36.9231,-96.2885
2011-11-07 15:53:00,2011-11-07 16:16:00,34.736,-98.826,34.855,-98.697
2011-05-24 21:06:00,2011-05-24 21:16:00,36.2757,-94.7575,36.3294,-94.6728
2011-04-14 19:36:00,2011-04-14 19:39:00,34.3391,-96.0804,34.3579,-96.0652
2011-04-22 17:16:00,2011-04-22 17:16:00,36.2724,-94.8,36.2724,-94.8
2012-04-09 16:23:00,2012-04-09 16:23:00,36.3899,-99.4107,36.3899,-99.4107
2012-04-14 15:26:00,2012-04-14 15:26:00,36.7874,-99.21,36.7874,-99.21
2012-04-09 16:35:00,2012-04-09 16:35:00,36.3568,-99.3722,36.3568,-99.3722
2012-04-09 16:45:00,2012-04-09 16:45:00,36.3498,-99.3638,36.3498,-99.3638
2012-04-09 16:56:00,2012-04-09 16:56:00,36.2902,-99.3273,36.2902,-99.3273
2012-04-14 18:01:00,2012-04-14 18:01:00,36.4609,-98.9409,36.4609,-98.9409
2012-04-30 20:10:00,2012-04-30 21:00:00,36.7998,-97.7172,36.81,-97.4839
2012-03-18 17:50:00,2012-03-18 18:04:00,34.9,-99.6647,34.9512,-99.6376
2012-03-18 18:10:00,2012-03-18 18:10:00,34.9934,-99.569,34.9934,-99.569
2012-04-30 21:07:00,2012-04-30 21:13:00,36.81,-97.459,36.7811,-97.45
2012-04-14 18:14:00,2012-04-14 18:20:00,36.506,-98.86,36.5388,-98.8163
2012-04-14 18:19:00,2012-04-14 18:21:00,36.5491,-98.829,36.5491,-98.829
2012-04-14 22:42:00,2012-04-14 23:05:00,36.1133,-99.7837,36.276,-99.604
2012-04-14 23:05:00,2012-04-14 23:27:00,36.276,-99.604,36.4879,-99.39
2012-04-14 19:37:00,2012-04-14 19:42:00,36.974,-98.112,36.998,-98.069
2012-04-14 16:18:00,2012-04-14 16:18:00,36.236,-99.589,36.236,-99.589
2012-05-01 00:30:00,2012-05-01 00:32:00,36.8872,-95.094,36.8961,-95.0796
2012-04-30 21:25:00,2012-04-30 21:38:00,36.7766,-97.4327,36.68,-97.4183
2012-04-13 15:00:00,2012-04-13 15:12:00,35.202,-97.5021,35.2299,-97.4261
2012-04-13 14:59:00,2012-04-13 15:00:00,35.1991,-97.5188,35.202,-97.5021
2012-04-13 17:14:00,2012-04-13 17:16:00,34.7493,-99.2926,34.7493,-99.2926
2012-04-13 17:10:00,2012-04-13 17:12:00,34.7595,-99.3051,34.7595,-99.3051
2012-04-13 18:27:00,2012-04-13 18:27:00,34.8555,-98.87,34.8555,-98.87
2012-04-13 18:25:00,2012-04-13 18:27:00,34.8598,-98.8575,34.8598,-98.8575
2012-04-13 18:28:00,2012-04-13 18:33:00,34.8495,-98.8949,34.87,-98.8259
2012-04-13 18:52:00,2012-04-13 19:12:00,34.9032,-98.7722,34.9775,-98.7389
2012-04-13 19:36:00,2012-04-13 19:38:00,35.0566,-98.6,35.0744,-98.5687
2012-04-13 19:42:00,2012-04-13 19:42:00,34.993,-98.5459,34.993,-98.5459
2012-04-13 19:50:00,2012-04-13 19:55:00,35.0198,-98.5594,35.0284,-98.5125
2012-04-13 16:24:00,2012-04-13 16:24:00,35.39,-96.9967,35.39,-96.9967
2012-04-13 23:52:00,2012-04-13 23:55:00,35.4103,-97.726,35.4357,-97.7362
2012-04-29 19:57:00,2012-04-29 19:59:00,36.577,-96.5783,36.5822,-96.5565
2012-04-15 04:49:00,2012-04-15 04:55:00,36.3233,-96.0682,36.3607,-96.0093
2012-04-15 08:22:00,2012-04-15 08:35:00,35.7847,-94.926,35.8991,-94.8073
2012-04-15 08:35:00,2012-04-15 08:36:00,35.8991,-94.8073,35.9009,-94.8047
2012-04-15 08:36:00,2012-04-15 08:37:00,35.9009,-94.8047,35.9055,-94.7972
2012-04-30 19:10:00,2012-04-30 19:10:00,36.7132,-95.712,36.7132,-95.712
2012-04-30 19:12:00,2012-04-30 19:12:00,36.6982,-95.7093,36.6982,-95.7093
2012-04-30 19:25:00,2012-04-30 19:25:00,36.7386,-95.692,36.7386,-95.692
2012-04-30 19:33:00,2012-04-30 19:33:00,36.7437,-95.6296,36.7437,-95.6296
2012-04-30 19:13:00,2012-04-30 20:05:00,36.8533,-97.9062,36.7424,-98.05
2012-04-30 18:40:00,2012-04-30 18:57:00,36.703,-98.216,36.748,-98.224
2012-04-30 19:59:00,2012-04-30 20:03:00,36.7885,-95.5027,36.8003,-95.4802
2012-04-30 18:34:00,2012-04-30 18:34:00,36.6631,-98.2242,36.6631,-98.2242
2012-04-30 20:06:00,2012-04-30 20:10:00,36.7947,-97.7492,36.7955,-97.73
2012-04-30 23:42:00,2012-04-30 23:48:00,36.6843,-95.7808,36.7523,-95.7017
2012-04-30 21:05:00,2012-04-30 21:06:00,36.9444,-95.349,36.9543,-95.3349
2012-04-14 15:00:00,2012-04-14 15:00:00,36.597,-99.408,36.597,-99.408
2012-04-09 17:06:00,2012-04-09 17:06:00,36.2686,-99.2726,36.2686,-99.2726
2012-04-30 20:29:00,2012-04-30 20:50:00,36.7058,-98.0053,36.6845,-97.8
2012-04-15 08:37:00,2012-04-15 08:43:00,35.9055,-94.7972,35.9346,-94.7514
2012-04-14 14:49:00,2012-04-14 14:53:00,36.5291,-99.519,36.57,-99.4619
2012-04-14 14:59:00,2012-04-14 15:00:00,36.591,-99.413,36.594,-99.411
2012-04-14 15:33:00,2012-04-14 15:33:00,36.8243,-99.1631,36.8243,-99.1631
2012-04-09 17:27:00,2012-04-09 17:27:00,36.2198,-99.1827,36.2198,-99.1827
2012-04-14 16:24:00,2012-04-14 16:24:00,36.275,-99.571,36.275,-99.571
2012-04-14 17:15:00,2012-04-14 17:15:00,36.5219,-99.1082,36.5219,-99.1082
2012-04-14 17:51:00,2012-04-14 17:51:00,36.512,-98.9938,36.512,-98.9938
2012-04-14 18:06:00,2012-04-14 18:14:00,36.4735,-98.9175,36.506,-98.86
2012-05-29 19:26:00,2012-05-29 19:28:00,35.6236,-97.7984,35.6236,-97.7984
2012-04-14 18:30:00,2012-04-14 18:46:00,36.59,-98.6997,36.7105,-98.6445
2012-04-14 18:57:00,2012-04-14 19:23:00,36.7807,-98.3883,36.9302,-98.3028
2012-04-14 18:47:00,2012-04-14 19:04:00,36.6946,-98.5168,36.8012,-98.4139
2012-04-14 19:19:00,2012-04-14 19:37:00,36.8893,-98.2516,36.974,-98.112
2012-05-29 20:15:00,2012-05-29 20:16:00,35.384,-97.99,35.384,-97.99
2012-10-13 16:46:00,2012-10-13 16:51:00,34.1942,-97.5205,34.2408,-97.4511
2012-04-13 17:30:00,2012-04-13 17:35:00,34.78,-99.2067,34.78,-99.1714
2012-03-18 18:37:00,2012-03-18 18:42:00,35.1264,-99.5474,35.1465,-99.5373
2012-03-19 19:20:00,2012-03-19 19:20:00,35.5205,-94.9951,35.5205,-94.9951
2012-03-18 18:27:00,2012-03-18 18:30:00,35.0666,-99.559,35.0705,-99.535
2012-04-14 17:50:00,2012-04-14 17:50:00,36.4012,-99.0937,36.4012,-99.0937
2013-07-26 14:25:00,2013-07-26 14:25:00,33.943,-96.731,33.943,-96.731
2013-05-30 14:35:00,2013-05-30 14:44:00,34.3652,-94.4992,34.4051,-94.4642
2013-05-19 15:56:00,2013-05-19 16:24:00,35.73,-97.141,35.847,-96.92
2013-05-20 13:56:00,2013-05-20 14:04:00,35.284,-97.628,35.303,-97.605
2013-05-31 17:03:00,2013-05-31 17:44:00,35.485,-98.096,35.502,-97.848
2013-05-31 18:53:00,2013-05-31 18:55:00,35.406,-97.551,35.404,-97.531
2013-05-31 17:29:00,2013-05-31 17:41:00,35.4858,-97.8511,35.451,-97.7929
2013-01-29 06:48:00,2013-01-29 06:49:00,36.155,-97.456,36.159,-97.437
2013-05-19 17:00:00,2013-05-19 17:20:00,35.2531,-97.3001,35.308,-97.142
2013-05-19 17:20:00,2013-05-19 17:50:00,35.308,-97.142,35.423,-96.981
2013-05-09 17:21:00,2013-05-09 17:21:00,34.5197,-99.3905,34.5197,-99.3905
2013-05-29 16:00:00,2013-05-29 16:00:00,35.6,-98.2268,35.6,-98.2268
2013-05-29 18:21:00,2013-05-29 18:23:00,35.033,-99.884,35.033,-99.884
2013-05-31 19:21:00,2013-05-31 19:25:00,36.5886,-95.7326,36.5975,-95.6882
2013-05-20 17:40:00,2013-05-20 17:45:00,35.9817,-94.614,36.0419,-94.5416
2013-05-30 18:08:00,2013-05-30 18:09:00,36.1009,-95.3669,36.1034,-95.3563
2013-05-30 18:24:00,2013-05-30 18:30:00,36.1233,-95.2282,36.137,-95.1938
2013-05-31 19:25:00,2013-05-31 19:26:00,36.5975,-95.6882,36.605,-95.6736
2013-05-31 19:27:00,2013-05-31 19:28:00,36.5972,-95.676,36.5975,-95.6735
2013-05-31 22:23:00,2013-05-31 22:27:00,36.5379,-94.8236,36.5417,-94.7914
2013-05-30 19:40:00,2013-05-30 19:41:00,36.0224,-95.7729,36.0282,-95.7616
2013-05-31 19:28:00,2013-05-31 19:35:00,36.5975,-95.6735,36.6317,-95.6111
2013-05-28 14:08:00,2013-05-28 14:11:00,36.7996,-100.33,36.8096,-100.3221
2013-05-28 14:29:00,2013-05-28 14:40:00,36.903,-100.4272,36.8804,-100.412
2013-05-19 17:47:00,2013-05-19 17:48:00,35.9323,-96.6143,35.9328,-96.6133
2013-05-19 18:20:00,2013-05-19 18:38:00,35.5487,-96.6219,35.6391,-96.4649
2013-05-30 19:41:00,2013-05-30 19:54:00,36.0282,-95.7616,36.0401,-95.6785
2013-05-19 18:38:00,2013-05-19 18:40:00,35.6391,-96.4649,35.6547,-96.4493
2013-05-20 15:34:00,2013-05-20 15:47:00,36.5531,-95.8122,36.577,-95.7188
2013-05-31 17:18:00,2013-05-31 17:18:00,36.9451,-96.0678,36.9451,-96.0678
2013-05-30 15:01:00,2013-05-30 15:01:00,36.1268,-96.604,36.1268,-96.604
2013-05-30 17:49:00,2013-05-30 17:49:00,36.0813,-95.419,36.0813,-95.419
2013-05-30 17:54:00,2013-05-30 17:54:00,36.0936,-95.3985,36.0936,-95.3985
2013-05-31 17:38:00,2013-05-31 17:40:00,36.9623,-95.8343,36.9657,-95.8127
2013-05-31 18:21:00,2013-05-31 18:22:00,36.9873,-95.4317,36.9974,-95.4197
2013-05-20 17:35:00,2013-05-20 17:37:00,35.939,-94.7271,35.969,-94.7012
2013-07-23 23:06:00,2013-07-23 23:12:00,35.9597,-95.4247,35.9341,-95.3704
2013-05-09 16:00:00,2013-05-09 16:00:00,34.66,-98.95,34.66,-98.95
2013-05-29 17:42:00,2013-05-29 17:42:00,35.1907,-97.4535,35.1907,-97.4535
2013-05-31 17:54:00,2013-05-31 18:09:00,35.449,-97.671,35.448,-97.599
2013-05-31 18:45:00,2013-05-31 18:45:00,35.321,-97.799,35.321,-97.799
2013-05-19 17:59:00,2013-05-19 18:00:00,35.458,-96.795,35.463,-96.789
2013-05-19 18:00:00,2013-05-19 18:12:00,35.463,-96.789,35.526,-96.698
2013-05-08 19:18:00,2013-05-08 19:18:00,35.2691,-97.8899,35.2691,-97.8899
2013-05-15 17:34:00,2013-05-15 17:35:00,34.7805,-96.7083,34.7844,-96.7008
2013-05-19 15:22:00,2013-05-19 15:30:00,35.624,-97.481,35.643,-97.406
2013-05-19 15:33:00,2013-05-19 15:34:00,35.6534,-97.3621,35.6544,-97.3523
2013-05-19 18:17:00,2013-05-19 18:20:00,35.5323,-96.6538,35.5487,-96.6219
2013-05-20 13:58:00,2013-05-20 14:01:00,34.5564,-97.9129,34.5664,-97.9
2013-05-31 16:55:00,2013-05-31 16:56:00,35.4987,-98.12,35.5014,-98.1148
2013-05-19 15:41:00,2013-05-19 15:54:00,35.693,-97.232,35.724,-97.154
2013-05-31 16:35:00,2013-05-31 16:37:00,35.8802,-98.1874,35.8905,-98.1747
2013-05-31 17:55:00,2013-05-31 17:57:00,35.4432,-97.96,35.4412,-97.952
2013-05-31 18:35:00,2013-05-31 18:37:00,35.411,-97.457,35.41,-97.449
2013-05-20 14:07:00,2013-05-20 14:22:00,34.5965,-97.9331,34.64,-97.8904
2013-05-20 15:40:00,2013-05-20 15:42:00,35.5614,-96.8146,35.5694,-96.7954
2013-05-19 15:54:00,2013-05-19 15:56:00,35.724,-97.154,35.73,-97.141
2013-05-19 17:40:00,2013-05-19 17:43:00,35.3365,-97.0228,35.3644,-97.0186
2013-05-20 17:49:00,2013-05-20 17:57:00,34.4479,-96.2849,34.47,-96.1849
2013-05-31 18:42:00,2013-05-31 18:43:00,35.341,-97.609,35.347,-97.594
2013-05-31 17:51:00,2013-05-31 17:54:00,35.454,-97.699,35.449,-97.671
2013-05-31 17:12:00,2013-05-31 17:13:00,35.44,-98.003,35.44,-98.003
2013-05-31 17:13:00,2013-05-31 17:14:00,35.459,-98.011,35.459,-98.011
2013-05-30 14:08:00,2013-05-30 14:09:00,35.9619,-97.0395,35.9634,-97.0351
2013-05-30 14:26:00,2013-05-30 14:30:00,36.0145,-96.8835,36.0195,-96.8548
2013-05-30 16:58:00,2013-05-30 16:59:00,34.565,-97.501,34.5702,-97.4976
2013-01-29 14:55:00,2013-01-29 14:57:00,35.605,-94.498,35.6332,-94.4718
2013-04-17 23:03:00,2013-04-17 23:05:00,35.97,-95.8503,35.9994,-95.8385
2013-04-17 23:01:00,2013-04-17 23:03:00,35.9739,-95.8363,35.988,-95.8506
2013-04-17 23:29:00,2013-04-17 23:32:00,36.1216,-95.5246,36.1372,-95.5011
2013-04-17 23:48:00,2013-04-17 23:58:00,36.25,-95.2861,36.3061,-95.1922
2013-04-17 22:50:00,2013-04-17 22:51:00,35.8715,-96.0166,35.878,-96.0126
2013-04-17 23:28:00,2013-04-17 23:29:00,36.0989,-95.5336,36.1089,-95.5258
2013-04-17 23:33:00,2013-04-17 23:36:00,36.1465,-95.5014,36.157,-95.4771
2013-04-18 00:30:00,2013-04-18 00:40:00,36.4918,-94.7809,36.5513,-94.6567
2013-03-30 22:20:00,2013-03-30 22:21:00,35.427,-94.81,35.425,-94.804
2013-03-30 20:35:00,2013-03-30 20:36:00,35.8076,-95.3016,35.8132,-95.2866
2013-03-30 20:36:00,2013-03-30 20:37:00,35.8132,-95.2866,35.815,-95.2855
2013-05-20 14:51:00,2013-05-20 15:01:00,36.4185,-96.0778,36.4398,-96.0014
2013-05-20 19:33:00,2013-05-20 19:34:00,35.1399,-94.8763,35.1446,-94.8633
2013-05-20 15:33:00,2013-05-20 15:34:00,36.5504,-95.8223,36.5531,-95.8122
2013-05-20 15:01:00,2013-05-20 15:05:00,36.4398,-96.0014,36.4587,-95.9738
2013-05-20 17:32:00,2013-05-20 17:34:00,35.9476,-94.7581,35.9641,-94.7285
2013-05-20 19:44:00,2013-05-20 19:55:00,35.0737,-94.5888,35.1538,-94.4761
2013-05-20 17:32:00,2013-05-20 17:41:00,36.8128,-94.7701,36.8295,-94.6184
2013-05-30 14:37:00,2013-05-30 14:38:00,36.0335,-96.7874,36.0364,-96.7818
2013-04-18 00:07:00,2013-04-18 00:13:00,36.3752,-95.0788,36.4011,-95.0248
2013-05-30 14:15:00,2013-05-30 14:16:00,35.98,-96.94,35.9825,-96.9277
2013-04-17 19:35:00,2013-04-17 19:45:00,34.2688,-98.8032,34.2505,-98.7148
2013-04-17 17:50:00,2013-04-17 17:56:00,34.58,-98.5633,34.603,-98.5103
2013-04-26 17:31:00,2013-04-26 17:33:00,35.95,-98.99,35.949,-98.9873
2013-05-20 15:21:00,2013-05-20 15:30:00,36.4923,-95.8971,36.5301,-95.8308
2013-05-20 17:25:00,2013-05-20 17:40:00,36.8129,-94.8461,36.8298,-94.6706
2013-08-07 18:36:00,2013-08-07 18:42:00,36.8506,-100.9385,36.8506,-100.9385
2013-05-31 17:30:00,2013-05-31 17:37:00,36.6154,-96.6006,36.6305,-96.5599
2013-05-20 14:04:00,2013-05-20 14:35:00,35.303,-97.605,35.341,-97.3999
2014-09-01 18:41:00,2014-09-01 18:41:00,36.9279,-95.1,36.9279,-95.1
2014-12-14 17:09:00,2014-12-14 17:10:00,35.62,-97.38,35.6217,-97.3778
2014-06-23 18:59:00,2014-06-23 19:02:00,34.8701,-95.5599,34.8643,-95.5525
2014-04-27 16:31:00,2014-04-27 16:34:00,34.548,-94.7109,34.5566,-94.6889
2014-04-13 16:58:00,2014-04-13 16:59:00,34.59,-97.71,34.588,-97.704
2014-04-13 17:05:00,2014-04-13 17:05:00,34.58,-97.66,34.58,-97.66
2014-06-28 14:22:00,2014-06-28 14:28:00,36.4323,-95.2831,36.4589,-95.2133
2014-05-27 11:38:00,2014-05-27 11:38:00,35.6111,-96.0689,35.6111,-96.0689
2014-05-27 12:55:00,2014-05-27 12:55:00,34.18,-97.6775,34.18,-97.6775
2014-04-27 16:29:00,2014-04-27 16:35:00,36.912,-94.8215,36.9987,-94.7515
2014-06-22 16:42:00,2014-06-22 16:50:00,36.6354,-100.2722,36.6062,-100.2713
2014-06-22 17:03:00,2014-06-22 17:13:00,36.6286,-100.3962,36.5916,-100.3464
2014-06-22 17:31:00,2014-06-22 17:32:00,36.5151,-100.3998,36.5102,-100.3946
2014-05-27 13:00:00,2014-05-27 13:02:00,34.51,-98.49,34.5101,-98.4922
2014-05-07 18:06:00,2014-05-07 18:09:00,34.767,-98.697,34.783,-98.69
2014-10-06 00:01:00,2014-10-06 00:02:00,35.2508,-94.7246,35.2521,-94.7113
2015-05-25 16:48:00,2015-05-25 17:07:00,34.9835,-94.6658,35.2002,-94.6907
2015-05-28 08:58:00,2015-05-28 08:59:00,34.7706,-95.0412,34.7737,-95.0332
2015-05-29 12:51:00,2015-05-29 13:06:00,35.386,-95.1402,35.4514,-95.1003
2015-05-29 13:16:00,2015-05-29 13:19:00,35.487,-95.09,35.5084,-95.0818
2015-05-29 13:27:00,2015-05-29 13:39:00,36.3703,-95.0809,36.4201,-95.0057
2015-12-12 18:03:00,2015-12-12 18:06:00,33.9867,-95.2579,34.0343,-95.2523
2015-07-07 16:42:00,2015-07-07 16:43:00,35.1086,-94.9121,35.11,-94.9091
2015-07-09 16:18:00,2015-07-09 16:23:00,36.0233,-94.765,36.0535,-94.7106
2015-07-09 16:08:00,2015-07-09 16:16:00,35.986,-94.8854,36.0283,-94.802
2015-05-23 19:44:00,2015-05-23 19:47:00,34.8785,-95.1722,34.8996,-95.1743
2015-05-25 16:17:00,2015-05-25 16:25:00,34.6469,-94.8628,34.7198,-94.7929
2015-05-25 15:52:00,2015-05-25 16:10:00,34.552,-95.2235,34.6807,-95.0871
2015-05-25 16:34:00,2015-05-25 16:49:00,34.9734,-94.8709,35.0765,-94.8489
2015-05-29 13:39:00,2015-05-29 13:47:00,36.4201,-95.0057,36.4478,-94.9405
2015-11-16 20:51:00,2015-11-16 21:13:00,36.327,-100.0,36.513,-99.794
2015-11-16 21:26:00,2015-11-16 21:51:00,36.593,-99.659,36.842,-99.45
2015-11-16 19:07:00,2015-11-16 19:08:00,36.499,-100.547,36.506,-100.531
2015-11-16 19:10:00,2015-11-16 19:18:00,36.534,-100.518,36.582,-100.471
2015-11-16 21:24:00,2015-11-16 21:37:00,36.5114,-100.2813,36.629,-100.2144
2015-11-16 21:18:00,2015-11-16 21:26:00,36.522,-99.729,36.593,-99.659
2015-11-16 22:09:00,2015-11-16 22:13:00,36.955,-99.324,37.0,-99.307
2015-03-25 17:29:00,2015-03-25 17:29:00,35.476,-97.635,35.476,-97.635
2015-11-05 14:22:00,2015-11-05 14:26:00,35.4,-96.3906,35.4234,-96.3553
2015-11-17 05:43:00,2015-11-17 05:48:00,35.4363,-95.4247,35.4996,-95.3951
2015-12-12 19:17:00,2015-12-12 19:37:00,34.0074,-95.1384,34.1043,-95.0869
2015-03-25 17:12:00,2015-03-25 17:14:00,35.46,-97.83,35.4621,-97.8185
2015-11-05 21:18:00,2015-11-05 21:30:00,33.82,-94.65,33.84,-94.58
2015-04-08 19:58:00,2015-04-08 19:58:00,35.653,-99.312,35.653,-99.312
2015-04-16 19:00:00,2015-04-16 19:15:00,35.207,-99.77,35.263,-99.77
2015-04-09 20:08:00,2015-04-09 20:08:00,35.6809,-99.2404,35.6809,-99.2404
2015-12-26 13:57:00,2015-12-26 13:57:00,34.94,-96.96,34.94,-96.96
2015-03-25 18:02:00,2015-03-25 18:02:00,36.1164,-95.3903,36.1164,-95.3903
2015-04-18 15:06:00,2015-04-18 15:06:00,36.549,-98.581,36.549,-98.581
2015-03-25 17:34:00,2015-03-25 17:50:00,35.3482,-97.5658,35.2849,-97.3828
2015-03-25 16:21:00,2015-03-25 16:25:00,36.1832,-96.302,36.1763,-96.2672
2015-03-25 19:06:00,2015-03-25 19:06:00,36.12,-94.6596,36.12,-94.6596
2015-04-02 20:59:00,2015-04-02 21:08:00,36.7045,-95.0953,36.6804,-94.9993
2015-04-02 21:08:00,2015-04-02 21:14:00,36.6804,-94.9993,36.6705,-94.9453
2015-05-16 22:40:00,2015-05-16 22:41:00,36.1316,-95.5742,36.1414,-95.5669
2015-04-02 21:14:00,2015-04-02 21:19:00,36.6705,-94.9453,36.6561,-94.8845
2015-05-16 22:52:00,2015-05-16 22:56:00,36.2942,-95.4774,36.333,-95.4432
2015-05-16 23:00:00,2015-05-16 23:03:00,36.3613,-95.4017,36.3856,-95.3742
2015-03-25 17:01:00,2015-03-25 17:05:00,36.1689,-95.8815,36.1482,-95.8533
2015-05-10 08:01:00,2015-05-10 08:04:00,34.8727,-95.7721,34.9114,-95.7244
2015-05-16 23:10:00,2015-05-16 23:16:00,36.4715,-95.2809,36.5054,-95.2118
2015-05-16 23:24:00,2015-05-16 23:25:00,36.5575,-95.0126,36.5626,-95.0057
2015-05-16 23:25:00,2015-05-16 23:29:00,36.5626,-95.0057,36.6079,-94.9577
2015-05-10 18:18:00,2015-05-10 18:41:00,34.7649,-95.3112,34.9309,-95.1403
2015-05-16 23:38:00,2015-05-16 23:50:00,36.6812,-94.8289,36.7866,-94.686
2015-05-25 16:10:00,2015-05-25 16:12:00,34.6807,-95.0871,34.6994,-95.0748
2015-05-10 17:18:00,2015-05-10 17:21:00,34.4223,-95.711,34.4383,-95.6879
2015-05-10 18:46:00,2015-05-10 18:52:00,34.9692,-95.0984,35.0031,-95.0469
2015-05-06 01:58:00,2015-05-06 02:00:00,35.8656,-96.2274,35.878,-96.2046
2015-05-16 21:20:00,2015-05-16 21:21:00,35.4772,-96.2666,35.4936,-96.2519
2015-05-16 22:26:00,2015-05-16 22:40:00,35.9727,-95.7615,36.1316,-95.5742
2015-03-25 16:30:00,2015-03-25 16:38:00,36.1615,-96.2181,36.1332,-96.1167
2015-05-16 23:30:00,2015-05-16 23:36:00,36.6208,-94.9561,36.6703,-94.8984
2015-05-16 23:51:00,2015-05-16 23:53:00,36.7638,-94.6368,36.7787,-94.6184
2015-05-16 23:36:00,2015-05-16 23:38:00,36.6703,-94.8984,36.6929,-94.8741
2015-03-25 16:25:00,2015-03-25 16:30:00,36.1763,-96.2672,36.1615,-96.2181
2015-05-16 22:43:00,2015-05-16 22:51:00,36.1719,-95.57,36.2872,-95.4681
2015-05-06 13:53:00,2015-05-06 13:55:00,34.9409,-98.2499,34.9409,-98.2499
2015-05-06 15:33:00,2015-05-06 16:26:00,35.1576,-97.8032,35.2664,-97.6984
2015-05-06 16:53:00,2015-05-06 17:10:00,35.2453,-97.4974,35.2905,-97.4946
2015-05-23 18:05:00,2015-05-23 18:05:00,34.8006,-97.3611,34.8006,-97.3611
2015-05-09 17:09:00,2015-05-09 17:11:00,34.18,-98.5475,34.18,-98.5475
2015-05-16 16:43:00,2015-05-16 17:02:00,34.4363,-99.3502,34.5055,-99.2079
2015-05-23 18:13:00,2015-05-23 18:13:00,35.109,-96.4,35.109,-96.4
2015-05-23 17:25:00,2015-05-23 17:26:00,34.8905,-96.5651,34.903,-96.556
2015-05-23 17:26:00,2015-05-23 17:33:00,34.903,-96.556,34.9355,-96.53
2015-05-09 17:24:00,2015-05-09 17:30:00,33.919,-96.83,33.9624,-96.83
2015-05-09 19:24:00,2015-05-09 19:25:00,35.507,-99.406,35.509,-99.401
2015-05-09 19:25:00,2015-05-09 19:26:00,35.509,-99.401,35.519,-99.375
2015-05-19 13:51:00,2015-05-19 13:51:00,34.9588,-97.4325,34.9588,-97.4325
2015-05-16 17:31:00,2015-05-16 17:45:00,34.5942,-98.9861,34.656,-98.8956
2015-05-16 15:49:00,2015-05-16 15:55:00,35.813,-99.488,35.852,-99.448
2015-05-16 16:05:00,2015-05-16 16:05:00,35.93,-99.309,35.93,-99.309
2015-05-06 19:11:00,2015-05-06 19:21:00,35.2977,-97.741,35.262,-97.7031
2015-05-16 16:47:00,2015-05-16 16:47:00,35.424,-99.372,35.424,-99.372
2015-05-19 14:54:00,2015-05-19 15:04:00,34.2079,-98.7547,34.2134,-98.7385
2015-05-19 15:19:00,2015-05-19 15:19:00,35.1909,-97.0601,35.1909,-97.0601
2015-05-19 17:16:00,2015-05-19 17:19:00,33.9535,-97.9667,33.9535,-97.9667
2015-05-19 17:23:00,2015-05-19 17:31:00,33.9665,-97.9233,33.9665,-97.9233
2015-05-06 15:37:00,2015-05-06 15:38:00,36.3076,-98.25,36.3076,-98.25
2015-05-06 15:48:00,2015-05-06 15:48:00,35.1877,-97.7982,35.1877,-97.7982
2015-05-16 17:42:00,2015-05-16 17:45:00,36.4629,-98.4077,36.4784,-98.3672
2015-05-06 16:15:00,2015-05-06 16:15:00,36.4533,-98.0338,36.4533,-98.0338
2015-05-09 18:25:00,2015-05-09 18:35:00,34.0266,-96.4867,34.0458,-96.4
2015-05-16 17:22:00,2015-05-16 17:42:00,36.3175,-98.5609,36.4629,-98.4077
2015-05-16 18:14:00,2015-05-16 18:24:00,34.7186,-98.6547,34.8017,-98.58
2015-05-19 14:22:00,2015-05-19 14:22:00,35.0322,-97.2747,35.0322,-97.2747
2015-05-19 17:40:00,2015-05-19 17:44:00,33.9757,-97.821,33.9812,-97.7829
2015-05-19 19:55:00,2015-05-19 19:55:00,34.0781,-97.5289,34.0781,-97.5289
2015-05-19 20:35:00,2015-05-19 20:43:00,34.0931,-97.3966,34.0798,-97.3899
2015-05-16 18:55:00,2015-05-16 18:58:00,34.9409,-98.2499,34.9669,-98.2338
2015-05-06 16:33:00,2015-05-06 16:39:00,35.2202,-97.5783,35.2168,-97.5636
2015-05-06 16:46:00,2015-05-06 16:47:00,35.233,-97.5344,35.2324,-97.5251
2015-05-06 17:33:00,2015-05-06 17:33:00,36.0946,-98.7545,36.0946,-98.7545
2015-05-16 18:58:00,2015-05-16 19:08:00,34.4493,-98.4172,34.4579,-98.3151
2015-05-08 17:16:00,2015-05-08 17:16:00,34.1523,-98.3792,34.1523,-98.3792
2015-05-08 17:40:00,2015-05-08 17:40:00,34.17,-98.105,34.17,-98.105
2015-05-08 18:08:00,2015-05-08 18:08:00,34.17,-97.9825,34.17,-97.9825
2015-05-25 13:42:00,2015-05-25 14:10:00,33.983,-96.2684,34.157,-96.1792
2015-05-25 14:10:00,2015-05-25 14:20:00,34.157,-96.1792,34.2308,-96.1856
2015-05-25 15:06:00,2015-05-25 15:08:00,34.5369,-96.0164,34.5369,-96.0164
2015-05-16 19:01:00,2015-05-16 19:05:00,34.9669,-98.2338,34.9912,-98.2024
2015-05-16 17:05:00,2015-05-16 17:05:00,34.5111,-99.1725,34.5111,-99.1725
2015-05-06 13:45:00,2015-05-06 13:47:00,34.89,-98.3159,34.9066,-98.3111
2015-05-23 16:12:00,2015-05-23 16:32:00,35.19,-98.0031,35.2435,-97.9229
2015-05-23 16:59:00,2015-05-23 17:07:00,34.5245,-96.97,34.5679,-96.97
2015-05-23 17:05:00,2015-05-23 17:05:00,34.7562,-96.6393,34.7562,-96.6393
2015-05-23 17:10:00,2015-05-23 17:11:00,34.5699,-97.1501,34.5699,-97.1501
2015-05-26 17:32:00,2015-05-26 17:32:00,35.5213,-98.6251,35.5213,-98.6251
2015-05-26 17:32:00,2015-05-26 17:32:00,35.5216,-98.6214,35.5216,-98.6214
2015-05-16 16:30:00,2015-05-16 16:38:00,34.3923,-99.4648,34.4153,-99.3914
2015-05-16 17:02:00,2015-05-16 17:31:00,34.5055,-99.2079,34.5942,-98.9861
2015-05-23 17:11:00,2015-05-23 17:17:00,35.132,-97.6165,35.1609,-97.6168
2015-05-23 17:16:00,2015-05-23 17:16:00,34.6702,-96.9713,34.6702,-96.9713
2015-05-23 17:30:00,2015-05-23 17:32:00,35.2445,-97.6164,35.2445,-97.6164
2015-05-09 16:30:00,2015-05-09 16:30:00,33.79,-97.1226,33.79,-97.1226
2015-05-09 16:50:00,2015-05-09 16:50:00,33.8684,-97.0337,33.8684,-97.0337
2015-05-06 19:41:00,2015-05-06 19:48:00,35.4061,-97.4769,35.4209,-97.4994
2015-05-06 17:41:00,2015-05-06 17:49:00,35.1228,-98.13,35.1607,-98.0925
2015-05-19 13:40:00,2015-05-19 13:40:00,34.92,-97.4789,34.92,-97.4789
2015-05-06 17:56:00,2015-05-06 17:57:00,36.8131,-97.9546,36.8131,-97.9546
2015-05-06 18:49:00,2015-05-06 18:51:00,35.2534,-97.7779,35.247,-97.7753
2015-05-08 17:04:00,2015-05-08 17:04:00,34.18,-98.495,34.18,-98.495
2015-05-25 14:29:00,2015-05-25 14:41:00,34.27,-96.0933,34.38,-96.0774
2015-06-17 13:25:00,2015-06-17 13:26:00,33.9374,-94.6663,33.9391,-94.667
2016-05-09 17:22:00,2016-05-09 17:27:00,33.9647,-95.9914,33.9861,-95.9379
2016-05-09 16:33:00,2016-05-09 16:34:00,34.419,-96.492,34.42,-96.484
2016-03-30 18:13:00,2016-03-30 18:14:00,36.2151,-96.0151,36.218,-96.0013
2016-03-30 18:14:00,2016-03-30 18:39:00,36.218,-96.0013,36.2358,-95.8153
2016-03-30 18:48:00,2016-03-30 18:54:00,36.7291,-95.5523,36.7408,-95.5062
2016-03-30 18:39:00,2016-03-30 18:55:00,36.2358,-95.8153,36.2765,-95.6677
2016-03-30 19:00:00,2016-03-30 19:13:00,36.284,-95.6384,36.3134,-95.5328
2016-03-30 19:18:00,2016-03-30 19:23:00,36.8151,-95.3178,36.8317,-95.2751
2016-04-26 19:49:00,2016-04-26 19:50:00,35.71,-97.33,35.725,-97.31
2016-04-26 19:50:00,2016-04-26 19:53:00,35.725,-97.31,35.744,-97.28
2016-03-23 20:51:00,2016-03-23 20:54:00,35.6916,-94.5042,35.7109,-94.4851
2016-04-26 20:50:00,2016-04-26 20:52:00,34.905,-96.693,34.913,-96.658
2016-05-24 16:28:00,2016-05-24 16:43:00,35.9085,-96.4836,35.8638,-96.3629
2016-04-26 20:44:00,2016-04-26 20:49:00,36.454,-96.5556,36.496,-96.5113
2016-05-25 00:29:00,2016-05-25 00:35:00,35.7108,-95.83,35.7243,-95.8027
2016-04-26 20:52:00,2016-04-26 21:00:00,36.5072,-96.4493,36.5615,-96.3444
2016-04-26 21:00:00,2016-04-26 21:06:00,36.1765,-96.3296,36.217,-96.2478
2016-04-26 21:06:00,2016-04-26 21:08:00,36.217,-96.2478,36.2326,-96.2258
2016-05-09 16:13:00,2016-05-09 16:17:00,34.593,-96.884,34.595,-96.859
2016-04-29 14:29:00,2016-04-29 14:38:00,34.792,-98.315,34.814,-98.258
2016-04-26 21:00:00,2016-04-26 21:05:00,35.9751,-96.2571,36.0071,-96.1651
2016-04-26 21:18:00,2016-04-26 21:25:00,36.0926,-96.006,36.103,-95.9389
2016-04-29 15:03:00,2016-04-29 15:22:00,34.9,-98.044,34.962,-97.853
2016-04-29 14:54:00,2016-04-29 14:55:00,34.873,-98.128,34.873,-98.128
2016-04-26 21:26:00,2016-04-26 21:30:00,35.9412,-95.8952,35.9503,-95.8485
2016-04-26 21:36:00,2016-04-26 21:38:00,35.9792,-95.7744,35.9819,-95.7617
2016-04-26 21:38:00,2016-04-26 21:39:00,35.9819,-95.7617,35.9826,-95.758
2016-04-26 22:11:00,2016-04-26 22:19:00,35.468,-95.5312,35.5019,-95.4061
2016-04-26 22:16:00,2016-04-26 22:26:00,36.6924,-95.2991,36.7315,-95.122
2016-04-26 22:34:00,2016-04-26 22:39:00,35.6102,-95.2131,35.6436,-95.1326
2016-04-26 22:35:00,2016-04-26 22:41:00,36.3815,-95.1287,36.3901,-95.0444
2016-04-26 22:46:00,2016-04-26 22:55:00,35.6913,-95.0443,35.7237,-94.9225
2016-04-26 22:58:00,2016-04-26 23:09:00,36.2027,-94.8572,36.2606,-94.6895
2016-04-26 23:03:00,2016-04-26 23:05:00,34.385,-95.0718,34.4068,-95.0645
2016-04-26 23:07:00,2016-04-26 23:10:00,36.8481,-94.6522,36.8602,-94.6265
2016-04-26 23:23:00,2016-04-26 23:29:00,35.3684,-94.6262,35.3943,-94.5578
2016-04-26 19:08:00,2016-04-26 19:11:00,35.407,-97.707,35.432,-97.672
2016-04-26 19:11:00,2016-04-26 19:12:00,35.432,-97.672,35.439,-97.663
2016-04-26 19:43:00,2016-04-26 19:53:00,35.606,-97.336,35.701,-97.219
2016-05-16 15:57:00,2016-05-16 15:58:00,36.5883,-102.7647,36.5907,-102.7601
2016-04-15 19:02:00,2016-04-15 19:04:00,36.7962,-101.9512,36.8053,-101.9393
2016-04-15 19:16:00,2016-04-15 19:20:00,36.8669,-101.8654,36.8802,-101.8585
2016-04-15 18:50:00,2016-04-15 18:51:00,36.74,-101.988,36.7424,-101.9864
2016-05-16 15:39:00,2016-05-16 15:40:00,36.5983,-102.8152,36.6027,-102.8077
2016-05-09 16:18:00,2016-05-09 16:33:00,34.391,-96.638,34.419,-96.492
2016-05-09 16:58:00,2016-05-09 17:06:00,36.194,-97.171,36.217,-97.141
2016-04-15 18:56:00,2016-04-15 18:59:00,36.7467,-101.9433,36.7595,-101.9323
2016-05-09 17:07:00,2016-05-09 17:17:00,34.419,-96.197,34.447,-96.145
2016-05-09 17:06:00,2016-05-09 17:15:00,36.217,-97.141,36.246,-97.115
2016-04-15 19:19:00,2016-04-15 19:21:00,36.88,-101.86,36.8896,-101.8525
2016-05-09 17:17:00,2016-05-09 17:19:00,34.447,-96.145,34.449,-96.128
2016-05-09 16:16:00,2016-05-09 16:16:00,35.2228,-97.2282,35.2228,-97.2282
2016-05-08 18:03:00,2016-05-08 18:07:00,34.581,-98.076,34.581,-98.053
2016-05-09 16:47:00,2016-05-09 16:47:00,34.385,-96.358,34.385,-96.358
2016-05-31 16:28:00,2016-05-31 16:35:00,35.193,-98.019,35.202,-98.014
2016-05-31 16:28:00,2016-05-31 16:34:00,35.226,-97.986,35.232,-97.979
2016-05-31 16:28:00,2016-05-31 16:32:00,35.241,-97.96,35.242,-97.951
2016-05-23 19:25:00,2016-05-23 19:41:00,36.5066,-99.4119,36.5151,-99.4344
2016-05-25 20:53:00,2016-05-25 21:12:00,36.4966,-98.0699,36.5293,-98.0282
2016-05-23 20:24:00,2016-05-23 20:34:00,36.617,-99.43,36.6453,-99.4269
2016-05-09 16:18:00,2016-05-09 16:25:00,34.48,-96.755,34.49,-96.736
2016-05-09 17:15:00,2016-05-09 17:20:00,36.246,-97.115,36.268,-97.11
2016-05-16 20:36:00,2016-05-16 20:37:00,35.863,-100.0004,35.8611,-99.9936
2016-05-09 15:06:00,2016-05-09 15:27:00,34.559,-97.357,34.589,-97.21
2016-05-09 15:34:00,2016-05-09 16:13:00,34.565,-97.146,34.593,-96.884
2016-05-09 16:46:00,2016-05-09 17:07:00,34.408,-96.341,34.419,-96.197
2016-05-09 18:02:00,2016-05-09 18:10:00,34.0107,-95.5699,34.0148,-95.4649
2016-05-09 18:25:00,2016-05-09 18:26:00,34.072,-95.3956,34.0761,-95.387
2016-05-09 17:27:00,2016-05-09 17:42:00,33.9861,-95.9379,34.0049,-95.7588
2016-05-09 18:18:00,2016-05-09 18:30:00,34.077,-95.4526,34.1008,-95.3468
2016-07-03 15:11:00,2016-07-03 15:11:00,36.0979,-96.9938,36.0979,-96.9938
2017-10-21 16:23:00,2017-10-21 16:23:00,34.4793,-98.9428,34.4793,-98.9428
2017-10-21 17:05:00,2017-10-21 17:05:00,34.62,-98.7148,34.62,-98.7148
2017-03-06 21:44:00,2017-03-06 21:55:00,35.6562,-94.7044,35.7233,-94.6345
2017-03-26 18:14:00,2017-03-26 18:25:00,34.739,-96.609,34.756,-96.547
2017-03-26 18:27:00,2017-03-26 18:28:00,34.758,-96.534,34.758,-96.534
2017-05-27 22:45:00,2017-05-27 22:46:00,35.5797,-94.4911,35.5862,-94.4641
2017-05-18 20:57:00,2017-05-18 21:09:00,35.2461,-95.95,35.3211,-95.7272
2017-05-18 21:11:00,2017-05-18 21:15:00,35.3578,-95.7225,35.3922,-95.6532
2017-05-18 21:15:00,2017-05-18 21:19:00,35.3761,-95.6591,35.4047,-95.6012
2017-05-11 13:01:00,2017-05-11 13:08:00,36.304,-95.7948,36.3114,-95.7703
2017-05-11 13:27:00,2017-05-11 13:33:00,36.3775,-95.6616,36.4203,-95.6476
2017-05-11 16:11:00,2017-05-11 16:11:00,36.5454,-95.9009,36.5454,-95.9009
2017-05-18 21:25:00,2017-05-18 21:32:00,35.4664,-95.4911,35.5402,-95.3635
2017-05-18 21:35:00,2017-05-18 21:40:00,35.5643,-95.3315,35.6049,-95.2516
2017-05-18 21:37:00,2017-05-18 21:39:00,35.73,-95.4173,35.752,-95.3932
2017-05-18 21:39:00,2017-05-18 21:52:00,35.8548,-95.5275,35.9625,-95.4019
2017-05-18 21:40:00,2017-05-18 21:43:00,35.7583,-95.3846,35.7893,-95.353
2017-05-18 21:51:00,2017-05-18 21:59:00,35.8843,-95.2652,36.0036,-95.1706
2017-05-18 22:04:00,2017-05-18 22:05:00,36.0748,-95.2395,36.0815,-95.2374
2017-05-18 22:01:00,2017-05-18 22:06:00,36.0169,-95.1727,36.0746,-95.1384
2017-05-18 22:06:00,2017-05-18 22:07:00,36.0746,-95.1384,36.0933,-95.1275
2017-05-18 15:37:00,2017-05-18 15:37:00,36.3647,-98.92,36.3647,-98.92
2017-05-18 15:57:00,2017-05-18 15:57:00,36.85,-98.695,36.85,-98.695
2017-05-19 18:22:00,2017-05-19 18:22:00,34.31,-97.2101,34.31,-97.2101
2017-05-19 18:24:00,2017-05-19 18:24:00,34.3322,-97.2048,34.3322,-97.2048
2017-05-19 18:47:00,2017-05-19 18:50:00,34.3635,-97.1132,34.3902,-97.0998
2017-05-27 21:17:00,2017-05-27 21:18:00,34.359,-97.037,34.358,-97.035
2017-05-18 20:56:00,2017-05-18 21:02:00,34.8403,-95.9151,34.8439,-95.8338
2017-05-16 13:45:00,2017-05-16 13:46:00,36.68,-100.71,36.681,-100.709
2017-05-18 21:41:00,2017-05-18 21:45:00,35.6183,-95.2472,35.6551,-95.2053
2017-05-18 14:40:00,2017-05-18 14:41:00,35.287,-98.859,35.288,-98.851
2017-05-27 21:18:00,2017-05-27 21:21:00,34.358,-97.035,34.337,-96.995
2017-05-27 21:39:00,2017-05-27 21:41:00,34.332,-96.844,34.33,-96.818
2017-05-27 22:06:00,2017-05-27 22:13:00,34.219,-97.735,34.227,-97.692
2017-05-19 20:44:00,2017-05-19 20:49:00,34.3381,-96.5992,34.3586,-96.5744
2017-05-19 20:56:00,2017-05-19 21:08:00,34.347,-96.6036,34.3995,-96.5248
2017-05-18 16:00:00,2017-05-18 16:07:00,36.507,-98.926,36.558,-98.954
2017-05-19 20:32:00,2017-05-19 20:34:00,34.267,-96.701,34.278,-96.679
2017-05-19 21:13:00,2017-05-19 21:20:00,34.4251,-96.4838,34.4558,-96.4466
2017-05-10 19:36:00,2017-05-10 19:41:00,34.34,-98.63,34.33,-98.6
2017-05-11 14:13:00,2017-05-11 14:13:00,35.9698,-97.0427,35.9698,-97.0427
2017-05-16 17:08:00,2017-05-16 17:11:00,35.07,-99.92,35.07,-99.9
2017-05-18 20:46:00,2017-05-18 20:54:00,34.8051,-96.0686,34.827,-95.9269
2017-05-18 21:30:00,2017-05-18 21:36:00,35.7882,-95.6194,35.835,-95.5523
2017-05-18 21:45:00,2017-05-18 21:46:00,35.8073,-95.3392,35.8133,-95.3324
2017-05-18 21:46:00,2017-05-18 21:51:00,35.8133,-95.3324,35.8843,-95.2652
2017-05-18 21:48:00,2017-05-18 22:04:00,35.915,-95.3299,36.0748,-95.2395
2017-05-16 17:23:00,2017-05-16 17:25:00,35.12,-99.85,35.12,-99.83
2017-05-18 13:02:00,2017-05-18 13:05:00,34.677,-99.594,34.684,-99.587
2017-05-27 19:20:00,2017-05-27 19:26:00,35.6012,-96.5336,35.605,-96.4973
2017-05-18 15:11:00,2017-05-18 15:11:00,36.127,-99.022,36.127,-99.022
2017-05-18 15:20:00,2017-05-18 15:20:00,35.5095,-98.6749,35.5095,-98.6749
2017-05-18 15:31:00,2017-05-18 15:36:00,36.312,-98.961,36.349,-98.955
2017-05-18 15:40:00,2017-05-18 15:40:00,35.309,-98.846,35.309,-98.846
2017-05-27 19:55:00,2017-05-27 20:02:00,35.5657,-96.4238,35.5607,-96.4146
2017-04-25 22:33:00,2017-04-25 22:42:00,36.3725,-95.3729,36.4476,-95.3176
2017-04-25 22:34:00,2017-04-25 22:41:00,36.4,-95.3887,36.426,-95.3273
2017-04-25 22:46:00,2017-04-25 22:57:00,36.379,-95.2087,36.4854,-95.0855
2017-04-29 15:17:00,2017-04-29 15:30:00,35.4394,-94.7782,35.49,-94.667
2017-04-28 21:36:00,2017-04-28 21:51:00,35.1017,-94.5783,35.2152,-94.5509
2017-04-16 18:42:00,2017-04-16 18:49:00,36.28,-98.94,36.26,-98.96
2017-05-10 19:31:00,2017-05-10 19:31:00,34.3016,-98.679,34.3016,-98.679
2017-05-18 14:29:00,2017-05-18 14:37:00,35.195,-98.971,35.222,-98.869
2017-04-16 17:43:00,2017-04-16 17:47:00,36.37,-98.94,36.365,-98.946
2017-04-16 18:09:00,2017-04-16 18:09:00,36.319,-98.29,36.319,-98.29
2017-04-25 21:13:00,2017-04-25 21:14:00,34.93,-96.694,34.932,-96.683
2017-04-25 21:50:00,2017-04-25 21:52:00,35.0763,-96.3949,35.0887,-96.3797
2017-06-25 17:08:00,2017-06-25 17:08:00,36.89,-102.24,36.89,-102.24
2017-06-25 17:33:00,2017-06-25 17:33:00,36.76,-102.38,36.76,-102.38
2017-08-06 00:19:00,2017-08-06 00:25:00,36.1097,-95.9367,36.0907,-95.8167
2017-08-06 00:27:00,2017-08-06 00:30:00,36.0919,-95.7936,36.0835,-95.7617
2017-08-06 00:30:00,2017-08-06 00:31:00,36.0835,-95.7617,36.0786,-95.7452
2017-08-06 00:32:00,2017-08-06 00:40:00,36.4443,-95.6908,36.5075,-95.6958
2017-08-06 01:11:00,2017-08-06 01:12:00,36.4496,-95.4409,36.4548,-95.4356
2017-08-06 01:12:00,2017-08-06 01:13:00,36.4548,-95.4356,36.4607,-95.4333
2017-10-21 19:36:00,2017-10-21 19:40:00,35.1832,-97.513,35.1818,-97.4784
2017-10-21 19:40:00,2017-10-21 19:42:00,35.1818,-97.4784,35.1783,-97.4543
2017-10-21 20:52:00,2017-10-21 20:55:00,35.2392,-96.6933,35.2247,-96.6632
2017-10-21 18:12:00,2017-10-21 18:13:00,34.9248,-98.252,34.9306,-98.2465
2017-10-21 18:08:00,2017-10-21 18:16:00,34.8966,-98.2702,34.9331,-98.2016
2017-10-21 18:12:00,2017-10-21 18:24:00,34.9405,-98.2503,34.99,-98.1621
2017-10-21 18:16:00,2017-10-21 18:21:00,34.9575,-98.2535,34.9835,-98.2154
2017-10-21 18:23:00,2017-10-21 18:28:00,34.9673,-98.1469,34.9862,-98.0948
2017-05-18 15:33:00,2017-05-18 15:33:00,35.58,-98.626,35.58,-98.626
2017-05-18 15:49:00,2017-05-18 16:00:00,36.435,-98.928,36.507,-98.926
2017-05-18 16:05:00,2017-05-18 16:08:00,35.6965,-98.3128,35.725,-98.292
2017-05-18 16:08:00,2017-05-18 16:10:00,35.725,-98.292,35.739,-98.282
2017-05-18 18:00:00,2017-05-18 18:00:00,34.4619,-98.0483,34.4619,-98.0483
2017-05-18 20:13:00,2017-05-18 20:14:00,34.65,-96.5306,34.6532,-96.5214
2017-05-10 19:05:00,2017-05-10 19:05:00,34.27,-98.94,34.27,-98.94
2017-05-16 17:46:00,2017-05-16 18:12:00,35.2402,-99.555,35.3816,-99.3644
2017-05-19 18:31:00,2017-05-19 18:33:00,34.3501,-97.1601,34.3501,-97.1601
2017-05-16 17:18:00,2017-05-16 17:30:00,35.564,-99.917,35.646,-99.766
2017-05-16 17:45:00,2017-05-16 17:46:00,35.75,-99.69,35.75,-99.69
2017-05-16 18:12:00,2017-05-16 18:18:00,35.3816,-99.3644,35.409,-99.329
2017-05-18 13:11:00,2017-05-18 13:16:00,34.695,-99.575,34.704,-99.559
2017-05-18 15:23:00,2017-05-18 15:31:00,36.226,-98.974,36.312,-98.961
2018-06-22 18:17:00,2018-06-22 18:17:00,36.66,-100.72,36.66,-100.72
2018-06-24 14:12:00,2018-06-24 14:12:00,34.74,-96.62,34.74,-96.62
2018-05-02 15:27:00,2018-05-02 15:28:00,34.939,-99.318,34.946,-99.312
2018-05-02 15:38:00,2018-05-02 15:40:00,34.953,-99.213,34.958,-99.193
2018-05-02 17:21:00,2018-05-02 17:22:00,34.27,-98.977,34.269,-98.97
2018-05-02 18:02:00,2018-05-02 18:07:00,34.195,-98.676,34.197,-98.616
2018-05-02 19:52:00,2018-05-02 19:53:00,35.028,-97.354,35.039,-97.336
2018-05-02 15:25:00,2018-05-02 15:27:00,34.926,-99.328,34.939,-99.318
2018-05-02 17:10:00,2018-05-02 17:10:00,34.258,-99.079,34.258,-99.079
2018-05-25 18:26:00,2018-05-25 18:26:00,35.398,-99.815,35.398,-99.815
2018-05-19 13:59:00,2018-05-19 14:01:00,36.6375,-96.5922,36.6527,-96.5636
2018-05-19 14:04:00,2018-05-19 14:05:00,36.6764,-96.494,36.6869,-96.4831
2018-05-28 18:41:00,2018-05-28 18:42:00,36.542,-101.638,36.546,-101.636
2018-05-28 19:21:00,2018-05-28 19:24:00,36.622,-101.272,36.644,-101.248
2018-08-19 14:45:00,2018-08-19 14:58:00,36.076,-95.44,36.1241,-95.3676
2018-08-19 14:34:00,2018-08-19 14:39:00,36.1307,-95.4613,36.1546,-95.44
2018-08-19 14:39:00,2018-08-19 14:55:00,36.1546,-95.44,36.224,-95.3644
2018-05-19 23:17:00,2018-05-19 23:22:00,34.885,-97.423,34.942,-97.319
2018-05-29 18:25:00,2018-05-29 18:31:00,36.5852,-98.8789,36.554,-98.862
2018-05-02 17:26:00,2018-05-02 17:28:00,34.2311,-98.9415,34.2164,-98.9199
2018-05-02 17:34:00,2018-05-02 17:43:00,34.2934,-98.8763,34.2803,-98.7821
2018-05-02 17:47:00,2018-05-02 17:56:00,34.324,-98.809,34.289,-98.76
2018-05-02 18:07:00,2018-05-02 18:10:00,34.329,-98.689,34.336,-98.662
2018-05-02 18:10:00,2018-05-02 18:13:00,34.336,-98.662,34.346,-98.641
2018-05-02 18:55:00,2018-05-02 19:06:00,34.753,-98.056,34.845,-97.931
2018-05-02 18:58:00,2018-05-02 19:06:00,35.13,-97.947,35.118,-97.853
2018-05-02 19:05:00,2018-05-02 19:06:00,35.16,-97.866,35.165,-97.863
2018-05-02 19:42:00,2018-05-02 19:51:00,35.2516,-97.4296,35.2764,-97.2928
2018-05-02 19:48:00,2018-05-02 19:52:00,34.992,-97.394,35.028,-97.354
2018-05-02 20:19:00,2018-05-02 20:20:00,35.157,-96.974,35.164,-96.964
2018-05-03 07:22:00,2018-05-03 07:23:00,34.848,-96.759,34.85,-96.756
2018-10-09 07:31:00,2018-10-09 07:33:00,35.301,-97.324,35.325,-97.296
2018-10-09 08:37:00,2018-10-09 08:37:00,35.48,-96.687,35.48,-96.687
2018-10-09 07:24:00,2018-10-09 07:25:00,35.493,-97.491,35.506,-97.484
2018-10-07 15:22:00,2018-10-07 15:22:00,34.6191,-98.9998,34.6191,-98.9998
2018-10-09 07:42:00,2018-10-09 07:48:00,35.491,-97.264,35.537,-97.21
2018-10-09 07:33:00,2018-10-09 07:42:00,35.592,-97.436,35.665,-97.383
2018-10-09 07:30:00,2018-10-09 07:34:00,35.206,-97.301,35.246,-97.262
2018-10-09 07:28:00,2018-10-09 07:46:00,35.433,-97.404,35.552,-97.298
2018-10-07 16:10:00,2018-10-07 16:10:00,34.904,-98.6623,34.904,-98.6623
2018-10-09 06:58:00,2018-10-09 06:59:00,33.932,-97.125,33.941,-97.112
2018-10-07 16:38:00,2018-10-07 16:39:00,34.501,-97.166,34.507,-97.16
2018-10-07 16:39:00,2018-10-07 16:39:00,34.507,-97.16,34.507,-97.16
2018-10-07 18:46:00,2018-10-07 18:50:00,36.569,-96.7083,36.5795,-96.6846
2018-11-30 21:28:00,2018-11-30 21:30:00,35.4606,-95.113,35.4816,-95.0932
2018-11-30 21:30:00,2018-11-30 21:37:00,35.4816,-95.0932,35.5422,-95.0373
2018-11-30 21:36:00,2018-11-30 21:38:00,36.3141,-96.0409,36.3273,-96.0193
2018-11-30 21:43:00,2018-11-30 21:47:00,35.6064,-94.9933,35.6385,-94.9758
2018-11-30 22:13:00,2018-11-30 22:14:00,35.8902,-94.8073,35.9009,-94.8001
2018-11-30 22:14:00,2018-11-30 22:15:00,35.9009,-94.8001,35.9072,-94.7972
2018-11-30 21:47:00,2018-11-30 22:13:00,35.6385,-94.9758,35.8902,-94.8073
2018-11-30 22:15:00,2018-11-30 22:39:00,35.9072,-94.7972,36.1615,-94.7012
2018-11-30 22:39:00,2018-11-30 22:46:00,36.1615,-94.7012,36.231,-94.6704
2018-11-30 20:58:00,2018-11-30 20:59:00,34.2278,-96.6806,34.2391,-96.6749
2019-05-17 18:32:00,2019-05-17 18:39:00,36.9622,-100.5635,37.0006,-100.5432
2019-05-20 16:12:00,2019-05-20 16:29:00,34.809,-99.614,34.93,-99.492
2019-05-25 21:53:00,2019-05-25 21:53:00,35.516,-97.492,35.516,-97.492
2019-05-21 03:13:00,2019-05-21 03:13:00,35.277,-97.318,35.277,-97.318
2019-05-20 16:09:00,2019-05-20 16:09:00,36.1279,-97.4462,36.1279,-97.4462
2019-05-20 15:59:00,2019-05-20 15:59:00,34.6967,-99.7565,34.6967,-99.7565
2019-05-20 15:37:00,2019-05-20 15:38:00,34.6593,-99.9573,34.6593,-99.9573
2019-05-20 16:38:00,2019-05-20 16:38:00,34.9498,-99.3925,34.9498,-99.3925
2019-05-20 14:43:00,2019-05-20 14:47:00,35.897,-97.716,35.944,-97.684
2019-05-20 15:57:00,2019-05-20 15:59:00,36.123,-97.676,36.123,-97.664
2019-05-20 16:05:00,2019-05-20 16:08:00,36.19,-97.495,36.211,-97.46
2019-05-20 16:38:00,2019-05-20 16:38:00,36.393,-97.052,36.393,-97.052
2019-05-20 17:14:00,2019-05-20 17:15:00,35.0435,-99.223,35.0435,-99.223
2019-05-20 15:45:00,2019-05-20 15:45:00,34.7066,-99.8712,34.7066,-99.8712
2019-05-25 21:57:00,2019-05-25 21:57:00,35.5364,-97.4595,35.5364,-97.4595
2019-05-21 02:48:00,2019-05-21 02:50:00,35.139,-97.409,35.146,-97.399
2019-05-21 03:22:00,2019-05-21 03:24:00,35.358,-97.25,35.356,-97.226
2019-05-21 05:25:00,2019-05-21 05:25:00,33.8991,-96.6893,33.8991,-96.6893
2019-05-07 22:46:00,2019-05-07 22:48:00,35.2231,-99.0239,35.2231,-99.0239
2019-05-07 23:27:00,2019-05-07 23:27:00,34.728,-99.095,34.728,-99.095
2019-05-07 19:32:00,2019-05-07 19:36:00,35.773,-99.181,35.801,-99.185
2019-05-24 17:35:00,2019-05-24 17:35:00,34.7655,-99.33,34.7655,-99.33
2019-05-25 18:14:00,2019-05-25 18:14:00,35.1293,-99.3976,35.1293,-99.3976
2019-05-20 14:46:00,2019-05-20 14:47:00,35.9592,-97.68,35.9592,-97.68
2019-05-20 15:08:00,2019-05-20 15:08:00,36.116,-97.497,36.116,-97.497
2019-06-15 19:40:00,2019-06-15 19:49:00,35.833,-98.932,35.812,-98.974
2019-06-15 19:49:00,2019-06-15 19:50:00,35.812,-98.974,35.81,-98.974
2019-06-16 13:19:00,2019-06-16 13:20:00,35.8312,-98.0845,35.8312,-98.0845
2019-06-16 16:50:00,2019-06-16 16:50:00,34.9066,-97.3133,34.9066,-97.3133
2019-06-15 20:16:00,2019-06-15 20:18:00,35.74,-98.976,35.724,-98.984
2019-05-20 21:35:00,2019-05-20 21:43:00,36.2675,-95.1491,36.2853,-95.089
2019-04-30 13:03:00,2019-04-30 13:10:00,35.7058,-95.8747,35.7193,-95.8335
2019-04-30 13:14:00,2019-04-30 13:16:00,36.38,-96.0511,36.3886,-96.0316
2019-04-30 13:51:00,2019-04-30 13:51:00,36.5348,-95.8042,36.5348,-95.8042
2019-04-30 15:24:00,2019-04-30 15:28:00,36.8403,-94.9993,36.8474,-94.9647
2019-04-30 16:33:00,2019-04-30 16:40:00,36.6346,-94.9563,36.6705,-94.9136
2019-04-30 16:40:00,2019-04-30 16:41:00,36.6705,-94.9136,36.679,-94.9065
2019-04-30 21:41:00,2019-04-30 21:57:00,34.79,-95.6489,34.8726,-95.52
2019-04-30 22:51:00,2019-04-30 22:56:00,34.899,-94.9094,34.9095,-94.8323
2019-04-30 10:53:00,2019-04-30 11:01:00,35.885,-96.857,35.917,-96.823
2019-04-30 11:09:00,2019-04-30 11:09:00,34.4,-96.9448,34.4,-96.9448
2019-04-30 11:13:00,2019-04-30 11:14:00,35.99,-96.746,35.994,-96.74
2019-04-30 11:23:00,2019-04-30 11:31:00,34.506,-96.8684,34.5257,-96.8492
2019-04-30 14:51:00,2019-04-30 14:51:00,34.2693,-98.8072,34.2693,-98.8072
2019-04-30 20:34:00,2019-04-30 20:35:00,34.436,-96.255,34.444,-96.247
2019-05-29 15:21:00,2019-05-29 15:22:00,33.9471,-95.0533,33.954,-95.0368
2019-05-21 05:31:00,2019-05-21 05:35:00,36.1742,-95.9725,36.1789,-95.932
2019-05-20 20:05:00,2019-05-20 20:06:00,36.1543,-95.8549,36.1565,-95.8492
2019-05-20 21:09:00,2019-05-20 21:10:00,35.9365,-95.4118,35.9436,-95.4015
2019-10-20 22:08:00,2019-10-20 22:15:00,35.9436,-95.5608,35.9928,-95.4469
2019-05-20 21:45:00,2019-05-20 21:56:00,36.1615,-94.9891,36.2307,-94.8497
2019-10-20 22:12:00,2019-10-20 22:22:00,35.6351,-95.6311,35.7161,-95.5232
2019-10-20 22:39:00,2019-10-20 22:43:00,36.1189,-94.9665,36.1211,-94.9143
2019-05-21 05:37:00,2019-05-21 05:39:00,36.2334,-95.9153,36.2359,-95.9032
2019-05-21 05:48:00,2019-05-21 05:49:00,36.3156,-95.8231,36.3212,-95.8149
2019-10-20 23:00:00,2019-10-20 23:06:00,36.141,-94.6644,36.1524,-94.561
2019-05-18 10:58:00,2019-05-18 11:00:00,36.3049,-95.4547,36.3158,-95.4357
2019-05-18 11:00:00,2019-05-18 11:11:00,36.3158,-95.4357,36.3998,-95.3205
2019-05-18 11:32:00,2019-05-18 11:35:00,36.47,-95.086,36.4945,-95.0606
2019-05-18 12:13:00,2019-05-18 12:15:00,35.1901,-94.9903,35.1876,-94.97
2019-05-18 12:55:00,2019-05-18 12:56:00,35.34,-94.4381,35.3408,-94.4331
2019-06-19 17:24:00,2019-06-19 17:26:00,33.8458,-94.6576,33.8478,-94.6515
2019-05-25 23:21:00,2019-05-25 23:35:00,35.9876,-96.2139,36.0337,-96.0299
2019-05-25 23:35:00,2019-05-25 23:38:00,36.0337,-96.0299,36.0471,-96.006
2019-05-22 18:26:00,2019-05-22 18:27:00,36.1624,-95.6727,36.1664,-95.6603
2019-05-25 23:53:00,2019-05-25 23:54:00,36.0704,-95.7617,36.072,-95.7459
2019-05-26 00:15:00,2019-05-26 00:15:00,35.5285,-95.5923,35.5285,-95.5923
2019-05-22 15:34:00,2019-05-22 15:35:00,35.4113,-96.4046,35.4203,-96.3993
2019-05-22 17:36:00,2019-05-22 17:36:00,35.8343,-95.6553,35.8343,-95.6553
2019-05-22 17:44:00,2019-05-22 17:53:00,36.7813,-95.2521,36.8239,-95.1783
2019-05-22 17:59:00,2019-05-22 18:01:00,36.832,-95.1399,36.842,-95.1172
2019-05-25 23:04:00,2019-05-25 23:07:00,35.9011,-96.4495,35.9018,-96.4036
2019-05-26 00:44:00,2019-05-26 00:47:00,36.2973,-95.0889,36.2975,-95.0322
2019-05-22 15:47:00,2019-05-22 15:49:00,35.4935,-96.3606,35.5012,-96.3492
2019-05-20 21:54:00,2019-05-20 22:04:00,36.2036,-94.9533,36.2214,-94.8324
2019-05-22 23:48:00,2019-05-22 23:51:00,36.5938,-95.0387,36.6139,-94.9995
2019-05-22 23:51:00,2019-05-23 00:00:00,36.6139,-94.9995,36.6644,-94.9127
2019-05-20 21:29:00,2019-05-20 21:45:00,36.0526,-95.1535,36.1615,-94.9891
2019-05-25 23:33:00,2019-05-25 23:39:00,36.0058,-96.0297,36.0106,-95.9137
2019-05-25 23:27:00,2019-05-25 23:33:00,35.9911,-96.132,36.0058,-96.0297
2019-05-20 21:01:00,2019-05-20 21:11:00,35.794,-95.8454,35.8545,-95.8194
2019-05-25 23:51:00,2019-05-25 23:53:00,36.0693,-95.778,36.0704,-95.7617
2019-05-22 17:03:00,2019-05-22 17:03:00,35.6237,-95.8869,35.6237,-95.8869
2019-05-21 05:08:00,2019-05-21 05:11:00,36.0231,-96.1655,36.0435,-96.159
2019-05-18 10:03:00,2019-05-18 10:08:00,35.9285,-95.9464,35.9584,-95.891
2019-05-25 23:14:00,2019-05-25 23:24:00,35.9079,-96.3092,35.9477,-96.126
2019-05-21 05:29:00,2019-05-21 05:30:00,36.1708,-95.9739,36.1762,-95.9751
2019-05-22 20:34:00,2019-05-22 21:07:00,36.4307,-94.8135,36.606,-94.6178
2019-05-22 15:41:00,2019-05-22 15:43:00,35.4538,-96.3853,35.4692,-96.3753
2019-05-22 18:25:00,2019-05-22 18:26:00,36.1563,-95.6889,36.1624,-95.6727
2019-05-22 23:39:00,2019-05-22 23:40:00,36.6091,-95.099,36.6143,-95.0876
2019-05-22 18:25:00,2019-05-22 18:34:00,36.9535,-94.9301,36.9989,-94.8707
2019-05-22 19:09:00,2019-05-22 19:19:00,36.3138,-95.3108,36.3567,-95.2885
2019-05-22 19:31:00,2019-05-22 19:31:00,36.42,-96.4881,36.42,-96.4881
2019-05-22 19:44:00,2019-05-22 19:44:00,36.2358,-95.2144,36.2358,-95.2144
2019-05-22 19:52:00,2019-05-22 20:02:00,36.2661,-95.1683,36.3173,-95.105
2019-05-22 16:43:00,2019-05-22 16:50:00,35.5519,-96.1403,35.5987,-96.1465
2019-05-22 19:28:00,2019-05-22 19:28:00,36.42,-96.5205,36.42,-96.5205
2019-05-22 16:10:00,2019-05-22 16:12:00,35.6066,-96.2292,35.6108,-96.2204
2019-05-22 16:32:00,2019-05-22 16:43:00,35.4903,-96.1605,35.5519,-96.1403
2019-05-22 16:23:00,2019-05-22 16:33:00,35.4313,-96.2168,35.5067,-96.1709
2019-06-02 19:18:00,2019-06-02 19:18:00,36.65,-102.76,36.65,-102.76
2019-05-22 17:07:00,2019-05-22 17:07:00,36.2923,-95.9378,36.2923,-95.9378
2019-10-20 21:01:00,2019-10-20 21:02:00,34.91,-96.92,34.91,-96.92
2019-10-20 21:12:00,2019-10-20 21:15:00,34.98,-96.7,35.0,-96.67
2019-08-26 20:01:00,2019-08-26 20:01:00,35.726,-97.514,35.726,-97.514
2019-08-26 19:55:00,2019-08-26 20:01:00,35.771,-97.496,35.726,-97.514
2019-08-26 19:12:00,2019-08-26 19:19:00,36.105,-97.443,36.078,-97.461
2019-08-23 19:10:00,2019-08-23 19:20:00,36.7969,-100.3509,36.797,-100.3858
2019-12-28 15:30:00,2019-12-28 15:31:00,36.0121,-95.7647,36.0137,-95.7617
2019-05-18 08:27:00,2019-05-18 08:27:00,36.106,-97.002,36.106,-97.002
2019-05-05 22:54:00,2019-05-05 22:56:00,36.282,-97.198,36.277,-97.175
2019-05-23 20:43:00,2019-05-23 20:44:00,36.6486,-99.9766,36.6486,-99.9766
2019-05-01 12:26:00,2019-05-01 12:26:00,34.1165,-98.0268,34.1165,-98.0268
2019-05-01 13:08:00,2019-05-01 13:08:00,34.24,-97.8475,34.24,-97.8475
2019-05-01 15:21:00,2019-05-01 15:29:00,33.942,-97.212,33.94,-97.157
2019-06-19 01:21:00,2019-06-19 01:22:00,34.963,-96.748,34.968,-96.764
2019-05-23 19:30:00,2019-05-23 19:47:00,36.4998,-100.0506,36.5739,-100.0032
2019-05-20 16:08:00,2019-05-20 16:13:00,36.211,-97.46,36.273,-97.406
2019-05-01 16:17:00,2019-05-01 16:26:00,33.833,-97.395,33.911,-97.325
2019-05-20 15:55:00,2019-05-20 15:57:00,36.123,-97.69,36.123,-97.676
2019-05-01 15:46:00,2019-05-01 15:48:00,34.015,-97.134,34.009,-97.123
2019-05-25 21:46:00,2019-05-25 21:47:00,35.481,-97.599,35.482,-97.583
2019-05-07 22:32:00,2019-05-07 22:55:00,35.1289,-99.0768,35.24,-99.008
2019-05-20 14:31:00,2019-05-20 14:32:00,35.8614,-97.7557,35.8614,-97.7557
2019-05-07 22:23:00,2019-05-07 22:33:00,35.065,-99.08,35.115,-99.063
2019-05-18 06:37:00,2019-05-18 06:38:00,34.473,-98.334,34.48,-98.33
2019-05-20 15:23:00,2019-05-20 15:27:00,36.253,-97.385,36.287,-97.352
2019-05-21 03:50:00,2019-05-21 03:50:00,35.463,-96.856,35.463,-96.856
2019-05-25 21:49:00,2019-05-25 21:50:00,35.49,-97.539,35.494,-97.53
2019-12-28 15:31:00,2019-12-28 15:32:00,36.0137,-95.7617,36.0225,-95.7466
2019-05-07 19:12:00,2019-05-07 19:16:00,35.096,-99.963,35.121,-99.943
2019-04-17 15:47:00,2019-04-17 15:53:00,36.314,-99.942,36.325,-99.967
2019-04-17 15:49:00,2019-04-17 16:03:00,36.37,-99.9,36.36,-99.88
2019-04-30 13:29:00,2019-04-30 13:30:00,35.8546,-95.6922,35.8566,-95.6898
2019-04-30 13:30:00,2019-04-30 13:36:00,35.8566,-95.6898,35.873,-95.6591
2019-04-30 11:22:00,2019-04-30 11:23:00,34.504,-96.8702,34.506,-96.8684
2019-04-30 14:51:00,2019-04-30 14:51:00,36.2563,-95.1501,36.2563,-95.1501
2019-04-30 15:15:00,2019-04-30 15:24:00,36.8236,-95.0748,36.8403,-94.9993
2019-04-30 15:29:00,2019-04-30 15:44:00,36.859,-94.9586,36.9092,-94.846
2019-04-30 13:44:00,2019-04-30 13:47:00,36.519,-95.832,36.5283,-95.812
2019-04-30 13:47:00,2019-04-30 14:09:00,36.5283,-95.812,36.5882,-95.6844
2019-04-30 13:57:00,2019-04-30 14:09:00,36.8425,-95.6177,36.9366,-95.5518
2019-04-30 14:02:00,2019-04-30 14:17:00,35.9993,-95.4553,36.0688,-95.3443
2019-05-21 02:57:00,2019-05-21 03:08:00,35.218,-97.361,35.269,-97.363
2019-05-23 19:47:00,2019-05-23 19:51:00,36.5739,-100.0032,36.593,-99.984
2019-05-21 06:03:00,2019-05-21 06:06:00,34.335,-96.345,34.349,-96.323
2019-05-23 21:42:00,2019-05-23 21:47:00,36.975,-99.498,36.995,-99.471
2019-12-28 15:28:00,2019-12-28 15:28:00,34.4702,-96.246,34.4702,-96.246
2019-05-07 22:57:00,2019-05-07 23:01:00,36.873,-97.066,36.896,-97.049
2019-05-18 10:18:00,2019-05-18 10:18:00,34.647,-96.178,34.647,-96.178
2019-05-18 08:33:00,2019-05-18 08:33:00,36.102,-96.87,36.102,-96.87
2019-05-20 14:54:00,2019-05-20 14:55:00,35.987,-97.617,36.0,-97.607
2019-04-30 20:07:00,2019-04-30 20:26:00,33.9711,-96.2071,34.157,-96.0586
2019-04-30 20:26:00,2019-04-30 20:42:00,34.157,-96.0586,34.319,-95.974
2019-05-20 14:50:00,2019-05-20 14:58:00,35.953,-97.656,36.029,-97.598
2019-05-21 03:33:00,2019-05-21 03:42:00,35.387,-97.028,35.42,-97.014
2019-05-21 02:45:00,2019-05-21 02:48:00,35.109,-97.447,35.139,-97.409
2019-05-21 03:50:00,2019-05-21 03:55:00,35.463,-96.856,35.493,-96.846
2019-05-25 21:56:00,2019-05-25 21:57:00,35.249,-97.552,35.246,-97.542
2019-05-07 21:10:00,2019-05-07 21:10:00,35.2609,-99.5501,35.2609,-99.5501
2019-05-20 15:38:00,2019-05-20 15:38:00,36.041,-97.885,36.041,-97.885
2019-05-25 18:04:00,2019-05-25 18:06:00,35.0449,-99.5163,35.0449,-99.5163
2019-06-15 20:06:00,2019-06-15 20:13:00,35.769,-98.969,35.694,-98.945
2019-06-15 20:42:00,2019-06-15 20:45:00,35.686,-98.964,35.665,-98.965
2019-06-16 13:18:00,2019-06-16 13:19:00,35.8312,-98.0845,35.8312,-98.0845
2019-06-15 22:51:00,2019-06-15 22:57:00,35.579,-97.115,35.596,-97.025
2019-05-20 15:36:00,2019-05-20 15:36:00,36.038,-97.886,36.038,-97.886
2019-05-23 20:32:00,2019-05-23 20:33:00,36.83,-99.7204,36.83,-99.7204
2019-05-22 15:29:00,2019-05-22 15:31:00,35.358,-96.462,35.36,-96.444
2019-05-23 19:51:00,2019-05-23 19:58:00,36.593,-99.984,36.639,-99.944
2019-05-25 21:28:00,2019-05-25 21:32:00,35.5,-97.955,35.51,-97.919
2020-01-10 10:34:00,2020-01-10 10:37:00,35.4864,-96.6952,35.5013,-96.6814
2020-01-10 14:49:00,2020-01-10 14:57:00,35.7796,-95.0229,35.8369,-94.948
2020-01-10 11:55:00,2020-01-10 11:56:00,36.0991,-95.1771,36.1163,-95.1659
2020-03-19 09:25:00,2020-03-19 09:29:00,35.4043,-96.3287,35.4179,-96.2854
2020-03-19 00:53:00,2020-03-19 00:55:00,36.0019,-96.4798,36.0082,-96.4736
2020-05-15 18:32:00,2020-05-15 18:32:00,34.229,-99.006,34.229,-99.006
2020-05-16 13:36:00,2020-05-16 13:38:00,33.6799,-94.4848,33.6885,-94.5039
2020-05-28 17:56:00,2020-05-28 17:56:00,36.2497,-96.2634,36.2497,-96.2634
2020-05-22 21:05:00,2020-05-22 21:14:00,34.7088,-94.9425,34.7222,-94.8917
2020-05-22 20:58:00,2020-05-22 21:02:00,34.7351,-95.0245,34.7481,-95.0219
2020-05-22 20:32:00,2020-05-22 20:33:00,35.0038,-95.331,35.0059,-95.3259
2020-05-16 16:20:00,2020-05-16 16:21:00,33.7535,-94.642,33.7551,-94.6433
2020-04-21 22:29:00,2020-04-21 22:30:00,34.711,-98.089,34.711,-98.086
2020-04-21 22:43:00,2020-04-21 22:46:00,34.668,-97.974,34.662,-97.947
2020-04-22 15:17:00,2020-04-22 15:22:00,34.672,-97.283,34.6635,-97.246
2020-04-22 15:23:00,2020-04-22 15:23:00,34.331,-97.141,34.331,-97.141
2020-04-28 21:05:00,2020-04-28 21:10:00,34.2965,-94.7318,34.2739,-94.6823
2020-04-28 20:02:00,2020-04-28 20:19:00,34.6228,-95.3822,34.674,-95.3176
2020-04-22 15:36:00,2020-04-22 15:37:00,34.376,-97.062,34.377,-97.06
2020-04-22 15:45:00,2020-04-22 15:45:00,34.0491,-96.8194,34.0491,-96.8194
2020-04-22 16:10:00,2020-04-22 16:14:00,34.0665,-96.641,34.061,-96.619
2020-04-22 16:32:00,2020-04-22 16:45:00,34.0665,-96.392,34.069,-96.301
2020-04-22 16:52:00,2020-04-22 16:53:00,34.068,-96.221,34.068,-96.242
2020-04-28 21:20:00,2020-04-28 21:24:00,34.1955,-94.5133,34.1602,-94.4711
2020-05-25 18:11:00,2020-05-25 18:13:00,36.1423,-94.5724,36.1504,-94.5767
2020-05-22 21:15:00,2020-05-22 21:22:00,34.7153,-94.8881,34.7236,-94.841
2020-05-25 16:37:00,2020-05-25 16:38:00,35.5982,-95.0206,35.6051,-95.0214
2020-05-25 18:34:00,2020-05-25 18:34:00,36.2937,-94.6122,36.2937,-94.6122
2020-05-25 18:45:00,2020-05-25 18:46:00,36.3379,-94.6321,36.3416,-94.6344
2020-05-25 19:13:00,2020-05-25 19:19:00,36.51,-94.6476,36.542,-94.6546
2020-05-04 16:50:00,2020-05-04 16:54:00,35.034,-97.198,35.005,-97.192
2020-04-21 22:28:00,2020-04-21 22:29:00,34.711,-98.091,34.711,-98.089
2020-04-22 15:24:00,2020-04-22 15:36:00,34.3385,-97.126,34.376,-97.062
2020-04-22 15:53:00,2020-04-22 16:05:00,34.0705,-96.813,34.07,-96.74
2020-04-22 16:26:00,2020-04-22 16:36:00,34.39,-96.504,34.399,-96.418
2020-04-22 16:59:00,2020-04-22 16:59:00,34.42,-96.3,34.42,-96.3
2020-05-15 08:38:00,2020-05-15 08:49:00,35.6112,-95.3503,35.6092,-95.2655
2020-05-22 19:55:00,2020-05-22 19:59:00,34.9193,-94.5491,34.9296,-94.5219
2020-07-11 23:04:00,2020-07-11 23:04:00,35.266,-97.369,35.266,-97.369
2020-11-24 20:54:00,2020-11-24 20:59:00,35.104,-95.316,35.124,-95.269
2020-11-24 21:50:00,2020-11-24 21:57:00,35.258,-94.609,35.281,-94.545
2021-11-10 19:26:00,2021-11-10 19:27:00,36.118,-95.761,36.12,-95.755
2021-11-10 19:14:00,2021-11-10 19:16:00,36.132,-95.976,36.132,-95.967
2021-04-27 23:00:00,2021-04-27 23:10:00,34.7,-97.172,34.756,-97.14
2021-04-27 18:15:00,2021-04-27 18:15:00,34.21,-98.89,34.21,-98.89
2021-04-28 05:01:00,2021-04-28 05:04:00,35.824,-94.726,35.836,-94.703
2021-04-28 05:06:00,2021-04-28 05:19:00,35.836,-94.676,35.902,-94.581
2021-04-28 09:57:00,2021-04-28 10:09:00,35.092,-95.814,35.139,-95.698
2021-03-13 20:15:00,2021-03-13 20:15:00,34.49,-99.7704,34.49,-99.7704
2021-03-13 20:29:00,2021-03-13 20:29:00,34.583,-99.7,34.583,-99.7
2021-03-13 20:49:00,2021-03-13 20:50:00,34.767,-99.668,34.775,-99.66
2021-01-30 13:56:00,2021-01-30 14:00:00,36.894,-95.6926,36.9064,-95.6593
2021-01-30 13:43:00,2021-01-30 13:45:00,36.867,-95.803,36.875,-95.783
2021-01-30 13:46:00,2021-01-30 13:47:00,36.8768,-95.774,36.8794,-95.7679
2021-01-30 13:48:00,2021-01-30 13:50:00,36.8848,-95.7617,36.8953,-95.7385
2021-05-30 16:34:00,2021-05-30 16:35:00,36.5559,-102.838,36.5568,-102.8362
2021-05-30 17:02:00,2021-05-30 17:15:00,36.5265,-102.7005,36.5479,-102.6561
2021-05-30 17:44:00,2021-05-30 17:45:00,36.59,-102.54,36.5844,-102.5353
2021-05-30 16:39:00,2021-05-30 16:40:00,36.567,-102.8362,36.5676,-102.8343
2021-05-30 16:43:00,2021-05-30 16:44:00,36.5748,-102.836,36.5761,-102.8347
2021-05-30 16:56:00,2021-05-30 16:58:00,36.5545,-102.7809,36.5547,-102.7729
2021-05-30 17:02:00,2021-05-30 17:03:00,36.61,-102.74,36.6098,-102.7345
2021-05-27 12:16:00,2021-05-27 12:16:00,35.972,-98.063,35.972,-98.063
2021-05-03 20:33:00,2021-05-03 20:41:00,35.363,-94.547,35.405,-94.436
2021-05-03 20:36:00,2021-05-03 20:45:00,35.409,-94.578,35.46,-94.443
2021-05-27 18:13:00,2021-05-27 18:17:00,35.265,-95.869,35.254,-95.818
2021-07-10 18:25:00,2021-07-10 18:27:00,36.088,-96.72,36.073,-96.704
2021-11-10 19:29:00,2021-11-10 19:30:00,36.179,-95.764,36.18,-95.758
2021-11-10 18:35:00,2021-11-10 18:48:00,34.61,-97.76,34.58,-97.7
2021-10-10 20:26:00,2021-10-10 20:32:00,35.579,-96.552,35.609,-96.523
2021-10-10 20:42:00,2021-10-10 20:43:00,35.6854,-96.4099,35.6939,-96.3947
2021-10-10 19:21:00,2021-10-10 19:25:00,35.535,-97.179,35.565,-97.141
2021-10-10 22:30:00,2021-10-10 22:45:00,35.483,-95.253,35.601,-95.127
2021-10-10 21:05:00,2021-10-10 21:12:00,35.732,-96.07,35.751,-96.04
2021-10-10 23:10:00,2021-10-10 23:18:00,36.302,-94.834,36.369,-94.767
2021-10-10 19:41:00,2021-10-10 19:43:00,35.368,-97.063,35.389,-97.053
2021-10-10 19:54:00,2021-10-10 19:58:00,35.396,-96.867,35.411,-96.846
2021-10-10 20:26:00,2021-10-10 20:36:00,34.78,-96.723,34.866,-96.648
2021-10-10 21:30:00,2021-10-10 21:32:00,35.8596,-95.8518,35.8684,-95.8437
2021-10-10 21:45:00,2021-10-10 21:52:00,35.936,-95.647,35.982,-95.627
2021-10-10 22:45:00,2021-10-10 22:47:00,35.601,-95.127,35.634,-95.101
2021-10-10 19:41:00,2021-10-10 19:42:00,35.679,-97.013,35.694,-97.01
2021-10-26 22:54:00,2021-10-26 22:54:00,35.388,-97.942,35.388,-97.942
2021-06-13 15:01:00,2021-06-13 15:02:00,35.2825,-97.8873,35.2875,-97.8821
2021-10-10 18:16:00,2021-10-10 18:16:00,35.105,-97.931,35.105,-97.931
2021-10-26 19:55:00,2021-10-26 19:55:00,35.908,-99.479,35.908,-99.479
2021-10-10 19:25:00,2021-10-10 19:26:00,35.565,-97.141,35.569,-97.138
2021-10-10 17:13:00,2021-10-10 17:18:00,34.885,-98.725,34.871,-98.677
2021-10-10 17:45:00,2021-10-10 17:59:00,35.044,-98.295,35.068,-98.155
2021-10-12 18:24:00,2021-10-12 18:24:00,35.4166,-99.17,35.4166,-99.17
2021-10-12 18:41:00,2021-10-12 18:58:00,34.372,-99.077,34.476,-99.059
2021-10-12 19:19:00,2021-10-12 19:20:00,34.591,-98.893,34.594,-98.888
2021-10-12 19:20:00,2021-10-12 19:21:00,34.594,-98.888,34.599,-98.883
2021-10-12 19:01:00,2021-10-12 19:01:00,35.5305,-98.9449,35.5305,-98.9449
2021-10-10 16:59:00,2021-10-10 16:59:00,34.8165,-98.897,34.8165,-98.897
2021-10-10 17:20:00,2021-10-10 17:25:00,34.9,-98.619,34.933,-98.553
2021-10-13 04:15:00,2021-10-13 04:19:00,35.475,-97.562,35.492,-97.51
2021-10-12 19:26:00,2021-10-12 19:30:00,34.621,-98.857,34.652,-98.826
2021-10-12 19:30:00,2021-10-12 19:44:00,34.652,-98.826,34.729,-98.809
2021-10-12 20:35:00,2021-10-12 20:36:00,34.9512,-98.5224,34.9512,-98.5224
2021-10-13 04:22:00,2021-10-13 04:28:00,35.508,-97.4595,35.537,-97.393
2021-10-13 03:59:00,2021-10-13 04:06:00,35.39,-97.776,35.431,-97.677
2021-10-12 18:55:00,2021-10-12 19:25:00,35.515,-98.961,35.633,-98.871
2021-10-10 18:04:00,2021-10-10 18:05:00,35.061,-98.093,35.0666,-98.0832
2021-10-12 18:38:00,2021-10-12 18:38:00,34.3388,-99.082,34.3388,-99.082
2021-10-12 20:00:00,2021-10-12 20:07:00,34.778,-98.685,34.803,-98.661
2021-10-26 23:36:00,2021-10-26 23:45:00,35.258,-97.413,35.311,-97.325
2021-10-10 18:02:00,2021-10-10 18:04:00,35.055,-98.112,35.061,-98.093
2021-10-12 17:48:00,2021-10-12 17:48:00,35.2092,-99.3973,35.2092,-99.3973
